# Created by FreeCAD <http://www.freecadweb.org>
v 30.000000 -21.000000 0.000000
v 30.000000 21.000000 0.000000
v 30.000000 -21.000000 40.000000
v 30.000000 21.000000 40.000000
v -25.271883 -21.000000 32.371994
v -24.820768 -21.000000 32.771648
v -30.000000 -21.000000 40.000000
v -25.614246 -21.000000 31.875996
v -24.287119 -21.000000 33.051727
v -25.827961 -21.000000 31.312477
v -23.701948 -21.000000 33.195961
v -25.900606 -21.000000 30.714188
v -23.099264 -21.000000 33.195961
v -25.827961 -21.000000 30.115898
v -22.514093 -21.000000 33.051727
v -21.980444 -21.000000 32.771648
v -25.271883 -21.000000 29.056381
v -24.820768 -21.000000 9.778831
v -24.820768 -21.000000 28.656729
v -25.271883 -21.000000 9.379178
v -25.614246 -21.000000 29.552380
v -25.614246 -21.000000 8.883179
v -24.287119 -21.000000 10.058911
v -24.287119 -21.000000 28.376648
v -25.827961 -21.000000 8.319660
v -23.701948 -21.000000 10.203143
v -23.701948 -21.000000 28.232416
v -23.099264 -21.000000 10.203143
v -23.099264 -21.000000 28.232416
v -22.514093 -21.000000 10.058911
v -22.514093 -21.000000 28.376648
v -21.980444 -21.000000 28.656729
v -21.980444 -21.000000 9.778831
v -21.529329 -21.000000 29.056381
v -21.529329 -21.000000 9.379178
v -21.186966 -21.000000 8.883179
v -21.186966 -21.000000 29.552380
v -30.000000 -21.000000 0.000000
v -25.900606 -21.000000 7.721371
v -25.827961 -21.000000 7.123082
v -25.614246 -21.000000 6.559563
v -25.271883 -21.000000 6.063564
v -24.820768 -21.000000 5.663911
v -24.287119 -21.000000 5.383831
v -23.701948 -21.000000 5.239599
v -23.099264 -21.000000 5.239599
v -22.514093 -21.000000 5.383831
v -21.529329 -21.000000 32.371994
v 18.241405 -21.000000 32.866459
v 18.692520 -21.000000 33.266113
v 17.899042 -21.000000 32.370461
v -21.186966 -21.000000 31.875996
v 19.226170 -21.000000 33.546192
v -20.973251 -21.000000 31.312477
v 17.685328 -21.000000 31.806942
v -20.900606 -21.000000 30.714188
v 17.612682 -21.000000 31.208652
v -20.973251 -21.000000 30.115898
v 17.685328 -21.000000 30.610363
v 17.899042 -21.000000 30.046844
v 22.326323 -21.000000 32.370461
v 21.983959 -21.000000 32.866459
v 21.532845 -21.000000 33.266113
v 20.999195 -21.000000 33.546192
v 20.414024 -21.000000 33.690426
v 19.811340 -21.000000 33.690426
v 22.540037 -21.000000 31.806942
v 22.612682 -21.000000 31.208652
v 22.540037 -21.000000 30.610363
v 22.326323 -21.000000 30.046844
v 18.241405 -21.000000 29.550846
v 18.692520 -21.000000 8.542658
v 18.692520 -21.000000 29.151192
v 18.241405 -21.000000 8.143004
v 17.899042 -21.000000 7.647006
v -20.973251 -21.000000 8.319660
v 19.226170 -21.000000 8.822739
v 19.226170 -21.000000 28.871111
v 19.811340 -21.000000 28.726879
v 17.685328 -21.000000 7.083487
v -20.900606 -21.000000 7.721371
v 19.811340 -21.000000 8.966970
v 17.612682 -21.000000 6.485198
v -20.973251 -21.000000 7.123082
v 20.414024 -21.000000 8.966970
v 20.414024 -21.000000 28.726879
v 20.999195 -21.000000 28.871111
v -21.186966 -21.000000 6.559563
v 17.685328 -21.000000 5.886909
v 20.999195 -21.000000 8.822739
v -21.529329 -21.000000 6.063564
v 17.899042 -21.000000 5.323390
v 21.532845 -21.000000 8.542658
v 21.532845 -21.000000 29.151192
v -21.980444 -21.000000 5.663911
v 18.241405 -21.000000 4.827391
v 21.983959 -21.000000 8.143004
v 21.983959 -21.000000 29.550846
v 18.692520 -21.000000 4.427738
v 22.326323 -21.000000 7.647006
v 19.811340 -21.000000 4.003426
v 20.414024 -21.000000 4.003426
v 20.999195 -21.000000 4.147657
v 21.532845 -21.000000 4.427738
v 21.983959 -21.000000 4.827391
v 22.326323 -21.000000 5.323390
v 22.540037 -21.000000 5.886909
v 22.612682 -21.000000 6.485198
v 22.540037 -21.000000 7.083487
v 19.226170 -21.000000 4.147657
v 21.983959 21.000000 32.866459
v 21.532845 21.000000 33.266113
v 22.326323 21.000000 32.370461
v 20.999195 21.000000 33.546192
v 22.540037 21.000000 31.806942
v 20.414024 21.000000 33.690426
v 22.612682 21.000000 31.208652
v 19.811340 21.000000 33.690426
v 22.540037 21.000000 30.610363
v 19.226170 21.000000 33.546192
v 22.326323 21.000000 30.046844
v 21.983959 21.000000 29.550846
v 21.532845 21.000000 8.542658
v 21.532845 21.000000 29.151192
v 21.983959 21.000000 8.143004
v 22.326323 21.000000 7.647006
v 20.999195 21.000000 8.822739
v 20.999195 21.000000 28.871111
v 22.540037 21.000000 7.083487
v 20.414024 21.000000 8.966970
v 20.414024 21.000000 28.726879
v 22.612682 21.000000 6.485198
v 19.811340 21.000000 8.966970
v 19.811340 21.000000 28.726879
v 22.540037 21.000000 5.886909
v 19.226170 21.000000 8.822739
v 19.226170 21.000000 28.871111
v 22.326323 21.000000 5.323390
v 18.692520 21.000000 8.542658
v 18.692520 21.000000 29.151192
v 21.983959 21.000000 4.827391
v 18.241405 21.000000 8.143004
v 18.241405 21.000000 29.550846
v 21.532845 21.000000 4.427738
v 17.899042 21.000000 7.647006
v 17.899042 21.000000 30.046844
v 20.999195 21.000000 4.147657
v 20.414024 21.000000 4.003426
v 19.811340 21.000000 4.003426
v 17.899042 21.000000 32.370461
v -21.529329 21.000000 32.371994
v 18.241405 21.000000 32.866459
v -21.980444 21.000000 32.771648
v 18.692520 21.000000 33.266113
v 17.685328 21.000000 31.806942
v -21.186966 21.000000 31.875996
v 17.612682 21.000000 31.208652
v -20.973251 21.000000 31.312477
v -30.000000 21.000000 40.000000
v -22.514093 21.000000 33.051727
v -23.099264 21.000000 33.195961
v -20.900606 21.000000 30.714188
v 17.685328 21.000000 30.610363
v -23.701948 21.000000 33.195961
v -20.973251 21.000000 30.115898
v -24.287119 21.000000 33.051727
v -21.186966 21.000000 29.552380
v -24.820768 21.000000 32.771648
v -25.271883 21.000000 32.371994
v -25.614246 21.000000 31.875996
v -25.827961 21.000000 31.312477
v -25.900606 21.000000 30.714188
v -25.827961 21.000000 30.115898
v -21.529329 21.000000 29.056381
v -21.529329 21.000000 9.379178
v -21.980444 21.000000 28.656729
v -21.980444 21.000000 9.778831
v -21.186966 21.000000 8.883179
v -22.514093 21.000000 10.058911
v -22.514093 21.000000 28.376648
v -20.973251 21.000000 8.319660
v 17.685328 21.000000 7.083487
v -23.099264 21.000000 28.232416
v -23.099264 21.000000 10.203143
v -23.701948 21.000000 28.232416
v 17.612682 21.000000 6.485198
v -20.900606 21.000000 7.721371
v -23.701948 21.000000 10.203143
v -24.287119 21.000000 28.376648
v -20.973251 21.000000 7.123082
v 17.685328 21.000000 5.886909
v -24.287119 21.000000 10.058911
v 17.899042 21.000000 5.323390
v -21.186966 21.000000 6.559563
v -24.820768 21.000000 28.656729
v -24.820768 21.000000 9.778831
v -25.271883 21.000000 29.056381
v 18.241405 21.000000 4.827391
v -21.529329 21.000000 6.063564
v -25.271883 21.000000 9.379178
v 18.692520 21.000000 4.427738
v -21.980444 21.000000 5.663911
v -25.614246 21.000000 29.552380
v -25.614246 21.000000 8.883179
v -25.827961 21.000000 8.319660
v -23.701948 21.000000 5.239599
v -30.000000 21.000000 0.000000
v -24.287119 21.000000 5.383831
v -23.099264 21.000000 5.239599
v -22.514093 21.000000 5.383831
v -25.900606 21.000000 7.721371
v -25.827961 21.000000 7.123082
v -25.614246 21.000000 6.559563
v -25.271883 21.000000 6.063564
v -24.820768 21.000000 5.663911
v 19.226170 21.000000 4.147657
v -10.853406 -9.615278 0.000000
v -9.170458 -11.231772 0.000000
v -12.255257 -7.749754 0.000000
v -7.250000 -12.557368 0.000000
v -13.339702 -5.683516 0.000000
v -5.141771 -13.557735 0.000000
v -14.078656 -3.470077 0.000000
v -2.900373 -14.206964 0.000000
v -14.452981 -1.166765 0.000000
v -0.583856 -14.488240 0.000000
v -14.452981 1.166765 0.000000
v -14.078656 3.470077 0.000000
v -13.339702 5.683516 0.000000
v -12.255257 7.749754 0.000000
v -10.853406 9.615278 0.000000
v -9.170458 11.231772 0.000000
v -7.250000 12.557368 0.000000
v -5.141771 13.557735 0.000000
v 1.747782 -14.394279 0.000000
v 4.034153 -13.927512 0.000000
v 6.216042 -13.100031 0.000000
v 8.236938 -11.933266 0.000000
v 10.044503 -10.457436 0.000000
v 11.591920 -8.710763 0.000000
v 12.839112 -6.738486 0.000000
v 13.753778 -4.591686 0.000000
v -2.900373 14.206964 0.000000
v 14.312229 -2.325963 0.000000
v 14.500000 0.000000 0.000000
v 14.312229 2.325963 0.000000
v 13.753778 4.591686 0.000000
v 12.839112 6.738486 0.000000
v 11.591920 8.710763 0.000000
v 10.044503 10.457436 0.000000
v 8.236938 11.933266 0.000000
v 6.216042 13.100031 0.000000
v 4.034153 13.927512 0.000000
v 1.747782 14.394279 0.000000
v -0.583856 14.488240 0.000000
v -17.266249 -17.137590 40.000000
v -17.807587 -16.658009 40.000000
v -18.218422 -16.062809 40.000000
v -16.625868 -17.473688 40.000000
v -18.474880 -15.386587 40.000000
v -15.923664 -17.646767 40.000000
v -18.562054 -14.668640 40.000000
v -15.200444 -17.646767 40.000000
v -18.474880 -13.950693 40.000000
v -21.011806 -1.989368 40.000000
v -18.218422 -13.274470 40.000000
v -20.470469 -2.468952 40.000000
v -17.807587 -12.679272 40.000000
v -21.422644 -1.394170 40.000000
v -19.830090 -2.805049 40.000000
v -17.266249 -12.199688 40.000000
v -21.679100 -0.717947 40.000000
v -19.127886 -2.978127 40.000000
v -16.625868 -11.863591 40.000000
v -21.766275 0.000000 40.000000
v -18.404665 -2.978127 40.000000
v -10.853406 -9.615278 40.000000
v -13.316522 -12.679272 40.000000
v -12.905686 -13.274470 40.000000
v -13.857860 -12.199688 40.000000
v -14.498240 -11.863591 40.000000
v -9.170458 -11.231772 40.000000
v -12.649228 -13.950693 40.000000
v -12.562054 -14.668640 40.000000
v -12.255257 -7.749754 40.000000
v -15.200444 -11.690513 40.000000
v -15.923664 -11.690513 40.000000
v -7.250000 -12.557368 40.000000
v -12.649228 -15.386587 40.000000
v -13.339702 -5.683516 40.000000
v -17.702461 -2.805049 40.000000
v -5.141771 -13.557735 40.000000
v -12.905686 -16.062809 40.000000
v -13.316522 -16.658009 40.000000
v -14.078656 -3.470077 40.000000
v -17.062080 -2.468952 40.000000
v -16.520742 -1.989368 40.000000
v -16.109907 -1.394170 40.000000
v -2.900373 -14.206964 40.000000
v -13.857860 -17.137590 40.000000
v -14.452981 -1.166765 40.000000
v -15.853450 -0.717947 40.000000
v -15.766275 0.000000 40.000000
v -0.583856 -14.488240 40.000000
v -14.498240 -17.473688 40.000000
v -14.452981 1.166765 40.000000
v -15.853450 0.717947 40.000000
v -16.109907 1.394170 40.000000
v -14.078656 3.470077 40.000000
v -16.520742 1.989368 40.000000
v -17.062080 2.468952 40.000000
v -17.702461 2.805049 40.000000
v -21.422644 1.394170 40.000000
v -21.011806 1.989368 40.000000
v -21.679100 0.717947 40.000000
v -13.339702 5.683516 40.000000
v 10.733751 -17.729177 40.000000
v 1.747782 -14.394279 40.000000
v 10.192413 -17.249594 40.000000
v 9.781578 -16.654396 40.000000
v 4.034153 -13.927512 40.000000
v 11.374131 -18.065275 40.000000
v -17.807587 11.341992 40.000000
v -20.470469 2.468952 40.000000
v -19.830090 2.805049 40.000000
v 9.525121 -15.978172 40.000000
v 6.216042 -13.100031 40.000000
v -17.266249 10.862409 40.000000
v -19.127886 2.978127 40.000000
v -18.218422 11.937191 40.000000
v 12.076336 -18.238352 40.000000
v -16.625868 10.526312 40.000000
v -18.404665 2.978127 40.000000
v -18.474880 12.613413 40.000000
v 9.437946 -15.260225 40.000000
v -15.923664 10.353233 40.000000
v -18.562054 13.331360 40.000000
v 9.525121 -14.542278 40.000000
v -15.200444 10.353233 40.000000
v -12.255257 7.749754 40.000000
v -18.474880 14.049307 40.000000
v -14.498240 10.526312 40.000000
v 8.236938 -11.933266 40.000000
v 9.781578 -13.866056 40.000000
v -18.218422 14.725530 40.000000
v 10.192413 -13.270858 40.000000
v -13.857860 10.862409 40.000000
v -17.807587 15.320728 40.000000
v 10.733751 -12.791274 40.000000
v -17.266249 15.800312 40.000000
v -10.853406 9.615278 40.000000
v -13.316522 11.341992 40.000000
v -12.905686 11.937191 40.000000
v -16.625868 16.136410 40.000000
v 10.044503 -10.457436 40.000000
v 11.374131 -12.455177 40.000000
v 12.076336 -12.282099 40.000000
v -15.923664 16.309486 40.000000
v -15.200444 16.309486 40.000000
v -9.170458 11.231772 40.000000
v -12.649228 12.613413 40.000000
v -12.562054 13.331360 40.000000
v -12.649228 14.049307 40.000000
v 11.591920 -8.710763 40.000000
v 12.799556 -12.282099 40.000000
v 13.501760 -12.455177 40.000000
v -7.250000 12.557368 40.000000
v -12.905686 14.725530 40.000000
v 12.839112 -6.738486 40.000000
v 14.142140 -12.791274 40.000000
v 14.683478 -13.270858 40.000000
v -5.141771 13.557735 40.000000
v -13.316522 15.320728 40.000000
v -13.857860 15.800312 40.000000
v 15.350772 -14.542278 40.000000
v 15.437946 -15.260225 40.000000
v 12.799556 -18.238352 40.000000
v 13.501760 -18.065275 40.000000
v 14.142140 -17.729177 40.000000
v 14.683478 -17.249594 40.000000
v 15.094314 -16.654396 40.000000
v 15.350772 -15.978172 40.000000
v -2.900373 14.206964 40.000000
v -14.498240 16.136410 40.000000
v -0.583856 14.488240 40.000000
v 16.435913 -2.468952 40.000000
v 14.312229 -2.325963 40.000000
v 13.753778 -4.591686 40.000000
v 15.894576 -1.989368 40.000000
v 15.483740 -1.394170 40.000000
v 17.076294 -2.805049 40.000000
v 15.227283 -0.717947 40.000000
v 14.500000 0.000000 40.000000
v 17.778498 -2.978127 40.000000
v 15.140108 0.000000 40.000000
v 18.501719 -2.978127 40.000000
v 15.227283 0.717947 40.000000
v 19.203922 -2.805049 40.000000
v 15.094314 -13.866056 40.000000
v 14.312229 2.325963 40.000000
v 15.483740 1.394170 40.000000
v 19.844303 -2.468952 40.000000
v 15.894576 1.989368 40.000000
v 20.385641 -1.989368 40.000000
v 16.435913 2.468952 40.000000
v 13.753778 4.591686 40.000000
v 20.796476 -1.394170 40.000000
v 17.076294 2.805049 40.000000
v 21.052933 -0.717947 40.000000
v 17.778498 2.978127 40.000000
v 10.733751 10.270823 40.000000
v 10.044503 10.457436 40.000000
v 11.591920 8.710763 40.000000
v 10.192413 10.750406 40.000000
v 9.781578 11.345605 40.000000
v 8.236938 11.933266 40.000000
v 21.140108 0.000000 40.000000
v 11.374131 9.934726 40.000000
v 9.525121 12.021828 40.000000
v 12.076336 9.761647 40.000000
v 9.437946 12.739775 40.000000
v 12.799556 9.761647 40.000000
v 12.839112 6.738486 40.000000
v 9.525121 13.457722 40.000000
v 6.216042 13.100031 40.000000
v 13.501760 9.934726 40.000000
v 9.781578 14.133944 40.000000
v 14.142140 10.270823 40.000000
v 10.192413 14.729142 40.000000
v 4.034153 13.927512 40.000000
v 14.683478 10.750406 40.000000
v 18.501719 2.978127 40.000000
v 10.733751 15.208726 40.000000
v 1.747782 14.394279 40.000000
v 15.094314 11.345605 40.000000
v 19.203922 2.805049 40.000000
v 11.374131 15.544823 40.000000
v 15.350772 12.021828 40.000000
v 19.844303 2.468952 40.000000
v 15.437946 12.739775 40.000000
v 21.052933 0.717947 40.000000
v 20.796476 1.394170 40.000000
v 20.385641 1.989368 40.000000
v 15.350772 13.457722 40.000000
v 15.094314 14.133944 40.000000
v 14.683478 14.729142 40.000000
v 14.142140 15.208726 40.000000
v 13.501760 15.544823 40.000000
v 12.799556 15.717901 40.000000
v 12.076336 15.717901 40.000000
v -20.900606 2.108229 30.714188
v -20.914967 2.093591 30.981764
v -20.957451 2.049085 31.244274
v -20.900606 -2.108229 30.714188
v -20.933657 -2.074237 31.119350
v -21.049791 1.945650 31.564875
v -21.176167 1.786736 31.855181
v -20.985334 -2.018856 31.359524
v -21.058451 -1.935440 31.588436
v -21.321268 1.572263 32.102119
v -21.465807 1.308637 32.297398
v -21.171423 -1.793116 31.845886
v -21.316195 -1.580479 32.094486
v -21.591991 1.007634 32.440140
v -21.687807 0.681650 32.535267
v -21.746813 0.341168 32.589012
v -21.766270 -0.005963 32.605999
v -21.461071 -1.318361 32.291592
v -21.588120 -1.018426 32.436073
v -21.685110 -0.693109 32.532722
v -21.745436 -0.352985 32.587799
v -21.766268 0.006731 28.822380
v -21.745348 0.353736 28.840656
v -21.684940 0.693826 28.895813
v -21.587879 1.019093 28.992556
v -21.746901 -0.340397 28.839285
v -21.687984 -0.680891 28.892944
v -21.460781 1.318954 29.137140
v -21.315887 1.580975 29.334352
v -21.171139 1.793497 29.583050
v -21.592249 -1.006910 28.987965
v -21.466125 -1.307977 29.130589
v -21.321613 -1.571700 29.325739
v -21.058218 1.935716 29.840563
v -20.985245 2.018953 30.069183
v -21.176493 -1.786295 29.572557
v -21.050055 -1.945340 29.862772
v -20.933655 2.074238 30.309027
v -20.957621 -2.048903 30.183317
v -20.915010 -2.093547 30.446207
v 21.140108 0.000000 33.487774
v 21.065964 0.662851 33.519768
v 20.843319 1.301020 33.599503
v 20.467428 1.893036 33.683353
v 21.065964 -0.662851 33.519768
v 20.843319 -1.301020 33.599503
v 20.210892 2.170681 33.706722
v 19.759687 2.525265 33.683605
v 20.467428 -1.893036 33.683353
v 20.210892 -2.170681 33.706722
v 19.343414 2.748100 33.587357
v 19.759687 -2.525265 33.683605
v 19.343414 -2.748100 33.587353
v 18.951086 2.888306 33.422405
v 18.662064 2.954245 33.244751
v 18.951086 -2.888307 33.422401
v 18.415529 2.987330 33.044319
v 18.662062 -2.954245 33.244751
v 18.415529 -2.987330 33.044319
v 18.138206 2.999999 32.742096
v 17.898321 2.990241 32.369083
v 18.138206 -2.999999 32.742096
v 17.732466 2.972176 31.973223
v 17.898321 -2.990241 32.369083
v 17.732466 -2.972176 31.973223
v 17.638004 2.957684 31.563574
v 17.612692 2.953275 31.215757
v 17.638004 -2.957684 31.563574
v 17.646250 2.959072 30.800344
v 17.612692 -2.953275 31.215757
v 17.646250 -2.959072 30.800344
v 17.767759 2.976803 30.341856
v 17.919804 2.991900 30.008118
v 17.767759 -2.976803 30.341856
v 18.123838 2.999956 29.693892
v 17.919804 -2.991900 30.008118
v 18.123837 -2.999956 29.693892
v 18.382261 2.990211 29.404312
v 18.693604 2.948498 29.150446
v 18.382261 -2.990211 29.404312
v 19.048140 2.859279 28.946629
v 18.693604 -2.948498 29.150446
v 19.048140 -2.859279 28.946629
v 19.422079 2.712296 28.805931
v 19.784422 2.509229 28.730297
v 19.422079 -2.712296 28.805931
v 20.110708 2.262020 28.708652
v 20.391647 1.982567 28.724264
v 19.784422 -2.509229 28.730297
v 20.110708 -2.262019 28.708652
v 20.693455 1.574936 28.777046
v 20.937845 1.082897 28.848757
v 20.391647 -1.982566 28.724266
v 20.693455 -1.574935 28.777046
v 21.086142 0.566471 28.905962
v 21.126608 0.284293 28.923492
v 21.140108 0.000000 28.929531
v 20.937845 -1.082895 28.848757
v 21.086142 -0.566469 28.905964
v 21.126608 -0.284292 28.923492
v -12.649228 -13.950693 15.000000
v -12.562054 -14.668640 15.000000
v -12.905686 -13.274470 15.000000
v -13.316522 -12.679272 15.000000
v -13.857860 -12.199688 15.000000
v -14.498240 -11.863591 15.000000
v -15.200444 -11.690513 15.000000
v -15.923664 -11.690513 15.000000
v -16.625868 -11.863591 15.000000
v -17.266249 -12.199688 15.000000
v -17.807587 -12.679272 15.000000
v -18.218422 -13.274470 15.000000
v -18.474880 -13.950693 15.000000
v -18.562054 -14.668640 15.000000
v -18.474880 -15.386587 15.000000
v -18.218422 -16.062809 15.000000
v -17.807587 -16.658009 15.000000
v -17.266249 -17.137590 15.000000
v -16.625868 -17.473688 15.000000
v -15.923664 -17.646767 15.000000
v -15.200444 -17.646767 15.000000
v -14.498240 -17.473688 15.000000
v -13.857860 -17.137590 15.000000
v -13.316522 -16.658009 15.000000
v -12.905686 -16.062809 15.000000
v -12.649228 -15.386587 15.000000
v 15.350772 -14.542278 15.000000
v 15.437946 -15.260225 15.000000
v 15.094314 -13.866056 15.000000
v 14.683478 -13.270858 15.000000
v 14.142140 -12.791274 15.000000
v 13.501760 -12.455177 15.000000
v 12.799556 -12.282099 15.000000
v 12.076336 -12.282099 15.000000
v 11.374131 -12.455177 15.000000
v 10.733751 -12.791274 15.000000
v 10.192413 -13.270858 15.000000
v 9.781578 -13.866056 15.000000
v 9.525121 -14.542278 15.000000
v 9.437946 -15.260225 15.000000
v 9.525121 -15.978172 15.000000
v 9.781578 -16.654396 15.000000
v 10.192413 -17.249594 15.000000
v 10.733751 -17.729177 15.000000
v 11.374131 -18.065275 15.000000
v 12.076336 -18.238352 15.000000
v 12.799556 -18.238352 15.000000
v 13.501760 -18.065275 15.000000
v 14.142140 -17.729177 15.000000
v 14.683478 -17.249594 15.000000
v 15.094314 -16.654396 15.000000
v 15.350772 -15.978172 15.000000
v -15.853450 0.717947 15.000000
v -15.766275 0.000000 15.000000
v -16.109907 1.394170 15.000000
v -16.520742 1.989368 15.000000
v -17.062080 2.468952 15.000000
v -17.702461 2.805049 15.000000
v -18.404665 2.978127 15.000000
v -19.127886 2.978127 15.000000
v -19.830090 2.805049 15.000000
v -20.470469 2.468952 15.000000
v -21.011806 1.989368 15.000000
v -21.422644 1.394170 15.000000
v -21.679100 0.717947 15.000000
v -21.766275 0.000000 15.000000
v -21.679100 -0.717947 15.000000
v -21.422644 -1.394170 15.000000
v -21.011806 -1.989368 15.000000
v -20.470469 -2.468952 15.000000
v -19.830090 -2.805049 15.000000
v -19.127886 -2.978127 15.000000
v -18.404665 -2.978127 15.000000
v -17.702461 -2.805049 15.000000
v -17.062080 -2.468952 15.000000
v -16.520742 -1.989368 15.000000
v -16.109907 -1.394170 15.000000
v -15.853450 -0.717947 15.000000
v -12.649228 14.049307 15.000000
v -12.562054 13.331360 15.000000
v -12.905686 14.725530 15.000000
v -13.316522 15.320728 15.000000
v -13.857860 15.800312 15.000000
v -14.498240 16.136410 15.000000
v -15.200444 16.309486 15.000000
v -15.923664 16.309486 15.000000
v -16.625868 16.136410 15.000000
v -17.266249 15.800312 15.000000
v -17.807587 15.320728 15.000000
v -18.218422 14.725530 15.000000
v -18.474880 14.049307 15.000000
v -18.562054 13.331360 15.000000
v -18.474880 12.613413 15.000000
v -18.218422 11.937191 15.000000
v -17.807587 11.341992 15.000000
v -17.266249 10.862409 15.000000
v -16.625868 10.526312 15.000000
v -15.923664 10.353233 15.000000
v -15.200444 10.353233 15.000000
v -14.498240 10.526312 15.000000
v -13.857860 10.862409 15.000000
v -13.316522 11.341992 15.000000
v -12.905686 11.937191 15.000000
v -12.649228 12.613413 15.000000
v 21.140108 0.000000 15.000000
v 21.052933 0.717947 15.000000
v 20.796476 1.394170 15.000000
v 20.385641 1.989368 15.000000
v 19.844303 2.468952 15.000000
v 19.203922 2.805049 15.000000
v 18.501719 2.978127 15.000000
v 17.778498 2.978127 15.000000
v 17.076294 2.805049 15.000000
v 16.435913 2.468952 15.000000
v 15.894576 1.989368 15.000000
v 15.483740 1.394170 15.000000
v 15.227283 0.717947 15.000000
v 15.140108 0.000000 15.000000
v 15.227283 -0.717947 15.000000
v 15.483740 -1.394170 15.000000
v 15.894576 -1.989368 15.000000
v 16.435913 -2.468952 15.000000
v 17.076294 -2.805049 15.000000
v 17.778498 -2.978127 15.000000
v 18.501719 -2.978127 15.000000
v 19.203922 -2.805049 15.000000
v 19.844303 -2.468952 15.000000
v 20.385641 -1.989368 15.000000
v 20.796476 -1.394170 15.000000
v 21.052933 -0.717947 15.000000
v 15.350772 13.457722 15.000000
v 15.437946 12.739775 15.000000
v 15.094314 14.133944 15.000000
v 14.683478 14.729142 15.000000
v 14.142140 15.208726 15.000000
v 13.501760 15.544823 15.000000
v 12.799556 15.717901 15.000000
v 12.076336 15.717901 15.000000
v 11.374131 15.544823 15.000000
v 10.733751 15.208726 15.000000
v 10.192413 14.729142 15.000000
v 9.781578 14.133944 15.000000
v 9.525121 13.457722 15.000000
v 9.437946 12.739775 15.000000
v 9.525121 12.021828 15.000000
v 9.781578 11.345605 15.000000
v 10.192413 10.750406 15.000000
v 10.733751 10.270823 15.000000
v 11.374131 9.934726 15.000000
v 12.076336 9.761647 15.000000
v 12.799556 9.761647 15.000000
v 13.501760 9.934726 15.000000
v 14.142140 10.270823 15.000000
v 14.683478 10.750406 15.000000
v 15.094314 11.345605 15.000000
v 15.350772 12.021828 15.000000
v -13.562054 -14.668640 14.399139
v -13.791142 -13.739193 14.399139
v -14.425924 -13.022672 14.399139
v -14.676598 -14.203917 13.798279
v -14.562054 -14.668640 13.798279
v -15.562054 -14.668640 13.197418
v -15.320981 -12.683222 14.399139
v -14.993989 -13.845655 13.798279
v -16.271263 -12.798607 14.399139
v -15.441517 -13.675931 13.798279
v -17.059076 -13.342395 14.399139
v -15.916659 -13.733624 13.798279
v -17.503937 -14.190008 14.399139
v -16.310564 -14.005517 13.798279
v -17.503937 -15.147271 14.399139
v -16.532995 -14.429324 13.798279
v -17.059076 -15.994885 14.399139
v -16.532995 -14.907955 13.798279
v -16.271263 -16.538671 14.399139
v -16.310564 -15.331762 13.798279
v -15.320981 -16.654057 14.399139
v -15.916659 -15.603656 13.798279
v -14.425924 -16.314608 14.399139
v -15.441517 -15.661348 13.798279
v -13.791142 -15.598086 14.399139
v -14.993989 -15.491624 13.798279
v -14.676598 -15.133363 13.798279
v 14.437946 -15.260225 14.399139
v 14.208858 -14.330779 14.399139
v 13.574076 -13.614258 14.399139
v 13.323402 -14.795503 13.798279
v 13.437946 -15.260225 13.798279
v 12.437946 -15.260225 13.197418
v 12.679019 -13.274808 14.399139
v 13.006011 -14.437242 13.798279
v 11.728736 -13.390193 14.399139
v 12.558483 -14.267517 13.798279
v 10.940925 -13.933980 14.399139
v 12.083341 -14.325210 13.798279
v 10.496062 -14.781594 14.399139
v 11.689435 -14.597103 13.798279
v 10.496062 -15.738857 14.399139
v 11.467004 -15.020910 13.798279
v 10.940925 -16.586472 14.399139
v 11.467004 -15.499541 13.798279
v 11.728736 -17.130259 14.399139
v 11.689435 -15.923348 13.798279
v 12.679019 -17.245644 14.399139
v 12.083341 -16.195242 13.798279
v 13.574076 -16.906193 14.399139
v 12.558483 -16.252935 13.798279
v 14.208858 -16.189672 14.399139
v 13.006011 -16.083210 13.798279
v 13.323402 -15.724949 13.798279
v -16.766275 0.000000 14.399139
v -16.995363 0.929446 14.399139
v -17.630146 1.645968 14.399139
v -17.880819 0.464723 13.798279
v -17.766275 0.000000 13.798279
v -18.766275 0.000000 13.197418
v -18.525202 1.985418 14.399139
v -18.198210 0.822984 13.798279
v -19.475485 1.870032 14.399139
v -18.645739 0.992709 13.798279
v -20.263296 1.326245 14.399139
v -19.120880 0.935016 13.798279
v -20.708158 0.478631 14.399139
v -19.514786 0.663123 13.798279
v -20.708158 -0.478631 14.399139
v -19.737217 0.239316 13.798279
v -20.263296 -1.326245 14.399139
v -19.737217 -0.239316 13.798279
v -19.475485 -1.870032 14.399139
v -19.514786 -0.663123 13.798279
v -18.525202 -1.985418 14.399139
v -19.120880 -0.935016 13.798279
v -17.630146 -1.645968 14.399139
v -18.645739 -0.992709 13.798279
v -16.995363 -0.929446 14.399139
v -18.198210 -0.822984 13.798279
v -17.880819 -0.464723 13.798279
v -13.562054 13.331360 14.399139
v -13.791142 14.260807 14.399139
v -14.425924 14.977328 14.399139
v -14.676598 13.796083 13.798279
v -14.562054 13.331360 13.798279
v -15.562054 13.331360 13.197418
v -15.320981 15.316778 14.399139
v -14.993989 14.154345 13.798279
v -16.271263 15.201393 14.399139
v -15.441517 14.324069 13.798279
v -17.059076 14.657605 14.399139
v -15.916659 14.266376 13.798279
v -17.503937 13.809992 14.399139
v -16.310564 13.994483 13.798279
v -17.503937 12.852729 14.399139
v -16.532995 13.570676 13.798279
v -17.059076 12.005115 14.399139
v -16.532995 13.092045 13.798279
v -16.271263 11.461328 14.399139
v -16.310564 12.668238 13.798279
v -15.320981 11.345942 14.399139
v -15.916659 12.396344 13.798279
v -14.425924 11.685392 14.399139
v -15.441517 12.338652 13.798279
v -13.791142 12.401914 14.399139
v -14.993989 12.508376 13.798279
v -14.676598 12.866637 13.798279
v 20.140108 0.000000 14.399139
v 19.911020 0.929446 14.399139
v 19.276237 1.645968 14.399139
v 19.025564 0.464723 13.798279
v 19.140108 0.000000 13.798279
v 18.140108 0.000000 13.197418
v 18.381182 1.985418 14.399139
v 18.708172 0.822984 13.798279
v 17.430899 1.870032 14.399139
v 18.260645 0.992709 13.798279
v 16.643087 1.326245 14.399139
v 17.785503 0.935016 13.798279
v 16.198225 0.478631 14.399139
v 17.391598 0.663123 13.798279
v 16.198225 -0.478631 14.399139
v 17.169167 0.239316 13.798279
v 16.643087 -1.326245 14.399139
v 17.169167 -0.239316 13.798279
v 17.430899 -1.870032 14.399139
v 17.391598 -0.663123 13.798279
v 18.381182 -1.985418 14.399139
v 17.785503 -0.935016 13.798279
v 19.276237 -1.645968 14.399139
v 18.260645 -0.992709 13.798279
v 19.911020 -0.929446 14.399139
v 18.708172 -0.822984 13.798279
v 19.025564 -0.464723 13.798279
v 14.437946 12.739775 14.399139
v 14.208858 13.669221 14.399139
v 13.574076 14.385742 14.399139
v 13.323402 13.204497 13.798279
v 13.437946 12.739775 13.798279
v 12.437946 12.739775 13.197418
v 12.679019 14.725192 14.399139
v 13.006011 13.562758 13.798279
v 11.728736 14.609807 14.399139
v 12.558483 13.732483 13.798279
v 10.940925 14.066020 14.399139
v 12.083341 13.674790 13.798279
v 10.496062 13.218406 14.399139
v 11.689435 13.402897 13.798279
v 10.496062 12.261143 14.399139
v 11.467004 12.979090 13.798279
v 10.940925 11.413529 14.399139
v 11.467004 12.500459 13.798279
v 11.728736 10.869741 14.399139
v 11.689435 12.076652 13.798279
v 12.679019 10.754356 14.399139
v 12.083341 11.804758 13.798279
v 13.574076 11.093806 14.399139
v 12.558483 11.747066 13.798279
v 14.208858 11.810328 14.399139
v 13.006011 11.916790 13.798279
v 13.323402 12.275051 13.798279
vn 1.000000 0.000000 0.000000
vn 1.000000 -0.000000 0.000000
vn 0.000000 -1.000000 0.000000
vn 0.000000 -1.000000 0.000000
vn 0.000000 -1.000000 0.000000
vn 0.000000 -1.000000 0.000000
vn 0.000000 -1.000000 0.000000
vn 0.000000 -1.000000 0.000000
vn 0.000000 -1.000000 0.000000
vn 0.000000 -1.000000 0.000000
vn 0.000000 -1.000000 0.000000
vn 0.000000 -1.000000 0.000000
vn 0.000000 -1.000000 0.000000
vn 0.000000 -1.000000 0.000000
vn 0.000000 -1.000000 0.000000
vn 0.000000 -1.000000 -0.000000
vn 0.000000 -1.000000 0.000000
vn 0.000000 -1.000000 0.000000
vn 0.000000 -1.000000 0.000000
vn 0.000000 -1.000000 -0.000000
vn 0.000000 -1.000000 0.000000
vn 0.000000 -1.000000 0.000000
vn 0.000000 -1.000000 0.000000
vn 0.000000 -1.000000 0.000000
vn 0.000000 -1.000000 0.000000
vn 0.000000 -1.000000 0.000000
vn 0.000000 -1.000000 0.000000
vn 0.000000 -1.000000 0.000000
vn 0.000000 -1.000000 0.000000
vn 0.000000 -1.000000 0.000000
vn 0.000000 -1.000000 0.000000
vn 0.000000 -1.000000 0.000000
vn 0.000000 -1.000000 0.000000
vn 0.000000 -1.000000 -0.000000
vn 0.000000 -1.000000 0.000000
vn 0.000000 -1.000000 -0.000000
vn 0.000000 -1.000000 -0.000000
vn 0.000000 -1.000000 -0.000000
vn 0.000000 -1.000000 -0.000000
vn 0.000000 -1.000000 0.000000
vn 0.000000 -1.000000 0.000000
vn 0.000000 -1.000000 0.000000
vn 0.000000 -1.000000 0.000000
vn 0.000000 -1.000000 0.000000
vn -0.000000 -1.000000 0.000000
vn 0.000000 -1.000000 0.000000
vn 0.000000 -1.000000 0.000000
vn 0.000000 -1.000000 0.000000
vn 0.000000 -1.000000 0.000000
vn 0.000000 -1.000000 0.000000
vn 0.000000 -1.000000 0.000000
vn 0.000000 -1.000000 0.000000
vn 0.000000 -1.000000 0.000000
vn 0.000000 -1.000000 0.000000
vn 0.000000 -1.000000 0.000000
vn 0.000000 -1.000000 0.000000
vn 0.000000 -1.000000 0.000000
vn 0.000000 -1.000000 0.000000
vn 0.000000 -1.000000 0.000000
vn 0.000000 -1.000000 0.000000
vn 0.000000 -1.000000 0.000000
vn 0.000000 -1.000000 0.000000
vn 0.000000 -1.000000 0.000000
vn -0.000000 -1.000000 0.000000
vn 0.000000 -1.000000 0.000000
vn 0.000000 -1.000000 0.000000
vn 0.000000 -1.000000 0.000000
vn 0.000000 -1.000000 -0.000000
vn 0.000000 -1.000000 -0.000000
vn 0.000000 -1.000000 0.000000
vn 0.000000 -1.000000 0.000000
vn 0.000000 -1.000000 0.000000
vn 0.000000 -1.000000 0.000000
vn 0.000000 -1.000000 0.000000
vn 0.000000 -1.000000 -0.000000
vn 0.000000 -1.000000 0.000000
vn 0.000000 -1.000000 0.000000
vn 0.000000 -1.000000 0.000000
vn 0.000000 -1.000000 0.000000
vn 0.000000 -1.000000 0.000000
vn 0.000000 -1.000000 0.000000
vn 0.000000 -1.000000 0.000000
vn 0.000000 -1.000000 0.000000
vn 0.000000 -1.000000 0.000000
vn 0.000000 -1.000000 0.000000
vn 0.000000 -1.000000 0.000000
vn 0.000000 -1.000000 0.000000
vn 0.000000 -1.000000 0.000000
vn 0.000000 -1.000000 0.000000
vn 0.000000 -1.000000 0.000000
vn 0.000000 -1.000000 0.000000
vn 0.000000 -1.000000 0.000000
vn 0.000000 -1.000000 0.000000
vn 0.000000 -1.000000 0.000000
vn 0.000000 -1.000000 0.000000
vn 0.000000 -1.000000 0.000000
vn 0.000000 -1.000000 0.000000
vn 0.000000 -1.000000 0.000000
vn 0.000000 -1.000000 0.000000
vn 0.000000 -1.000000 0.000000
vn 0.000000 -1.000000 0.000000
vn 0.000000 -1.000000 0.000000
vn 0.000000 -1.000000 0.000000
vn 0.000000 -1.000000 0.000000
vn 0.000000 -1.000000 0.000000
vn 0.000000 -1.000000 0.000000
vn 0.000000 -1.000000 0.000000
vn 0.000000 -1.000000 0.000000
vn 0.000000 -1.000000 0.000000
vn 0.000000 -1.000000 0.000000
vn 0.000000 -1.000000 0.000000
vn 0.000000 -1.000000 0.000000
vn 0.000000 -1.000000 0.000000
vn 0.000000 -1.000000 0.000000
vn 0.000000 -1.000000 0.000000
vn 0.000000 -1.000000 0.000000
vn 0.000000 1.000000 -0.000000
vn 0.000000 1.000000 0.000000
vn 0.000000 1.000000 -0.000000
vn 0.000000 1.000000 0.000000
vn 0.000000 1.000000 -0.000000
vn 0.000000 1.000000 0.000000
vn 0.000000 1.000000 -0.000000
vn 0.000000 1.000000 0.000000
vn 0.000000 1.000000 -0.000000
vn 0.000000 1.000000 0.000000
vn 0.000000 1.000000 0.000000
vn 0.000000 1.000000 -0.000000
vn 0.000000 1.000000 0.000000
vn 0.000000 1.000000 0.000000
vn 0.000000 1.000000 0.000000
vn 0.000000 1.000000 0.000000
vn 0.000000 1.000000 0.000000
vn 0.000000 1.000000 -0.000000
vn 0.000000 1.000000 0.000000
vn 0.000000 1.000000 0.000000
vn 0.000000 1.000000 -0.000000
vn 0.000000 1.000000 0.000000
vn 0.000000 1.000000 0.000000
vn 0.000000 1.000000 -0.000000
vn 0.000000 1.000000 0.000000
vn 0.000000 1.000000 0.000000
vn 0.000000 1.000000 -0.000000
vn 0.000000 1.000000 0.000000
vn 0.000000 1.000000 0.000000
vn 0.000000 1.000000 -0.000000
vn 0.000000 1.000000 0.000000
vn 0.000000 1.000000 0.000000
vn 0.000000 1.000000 -0.000000
vn 0.000000 1.000000 0.000000
vn 0.000000 1.000000 0.000000
vn 0.000000 1.000000 -0.000000
vn 0.000000 1.000000 0.000000
vn 0.000000 1.000000 0.000000
vn 0.000000 1.000000 0.000000
vn 0.000000 1.000000 -0.000000
vn 0.000000 1.000000 -0.000000
vn 0.000000 1.000000 -0.000000
vn 0.000000 1.000000 -0.000000
vn 0.000000 1.000000 0.000000
vn 0.000000 1.000000 -0.000000
vn 0.000000 1.000000 0.000000
vn 0.000000 1.000000 -0.000000
vn 0.000000 1.000000 -0.000000
vn -0.000000 1.000000 -0.000000
vn -0.000000 1.000000 -0.000000
vn 0.000000 1.000000 -0.000000
vn 0.000000 1.000000 0.000000
vn 0.000000 1.000000 0.000000
vn 0.000000 1.000000 0.000000
vn 0.000000 1.000000 0.000000
vn 0.000000 1.000000 0.000000
vn 0.000000 1.000000 0.000000
vn 0.000000 1.000000 0.000000
vn 0.000000 1.000000 0.000000
vn 0.000000 1.000000 0.000000
vn 0.000000 1.000000 0.000000
vn 0.000000 1.000000 0.000000
vn 0.000000 1.000000 0.000000
vn 0.000000 1.000000 0.000000
vn 0.000000 1.000000 0.000000
vn 0.000000 1.000000 0.000000
vn 0.000000 1.000000 0.000000
vn 0.000000 1.000000 0.000000
vn 0.000000 1.000000 0.000000
vn 0.000000 1.000000 -0.000000
vn 0.000000 1.000000 0.000000
vn 0.000000 1.000000 -0.000000
vn 0.000000 1.000000 0.000000
vn 0.000000 1.000000 -0.000000
vn 0.000000 1.000000 0.000000
vn 0.000000 1.000000 0.000000
vn 0.000000 1.000000 -0.000000
vn 0.000000 1.000000 -0.000000
vn 0.000000 1.000000 0.000000
vn 0.000000 1.000000 0.000000
vn 0.000000 1.000000 0.000000
vn 0.000000 1.000000 0.000000
vn 0.000000 1.000000 0.000000
vn 0.000000 1.000000 0.000000
vn 0.000000 1.000000 0.000000
vn 0.000000 1.000000 0.000000
vn 0.000000 1.000000 0.000000
vn 0.000000 1.000000 0.000000
vn 0.000000 1.000000 -0.000000
vn 0.000000 1.000000 0.000000
vn 0.000000 1.000000 0.000000
vn 0.000000 1.000000 0.000000
vn 0.000000 1.000000 0.000000
vn 0.000000 1.000000 0.000000
vn 0.000000 1.000000 0.000000
vn 0.000000 1.000000 0.000000
vn 0.000000 1.000000 -0.000000
vn 0.000000 1.000000 0.000000
vn 0.000000 1.000000 0.000000
vn 0.000000 1.000000 0.000000
vn 0.000000 1.000000 0.000000
vn 0.000000 1.000000 0.000000
vn 0.000000 1.000000 -0.000000
vn 0.000000 1.000000 0.000000
vn 0.000000 1.000000 0.000000
vn 0.000000 1.000000 0.000000
vn 0.000000 1.000000 -0.000000
vn 0.000000 1.000000 0.000000
vn 0.000000 1.000000 0.000000
vn 0.000000 1.000000 0.000000
vn 0.000000 1.000000 0.000000
vn 0.000000 1.000000 0.000000
vn 0.000000 1.000000 0.000000
vn 0.000000 1.000000 0.000000
vn 0.000000 -0.000000 -1.000000
vn 0.000000 0.000000 -1.000000
vn 0.000000 -0.000000 -1.000000
vn 0.000000 0.000000 -1.000000
vn 0.000000 -0.000000 -1.000000
vn 0.000000 0.000000 -1.000000
vn 0.000000 -0.000000 -1.000000
vn 0.000000 0.000000 -1.000000
vn 0.000000 -0.000000 -1.000000
vn 0.000000 0.000000 -1.000000
vn 0.000000 0.000000 -1.000000
vn 0.000000 0.000000 -1.000000
vn 0.000000 0.000000 -1.000000
vn 0.000000 0.000000 -1.000000
vn 0.000000 0.000000 -1.000000
vn 0.000000 0.000000 -1.000000
vn 0.000000 0.000000 -1.000000
vn 0.000000 0.000000 -1.000000
vn 0.000000 -0.000000 -1.000000
vn 0.000000 -0.000000 -1.000000
vn 0.000000 -0.000000 -1.000000
vn 0.000000 -0.000000 -1.000000
vn 0.000000 -0.000000 -1.000000
vn 0.000000 -0.000000 -1.000000
vn 0.000000 -0.000000 -1.000000
vn 0.000000 -0.000000 -1.000000
vn 0.000000 0.000000 -1.000000
vn 0.000000 0.000000 -1.000000
vn 0.000000 0.000000 -1.000000
vn 0.000000 0.000000 -1.000000
vn 0.000000 0.000000 -1.000000
vn 0.000000 0.000000 -1.000000
vn 0.000000 0.000000 -1.000000
vn 0.000000 0.000000 -1.000000
vn 0.000000 0.000000 -1.000000
vn 0.000000 0.000000 -1.000000
vn 0.000000 0.000000 -1.000000
vn 0.000000 0.000000 -1.000000
vn 0.000000 0.000000 -1.000000
vn 0.000000 0.000000 -1.000000
vn 0.000000 0.000000 -1.000000
vn 0.000000 0.000000 -1.000000
vn 0.000000 0.000000 -1.000000
vn 0.000000 0.000000 1.000000
vn 0.000000 0.000000 1.000000
vn 0.000000 0.000000 1.000000
vn 0.000000 0.000000 1.000000
vn 0.000000 0.000000 1.000000
vn 0.000000 0.000000 1.000000
vn 0.000000 0.000000 1.000000
vn 0.000000 0.000000 1.000000
vn 0.000000 0.000000 1.000000
vn 0.000000 0.000000 1.000000
vn 0.000000 0.000000 1.000000
vn 0.000000 0.000000 1.000000
vn 0.000000 0.000000 1.000000
vn 0.000000 0.000000 1.000000
vn 0.000000 0.000000 1.000000
vn 0.000000 0.000000 1.000000
vn 0.000000 0.000000 1.000000
vn 0.000000 0.000000 1.000000
vn 0.000000 0.000000 1.000000
vn 0.000000 0.000000 1.000000
vn 0.000000 0.000000 1.000000
vn 0.000000 0.000000 1.000000
vn 0.000000 0.000000 1.000000
vn 0.000000 0.000000 1.000000
vn 0.000000 0.000000 1.000000
vn 0.000000 0.000000 1.000000
vn 0.000000 0.000000 1.000000
vn 0.000000 0.000000 1.000000
vn 0.000000 0.000000 1.000000
vn 0.000000 0.000000 1.000000
vn 0.000000 0.000000 1.000000
vn 0.000000 0.000000 1.000000
vn 0.000000 0.000000 1.000000
vn 0.000000 0.000000 1.000000
vn 0.000000 0.000000 1.000000
vn 0.000000 0.000000 1.000000
vn 0.000000 0.000000 1.000000
vn 0.000000 0.000000 1.000000
vn 0.000000 0.000000 1.000000
vn 0.000000 0.000000 1.000000
vn 0.000000 0.000000 1.000000
vn 0.000000 0.000000 1.000000
vn 0.000000 0.000000 1.000000
vn 0.000000 0.000000 1.000000
vn 0.000000 0.000000 1.000000
vn 0.000000 0.000000 1.000000
vn 0.000000 0.000000 1.000000
vn 0.000000 0.000000 1.000000
vn 0.000000 0.000000 1.000000
vn 0.000000 0.000000 1.000000
vn 0.000000 0.000000 1.000000
vn 0.000000 0.000000 1.000000
vn 0.000000 0.000000 1.000000
vn 0.000000 0.000000 1.000000
vn 0.000000 0.000000 1.000000
vn 0.000000 0.000000 1.000000
vn 0.000000 0.000000 1.000000
vn 0.000000 0.000000 1.000000
vn 0.000000 0.000000 1.000000
vn 0.000000 0.000000 1.000000
vn 0.000000 0.000000 1.000000
vn 0.000000 0.000000 1.000000
vn 0.000000 0.000000 1.000000
vn 0.000000 0.000000 1.000000
vn 0.000000 0.000000 1.000000
vn 0.000000 0.000000 1.000000
vn 0.000000 0.000000 1.000000
vn 0.000000 0.000000 1.000000
vn 0.000000 0.000000 1.000000
vn 0.000000 0.000000 1.000000
vn 0.000000 0.000000 1.000000
vn 0.000000 0.000000 1.000000
vn 0.000000 0.000000 1.000000
vn 0.000000 0.000000 1.000000
vn 0.000000 0.000000 1.000000
vn 0.000000 0.000000 1.000000
vn 0.000000 0.000000 1.000000
vn 0.000000 0.000000 1.000000
vn 0.000000 0.000000 1.000000
vn 0.000000 0.000000 1.000000
vn 0.000000 0.000000 1.000000
vn 0.000000 0.000000 1.000000
vn 0.000000 0.000000 1.000000
vn 0.000000 0.000000 1.000000
vn 0.000000 0.000000 1.000000
vn 0.000000 0.000000 1.000000
vn 0.000000 0.000000 1.000000
vn 0.000000 0.000000 1.000000
vn 0.000000 0.000000 1.000000
vn 0.000000 0.000000 1.000000
vn 0.000000 0.000000 1.000000
vn 0.000000 0.000000 1.000000
vn 0.000000 0.000000 1.000000
vn 0.000000 0.000000 1.000000
vn 0.000000 0.000000 1.000000
vn 0.000000 0.000000 1.000000
vn 0.000000 0.000000 1.000000
vn 0.000000 0.000000 1.000000
vn 0.000000 0.000000 1.000000
vn 0.000000 0.000000 1.000000
vn 0.000000 0.000000 1.000000
vn 0.000000 0.000000 1.000000
vn 0.000000 0.000000 1.000000
vn 0.000000 0.000000 1.000000
vn 0.000000 0.000000 1.000000
vn 0.000000 0.000000 1.000000
vn 0.000000 0.000000 1.000000
vn 0.000000 0.000000 1.000000
vn 0.000000 0.000000 1.000000
vn 0.000000 0.000000 1.000000
vn 0.000000 0.000000 1.000000
vn 0.000000 0.000000 1.000000
vn 0.000000 0.000000 1.000000
vn 0.000000 0.000000 1.000000
vn 0.000000 0.000000 1.000000
vn 0.000000 0.000000 1.000000
vn 0.000000 0.000000 1.000000
vn 0.000000 0.000000 1.000000
vn 0.000000 0.000000 1.000000
vn 0.000000 0.000000 1.000000
vn 0.000000 0.000000 1.000000
vn 0.000000 0.000000 1.000000
vn 0.000000 0.000000 1.000000
vn 0.000000 0.000000 1.000000
vn 0.000000 0.000000 1.000000
vn 0.000000 0.000000 1.000000
vn 0.000000 0.000000 1.000000
vn 0.000000 0.000000 1.000000
vn 0.000000 0.000000 1.000000
vn 0.000000 0.000000 1.000000
vn 0.000000 0.000000 1.000000
vn 0.000000 0.000000 1.000000
vn 0.000000 0.000000 1.000000
vn 0.000000 0.000000 1.000000
vn 0.000000 0.000000 1.000000
vn 0.000000 0.000000 1.000000
vn 0.000000 0.000000 1.000000
vn 0.000000 0.000000 1.000000
vn 0.000000 0.000000 1.000000
vn 0.000000 0.000000 1.000000
vn 0.000000 0.000000 1.000000
vn 0.000000 0.000000 1.000000
vn 0.000000 0.000000 1.000000
vn 0.000000 0.000000 1.000000
vn 0.000000 0.000000 1.000000
vn 0.000000 0.000000 1.000000
vn 0.000000 0.000000 1.000000
vn 0.000000 0.000000 1.000000
vn 0.000000 0.000000 1.000000
vn 0.000000 0.000000 1.000000
vn 0.000000 0.000000 1.000000
vn 0.000000 0.000000 1.000000
vn 0.000000 0.000000 1.000000
vn 0.000000 0.000000 1.000000
vn 0.000000 0.000000 1.000000
vn 0.000000 0.000000 1.000000
vn 0.000000 0.000000 1.000000
vn 0.000000 0.000000 1.000000
vn 0.000000 0.000000 1.000000
vn 0.000000 0.000000 1.000000
vn 0.000000 0.000000 1.000000
vn 0.000000 0.000000 1.000000
vn 0.000000 0.000000 1.000000
vn 0.000000 0.000000 1.000000
vn 0.000000 0.000000 1.000000
vn 0.000000 0.000000 1.000000
vn 0.000000 0.000000 1.000000
vn 0.000000 0.000000 1.000000
vn 0.000000 0.000000 1.000000
vn 0.000000 0.000000 1.000000
vn 0.000000 0.000000 1.000000
vn 0.000000 0.000000 1.000000
vn 0.000000 0.000000 1.000000
vn 0.000000 0.000000 1.000000
vn 0.000000 0.000000 1.000000
vn 0.000000 0.000000 1.000000
vn 0.000000 0.000000 1.000000
vn 0.000000 0.000000 1.000000
vn 0.000000 0.000000 1.000000
vn 0.000000 0.000000 1.000000
vn 0.000000 0.000000 1.000000
vn 0.000000 0.000000 1.000000
vn 0.000000 0.000000 1.000000
vn 0.000000 0.000000 1.000000
vn 0.000000 0.000000 1.000000
vn 0.000000 0.000000 1.000000
vn 0.000000 0.000000 1.000000
vn 0.000000 0.000000 1.000000
vn 0.000000 0.000000 1.000000
vn 0.000000 0.000000 1.000000
vn 0.000000 0.000000 1.000000
vn 0.000000 0.000000 1.000000
vn 0.000000 0.000000 1.000000
vn 0.000000 0.000000 1.000000
vn 0.000000 0.000000 1.000000
vn 0.000000 0.000000 1.000000
vn 0.000000 0.000000 1.000000
vn 0.000000 0.000000 1.000000
vn 0.000000 0.000000 1.000000
vn 0.000000 0.000000 1.000000
vn 0.000000 0.000000 1.000000
vn 0.000000 0.000000 1.000000
vn 0.000000 0.000000 1.000000
vn 0.000000 0.000000 1.000000
vn 0.000000 0.000000 1.000000
vn 0.000000 0.000000 1.000000
vn 0.000000 0.000000 1.000000
vn 0.000000 0.000000 1.000000
vn 0.000000 0.000000 1.000000
vn 0.000000 0.000000 1.000000
vn 0.000000 0.000000 1.000000
vn -1.000000 0.000000 0.000000
vn -1.000000 -0.000000 0.000000
vn -0.998563 0.000000 -0.053591
vn -0.992709 -0.000952 -0.120536
vn -0.987149 -0.000248 -0.159801
vn -0.996689 -0.000000 -0.081303
vn -0.960952 0.000195 -0.276714
vn -0.935016 -0.000941 -0.354605
vn -0.916874 -0.000083 -0.399176
vn -0.992709 0.000847 -0.120536
vn -0.977630 -0.000101 -0.210332
vn -0.952572 0.000148 -0.304313
vn -0.862197 0.000064 -0.506573
vn -0.822983 -0.000923 -0.568065
vn -0.803559 -0.000337 -0.595225
vn -0.915693 0.000111 -0.401879
vn -0.935016 0.000954 -0.354605
vn -0.864183 -0.000089 -0.503178
vn -0.749320 0.000091 -0.662208
vn -0.704187 -0.000213 -0.710014
vn -0.663124 -0.000843 -0.748509
vn -0.670168 -0.001017 -0.742208
vn -0.651044 -0.000652 -0.759040
vn -0.464720 0.002244 -0.885455
vn -0.805520 0.000373 -0.592569
vn -0.751054 -0.000092 -0.660240
vn -0.705528 0.000197 -0.708683
vn -0.822983 0.000915 -0.568065
vn -0.671054 0.001036 -0.741408
vn -0.651614 0.000662 -0.758550
vn -0.663124 0.000837 -0.748509
vn -0.239319 -0.000000 -0.970941
vn -0.511989 0.000000 -0.858992
vn -0.464719 -0.002246 -0.885455
vn -0.239319 0.000000 -0.970941
vn -0.000000 0.000000 -1.000000
vn 0.000000 0.000000 -1.000000
vn 0.239319 0.000000 -0.970941
vn 0.239319 0.000000 -0.970941
vn 0.464721 0.000000 -0.885457
vn 0.464721 0.000000 -0.885457
vn 0.663124 0.000000 -0.748509
vn 0.663124 0.000000 -0.748509
vn 0.822984 0.000000 -0.568065
vn 0.822984 0.000000 -0.568065
vn 0.935016 0.000000 -0.354605
vn 0.992709 0.000000 -0.120536
vn 0.935016 0.000000 -0.354605
vn 0.992709 0.000000 -0.120536
vn 0.992709 0.000000 0.120536
vn 0.992709 -0.000000 0.120536
vn 0.935016 0.000000 0.354605
vn 0.822984 0.000000 0.568065
vn 0.935016 -0.000000 0.354605
vn 0.822984 0.000000 0.568065
vn 0.663122 -0.000000 0.748511
vn 0.663122 0.000000 0.748511
vn 0.464723 -0.000000 0.885456
vn 0.464723 0.000000 0.885456
vn 0.239316 -0.000000 0.970942
vn 0.239316 0.000000 0.970942
vn 0.000000 0.000000 1.000000
vn -0.000000 0.000000 1.000000
vn -0.239316 0.000000 0.970942
vn -0.239316 0.000000 0.970942
vn -0.511991 0.000000 0.858991
vn -0.464722 0.002246 0.885454
vn -0.651660 -0.000663 0.758511
vn -0.671091 -0.001037 0.741374
vn -0.663122 -0.000837 0.748511
vn -0.705614 -0.000196 0.708596
vn -0.464722 -0.002244 0.885454
vn -0.650946 0.000651 0.759124
vn -0.670137 0.001017 0.742237
vn -0.751160 0.000092 0.660120
vn -0.805638 -0.000375 0.592408
vn -0.822983 -0.000914 0.568065
vn -0.864303 0.000091 0.502971
vn -0.663122 0.000843 0.748511
vn -0.704083 0.000214 0.710118
vn -0.749207 -0.000091 0.662336
vn -0.803427 0.000335 0.595404
vn -0.915796 -0.000113 0.401644
vn -0.935016 -0.000954 0.354605
vn -0.952633 -0.000147 0.304124
vn -0.822983 0.000923 0.568065
vn -0.862060 -0.000062 0.506807
vn -0.916756 0.000080 0.399448
vn -0.977644 0.000100 0.210267
vn -0.992709 -0.000847 0.120536
vn -0.996690 0.000000 0.081299
vn -0.935016 0.000942 0.354605
vn -0.960865 -0.000193 0.277017
vn -0.987111 0.000245 0.160036
vn -0.992709 0.000952 0.120536
vn -0.998559 0.000000 0.053674
vn -0.992709 -0.000000 -0.120536
vn -0.992709 0.000000 -0.120536
vn -0.935016 -0.000000 -0.354605
vn -0.935016 0.000000 -0.354605
vn -0.822984 -0.000000 -0.568065
vn -0.822984 0.000000 -0.568065
vn -0.464721 -0.000655 -0.885457
vn -0.397032 -0.000111 -0.917805
vn -0.663124 0.000000 -0.748509
vn -0.663124 0.000000 -0.748509
vn -0.491518 -0.000000 -0.870867
vn -0.239319 -0.000734 -0.970941
vn -0.336858 0.000117 -0.941555
vn -0.218094 -0.000248 -0.975928
vn -0.464721 0.000655 -0.885457
vn -0.397032 0.000111 -0.917805
vn -0.336858 -0.000117 -0.941555
vn -0.090594 0.000115 -0.995888
vn -0.000000 -0.000865 -1.000000
vn 0.051344 0.000225 -0.998681
vn -0.239319 0.000734 -0.970941
vn -0.218094 0.000248 -0.975928
vn -0.090594 -0.000115 -0.995888
vn 0.239319 -0.000652 -0.970941
vn 0.225135 -0.000270 -0.974328
vn 0.000000 0.000865 -1.000000
vn 0.051344 -0.000225 -0.998681
vn 0.225143 0.000270 -0.974326
vn 0.464720 -0.001006 -0.885457
vn 0.387704 0.000412 -0.921784
vn 0.523678 0.000125 -0.851916
vn 0.239319 0.000652 -0.970941
vn 0.387704 -0.000412 -0.921784
vn 0.663124 -0.000981 -0.748509
vn 0.630813 -0.000146 -0.775935
vn 0.464720 0.001006 -0.885457
vn 0.523668 -0.000125 -0.851923
vn 0.630816 0.000146 -0.775932
vn 0.822983 -0.000794 -0.568065
vn 0.736817 0.000447 -0.676092
vn 0.841084 0.000008 -0.540904
vn 0.736817 -0.000447 -0.676092
vn 0.663124 0.000981 -0.748509
vn 0.922320 -0.000007 -0.386428
vn 0.935016 -0.000826 -0.354605
vn 0.822983 0.000794 -0.568065
vn 0.841084 -0.000008 -0.540904
vn 0.922320 0.000007 -0.386428
vn 0.974425 0.000475 -0.224711
vn 0.992709 -0.000978 -0.120536
vn 0.997362 -0.000028 -0.072583
vn 0.935016 0.000826 -0.354605
vn 0.974425 -0.000475 -0.224711
vn 0.996753 0.000032 0.080520
vn 0.992709 -0.000881 0.120536
vn 0.992709 0.000978 -0.120536
vn 0.997362 0.000028 -0.072583
vn 0.996753 -0.000032 0.080520
vn 0.966624 0.000604 0.256200
vn 0.935016 -0.001006 0.354605
vn 0.910009 0.000158 0.414588
vn 0.992709 0.000881 0.120536
vn 0.966624 -0.000604 0.256200
vn 0.822983 -0.000861 0.568065
vn 0.838705 -0.000204 0.544586
vn 0.910009 -0.000158 0.414588
vn 0.838707 0.000204 0.544583
vn 0.935016 0.001006 0.354605
vn 0.663124 -0.000904 0.748509
vn 0.746111 0.000418 0.665821
vn 0.631943 0.000006 0.775015
vn 0.746109 -0.000418 0.665824
vn 0.822983 0.000861 0.568065
vn 0.464723 -0.000875 0.885456
vn 0.498395 -0.000006 0.866950
vn 0.631943 -0.000006 0.775015
vn 0.498395 0.000006 0.866950
vn 0.663124 0.000904 0.748509
vn 0.239316 -0.000897 0.970941
vn 0.352306 0.000439 0.935885
vn 0.204270 -0.000116 0.978915
vn 0.352306 -0.000439 0.935885
vn 0.464723 0.000875 0.885456
vn 0.000000 -0.000973 0.999999
vn 0.066257 0.000088 0.997802
vn -0.055555 -0.000072 0.998456
vn 0.204270 0.000116 0.978915
vn 0.066257 -0.000088 0.997802
vn 0.239316 0.000897 0.970941
vn -0.239316 -0.000935 0.970941
vn -0.172184 0.000067 0.985065
vn -0.281942 -0.000208 0.959431
vn -0.055562 0.000072 0.998455
vn -0.172178 -0.000067 0.985066
vn -0.000000 0.000973 0.999999
vn -0.359716 0.000061 0.933062
vn -0.398277 -0.000130 0.917265
vn -0.464723 -0.000619 0.885456
vn -0.433015 -0.001416 0.901386
vn -0.239316 0.000935 0.970941
vn -0.281942 0.000208 0.959431
vn -0.359726 -0.000061 0.933058
vn -0.398239 0.000130 0.917282
vn -0.491518 0.000000 0.870867
vn -0.433015 0.001416 0.901386
vn -0.464723 0.000619 0.885456
vn -0.663124 0.000000 0.748509
vn -0.663124 0.000000 0.748509
vn -0.822984 0.000000 0.568065
vn -0.822984 0.000000 0.568065
vn -0.935016 0.000000 0.354605
vn -0.935016 0.000000 0.354605
vn -0.992709 0.000000 0.120536
vn -0.992709 0.000000 0.120536
vn -0.992709 -0.000000 -0.120536
vn -0.935016 -0.000000 -0.354605
vn -0.992709 0.000000 -0.120536
vn -0.822984 -0.000000 -0.568064
vn -0.935016 0.000000 -0.354605
vn -0.822984 0.000000 -0.568064
vn -0.663122 0.000000 -0.748511
vn -0.663122 0.000000 -0.748511
vn -0.464723 0.000000 -0.885456
vn -0.239316 -0.000000 -0.970942
vn -0.464723 0.000000 -0.885456
vn -0.000000 -0.000000 -1.000000
vn -0.239316 0.000000 -0.970942
vn 0.000000 0.000000 -1.000000
vn 0.239316 0.000000 -0.970942
vn 0.464723 0.000000 -0.885456
vn 0.239316 0.000000 -0.970942
vn 0.464723 0.000000 -0.885456
vn 0.663122 0.000000 -0.748511
vn 0.822984 0.000000 -0.568064
vn 0.663122 0.000000 -0.748511
vn 0.822984 0.000000 -0.568064
vn 0.935016 0.000000 -0.354605
vn 0.935016 0.000000 -0.354605
vn 0.992709 0.000000 -0.120536
vn 0.992709 0.000000 -0.120536
vn 0.992709 -0.000000 0.120536
vn 0.992709 0.000000 0.120536
vn 0.935016 -0.000000 0.354605
vn 0.935016 0.000000 0.354605
vn 0.822984 -0.000000 0.568065
vn 0.822984 0.000000 0.568065
vn 0.663123 -0.000000 0.748511
vn 0.663123 0.000000 0.748511
vn 0.464723 -0.000000 0.885456
vn 0.464723 0.000000 0.885456
vn 0.239316 -0.000000 0.970942
vn 0.239316 0.000000 0.970942
vn 0.000000 0.000000 1.000000
vn -0.000000 0.000000 1.000000
vn -0.239316 0.000000 0.970942
vn -0.239316 0.000000 0.970942
vn -0.464723 0.000000 0.885456
vn -0.464723 0.000000 0.885456
vn -0.663123 0.000000 0.748511
vn -0.663123 0.000000 0.748511
vn -0.822984 0.000000 0.568065
vn -0.935016 0.000000 0.354605
vn -0.822984 0.000000 0.568065
vn -0.935016 0.000000 0.354605
vn -0.992709 0.000000 0.120536
vn -0.992709 0.000000 0.120536
vn -0.992709 -0.000000 -0.120536
vn -0.935016 -0.000000 -0.354605
vn -0.992709 0.000000 -0.120536
vn -0.822984 -0.000000 -0.568065
vn -0.935016 0.000000 -0.354605
vn -0.822984 0.000000 -0.568065
vn -0.663123 0.000000 -0.748510
vn -0.663123 0.000000 -0.748510
vn -0.464723 0.000000 -0.885456
vn -0.239316 -0.000000 -0.970942
vn -0.464723 0.000000 -0.885456
vn -0.000000 -0.000000 -1.000000
vn -0.239316 0.000000 -0.970942
vn 0.000000 0.000000 -1.000000
vn 0.239316 0.000000 -0.970942
vn 0.464723 0.000000 -0.885456
vn 0.239316 0.000000 -0.970942
vn 0.464723 0.000000 -0.885456
vn 0.663123 0.000000 -0.748510
vn 0.822984 0.000000 -0.568065
vn 0.663123 0.000000 -0.748510
vn 0.822984 0.000000 -0.568065
vn 0.935016 0.000000 -0.354605
vn 0.935016 0.000000 -0.354605
vn 0.992709 0.000000 -0.120536
vn 0.992709 0.000000 -0.120536
vn 0.992709 -0.000000 0.120536
vn 0.992709 0.000000 0.120536
vn 0.935016 -0.000000 0.354605
vn 0.935016 0.000000 0.354605
vn 0.822984 -0.000000 0.568065
vn 0.822984 0.000000 0.568065
vn 0.663123 -0.000000 0.748511
vn 0.663123 0.000000 0.748511
vn 0.464723 -0.000000 0.885456
vn 0.464723 0.000000 0.885456
vn 0.239316 -0.000000 0.970942
vn 0.239316 0.000000 0.970942
vn 0.000000 0.000000 1.000000
vn -0.000000 0.000000 1.000000
vn -0.239316 0.000000 0.970942
vn -0.239316 0.000000 0.970942
vn -0.464723 0.000000 0.885456
vn -0.464723 0.000000 0.885456
vn -0.663123 0.000000 0.748511
vn -0.663123 0.000000 0.748511
vn -0.822984 0.000000 0.568065
vn -0.935016 0.000000 0.354605
vn -0.822984 0.000000 0.568065
vn -0.935016 0.000000 0.354605
vn -0.992709 0.000000 0.120536
vn -0.992709 0.000000 0.120536
vn -0.996757 -0.080466 -0.000000
vn -0.996757 -0.080466 0.000000
vn -0.970942 -0.239316 0.000000
vn -0.919979 -0.391967 0.000000
vn -0.970942 -0.239316 -0.000000
vn -0.919979 -0.391967 0.000000
vn -0.845190 -0.534466 0.000000
vn -0.845190 -0.534466 -0.000000
vn -0.748511 -0.663123 -0.000000
vn -0.748511 -0.663123 0.000000
vn -0.632445 -0.774605 -0.000000
vn -0.632445 -0.774605 0.000000
vn -0.500000 -0.866025 -0.000000
vn -0.500000 -0.866025 0.000000
vn -0.354605 -0.935016 -0.000000
vn -0.354605 -0.935016 0.000000
vn -0.200026 -0.979791 -0.000000
vn -0.200026 -0.979791 0.000000
vn -0.040266 -0.999189 -0.000000
vn -0.040266 -0.999189 0.000000
vn 0.120537 -0.992709 0.000000
vn 0.120537 -0.992709 0.000000
vn 0.278218 -0.960518 0.000000
vn 0.278218 -0.960518 0.000000
vn 0.428693 -0.903450 0.000000
vn 0.428693 -0.903450 0.000000
vn 0.568065 -0.822984 0.000000
vn 0.568065 -0.822984 0.000000
vn 0.692724 -0.721202 0.000000
vn 0.692724 -0.721202 0.000000
vn 0.799443 -0.600742 0.000000
vn 0.799443 -0.600742 0.000000
vn 0.885456 -0.464723 0.000000
vn 0.885456 -0.464723 0.000000
vn 0.948536 -0.316668 0.000000
vn 0.948536 -0.316668 0.000000
vn 0.987050 -0.160411 0.000000
vn 0.987050 -0.160411 0.000000
vn 1.000000 0.000000 0.000000
vn 1.000000 0.000000 0.000000
vn 0.987050 0.160411 0.000000
vn 0.987050 0.160411 0.000000
vn 0.948536 0.316668 0.000000
vn 0.948536 0.316668 0.000000
vn 0.885456 0.464723 0.000000
vn 0.885456 0.464723 0.000000
vn 0.799443 0.600742 0.000000
vn 0.799443 0.600742 0.000000
vn 0.692724 0.721202 0.000000
vn 0.692724 0.721202 0.000000
vn 0.568065 0.822984 0.000000
vn 0.568065 0.822984 0.000000
vn 0.428693 0.903450 0.000000
vn 0.428693 0.903450 0.000000
vn 0.278218 0.960518 0.000000
vn 0.278218 0.960518 0.000000
vn 0.120537 0.992709 0.000000
vn 0.120537 0.992709 0.000000
vn -0.040266 0.999189 0.000000
vn -0.040266 0.999189 0.000000
vn -0.200026 0.979791 0.000000
vn -0.200026 0.979791 0.000000
vn -0.354605 0.935016 0.000000
vn -0.354605 0.935016 0.000000
vn -0.500000 0.866025 0.000000
vn -0.500000 0.866025 0.000000
vn -0.632445 0.774605 0.000000
vn -0.632445 0.774605 0.000000
vn -0.748511 0.663123 0.000000
vn -0.748511 0.663123 0.000000
vn -0.845190 0.534466 0.000000
vn -0.845190 0.534466 0.000000
vn -0.919979 0.391967 0.000000
vn -0.919979 0.391967 0.000000
vn -0.970942 0.239316 0.000000
vn -0.970942 0.239316 0.000000
vn -0.996757 0.080466 0.000000
vn -0.996757 0.080466 0.000000
vn -0.992709 -0.120536 0.000000
vn -0.992709 -0.120536 0.000000
vn -0.935016 -0.354606 0.000000
vn -0.822984 -0.568064 0.000000
vn -0.935016 -0.354606 0.000000
vn -0.822984 -0.568064 0.000000
vn -0.663123 -0.748511 0.000000
vn -0.464723 -0.885456 0.000000
vn -0.663123 -0.748511 0.000000
vn -0.239316 -0.970942 0.000000
vn -0.464723 -0.885456 0.000000
vn -0.239316 -0.970942 0.000000
vn 0.000000 -1.000000 0.000000
vn 0.000000 -1.000000 0.000000
vn 0.239317 -0.970942 0.000000
vn 0.239317 -0.970942 0.000000
vn 0.464722 -0.885457 0.000000
vn 0.663123 -0.748511 0.000000
vn 0.464722 -0.885457 0.000000
vn 0.663123 -0.748511 0.000000
vn 0.822984 -0.568064 0.000000
vn 0.822984 -0.568064 0.000000
vn 0.935016 -0.354606 0.000000
vn 0.935016 -0.354606 0.000000
vn 0.992709 -0.120535 0.000000
vn 0.992709 -0.120535 0.000000
vn 0.992709 0.120535 0.000000
vn 0.992709 0.120535 -0.000000
vn 0.935016 0.354606 -0.000000
vn 0.935016 0.354606 0.000000
vn 0.822985 0.568063 -0.000000
vn 0.663121 0.748512 -0.000000
vn 0.822985 0.568063 -0.000000
vn 0.663121 0.748512 -0.000000
vn 0.464723 0.885456 -0.000000
vn 0.464723 0.885456 0.000000
vn 0.239317 0.970942 -0.000000
vn 0.000000 1.000000 0.000000
vn 0.239317 0.970942 0.000000
vn 0.000000 1.000000 -0.000000
vn -0.239316 0.970942 0.000000
vn -0.239316 0.970942 0.000000
vn -0.464724 0.885456 0.000000
vn -0.464724 0.885456 0.000000
vn -0.663121 0.748512 0.000000
vn -0.663121 0.748512 0.000000
vn -0.822985 0.568063 0.000000
vn -0.822985 0.568063 0.000000
vn -0.935016 0.354606 0.000000
vn -0.992709 0.120536 0.000000
vn -0.935016 0.354606 0.000000
vn -0.992709 0.120536 0.000000
vn -0.992709 -0.120536 0.000000
vn -0.992709 -0.120536 0.000000
vn -0.935016 -0.354606 0.000000
vn -0.822984 -0.568064 0.000000
vn -0.935016 -0.354606 0.000000
vn -0.822984 -0.568064 0.000000
vn -0.663123 -0.748511 0.000000
vn -0.464723 -0.885456 0.000000
vn -0.663123 -0.748511 0.000000
vn -0.239316 -0.970942 0.000000
vn -0.464723 -0.885456 0.000000
vn -0.239316 -0.970942 0.000000
vn 0.000000 -1.000000 0.000000
vn 0.000000 -1.000000 0.000000
vn 0.239316 -0.970942 0.000000
vn 0.239316 -0.970942 0.000000
vn 0.464723 -0.885456 0.000000
vn 0.663123 -0.748511 0.000000
vn 0.464723 -0.885456 0.000000
vn 0.663123 -0.748511 0.000000
vn 0.822984 -0.568064 0.000000
vn 0.822984 -0.568064 0.000000
vn 0.935016 -0.354605 0.000000
vn 0.935016 -0.354605 0.000000
vn 0.992709 -0.120536 0.000000
vn 0.992709 -0.120536 0.000000
vn 0.992709 0.120536 0.000000
vn 0.992709 0.120536 -0.000000
vn 0.935017 0.354604 -0.000000
vn 0.935017 0.354604 0.000000
vn 0.822984 0.568065 -0.000000
vn 0.663123 0.748511 -0.000000
vn 0.822984 0.568065 -0.000000
vn 0.663123 0.748511 -0.000000
vn 0.464724 0.885456 -0.000000
vn 0.464724 0.885456 0.000000
vn 0.239314 0.970942 -0.000000
vn 0.000000 1.000000 0.000000
vn 0.239314 0.970942 0.000000
vn 0.000000 1.000000 -0.000000
vn -0.239314 0.970942 0.000000
vn -0.239314 0.970942 0.000000
vn -0.464724 0.885456 0.000000
vn -0.464724 0.885456 0.000000
vn -0.663123 0.748511 0.000000
vn -0.663123 0.748511 0.000000
vn -0.822984 0.568065 0.000000
vn -0.822984 0.568065 0.000000
vn -0.935016 0.354605 0.000000
vn -0.992709 0.120536 0.000000
vn -0.935016 0.354605 0.000000
vn -0.992709 0.120536 0.000000
vn -0.992709 -0.120536 0.000000
vn -0.992709 -0.120536 0.000000
vn -0.935016 -0.354605 0.000000
vn -0.822984 -0.568064 0.000000
vn -0.935016 -0.354605 0.000000
vn -0.822984 -0.568064 0.000000
vn -0.663123 -0.748511 0.000000
vn -0.464722 -0.885457 0.000000
vn -0.663123 -0.748511 0.000000
vn -0.239316 -0.970942 0.000000
vn -0.464722 -0.885457 0.000000
vn -0.239316 -0.970942 0.000000
vn 0.000000 -1.000000 0.000000
vn 0.000000 -1.000000 0.000000
vn 0.239316 -0.970942 0.000000
vn 0.239316 -0.970942 0.000000
vn 0.663122 -0.748510 -0.001530
vn 0.683203 -0.730221 -0.003281
vn 0.722676 -0.691187 -0.000228
vn 0.746121 -0.665811 0.000091
vn 0.822980 -0.568064 -0.002475
vn 0.782419 -0.622753 -0.000296
vn 0.464723 -0.885456 0.000000
vn 0.464723 -0.885456 0.000000
vn 0.642572 -0.766225 0.000000
vn 0.700225 -0.713917 0.002779
vn 0.827151 -0.561975 -0.002055
vn 0.876987 -0.480514 0.000421
vn 0.663123 -0.748510 0.000764
vn 0.731002 -0.682376 0.000051
vn 0.751991 -0.659173 -0.000031
vn 0.782982 -0.622045 0.000200
vn 0.825715 -0.564085 0.001445
vn 0.935013 -0.354602 -0.002814
vn 0.922093 -0.386967 -0.000870
vn 0.959435 -0.281930 0.000252
vn 0.822982 -0.568066 0.001274
vn 0.875179 -0.483800 -0.000213
vn 0.920639 -0.390415 0.000406
vn 0.992704 -0.120537 -0.002942
vn 0.985305 -0.170804 -0.000319
vn 0.998433 -0.055960 0.000046
vn 0.958254 -0.285919 -0.000094
vn 0.984586 -0.174903 0.000110
vn 0.935016 -0.354603 0.001536
vn 0.992704 0.120537 -0.002949
vn 0.998203 0.059931 -0.000048
vn 0.984627 0.174671 -0.000211
vn 0.935013 0.354602 -0.002840
vn 0.958330 0.285665 0.000179
vn 0.992707 -0.120538 0.001580
vn 0.998188 -0.060179 0.000029
vn 0.998447 0.055705 -0.000028
vn 0.920668 0.390345 -0.000751
vn 0.875335 0.483517 0.000392
vn 0.822981 0.568065 -0.002306
vn 0.992707 0.120538 0.001575
vn 0.985353 0.170525 0.000175
vn 0.959498 0.281716 -0.000138
vn 0.825207 0.564825 -0.002559
vn 0.782932 0.622107 -0.000353
vn 0.752082 0.659070 0.000055
vn 0.730939 0.682443 -0.000090
vn 0.714599 0.699535 -0.000397
vn 0.663122 0.748510 -0.001640
vn 0.935016 0.354603 0.001520
vn 0.922255 0.386581 0.000480
vn 0.877040 0.480418 -0.000232
vn 0.827770 0.561067 0.001115
vn 0.822982 0.568065 0.001384
vn 0.782630 0.622487 0.000170
vn 0.746135 0.665795 -0.000052
vn 0.723013 0.690834 0.000129
vn 0.642572 0.766225 -0.000000
vn 0.663123 0.748510 0.000893
vn 0.691912 0.721977 0.002366
vn 0.464723 0.885456 -0.000000
vn 0.464723 0.885456 0.000000
vn 0.239316 0.970942 -0.000000
vn 0.000000 1.000000 0.000000
vn 0.239316 0.970942 0.000000
vn 0.000000 1.000000 -0.000000
vn -0.239316 0.970942 0.000000
vn -0.239316 0.970942 0.000000
vn -0.464722 0.885457 0.000000
vn -0.464722 0.885457 0.000000
vn -0.663123 0.748511 0.000000
vn -0.663123 0.748511 0.000000
vn -0.822984 0.568064 0.000000
vn -0.822984 0.568064 0.000000
vn -0.935016 0.354605 0.000000
vn -0.992709 0.120536 0.000000
vn -0.935016 0.354605 0.000000
vn -0.992709 0.120536 0.000000
vn -0.992709 -0.120536 0.000000
vn -0.992709 -0.120536 0.000000
vn -0.935016 -0.354606 0.000000
vn -0.822984 -0.568064 0.000000
vn -0.935016 -0.354606 0.000000
vn -0.822984 -0.568064 0.000000
vn -0.663123 -0.748511 0.000000
vn -0.464724 -0.885456 0.000000
vn -0.663123 -0.748511 0.000000
vn -0.239314 -0.970942 0.000000
vn -0.464724 -0.885456 0.000000
vn -0.239314 -0.970942 0.000000
vn 0.000000 -1.000000 0.000000
vn 0.000000 -1.000000 0.000000
vn 0.239314 -0.970942 0.000000
vn 0.239314 -0.970942 0.000000
vn 0.464723 -0.885456 0.000000
vn 0.663123 -0.748511 0.000000
vn 0.464723 -0.885456 0.000000
vn 0.663123 -0.748511 0.000000
vn 0.822984 -0.568064 0.000000
vn 0.822984 -0.568064 0.000000
vn 0.935016 -0.354606 0.000000
vn 0.935016 -0.354606 0.000000
vn 0.992709 -0.120535 0.000000
vn 0.992709 -0.120535 0.000000
vn 0.992709 0.120535 0.000000
vn 0.992709 0.120535 -0.000000
vn 0.935016 0.354606 -0.000000
vn 0.935016 0.354606 0.000000
vn 0.822984 0.568064 -0.000000
vn 0.663123 0.748511 -0.000000
vn 0.822984 0.568064 -0.000000
vn 0.663123 0.748511 -0.000000
vn 0.464722 0.885457 -0.000000
vn 0.464722 0.885457 0.000000
vn 0.239317 0.970942 -0.000000
vn 0.000000 1.000000 0.000000
vn 0.239317 0.970942 0.000000
vn 0.000000 1.000000 -0.000000
vn -0.239316 0.970942 0.000000
vn -0.239316 0.970942 0.000000
vn -0.464723 0.885456 0.000000
vn -0.464723 0.885456 0.000000
vn -0.663123 0.748511 0.000000
vn -0.663123 0.748511 0.000000
vn -0.822984 0.568064 0.000000
vn -0.822984 0.568064 0.000000
vn -0.935016 0.354606 0.000000
vn -0.992709 0.120536 0.000000
vn -0.935016 0.354606 0.000000
vn -0.992709 0.120536 0.000000
vn -0.993802 -0.111164 0.000000
vn -0.992708 -0.120538 -0.000971
vn -0.998874 -0.047433 0.000000
vn -0.935015 -0.354603 -0.001682
vn -0.944152 -0.329509 0.000903
vn -0.961135 -0.276078 -0.000712
vn -0.989880 -0.141905 0.000818
vn -0.992708 -0.120538 0.001499
vn -0.822983 -0.568063 -0.001993
vn -0.844103 -0.536179 0.001626
vn -0.734439 -0.678674 0.000841
vn -0.663119 -0.748507 -0.003152
vn -0.895560 -0.444940 -0.000859
vn -0.935015 -0.354603 0.001574
vn -0.617933 -0.786230 0.001268
vn -0.705228 -0.708981 -0.000043
vn -0.803694 -0.595043 0.000057
vn -0.822984 -0.568064 0.001299
vn -0.464721 -0.885454 -0.002246
vn -0.471668 -0.881775 -0.001543
vn -0.336910 -0.941536 0.001033
vn -0.239315 -0.970937 -0.003091
vn -0.488820 -0.872385 0.000427
vn -0.603905 -0.797056 -0.000296
vn -0.663122 -0.748510 0.001588
vn -0.221372 -0.975188 -0.001807
vn -0.133282 -0.991078 0.000340
vn -0.365974 -0.930625 -0.000469
vn -0.464722 -0.885456 0.001395
vn 0.000000 -0.999995 -0.003014
vn -0.044801 -0.998996 -0.000767
vn 0.042083 -0.999114 -0.000925
vn 0.108002 -0.994151 0.000118
vn 0.152238 -0.988344 -0.000140
vn 0.239316 -0.970941 -0.001633
vn 0.215588 -0.976479 -0.003313
vn -0.037088 -0.999312 0.000531
vn -0.133007 -0.991115 -0.000272
vn -0.243355 -0.969936 0.001269
vn -0.239316 -0.970941 0.001102
vn 0.144455 -0.989511 0.000016
vn 0.098771 -0.995110 -0.000017
vn 0.040279 -0.999188 0.000538
vn 0.000000 -0.999999 0.001486
vn 0.198786 -0.980040 0.002383
vn 0.239316 -0.970941 0.000832
vn 0.266354 -0.963875 0.000000
vn 0.464722 -0.885457 0.000000
vn 0.464722 -0.885457 0.000000
vn 0.663123 -0.748510 0.000000
vn 0.663123 -0.748510 0.000000
vn 0.822984 -0.568065 0.000000
vn 0.822984 -0.568065 0.000000
vn 0.935016 -0.354605 0.000000
vn 0.935016 -0.354605 0.000000
vn 0.992709 -0.120536 0.000000
vn 0.992709 -0.120536 0.000000
vn 0.992709 0.120536 -0.000000
vn 0.992709 0.120536 0.000000
vn 0.935016 0.354605 -0.000000
vn 0.822984 0.568065 -0.000000
vn 0.935016 0.354605 0.000000
vn 0.663123 0.748510 -0.000000
vn 0.822984 0.568065 -0.000000
vn 0.663123 0.748510 -0.000000
vn 0.239316 0.970940 -0.001633
vn 0.215589 0.976479 -0.003313
vn 0.152238 0.988344 -0.000140
vn 0.108002 0.994151 0.000118
vn 0.464722 0.885457 -0.000000
vn 0.198786 0.980040 0.002383
vn 0.464722 0.885457 0.000000
vn 0.266354 0.963875 -0.000000
vn 0.000000 0.999995 -0.003014
vn 0.042083 0.999114 -0.000925
vn -0.044801 0.998996 -0.000767
vn -0.133282 0.991078 0.000340
vn 0.144455 0.989511 0.000016
vn 0.098771 0.995110 -0.000017
vn 0.040280 0.999188 0.000538
vn 0.239316 0.970941 0.000832
vn -0.239315 0.970937 -0.003091
vn -0.221370 0.975188 -0.001807
vn -0.336911 0.941536 0.001033
vn -0.464721 0.885454 -0.002246
vn -0.037088 0.999312 0.000531
vn -0.133007 0.991115 -0.000272
vn -0.243355 0.969936 0.001269
vn 0.000000 0.999999 0.001486
vn -0.471667 0.881775 -0.001543
vn -0.365975 0.930625 -0.000469
vn -0.239316 0.970941 0.001102
vn -0.617933 0.786230 0.001268
vn -0.663119 0.748507 -0.003152
vn -0.734439 0.678674 0.000841
vn -0.822983 0.568063 -0.001993
vn -0.464722 0.885456 0.001395
vn -0.488820 0.872385 0.000427
vn -0.603906 0.797056 -0.000296
vn -0.844103 0.536179 0.001626
vn -0.935015 0.354603 -0.001682
vn -0.663122 0.748510 0.001588
vn -0.705228 0.708981 -0.000043
vn -0.803694 0.595042 0.000057
vn -0.944152 0.329509 0.000903
vn -0.992708 0.120538 -0.000971
vn -0.822984 0.568064 0.001299
vn -0.895560 0.444939 -0.000859
vn -0.993802 0.111164 0.000000
vn -0.935015 0.354603 0.001574
vn -0.961135 0.276077 -0.000712
vn -0.989880 0.141906 0.000818
vn -0.992708 0.120538 0.001499
vn -0.998874 0.047434 0.000000
vn -0.992709 -0.120536 0.000000
vn -0.992709 -0.120536 0.000000
vn -0.935016 -0.354606 0.000000
vn -0.822984 -0.568064 0.000000
vn -0.935016 -0.354606 0.000000
vn -0.822984 -0.568064 0.000000
vn -0.663123 -0.748511 0.000000
vn -0.464723 -0.885456 0.000000
vn -0.663123 -0.748511 0.000000
vn -0.239316 -0.970942 0.000000
vn -0.464723 -0.885456 0.000000
vn -0.239316 -0.970942 0.000000
vn 0.000000 -1.000000 0.000000
vn 0.000000 -1.000000 0.000000
vn 0.239316 -0.970942 0.000000
vn 0.239316 -0.970942 0.000000
vn 0.464723 -0.885456 0.000000
vn 0.663123 -0.748511 0.000000
vn 0.464723 -0.885456 0.000000
vn 0.663123 -0.748511 0.000000
vn 0.822984 -0.568064 0.000000
vn 0.822984 -0.568064 0.000000
vn 0.935016 -0.354605 0.000000
vn 0.935016 -0.354605 0.000000
vn 0.992709 -0.120536 0.000000
vn 0.992709 -0.120536 0.000000
vn 0.992709 0.120536 0.000000
vn 0.992709 0.120536 -0.000000
vn 0.935016 0.354605 -0.000000
vn 0.935016 0.354605 0.000000
vn 0.822984 0.568064 -0.000000
vn 0.663123 0.748511 -0.000000
vn 0.822984 0.568064 -0.000000
vn 0.663123 0.748511 -0.000000
vn 0.464723 0.885456 -0.000000
vn 0.464723 0.885456 0.000000
vn 0.239316 0.970942 -0.000000
vn 0.000000 1.000000 0.000000
vn 0.239316 0.970942 0.000000
vn 0.000000 1.000000 -0.000000
vn -0.239316 0.970942 0.000000
vn -0.239316 0.970942 0.000000
vn -0.464723 0.885456 0.000000
vn -0.464723 0.885456 0.000000
vn -0.663123 0.748511 0.000000
vn -0.663123 0.748511 0.000000
vn -0.822984 0.568064 0.000000
vn -0.822984 0.568064 0.000000
vn -0.935016 0.354606 0.000000
vn -0.992709 0.120536 0.000000
vn -0.935016 0.354606 0.000000
vn -0.992709 0.120536 0.000000
vn -0.514034 -0.062415 0.855496
vn -0.514034 0.062415 0.855496
vn -0.484160 -0.183618 0.855496
vn -0.426149 -0.294149 0.855496
vn -0.479448 -0.118173 0.869577
vn -0.343371 -0.387586 0.855496
vn -0.240638 -0.458498 0.855496
vn -0.369612 -0.327448 0.869577
vn -0.510938 -0.125935 0.850343
vn -0.510938 -0.125935 0.850343
vn -0.510938 -0.125935 0.850343
vn -0.123920 -0.502763 0.855496
vn 0.000000 -0.517809 0.855496
vn -0.175103 -0.461708 0.869577
vn -0.393888 -0.348954 0.850343
vn -0.393888 -0.348954 0.850343
vn -0.393888 -0.348954 0.850343
vn 0.123921 -0.502763 0.855496
vn 0.240637 -0.458498 0.855496
vn 0.059521 -0.490197 0.869577
vn -0.186603 -0.492033 0.850343
vn -0.186603 -0.492033 0.850343
vn -0.186603 -0.492033 0.850343
vn 0.343371 -0.387586 0.855496
vn 0.426149 -0.294149 0.855496
vn 0.280509 -0.406387 0.869577
vn 0.298932 -0.433078 0.850343
vn 0.063430 -0.522392 0.850343
vn 0.063430 -0.522392 0.850343
vn 0.063430 -0.522392 0.850343
vn 0.484160 -0.183618 0.855496
vn 0.514033 -0.062414 0.855496
vn 0.437236 -0.229478 0.869577
vn 0.298932 -0.433077 0.850343
vn 0.298932 -0.433077 0.850343
vn 0.514033 0.062414 0.855496
vn 0.484159 0.183618 0.855496
vn 0.493797 -0.000000 0.869577
vn 0.465952 -0.244551 0.850343
vn 0.465953 -0.244551 0.850343
vn 0.526229 0.000000 0.850343
vn 0.465953 -0.244550 0.850343
vn 0.426149 0.294149 0.855496
vn 0.343370 0.387586 0.855496
vn 0.437236 0.229478 0.869577
vn 0.526229 -0.000000 0.850343
vn 0.526229 -0.000000 0.850343
vn 0.240638 0.458497 0.855496
vn 0.123920 0.502762 0.855496
vn 0.280508 0.406388 0.869577
vn 0.465953 0.244551 0.850343
vn 0.465953 0.244550 0.850343
vn 0.465953 0.244551 0.850343
vn 0.000000 0.517809 0.855496
vn -0.123920 0.502762 0.855496
vn 0.059521 0.490196 0.869578
vn 0.298932 0.433077 0.850343
vn 0.298933 0.433078 0.850343
vn 0.298931 0.433079 0.850343
vn -0.240638 0.458498 0.855496
vn -0.343370 0.387587 0.855496
vn -0.175102 0.461708 0.869577
vn 0.063430 0.522392 0.850343
vn 0.063430 0.522392 0.850343
vn -0.186603 0.492033 0.850343
vn 0.063430 0.522392 0.850343
vn -0.369612 0.327448 0.869577
vn -0.426149 0.294149 0.855496
vn -0.484160 0.183619 0.855496
vn -0.479448 0.118173 0.869577
vn -0.186603 0.492033 0.850343
vn -0.186603 0.492033 0.850343
vn -0.393888 0.348954 0.850343
vn -0.510938 0.125935 0.850343
vn -0.510938 0.125935 0.850343
vn -0.393888 0.348954 0.850343
vn -0.510938 0.125935 0.850343
vn -0.393888 0.348954 0.850343
vn -0.514034 -0.062415 0.855496
vn -0.514034 0.062415 0.855496
vn -0.484160 -0.183619 0.855496
vn -0.426149 -0.294149 0.855496
vn -0.479448 -0.118173 0.869577
vn -0.343371 -0.387586 0.855496
vn -0.240638 -0.458498 0.855496
vn -0.369612 -0.327448 0.869577
vn -0.510938 -0.125935 0.850343
vn -0.510938 -0.125935 0.850343
vn -0.510938 -0.125935 0.850343
vn -0.123920 -0.502763 0.855496
vn 0.000000 -0.517809 0.855496
vn -0.175103 -0.461708 0.869577
vn -0.393888 -0.348954 0.850343
vn -0.393888 -0.348954 0.850343
vn -0.393888 -0.348954 0.850343
vn 0.123920 -0.502763 0.855496
vn 0.240638 -0.458498 0.855496
vn 0.059521 -0.490197 0.869577
vn -0.186603 -0.492033 0.850343
vn -0.186603 -0.492033 0.850343
vn -0.186603 -0.492033 0.850343
vn 0.343371 -0.387586 0.855496
vn 0.426149 -0.294149 0.855496
vn 0.280509 -0.406387 0.869577
vn 0.298932 -0.433078 0.850343
vn 0.063430 -0.522392 0.850343
vn 0.063430 -0.522392 0.850343
vn 0.063430 -0.522392 0.850343
vn 0.484160 -0.183618 0.855496
vn 0.514034 -0.062415 0.855496
vn 0.437236 -0.229479 0.869577
vn 0.298932 -0.433078 0.850343
vn 0.298932 -0.433078 0.850343
vn 0.514034 0.062415 0.855496
vn 0.484160 0.183617 0.855496
vn 0.493797 -0.000000 0.869577
vn 0.465953 -0.244551 0.850343
vn 0.465952 -0.244551 0.850343
vn 0.526229 0.000000 0.850343
vn 0.465953 -0.244551 0.850343
vn 0.426149 0.294149 0.855496
vn 0.343371 0.387586 0.855496
vn 0.437235 0.229479 0.869577
vn 0.526229 -0.000000 0.850343
vn 0.526229 -0.000000 0.850343
vn 0.240638 0.458497 0.855496
vn 0.123919 0.502763 0.855496
vn 0.280509 0.406387 0.869577
vn 0.465953 0.244551 0.850343
vn 0.465953 0.244551 0.850343
vn 0.465952 0.244551 0.850343
vn 0.000000 0.517810 0.855496
vn -0.123919 0.502763 0.855496
vn 0.059521 0.490197 0.869577
vn 0.298932 0.433078 0.850343
vn 0.298932 0.433078 0.850343
vn 0.298932 0.433078 0.850343
vn -0.240638 0.458497 0.855496
vn -0.343371 0.387586 0.855496
vn -0.175103 0.461708 0.869577
vn 0.063431 0.522392 0.850343
vn 0.063430 0.522392 0.850343
vn -0.186604 0.492033 0.850343
vn 0.063431 0.522392 0.850343
vn -0.369612 0.327448 0.869577
vn -0.426149 0.294149 0.855496
vn -0.484160 0.183618 0.855496
vn -0.479448 0.118173 0.869577
vn -0.186604 0.492032 0.850343
vn -0.186604 0.492033 0.850343
vn -0.393888 0.348955 0.850343
vn -0.510938 0.125935 0.850343
vn -0.510938 0.125935 0.850343
vn -0.393888 0.348954 0.850343
vn -0.510938 0.125935 0.850343
vn -0.393888 0.348954 0.850343
vn -0.514034 -0.062415 0.855496
vn -0.514034 0.062415 0.855496
vn -0.484160 -0.183618 0.855496
vn -0.426149 -0.294149 0.855496
vn -0.479448 -0.118173 0.869577
vn -0.343371 -0.387586 0.855496
vn -0.240637 -0.458497 0.855496
vn -0.369612 -0.327448 0.869577
vn -0.510938 -0.125935 0.850343
vn -0.510938 -0.125935 0.850343
vn -0.510938 -0.125935 0.850343
vn -0.123920 -0.502763 0.855496
vn 0.000000 -0.517809 0.855496
vn -0.175103 -0.461708 0.869577
vn -0.393888 -0.348954 0.850343
vn -0.393888 -0.348954 0.850343
vn -0.393888 -0.348955 0.850343
vn 0.123920 -0.502763 0.855496
vn 0.240638 -0.458497 0.855496
vn 0.059521 -0.490197 0.869577
vn -0.186603 -0.492033 0.850343
vn -0.186603 -0.492033 0.850343
vn -0.186603 -0.492033 0.850343
vn 0.343371 -0.387586 0.855496
vn 0.426148 -0.294150 0.855496
vn 0.280509 -0.406387 0.869577
vn 0.063430 -0.522392 0.850343
vn 0.063430 -0.522392 0.850343
vn 0.063430 -0.522392 0.850343
vn 0.484160 -0.183617 0.855496
vn 0.514034 -0.062416 0.855496
vn 0.437235 -0.229479 0.869577
vn 0.298932 -0.433078 0.850343
vn 0.298932 -0.433078 0.850343
vn 0.298932 -0.433078 0.850343
vn 0.465953 -0.244551 0.850343
vn 0.514034 0.062416 0.855496
vn 0.484160 0.183617 0.855496
vn 0.493797 -0.000000 0.869577
vn 0.465953 -0.244551 0.850343
vn 0.465953 -0.244551 0.850343
vn 0.426148 0.294150 0.855496
vn 0.343371 0.387586 0.855496
vn 0.437235 0.229479 0.869577
vn 0.526229 0.000000 0.850343
vn 0.526229 -0.000000 0.850343
vn 0.526229 -0.000000 0.850343
vn 0.240638 0.458497 0.855496
vn 0.123920 0.502763 0.855496
vn 0.280509 0.406387 0.869577
vn 0.465953 0.244551 0.850343
vn 0.465953 0.244551 0.850343
vn 0.465953 0.244551 0.850343
vn 0.000000 0.517809 0.855496
vn -0.123920 0.502763 0.855496
vn 0.059521 0.490197 0.869577
vn 0.298932 0.433078 0.850343
vn 0.298932 0.433078 0.850343
vn 0.298932 0.433078 0.850343
vn -0.240637 0.458497 0.855496
vn -0.343371 0.387586 0.855496
vn -0.175103 0.461708 0.869577
vn 0.063430 0.522392 0.850343
vn 0.063430 0.522392 0.850343
vn 0.063430 0.522392 0.850343
vn -0.186603 0.492033 0.850343
vn -0.369612 0.327448 0.869577
vn -0.426149 0.294149 0.855496
vn -0.484160 0.183618 0.855496
vn -0.479448 0.118173 0.869577
vn -0.186603 0.492033 0.850343
vn -0.393888 0.348955 0.850343
vn -0.186603 0.492033 0.850343
vn -0.510938 0.125935 0.850343
vn -0.510938 0.125935 0.850343
vn -0.510938 0.125935 0.850343
vn -0.393888 0.348954 0.850343
vn -0.393888 0.348954 0.850343
vn -0.514034 -0.062415 0.855496
vn -0.514034 0.062415 0.855496
vn -0.484160 -0.183618 0.855496
vn -0.426149 -0.294149 0.855496
vn -0.479448 -0.118173 0.869577
vn -0.343371 -0.387586 0.855496
vn -0.240638 -0.458497 0.855496
vn -0.369612 -0.327448 0.869577
vn -0.510938 -0.125935 0.850343
vn -0.510938 -0.125935 0.850343
vn -0.510938 -0.125935 0.850343
vn -0.123919 -0.502763 0.855496
vn 0.000000 -0.517810 0.855496
vn -0.175103 -0.461708 0.869577
vn -0.393888 -0.348954 0.850343
vn -0.393888 -0.348954 0.850343
vn -0.393888 -0.348954 0.850343
vn 0.123919 -0.502763 0.855496
vn 0.240638 -0.458497 0.855496
vn 0.059521 -0.490197 0.869577
vn -0.186603 -0.492033 0.850343
vn -0.186603 -0.492033 0.850343
vn -0.186603 -0.492033 0.850343
vn 0.343371 -0.387586 0.855496
vn 0.426149 -0.294149 0.855496
vn 0.280509 -0.406387 0.869577
vn 0.298932 -0.433078 0.850343
vn 0.063430 -0.522392 0.850343
vn 0.063430 -0.522392 0.850343
vn 0.063430 -0.522392 0.850343
vn 0.484160 -0.183618 0.855496
vn 0.514033 -0.062414 0.855496
vn 0.437236 -0.229478 0.869577
vn 0.298932 -0.433077 0.850343
vn 0.298932 -0.433077 0.850343
vn 0.514033 0.062414 0.855496
vn 0.484159 0.183618 0.855496
vn 0.493797 -0.000000 0.869577
vn 0.465952 -0.244551 0.850343
vn 0.465953 -0.244551 0.850343
vn 0.526229 0.000000 0.850343
vn 0.465953 -0.244550 0.850343
vn 0.426149 0.294149 0.855496
vn 0.343371 0.387586 0.855496
vn 0.437236 0.229478 0.869577
vn 0.526229 -0.000000 0.850343
vn 0.526229 -0.000000 0.850343
vn 0.240637 0.458498 0.855496
vn 0.123921 0.502763 0.855496
vn 0.280508 0.406387 0.869577
vn 0.465953 0.244551 0.850343
vn 0.465953 0.244550 0.850343
vn 0.465953 0.244551 0.850343
vn 0.000000 0.517809 0.855496
vn -0.123920 0.502763 0.855496
vn 0.059521 0.490197 0.869577
vn 0.298932 0.433077 0.850343
vn 0.298933 0.433078 0.850343
vn 0.298932 0.433078 0.850343
vn -0.240638 0.458498 0.855496
vn -0.343371 0.387586 0.855496
vn -0.175103 0.461708 0.869577
vn 0.063430 0.522392 0.850343
vn 0.063430 0.522392 0.850343
vn -0.186603 0.492033 0.850343
vn 0.063430 0.522392 0.850343
vn -0.369612 0.327448 0.869577
vn -0.426149 0.294149 0.855496
vn -0.484160 0.183619 0.855496
vn -0.479448 0.118173 0.869577
vn -0.186603 0.492033 0.850343
vn -0.186603 0.492033 0.850343
vn -0.393888 0.348954 0.850343
vn -0.510938 0.125935 0.850343
vn -0.510938 0.125935 0.850343
vn -0.393888 0.348954 0.850343
vn -0.510938 0.125935 0.850343
vn -0.393888 0.348954 0.850343
vn -0.514034 -0.062416 0.855496
vn -0.514034 0.062416 0.855496
vn -0.484160 -0.183617 0.855496
vn -0.426149 -0.294149 0.855496
vn -0.479448 -0.118173 0.869577
vn -0.343371 -0.387586 0.855496
vn -0.240637 -0.458497 0.855496
vn -0.369612 -0.327448 0.869577
vn -0.510938 -0.125935 0.850343
vn -0.510938 -0.125935 0.850343
vn -0.510938 -0.125935 0.850343
vn -0.123920 -0.502763 0.855496
vn 0.000000 -0.517809 0.855496
vn -0.175103 -0.461708 0.869577
vn -0.393887 -0.348955 0.850343
vn -0.393887 -0.348955 0.850343
vn -0.186603 -0.492032 0.850343
vn -0.393888 -0.348954 0.850343
vn 0.123920 -0.502763 0.855496
vn 0.240638 -0.458498 0.855496
vn 0.059521 -0.490197 0.869577
vn -0.186604 -0.492032 0.850343
vn -0.186604 -0.492032 0.850343
vn 0.343371 -0.387585 0.855496
vn 0.426148 -0.294149 0.855496
vn 0.280509 -0.406387 0.869577
vn 0.298932 -0.433078 0.850343
vn 0.063430 -0.522392 0.850343
vn 0.063430 -0.522392 0.850343
vn 0.063430 -0.522392 0.850343
vn 0.484160 -0.183618 0.855496
vn 0.514034 -0.062415 0.855496
vn 0.437235 -0.229479 0.869577
vn 0.298932 -0.433078 0.850343
vn 0.298932 -0.433078 0.850343
vn 0.514034 0.062415 0.855496
vn 0.484160 0.183618 0.855496
vn 0.493797 -0.000000 0.869577
vn 0.465953 -0.244551 0.850343
vn 0.465953 -0.244551 0.850343
vn 0.465953 -0.244551 0.850343
vn 0.426148 0.294149 0.855496
vn 0.343371 0.387585 0.855496
vn 0.437235 0.229479 0.869577
vn 0.526229 -0.000000 0.850343
vn 0.526229 0.000000 0.850343
vn 0.526229 -0.000000 0.850343
vn 0.240638 0.458498 0.855496
vn 0.123920 0.502763 0.855496
vn 0.280509 0.406387 0.869577
vn 0.465953 0.244551 0.850343
vn 0.465953 0.244551 0.850343
vn 0.298932 0.433078 0.850343
vn 0.465953 0.244551 0.850343
vn 0.059521 0.490197 0.869577
vn 0.000000 0.517809 0.855496
vn -0.123920 0.502763 0.855496
vn 0.063430 0.522392 0.850343
vn 0.298932 0.433078 0.850343
vn 0.298932 0.433078 0.850343
vn -0.240637 0.458497 0.855496
vn -0.343371 0.387586 0.855496
vn -0.175103 0.461708 0.869577
vn 0.063430 0.522392 0.850343
vn 0.063430 0.522392 0.850343
vn -0.369612 0.327448 0.869577
vn -0.426149 0.294149 0.855496
vn -0.484160 0.183617 0.855496
vn -0.479448 0.118173 0.869577
vn -0.186603 0.492032 0.850343
vn -0.186604 0.492032 0.850343
vn -0.186604 0.492032 0.850343
vn -0.393888 0.348954 0.850343
vn -0.393887 0.348955 0.850343
vn -0.510938 0.125935 0.850343
vn -0.510938 0.125935 0.850343
vn -0.510938 0.125935 0.850343
vn -0.393887 0.348955 0.850343
vn -0.514034 -0.062415 0.855496
vn -0.514034 0.062415 0.855496
vn -0.484160 -0.183619 0.855496
vn -0.426149 -0.294149 0.855496
vn -0.479448 -0.118173 0.869577
vn -0.343371 -0.387586 0.855496
vn -0.240638 -0.458498 0.855496
vn -0.369612 -0.327448 0.869577
vn -0.510938 -0.125935 0.850343
vn -0.510938 -0.125935 0.850343
vn -0.510938 -0.125935 0.850343
vn -0.123920 -0.502763 0.855496
vn 0.000000 -0.517809 0.855496
vn -0.175103 -0.461708 0.869577
vn -0.393888 -0.348954 0.850343
vn -0.393888 -0.348954 0.850343
vn -0.393888 -0.348954 0.850343
vn 0.123920 -0.502763 0.855496
vn 0.240638 -0.458498 0.855496
vn 0.059521 -0.490197 0.869577
vn -0.186603 -0.492033 0.850343
vn -0.186603 -0.492033 0.850343
vn -0.186603 -0.492033 0.850343
vn 0.343371 -0.387586 0.855496
vn 0.426149 -0.294149 0.855496
vn 0.280509 -0.406387 0.869577
vn 0.298932 -0.433078 0.850343
vn 0.063430 -0.522392 0.850343
vn 0.063430 -0.522392 0.850343
vn 0.063430 -0.522392 0.850343
vn 0.484160 -0.183618 0.855496
vn 0.514034 -0.062415 0.855496
vn 0.437236 -0.229479 0.869577
vn 0.298932 -0.433078 0.850343
vn 0.298932 -0.433078 0.850343
vn 0.514034 0.062415 0.855496
vn 0.484160 0.183618 0.855496
vn 0.493797 -0.000000 0.869577
vn 0.465953 -0.244551 0.850343
vn 0.465952 -0.244551 0.850343
vn 0.526229 0.000000 0.850343
vn 0.465953 -0.244551 0.850343
vn 0.426149 0.294149 0.855496
vn 0.343371 0.387586 0.855496
vn 0.437235 0.229479 0.869577
vn 0.526229 -0.000000 0.850343
vn 0.526229 -0.000000 0.850343
vn 0.240638 0.458498 0.855496
vn 0.123920 0.502763 0.855496
vn 0.280509 0.406387 0.869577
vn 0.465953 0.244551 0.850343
vn 0.465953 0.244551 0.850343
vn 0.465952 0.244551 0.850343
vn 0.000000 0.517809 0.855496
vn -0.123920 0.502763 0.855496
vn 0.059521 0.490197 0.869577
vn 0.298932 0.433078 0.850343
vn 0.298932 0.433078 0.850343
vn 0.298932 0.433078 0.850343
vn -0.240638 0.458498 0.855496
vn -0.343371 0.387586 0.855496
vn -0.175103 0.461708 0.869577
vn 0.063430 0.522392 0.850343
vn 0.063430 0.522392 0.850343
vn -0.186603 0.492033 0.850343
vn 0.063430 0.522392 0.850343
vn -0.369612 0.327448 0.869577
vn -0.426149 0.294149 0.855496
vn -0.484160 0.183618 0.855496
vn -0.479448 0.118173 0.869577
vn -0.186603 0.492033 0.850343
vn -0.186603 0.492033 0.850343
vn -0.393888 0.348954 0.850343
vn -0.510938 0.125935 0.850343
vn -0.510938 0.125935 0.850343
vn -0.393888 0.348954 0.850343
vn -0.510938 0.125935 0.850343
vn -0.393888 0.348954 0.850343
f 1//1 2//1 3//1
f 3//2 2//2 4//2
f 5//3 6//3 7//3
f 7//4 8//4 5//4
f 6//5 9//5 7//5
f 7//6 10//6 8//6
f 9//7 11//7 7//7
f 7//8 12//8 10//8
f 11//9 13//9 7//9
f 7//10 14//10 12//10
f 13//11 15//11 7//11
f 15//12 16//12 7//12
f 17//13 18//13 19//13
f 20//14 18//14 17//14
f 21//15 22//15 17//15
f 17//16 22//16 20//16
f 19//17 23//17 24//17
f 18//18 23//18 19//18
f 14//19 25//19 21//19
f 21//20 25//20 22//20
f 24//21 26//21 27//21
f 23//22 26//22 24//22
f 27//23 28//23 29//23
f 26//24 28//24 27//24
f 29//25 30//25 31//25
f 31//26 30//26 32//26
f 28//27 30//27 29//27
f 30//28 33//28 32//28
f 32//29 33//29 34//29
f 33//30 35//30 34//30
f 34//31 36//31 37//31
f 35//32 36//32 34//32
f 7//33 38//33 14//33
f 14//34 38//34 25//34
f 25//35 38//35 39//35
f 39//36 38//36 40//36
f 40//37 38//37 41//37
f 41//38 38//38 42//38
f 42//39 38//39 43//39
f 38//40 44//40 43//40
f 38//41 45//41 44//41
f 38//42 46//42 45//42
f 38//43 47//43 46//43
f 48//44 49//44 16//44
f 49//45 50//45 16//45
f 16//46 50//46 7//46
f 48//47 51//47 49//47
f 52//48 51//48 48//48
f 50//49 53//49 7//49
f 54//50 55//50 52//50
f 52//51 55//51 51//51
f 56//52 57//52 54//52
f 54//53 57//53 55//53
f 58//54 59//54 56//54
f 56//55 59//55 57//55
f 37//56 60//56 58//56
f 58//57 60//57 59//57
f 36//58 60//58 37//58
f 61//59 3//59 62//59
f 62//60 3//60 63//60
f 63//61 3//61 64//61
f 64//62 3//62 65//62
f 65//63 3//63 66//63
f 66//64 3//64 53//64
f 53//65 3//65 7//65
f 61//66 67//66 3//66
f 67//67 68//67 3//67
f 68//68 69//68 3//68
f 69//69 70//69 3//69
f 71//70 72//70 73//70
f 74//71 72//71 71//71
f 36//72 75//72 60//72
f 60//73 75//73 71//73
f 76//74 75//74 36//74
f 71//75 75//75 74//75
f 72//76 77//76 73//76
f 73//77 77//77 78//77
f 78//78 77//78 79//78
f 76//79 80//79 75//79
f 81//80 80//80 76//80
f 77//81 82//81 79//81
f 81//82 83//82 80//82
f 84//83 83//83 81//83
f 79//84 85//84 86//84
f 86//85 85//85 87//85
f 82//86 85//86 79//86
f 88//87 89//87 84//87
f 84//88 89//88 83//88
f 85//89 90//89 87//89
f 91//90 92//90 88//90
f 88//91 92//91 89//91
f 87//92 93//92 94//92
f 90//93 93//93 87//93
f 95//94 96//94 91//94
f 91//95 96//95 92//95
f 93//96 97//96 94//96
f 94//97 97//97 98//97
f 95//98 99//98 96//98
f 98//99 100//99 70//99
f 97//100 100//100 98//100
f 101//101 1//101 102//101
f 102//102 1//102 103//102
f 103//103 1//103 104//103
f 104//104 1//104 105//104
f 105//105 1//105 106//105
f 106//106 1//106 107//106
f 107//107 1//107 108//107
f 70//108 1//108 3//108
f 108//109 1//109 109//109
f 109//110 1//110 100//110
f 100//111 1//111 70//111
f 38//112 1//112 101//112
f 38//113 101//113 110//113
f 38//114 110//114 99//114
f 38//115 99//115 47//115
f 47//116 99//116 95//116
f 111//117 112//117 4//117
f 4//118 113//118 111//118
f 112//119 114//119 4//119
f 4//120 115//120 113//120
f 114//121 116//121 4//121
f 4//122 117//122 115//122
f 116//123 118//123 4//123
f 4//124 119//124 117//124
f 118//125 120//125 4//125
f 4//126 121//126 119//126
f 122//127 123//127 124//127
f 125//128 123//128 122//128
f 4//129 2//129 121//129
f 121//130 126//130 122//130
f 122//131 126//131 125//131
f 2//132 126//132 121//132
f 124//133 127//133 128//133
f 123//134 127//134 124//134
f 2//135 129//135 126//135
f 128//136 130//136 131//136
f 127//137 130//137 128//137
f 2//138 132//138 129//138
f 131//139 133//139 134//139
f 130//140 133//140 131//140
f 2//141 135//141 132//141
f 134//142 136//142 137//142
f 133//143 136//143 134//143
f 2//144 138//144 135//144
f 137//145 139//145 140//145
f 136//146 139//146 137//146
f 2//147 141//147 138//147
f 140//148 142//148 143//148
f 139//149 142//149 140//149
f 2//150 144//150 141//150
f 143//151 145//151 146//151
f 142//152 145//152 143//152
f 2//153 147//153 144//153
f 2//154 148//154 147//154
f 2//155 149//155 148//155
f 150//156 151//156 152//156
f 152//157 153//157 154//157
f 151//158 153//158 152//158
f 155//159 156//159 150//159
f 150//160 156//160 151//160
f 157//161 158//161 155//161
f 155//162 158//162 156//162
f 154//163 159//163 120//163
f 120//164 159//164 4//164
f 160//165 159//165 153//165
f 161//166 159//166 160//166
f 153//167 159//167 154//167
f 157//168 162//168 158//168
f 163//169 162//169 157//169
f 161//170 164//170 159//170
f 146//171 165//171 163//171
f 163//172 165//172 162//172
f 164//173 166//173 159//173
f 146//174 167//174 165//174
f 166//175 168//175 159//175
f 168//176 169//176 159//176
f 169//177 170//177 159//177
f 170//178 171//178 159//178
f 171//179 172//179 159//179
f 172//180 173//180 159//180
f 174//181 175//181 176//181
f 175//182 177//182 176//182
f 146//183 178//183 167//183
f 174//184 178//184 175//184
f 167//185 178//185 174//185
f 145//186 178//186 146//186
f 176//187 179//187 180//187
f 177//188 179//188 176//188
f 145//189 181//189 178//189
f 182//190 181//190 145//190
f 183//191 184//191 185//191
f 180//192 184//192 183//192
f 179//193 184//193 180//193
f 186//194 187//194 182//194
f 182//195 187//195 181//195
f 185//196 188//196 189//196
f 184//197 188//197 185//197
f 186//198 190//198 187//198
f 191//199 190//199 186//199
f 188//200 192//200 189//200
f 193//201 194//201 191//201
f 191//202 194//202 190//202
f 195//203 196//203 197//203
f 189//204 196//204 195//204
f 192//205 196//205 189//205
f 198//206 199//206 193//206
f 193//207 199//207 194//207
f 196//208 200//208 197//208
f 201//209 202//209 198//209
f 198//210 202//210 199//210
f 203//211 204//211 173//211
f 197//212 204//212 203//212
f 200//213 204//213 197//213
f 204//214 205//214 173//214
f 206//215 207//215 208//215
f 209//216 207//216 206//216
f 210//217 207//217 209//217
f 173//218 207//218 159//218
f 211//219 207//219 205//219
f 212//220 207//220 211//220
f 213//221 207//221 212//221
f 214//222 207//222 213//222
f 205//223 207//223 173//223
f 215//224 207//224 214//224
f 208//225 207//225 215//225
f 2//226 207//226 149//226
f 149//227 207//227 216//227
f 216//228 207//228 201//228
f 201//229 207//229 210//229
f 201//230 210//230 202//230
f 217//231 218//231 38//231
f 38//232 219//232 217//232
f 218//233 220//233 38//233
f 38//234 221//234 219//234
f 220//235 222//235 38//235
f 38//236 223//236 221//236
f 222//237 224//237 38//237
f 38//238 225//238 223//238
f 224//239 226//239 38//239
f 38//240 227//240 225//240
f 227//241 207//241 228//241
f 38//242 207//242 227//242
f 207//243 229//243 228//243
f 207//244 230//244 229//244
f 207//245 231//245 230//245
f 207//246 232//246 231//246
f 207//247 233//247 232//247
f 207//248 234//248 233//248
f 235//249 1//249 226//249
f 236//250 1//250 235//250
f 237//251 1//251 236//251
f 238//252 1//252 237//252
f 239//253 1//253 238//253
f 240//254 1//254 239//254
f 241//255 1//255 240//255
f 226//256 1//256 38//256
f 241//257 242//257 1//257
f 207//258 243//258 234//258
f 242//259 244//259 1//259
f 244//260 245//260 1//260
f 245//261 2//261 1//261
f 246//262 2//262 245//262
f 247//263 2//263 246//263
f 248//264 2//264 247//264
f 249//265 2//265 248//265
f 250//266 2//266 249//266
f 251//267 2//267 250//267
f 252//268 2//268 251//268
f 253//269 2//269 252//269
f 254//270 2//270 253//270
f 207//271 2//271 255//271
f 207//272 255//272 243//272
f 255//273 2//273 254//273
f 256//274 257//274 7//274
f 258//275 7//275 257//275
f 259//276 256//276 7//276
f 260//277 7//277 258//277
f 261//278 259//278 7//278
f 262//279 7//279 260//279
f 263//280 261//280 7//280
f 264//281 7//281 262//281
f 265//282 264//282 266//282
f 265//283 7//283 264//283
f 267//284 266//284 268//284
f 267//285 265//285 266//285
f 269//286 7//286 265//286
f 270//287 267//287 268//287
f 270//288 268//288 271//288
f 272//289 7//289 269//289
f 273//290 271//290 274//290
f 273//291 270//291 271//291
f 275//292 7//292 272//292
f 276//293 273//293 274//293
f 277//294 278//294 279//294
f 277//295 280//295 278//295
f 277//296 281//296 280//296
f 282//297 283//297 284//297
f 282//298 279//298 283//298
f 282//299 277//299 279//299
f 285//300 286//300 281//300
f 285//301 287//301 286//301
f 285//302 281//302 277//302
f 288//303 284//303 289//303
f 288//304 282//304 284//304
f 290//305 274//305 287//305
f 290//306 276//306 274//306
f 290//307 291//307 276//307
f 290//308 287//308 285//308
f 292//309 288//309 289//309
f 292//310 293//310 294//310
f 292//311 289//311 293//311
f 295//312 291//312 290//312
f 295//313 296//313 291//313
f 295//314 297//314 296//314
f 298//315 297//315 295//315
f 299//316 292//316 294//316
f 299//317 294//317 300//317
f 301//318 298//318 295//318
f 301//319 302//319 298//319
f 301//320 303//320 302//320
f 304//321 300//321 305//321
f 304//322 299//322 300//322
f 306//323 303//323 301//323
f 306//324 307//324 303//324
f 306//325 308//325 307//325
f 309//326 308//326 306//326
f 309//327 310//327 308//327
f 309//328 311//328 310//328
f 309//329 312//329 311//329
f 159//330 7//330 275//330
f 159//331 313//331 314//331
f 159//332 315//332 313//332
f 159//333 275//333 315//333
f 316//334 312//334 309//334
f 317//335 304//335 305//335
f 317//336 318//336 304//336
f 317//337 319//337 318//337
f 320//338 321//338 318//338
f 320//339 318//339 319//339
f 322//340 305//340 263//340
f 322//341 317//341 305//341
f 323//342 324//342 325//342
f 326//343 327//343 321//343
f 326//344 321//344 320//344
f 328//345 323//345 325//345
f 328//346 325//346 329//346
f 330//347 324//347 323//347
f 330//348 314//348 324//348
f 331//349 263//349 7//349
f 331//350 322//350 263//350
f 332//351 328//351 329//351
f 332//352 329//352 333//352
f 334//353 314//353 330//353
f 334//354 159//354 314//354
f 335//355 327//355 326//355
f 336//356 312//356 316//356
f 336//357 333//357 312//357
f 336//358 332//358 333//358
f 337//359 159//359 334//359
f 338//360 327//360 335//360
f 339//361 336//361 316//361
f 340//362 339//362 316//362
f 341//363 159//363 337//363
f 342//364 339//364 340//364
f 343//365 338//365 344//365
f 343//366 327//366 338//366
f 345//367 159//367 341//367
f 346//368 343//368 344//368
f 347//369 342//369 340//369
f 348//370 159//370 345//370
f 349//371 343//371 346//371
f 350//372 159//372 348//372
f 351//373 352//373 347//373
f 351//374 347//374 340//374
f 353//375 352//375 351//375
f 354//376 159//376 350//376
f 355//377 343//377 349//377
f 355//378 349//378 356//378
f 357//379 355//379 356//379
f 358//380 159//380 354//380
f 359//381 159//381 358//381
f 360//382 353//382 351//382
f 360//383 361//383 353//383
f 360//384 362//384 361//384
f 360//385 363//385 362//385
f 364//386 355//386 357//386
f 364//387 365//387 366//387
f 364//388 357//388 365//388
f 367//389 363//389 360//389
f 367//390 368//390 363//390
f 369//391 370//391 371//391
f 369//392 366//392 370//392
f 369//393 364//393 366//393
f 372//394 368//394 367//394
f 372//395 373//395 368//395
f 372//396 374//396 373//396
f 3//397 375//397 376//397
f 3//398 331//398 7//398
f 3//399 377//399 331//399
f 3//400 378//400 377//400
f 3//401 379//401 378//401
f 3//402 380//402 379//402
f 3//403 381//403 380//403
f 3//404 382//404 381//404
f 3//405 376//405 382//405
f 383//406 374//406 372//406
f 383//407 384//407 374//407
f 385//408 384//408 383//408
f 386//409 387//409 388//409
f 386//410 389//410 387//410
f 390//411 387//411 389//411
f 391//412 386//412 388//412
f 392//413 393//413 387//413
f 392//414 387//414 390//414
f 394//415 388//415 369//415
f 394//416 391//416 388//416
f 395//417 393//417 392//417
f 396//418 369//418 371//418
f 396//419 394//419 369//419
f 397//420 393//420 395//420
f 398//421 396//421 371//421
f 398//422 371//422 399//422
f 400//423 393//423 397//423
f 401//424 400//424 397//424
f 402//425 399//425 375//425
f 402//426 375//426 3//426
f 402//427 398//427 399//427
f 403//428 400//428 401//428
f 404//429 402//429 3//429
f 405//430 400//430 403//430
f 405//431 406//431 400//431
f 407//432 404//432 3//432
f 408//433 406//433 405//433
f 409//434 407//434 3//434
f 410//435 406//435 408//435
f 411//436 412//436 413//436
f 411//437 414//437 412//437
f 415//438 416//438 412//438
f 415//439 412//439 414//439
f 417//440 409//440 3//440
f 418//441 411//441 413//441
f 419//442 416//442 415//442
f 420//443 418//443 413//443
f 421//444 416//444 419//444
f 422//445 413//445 423//445
f 422//446 420//446 413//446
f 424//447 425//447 416//447
f 424//448 416//448 421//448
f 426//449 422//449 423//449
f 427//450 425//450 424//450
f 428//451 423//451 406//451
f 428//452 406//452 410//452
f 428//453 426//453 423//453
f 429//454 430//454 425//454
f 429//455 425//455 427//455
f 431//456 410//456 432//456
f 431//457 428//457 410//457
f 433//458 434//458 430//458
f 433//459 430//459 429//459
f 435//460 432//460 436//460
f 435//461 431//461 432//461
f 437//462 434//462 433//462
f 438//463 436//463 439//463
f 438//464 435//464 436//464
f 440//465 438//465 439//465
f 4//466 417//466 3//466
f 4//467 441//467 417//467
f 4//468 442//468 441//468
f 4//469 443//469 442//469
f 4//470 439//470 443//470
f 4//471 444//471 440//471
f 4//472 445//472 444//472
f 4//473 446//473 445//473
f 4//474 440//474 439//474
f 4//475 447//475 446//475
f 4//476 448//476 447//476
f 4//477 449//477 448//477
f 4//478 450//478 449//478
f 4//479 159//479 359//479
f 4//480 359//480 384//480
f 4//481 384//481 385//481
f 4//482 385//482 434//482
f 4//483 434//483 450//483
f 450//484 434//484 437//484
f 207//485 38//485 159//485
f 159//486 38//486 7//486
f 451//487 452//487 162//487
f 162//488 452//488 158//488
f 452//489 453//489 158//489
f 454//490 56//490 455//490
f 453//491 456//491 158//491
f 158//492 456//492 156//492
f 456//493 457//493 156//493
f 56//494 54//494 455//494
f 455//495 54//495 458//495
f 458//496 54//496 459//496
f 457//497 460//497 156//497
f 156//498 460//498 151//498
f 460//499 461//499 151//499
f 459//500 52//500 462//500
f 54//501 52//501 459//501
f 462//502 52//502 463//502
f 461//503 464//503 151//503
f 464//504 465//504 151//504
f 151//505 465//505 153//505
f 465//506 466//506 153//506
f 466//507 467//507 153//507
f 467//508 160//508 153//508
f 463//509 48//509 468//509
f 468//510 48//510 469//510
f 469//511 48//511 470//511
f 52//512 48//512 463//512
f 470//513 16//513 471//513
f 471//514 16//514 467//514
f 48//515 16//515 470//515
f 160//516 15//516 161//516
f 467//517 15//517 160//517
f 16//518 15//518 467//518
f 15//519 13//519 161//519
f 161//520 11//520 164//520
f 13//521 11//521 161//521
f 164//522 9//522 166//522
f 11//523 9//523 164//523
f 166//524 6//524 168//524
f 9//525 6//525 166//525
f 168//526 5//526 169//526
f 6//527 5//527 168//527
f 169//528 8//528 170//528
f 5//529 8//529 169//529
f 170//530 10//530 171//530
f 171//531 10//531 172//531
f 8//532 10//532 170//532
f 10//533 12//533 172//533
f 172//534 14//534 173//534
f 12//535 14//535 172//535
f 173//536 21//536 203//536
f 203//537 21//537 197//537
f 14//538 21//538 173//538
f 21//539 17//539 197//539
f 17//540 19//540 197//540
f 197//541 19//541 195//541
f 19//542 24//542 195//542
f 195//543 24//543 189//543
f 24//544 27//544 189//544
f 189//545 27//545 185//545
f 27//546 29//546 185//546
f 185//547 29//547 183//547
f 29//548 31//548 183//548
f 183//549 31//549 180//549
f 31//550 472//550 180//550
f 180//551 472//551 176//551
f 472//552 473//552 176//552
f 473//553 474//553 176//553
f 176//554 474//554 174//554
f 474//555 475//555 174//555
f 31//556 32//556 472//556
f 472//557 32//557 476//557
f 476//558 32//558 477//558
f 475//559 478//559 174//559
f 478//560 479//560 174//560
f 174//561 479//561 167//561
f 479//562 480//562 167//562
f 32//563 34//563 477//563
f 477//564 34//564 481//564
f 481//565 34//565 482//565
f 482//566 34//566 483//566
f 480//567 484//567 167//567
f 167//568 484//568 165//568
f 484//569 485//569 165//569
f 34//570 37//570 483//570
f 483//571 37//571 486//571
f 486//572 37//572 487//572
f 485//573 488//573 165//573
f 165//574 488//574 162//574
f 488//575 451//575 162//575
f 37//576 58//576 487//576
f 487//577 58//577 489//577
f 489//578 58//578 490//578
f 58//579 56//579 490//579
f 490//580 56//580 454//580
f 117//581 68//581 115//581
f 68//582 67//582 115//582
f 115//583 67//583 113//583
f 67//584 61//584 113//584
f 113//585 61//585 111//585
f 61//586 62//586 111//586
f 112//587 491//587 114//587
f 491//588 492//588 114//588
f 111//589 63//589 112//589
f 62//590 63//590 111//590
f 112//591 63//591 491//591
f 114//592 493//592 116//592
f 492//593 493//593 114//593
f 493//594 494//594 116//594
f 63//595 64//595 491//595
f 491//596 64//596 495//596
f 495//597 64//597 496//597
f 494//598 497//598 116//598
f 116//599 497//599 118//599
f 497//600 498//600 118//600
f 64//601 65//601 496//601
f 496//602 65//602 499//602
f 499//603 65//603 500//603
f 118//604 501//604 120//604
f 498//605 501//605 118//605
f 65//606 66//606 500//606
f 500//607 66//607 502//607
f 502//608 66//608 503//608
f 120//609 504//609 154//609
f 501//610 504//610 120//610
f 504//611 505//611 154//611
f 66//612 53//612 503//612
f 503//613 53//613 506//613
f 154//614 507//614 152//614
f 505//615 507//615 154//615
f 53//616 50//616 506//616
f 506//617 50//617 508//617
f 508//618 50//618 509//618
f 152//619 510//619 150//619
f 507//620 510//620 152//620
f 510//621 511//621 150//621
f 509//622 49//622 512//622
f 50//623 49//623 509//623
f 511//624 513//624 150//624
f 150//625 513//625 155//625
f 49//626 51//626 512//626
f 512//627 51//627 514//627
f 514//628 51//628 515//628
f 513//629 516//629 155//629
f 155//630 516//630 157//630
f 516//631 517//631 157//631
f 51//632 55//632 515//632
f 515//633 55//633 518//633
f 517//634 519//634 157//634
f 157//635 519//635 163//635
f 55//636 57//636 518//636
f 518//637 57//637 520//637
f 520//638 57//638 521//638
f 519//639 522//639 163//639
f 163//640 522//640 146//640
f 522//641 523//641 146//641
f 57//642 59//642 521//642
f 521//643 59//643 524//643
f 146//644 525//644 143//644
f 523//645 525//645 146//645
f 524//646 60//646 526//646
f 526//647 60//647 527//647
f 59//648 60//648 524//648
f 143//649 528//649 140//649
f 525//650 528//650 143//650
f 528//651 529//651 140//651
f 527//652 71//652 530//652
f 60//653 71//653 527//653
f 140//654 531//654 137//654
f 529//655 531//655 140//655
f 530//656 73//656 532//656
f 532//657 73//657 533//657
f 71//658 73//658 530//658
f 137//659 534//659 134//659
f 531//660 534//660 137//660
f 534//661 535//661 134//661
f 533//662 78//662 536//662
f 73//663 78//663 533//663
f 134//664 537//664 131//664
f 535//665 537//665 134//665
f 537//666 538//666 131//666
f 536//667 79//667 539//667
f 539//668 79//668 540//668
f 78//669 79//669 536//669
f 131//670 541//670 128//670
f 538//671 541//671 131//671
f 541//672 542//672 128//672
f 540//673 86//673 543//673
f 543//674 86//674 544//674
f 79//675 86//675 540//675
f 542//676 545//676 128//676
f 545//677 546//677 128//677
f 128//678 546//678 124//678
f 546//679 547//679 124//679
f 86//680 87//680 544//680
f 544//681 87//681 548//681
f 548//682 87//682 549//682
f 549//683 87//683 550//683
f 547//684 94//684 124//684
f 550//685 94//685 547//685
f 87//686 94//686 550//686
f 94//687 98//687 124//687
f 124//688 98//688 122//688
f 98//689 70//689 122//689
f 122//690 70//690 121//690
f 121//691 70//691 119//691
f 70//692 69//692 119//692
f 69//693 68//693 119//693
f 119//694 68//694 117//694
f 187//695 81//695 181//695
f 181//696 76//696 178//696
f 81//697 76//697 181//697
f 178//698 36//698 175//698
f 76//699 36//699 178//699
f 36//700 35//700 175//700
f 175//701 33//701 177//701
f 35//702 33//702 175//702
f 177//703 30//703 179//703
f 179//704 30//704 184//704
f 33//705 30//705 177//705
f 184//706 28//706 188//706
f 30//707 28//707 184//707
f 28//708 26//708 188//708
f 188//709 23//709 192//709
f 192//710 23//710 196//710
f 26//711 23//711 188//711
f 23//712 18//712 196//712
f 196//713 20//713 200//713
f 200//714 20//714 204//714
f 18//715 20//715 196//715
f 20//716 22//716 204//716
f 204//717 22//717 205//717
f 22//718 25//718 205//718
f 205//719 25//719 211//719
f 25//720 39//720 211//720
f 39//721 40//721 211//721
f 211//722 40//722 212//722
f 40//723 41//723 212//723
f 212//724 41//724 213//724
f 41//725 42//725 213//725
f 213//726 42//726 214//726
f 42//727 43//727 214//727
f 214//728 43//728 215//728
f 43//729 44//729 215//729
f 215//730 44//730 208//730
f 44//731 45//731 208//731
f 208//732 45//732 206//732
f 45//733 46//733 206//733
f 206//734 46//734 209//734
f 46//735 47//735 209//735
f 209//736 47//736 210//736
f 47//737 95//737 210//737
f 210//738 95//738 202//738
f 202//739 95//739 199//739
f 95//740 91//740 199//740
f 199//741 88//741 194//741
f 194//742 88//742 190//742
f 91//743 88//743 199//743
f 88//744 84//744 190//744
f 190//745 81//745 187//745
f 84//746 81//746 190//746
f 132//747 108//747 129//747
f 129//748 109//748 126//748
f 108//749 109//749 129//749
f 126//750 100//750 125//750
f 109//751 100//751 126//751
f 100//752 97//752 125//752
f 125//753 93//753 123//753
f 97//754 93//754 125//754
f 123//755 90//755 127//755
f 127//756 90//756 130//756
f 93//757 90//757 123//757
f 130//758 85//758 133//758
f 90//759 85//759 130//759
f 85//760 82//760 133//760
f 133//761 77//761 136//761
f 136//762 77//762 139//762
f 82//763 77//763 133//763
f 77//764 72//764 139//764
f 139//765 74//765 142//765
f 142//766 74//766 145//766
f 72//767 74//767 139//767
f 74//768 75//768 145//768
f 145//769 75//769 182//769
f 75//770 80//770 182//770
f 182//771 80//771 186//771
f 80//772 83//772 186//772
f 83//773 89//773 186//773
f 186//774 89//774 191//774
f 89//775 92//775 191//775
f 191//776 92//776 193//776
f 92//777 96//777 193//777
f 193//778 96//778 198//778
f 96//779 99//779 198//779
f 198//780 99//780 201//780
f 99//781 110//781 201//781
f 201//782 110//782 216//782
f 110//783 101//783 216//783
f 216//784 101//784 149//784
f 101//785 102//785 149//785
f 149//786 102//786 148//786
f 102//787 103//787 148//787
f 148//788 103//788 147//788
f 103//789 104//789 147//789
f 147//790 104//790 144//790
f 144//791 104//791 141//791
f 104//792 105//792 141//792
f 141//793 106//793 138//793
f 138//794 106//794 135//794
f 105//795 106//795 141//795
f 106//796 107//796 135//796
f 135//797 108//797 132//797
f 107//798 108//798 135//798
f 393//799 400//799 245//799
f 245//800 400//800 246//800
f 246//801 406//801 247//801
f 247//802 406//802 248//802
f 400//803 406//803 246//803
f 406//804 423//804 248//804
f 248//805 413//805 249//805
f 423//806 413//806 248//806
f 413//807 412//807 249//807
f 249//808 412//808 250//808
f 412//809 416//809 250//809
f 250//810 416//810 251//810
f 416//811 425//811 251//811
f 251//812 425//812 252//812
f 425//813 430//813 252//813
f 252//814 430//814 253//814
f 430//815 434//815 253//815
f 253//816 434//816 254//816
f 434//817 385//817 254//817
f 254//818 385//818 255//818
f 385//819 383//819 255//819
f 255//820 383//820 243//820
f 243//821 383//821 234//821
f 383//822 372//822 234//822
f 372//823 367//823 234//823
f 234//824 367//824 233//824
f 233//825 367//825 232//825
f 367//826 360//826 232//826
f 360//827 351//827 232//827
f 232//828 351//828 231//828
f 351//829 340//829 231//829
f 231//830 340//830 230//830
f 230//831 340//831 229//831
f 340//832 316//832 229//832
f 316//833 309//833 229//833
f 229//834 309//834 228//834
f 228//835 309//835 227//835
f 309//836 306//836 227//836
f 306//837 301//837 227//837
f 227//838 301//838 225//838
f 225//839 295//839 223//839
f 301//840 295//840 225//840
f 223//841 290//841 221//841
f 295//842 290//842 223//842
f 221//843 285//843 219//843
f 290//844 285//844 221//844
f 219//845 277//845 217//845
f 285//846 277//846 219//846
f 217//847 282//847 218//847
f 277//848 282//848 217//848
f 218//849 288//849 220//849
f 282//850 288//850 218//850
f 220//851 292//851 222//851
f 288//852 292//852 220//852
f 222//853 299//853 224//853
f 292//854 299//854 222//854
f 224//855 304//855 226//855
f 299//856 304//856 224//856
f 304//857 318//857 226//857
f 226//858 318//858 235//858
f 235//859 318//859 236//859
f 318//860 321//860 236//860
f 321//861 327//861 236//861
f 236//862 327//862 237//862
f 327//863 343//863 237//863
f 237//864 343//864 238//864
f 343//865 355//865 238//865
f 238//866 355//866 239//866
f 355//867 364//867 239//867
f 239//868 364//868 240//868
f 240//869 364//869 241//869
f 364//870 369//870 241//870
f 369//871 388//871 241//871
f 241//872 388//872 242//872
f 388//873 387//873 242//873
f 242//874 387//874 244//874
f 387//875 393//875 244//875
f 244//876 393//876 245//876
f 551//877 284//877 283//877
f 551//878 552//878 284//878
f 553//879 283//879 279//879
f 553//880 279//880 278//880
f 553//881 551//881 283//881
f 554//882 553//882 278//882
f 555//883 278//883 280//883
f 555//884 280//884 281//884
f 555//885 554//885 278//885
f 556//886 281//886 286//886
f 556//887 555//887 281//887
f 557//888 556//888 286//888
f 558//889 286//889 287//889
f 558//890 557//890 286//890
f 559//891 287//891 274//891
f 559//892 558//892 287//892
f 560//893 274//893 271//893
f 560//894 271//894 268//894
f 560//895 559//895 274//895
f 561//896 560//896 268//896
f 562//897 561//897 268//897
f 562//898 268//898 266//898
f 563//899 562//899 266//899
f 563//900 266//900 264//900
f 564//901 563//901 264//901
f 564//902 264//902 262//902
f 565//903 564//903 262//903
f 565//904 262//904 260//904
f 566//905 260//905 258//905
f 566//906 565//906 260//906
f 566//907 258//907 257//907
f 567//908 257//908 256//908
f 567//909 566//909 257//909
f 568//910 567//910 256//910
f 569//911 256//911 259//911
f 569//912 568//912 256//912
f 570//913 259//913 261//913
f 570//914 261//914 263//914
f 570//915 569//915 259//915
f 571//916 570//916 263//916
f 572//917 263//917 305//917
f 572//918 571//918 263//918
f 573//919 305//919 300//919
f 573//920 572//920 305//920
f 574//921 300//921 294//921
f 574//922 573//922 300//922
f 575//923 294//923 293//923
f 575//924 574//924 294//924
f 576//925 293//925 289//925
f 576//926 289//926 284//926
f 576//927 575//927 293//927
f 552//928 576//928 284//928
f 577//929 376//929 375//929
f 577//930 578//930 376//930
f 579//931 375//931 399//931
f 579//932 399//932 371//932
f 579//933 577//933 375//933
f 580//934 579//934 371//934
f 581//935 371//935 370//935
f 581//936 370//936 366//936
f 581//937 580//937 371//937
f 582//938 366//938 365//938
f 582//939 581//939 366//939
f 583//940 582//940 365//940
f 584//941 365//941 357//941
f 584//942 583//942 365//942
f 585//943 357//943 356//943
f 585//944 584//944 357//944
f 586//945 356//945 349//945
f 586//946 349//946 346//946
f 586//947 585//947 356//947
f 587//948 586//948 346//948
f 588//949 587//949 346//949
f 588//950 346//950 344//950
f 589//951 588//951 344//951
f 589//952 344//952 338//952
f 590//953 589//953 338//953
f 590//954 338//954 335//954
f 591//955 590//955 335//955
f 591//956 335//956 326//956
f 592//957 326//957 320//957
f 592//958 591//958 326//958
f 592//959 320//959 319//959
f 593//960 319//960 317//960
f 593//961 592//961 319//961
f 594//962 593//962 317//962
f 595//963 317//963 322//963
f 595//964 594//964 317//964
f 596//965 322//965 331//965
f 596//966 331//966 377//966
f 596//967 595//967 322//967
f 597//968 596//968 377//968
f 598//969 377//969 378//969
f 598//970 597//970 377//970
f 599//971 378//971 379//971
f 599//972 598//972 378//972
f 600//973 379//973 380//973
f 600//974 599//974 379//974
f 601//975 380//975 381//975
f 601//976 600//976 380//976
f 602//977 381//977 382//977
f 602//978 382//978 376//978
f 602//979 601//979 381//979
f 578//980 602//980 376//980
f 603//981 604//981 303//981
f 603//982 303//982 307//982
f 605//983 307//983 308//983
f 605//984 308//984 310//984
f 605//985 603//985 307//985
f 606//986 605//986 310//986
f 607//987 310//987 311//987
f 607//988 311//988 312//988
f 607//989 606//989 310//989
f 608//990 312//990 333//990
f 608//991 607//991 312//991
f 609//992 608//992 333//992
f 610//993 333//993 329//993
f 610//994 609//994 333//994
f 611//995 329//995 325//995
f 611//996 610//996 329//996
f 452//997 324//997 314//997
f 452//998 451//998 324//998
f 453//999 452//999 314//999
f 456//1000 453//1000 314//1000
f 457//1001 314//1001 313//1001
f 457//1002 456//1002 314//1002
f 612//1003 325//1003 324//1003
f 612//1004 611//1004 325//1004
f 612//1005 324//1005 451//1005
f 612//1006 451//1006 488//1006
f 460//1007 457//1007 313//1007
f 461//1008 460//1008 313//1008
f 613//1009 612//1009 488//1009
f 613//1010 488//1010 485//1010
f 613//1011 485//1011 484//1011
f 613//1012 484//1012 480//1012
f 613//1013 480//1013 479//1013
f 464//1014 313//1014 315//1014
f 464//1015 461//1015 313//1015
f 465//1016 464//1016 315//1016
f 614//1017 613//1017 479//1017
f 614//1018 479//1018 478//1018
f 614//1019 478//1019 475//1019
f 466//1020 315//1020 275//1020
f 466//1021 465//1021 315//1021
f 467//1022 466//1022 275//1022
f 615//1023 475//1023 474//1023
f 615//1024 474//1024 473//1024
f 615//1025 614//1025 475//1025
f 471//1026 275//1026 272//1026
f 471//1027 467//1027 275//1027
f 470//1028 471//1028 272//1028
f 469//1029 272//1029 269//1029
f 469//1030 470//1030 272//1030
f 616//1031 615//1031 473//1031
f 616//1032 473//1032 472//1032
f 616//1033 472//1033 476//1033
f 468//1034 469//1034 269//1034
f 463//1035 468//1035 269//1035
f 265//1036 463//1036 269//1036
f 617//1037 616//1037 476//1037
f 617//1038 476//1038 477//1038
f 617//1039 477//1039 481//1039
f 462//1040 463//1040 265//1040
f 459//1041 462//1041 265//1041
f 458//1042 459//1042 265//1042
f 455//1043 458//1043 265//1043
f 454//1044 455//1044 265//1044
f 267//1045 454//1045 265//1045
f 618//1046 617//1046 481//1046
f 618//1047 481//1047 482//1047
f 618//1048 482//1048 483//1048
f 618//1049 483//1049 486//1049
f 619//1050 618//1050 486//1050
f 619//1051 486//1051 487//1051
f 619//1052 487//1052 489//1052
f 619//1053 489//1053 490//1053
f 620//1054 454//1054 267//1054
f 620//1055 619//1055 490//1055
f 620//1056 490//1056 454//1056
f 621//1057 267//1057 270//1057
f 621//1058 620//1058 267//1058
f 622//1059 270//1059 273//1059
f 622//1060 273//1060 276//1060
f 622//1061 621//1061 270//1061
f 623//1062 622//1062 276//1062
f 624//1063 276//1063 291//1063
f 624//1064 623//1064 276//1064
f 625//1065 291//1065 296//1065
f 625//1066 624//1066 291//1066
f 626//1067 296//1067 297//1067
f 626//1068 625//1068 296//1068
f 627//1069 297//1069 298//1069
f 627//1070 626//1070 297//1070
f 628//1071 298//1071 302//1071
f 628//1072 302//1072 303//1072
f 628//1073 627//1073 298//1073
f 604//1074 628//1074 303//1074
f 629//1075 362//1075 363//1075
f 629//1076 630//1076 362//1076
f 631//1077 363//1077 368//1077
f 631//1078 368//1078 373//1078
f 631//1079 629//1079 363//1079
f 632//1080 631//1080 373//1080
f 633//1081 373//1081 374//1081
f 633//1082 374//1082 384//1082
f 633//1083 632//1083 373//1083
f 634//1084 384//1084 359//1084
f 634//1085 633//1085 384//1085
f 635//1086 634//1086 359//1086
f 636//1087 359//1087 358//1087
f 636//1088 635//1088 359//1088
f 637//1089 358//1089 354//1089
f 637//1090 636//1090 358//1090
f 638//1091 354//1091 350//1091
f 638//1092 350//1092 348//1092
f 638//1093 637//1093 354//1093
f 639//1094 638//1094 348//1094
f 640//1095 639//1095 348//1095
f 640//1096 348//1096 345//1096
f 641//1097 640//1097 345//1097
f 641//1098 345//1098 341//1098
f 642//1099 641//1099 341//1099
f 642//1100 341//1100 337//1100
f 643//1101 642//1101 337//1101
f 643//1102 337//1102 334//1102
f 644//1103 334//1103 330//1103
f 644//1104 643//1104 334//1104
f 644//1105 330//1105 323//1105
f 645//1106 323//1106 328//1106
f 645//1107 644//1107 323//1107
f 646//1108 645//1108 328//1108
f 647//1109 328//1109 332//1109
f 647//1110 646//1110 328//1110
f 648//1111 332//1111 336//1111
f 648//1112 336//1112 339//1112
f 648//1113 647//1113 332//1113
f 649//1114 648//1114 339//1114
f 650//1115 339//1115 342//1115
f 650//1116 649//1116 339//1116
f 651//1117 342//1117 347//1117
f 651//1118 650//1118 342//1118
f 652//1119 347//1119 352//1119
f 652//1120 651//1120 347//1120
f 653//1121 352//1121 353//1121
f 653//1122 652//1122 352//1122
f 654//1123 353//1123 361//1123
f 654//1124 361//1124 362//1124
f 654//1125 653//1125 353//1125
f 630//1126 654//1126 362//1126
f 492//1127 491//1127 417//1127
f 492//1128 417//1128 441//1128
f 655//1129 547//1129 546//1129
f 493//1130 441//1130 442//1130
f 493//1131 492//1131 441//1131
f 656//1132 545//1132 542//1132
f 656//1133 546//1133 545//1133
f 656//1134 655//1134 546//1134
f 494//1135 442//1135 443//1135
f 494//1136 493//1136 442//1136
f 497//1137 494//1137 443//1137
f 439//1138 497//1138 443//1138
f 657//1139 542//1139 541//1139
f 657//1140 656//1140 542//1140
f 498//1141 497//1141 439//1141
f 658//1142 538//1142 537//1142
f 658//1143 541//1143 538//1143
f 658//1144 657//1144 541//1144
f 501//1145 439//1145 436//1145
f 501//1146 498//1146 439//1146
f 504//1147 501//1147 436//1147
f 432//1148 504//1148 436//1148
f 659//1149 535//1149 534//1149
f 659//1150 537//1150 535//1150
f 659//1151 658//1151 537//1151
f 505//1152 504//1152 432//1152
f 507//1153 505//1153 432//1153
f 660//1154 534//1154 531//1154
f 660//1155 659//1155 534//1155
f 510//1156 432//1156 410//1156
f 510//1157 507//1157 432//1157
f 511//1158 510//1158 410//1158
f 513//1159 511//1159 410//1159
f 516//1160 513//1160 410//1160
f 408//1161 516//1161 410//1161
f 408//1162 517//1162 516//1162
f 661//1163 528//1163 525//1163
f 661//1164 529//1164 528//1164
f 661//1165 531//1165 529//1165
f 661//1166 660//1166 531//1166
f 662//1167 522//1167 519//1167
f 662//1168 523//1168 522//1168
f 662//1169 525//1169 523//1169
f 662//1170 661//1170 525//1170
f 663//1171 519//1171 517//1171
f 663//1172 662//1172 519//1172
f 663//1173 517//1173 408//1173
f 664//1174 408//1174 405//1174
f 664//1175 663//1175 408//1175
f 664//1176 405//1176 403//1176
f 665//1177 664//1177 403//1177
f 666//1178 403//1178 401//1178
f 666//1179 665//1179 403//1179
f 667//1180 401//1180 397//1180
f 667//1181 666//1181 401//1181
f 668//1182 397//1182 395//1182
f 668//1183 667//1183 397//1183
f 669//1184 395//1184 392//1184
f 669//1185 668//1185 395//1185
f 670//1186 392//1186 390//1186
f 670//1187 390//1187 389//1187
f 670//1188 669//1188 392//1188
f 671//1189 389//1189 386//1189
f 671//1190 670//1190 389//1190
f 672//1191 671//1191 386//1191
f 518//1192 391//1192 394//1192
f 518//1193 520//1193 391//1193
f 515//1194 518//1194 394//1194
f 514//1195 515//1195 394//1195
f 673//1196 386//1196 391//1196
f 673//1197 520//1197 521//1197
f 673//1198 672//1198 386//1198
f 673//1199 391//1199 520//1199
f 512//1200 394//1200 396//1200
f 512//1201 514//1201 394//1201
f 509//1202 512//1202 396//1202
f 508//1203 509//1203 396//1203
f 674//1204 521//1204 524//1204
f 674//1205 524//1205 526//1205
f 674//1206 526//1206 527//1206
f 674//1207 673//1207 521//1207
f 506//1208 396//1208 398//1208
f 506//1209 508//1209 396//1209
f 503//1210 506//1210 398//1210
f 402//1211 503//1211 398//1211
f 675//1212 527//1212 530//1212
f 675//1213 530//1213 532//1213
f 675//1214 532//1214 533//1214
f 675//1215 674//1215 527//1215
f 502//1216 503//1216 402//1216
f 676//1217 533//1217 536//1217
f 676//1218 675//1218 533//1218
f 500//1219 502//1219 402//1219
f 500//1220 402//1220 404//1220
f 499//1221 500//1221 404//1221
f 407//1222 499//1222 404//1222
f 677//1223 676//1223 536//1223
f 677//1224 536//1224 539//1224
f 677//1225 539//1225 540//1225
f 496//1226 499//1226 407//1226
f 409//1227 496//1227 407//1227
f 678//1228 677//1228 540//1228
f 678//1229 540//1229 543//1229
f 678//1230 543//1230 544//1230
f 495//1231 496//1231 409//1231
f 417//1232 495//1232 409//1232
f 679//1233 678//1233 544//1233
f 679//1234 544//1234 548//1234
f 491//1235 495//1235 417//1235
f 680//1236 679//1236 548//1236
f 680//1237 548//1237 549//1237
f 680//1238 549//1238 550//1238
f 655//1239 680//1239 550//1239
f 655//1240 550//1240 547//1240
f 681//1241 440//1241 444//1241
f 681//1242 682//1242 440//1242
f 683//1243 444//1243 445//1243
f 683//1244 445//1244 446//1244
f 683//1245 681//1245 444//1245
f 684//1246 683//1246 446//1246
f 685//1247 446//1247 447//1247
f 685//1248 447//1248 448//1248
f 685//1249 684//1249 446//1249
f 686//1250 448//1250 449//1250
f 686//1251 685//1251 448//1251
f 687//1252 686//1252 449//1252
f 688//1253 449//1253 450//1253
f 688//1254 687//1254 449//1254
f 689//1255 450//1255 437//1255
f 689//1256 688//1256 450//1256
f 690//1257 437//1257 433//1257
f 690//1258 433//1258 429//1258
f 690//1259 689//1259 437//1259
f 691//1260 690//1260 429//1260
f 692//1261 691//1261 429//1261
f 692//1262 429//1262 427//1262
f 693//1263 692//1263 427//1263
f 693//1264 427//1264 424//1264
f 694//1265 693//1265 424//1265
f 694//1266 424//1266 421//1266
f 695//1267 694//1267 421//1267
f 695//1268 421//1268 419//1268
f 696//1269 419//1269 415//1269
f 696//1270 695//1270 419//1270
f 696//1271 415//1271 414//1271
f 697//1272 414//1272 411//1272
f 697//1273 696//1273 414//1273
f 698//1274 697//1274 411//1274
f 699//1275 411//1275 418//1275
f 699//1276 698//1276 411//1276
f 700//1277 418//1277 420//1277
f 700//1278 420//1278 422//1278
f 700//1279 699//1279 418//1279
f 701//1280 700//1280 422//1280
f 702//1281 422//1281 426//1281
f 702//1282 701//1282 422//1282
f 703//1283 426//1283 428//1283
f 703//1284 702//1284 426//1284
f 704//1285 428//1285 431//1285
f 704//1286 703//1286 428//1286
f 705//1287 431//1287 435//1287
f 705//1288 704//1288 431//1288
f 706//1289 435//1289 438//1289
f 706//1290 438//1290 440//1290
f 706//1291 705//1291 435//1291
f 682//1292 706//1292 440//1292
f 707//1293 552//1293 551//1293
f 707//1294 576//1294 552//1294
f 708//1295 551//1295 553//1295
f 708//1296 553//1296 554//1296
f 708//1297 707//1297 551//1297
f 709//1298 554//1298 555//1298
f 709//1299 555//1299 556//1299
f 709//1300 708//1300 554//1300
f 710//1301 711//1301 707//1301
f 710//1302 712//1302 711//1302
f 710//1303 707//1303 708//1303
f 713//1304 556//1304 557//1304
f 713//1305 557//1305 558//1305
f 713//1306 709//1306 556//1306
f 714//1307 712//1307 710//1307
f 714//1308 710//1308 708//1308
f 714//1309 708//1309 709//1309
f 715//1310 558//1310 559//1310
f 715//1311 559//1311 560//1311
f 715//1312 713//1312 558//1312
f 716//1313 712//1313 714//1313
f 716//1314 714//1314 709//1314
f 716//1315 709//1315 713//1315
f 717//1316 560//1316 561//1316
f 717//1317 561//1317 562//1317
f 717//1318 715//1318 560//1318
f 718//1319 715//1319 717//1319
f 718//1320 716//1320 713//1320
f 718//1321 712//1321 716//1321
f 718//1322 713//1322 715//1322
f 719//1323 562//1323 563//1323
f 719//1324 563//1324 564//1324
f 719//1325 717//1325 562//1325
f 720//1326 712//1326 718//1326
f 720//1327 718//1327 717//1327
f 721//1328 564//1328 565//1328
f 721//1329 565//1329 566//1329
f 721//1330 719//1330 564//1330
f 722//1331 720//1331 717//1331
f 722//1332 712//1332 720//1332
f 722//1333 719//1333 721//1333
f 722//1334 717//1334 719//1334
f 723//1335 566//1335 567//1335
f 723//1336 567//1336 568//1336
f 723//1337 721//1337 566//1337
f 724//1338 722//1338 721//1338
f 724//1339 712//1339 722//1339
f 725//1340 568//1340 569//1340
f 725//1341 569//1341 570//1341
f 725//1342 723//1342 568//1342
f 726//1343 724//1343 721//1343
f 726//1344 721//1344 723//1344
f 726//1345 712//1345 724//1345
f 727//1346 570//1346 571//1346
f 727//1347 571//1347 572//1347
f 727//1348 725//1348 570//1348
f 728//1349 726//1349 723//1349
f 728//1350 712//1350 726//1350
f 728//1351 723//1351 725//1351
f 729//1352 572//1352 573//1352
f 729//1353 573//1353 574//1353
f 729//1354 727//1354 572//1354
f 730//1355 712//1355 728//1355
f 730//1356 725//1356 727//1356
f 730//1357 727//1357 729//1357
f 730//1358 728//1358 725//1358
f 731//1359 729//1359 574//1359
f 731//1360 574//1360 575//1360
f 731//1361 575//1361 576//1361
f 731//1362 576//1362 707//1362
f 732//1363 712//1363 730//1363
f 732//1364 730//1364 729//1364
f 733//1365 729//1365 731//1365
f 733//1366 707//1366 711//1366
f 733//1367 731//1367 707//1367
f 733//1368 732//1368 729//1368
f 733//1369 711//1369 712//1369
f 733//1370 712//1370 732//1370
f 734//1371 578//1371 577//1371
f 734//1372 602//1372 578//1372
f 735//1373 577//1373 579//1373
f 735//1374 579//1374 580//1374
f 735//1375 734//1375 577//1375
f 736//1376 580//1376 581//1376
f 736//1377 581//1377 582//1377
f 736//1378 735//1378 580//1378
f 737//1379 738//1379 734//1379
f 737//1380 739//1380 738//1380
f 737//1381 734//1381 735//1381
f 740//1382 582//1382 583//1382
f 740//1383 583//1383 584//1383
f 740//1384 736//1384 582//1384
f 741//1385 739//1385 737//1385
f 741//1386 737//1386 735//1386
f 741//1387 735//1387 736//1387
f 742//1388 584//1388 585//1388
f 742//1389 585//1389 586//1389
f 742//1390 740//1390 584//1390
f 743//1391 739//1391 741//1391
f 743//1392 741//1392 736//1392
f 743//1393 736//1393 740//1393
f 744//1394 586//1394 587//1394
f 744//1395 587//1395 588//1395
f 744//1396 742//1396 586//1396
f 745//1397 742//1397 744//1397
f 745//1398 743//1398 740//1398
f 745//1399 739//1399 743//1399
f 745//1400 740//1400 742//1400
f 746//1401 588//1401 589//1401
f 746//1402 589//1402 590//1402
f 746//1403 744//1403 588//1403
f 747//1404 739//1404 745//1404
f 747//1405 745//1405 744//1405
f 748//1406 590//1406 591//1406
f 748//1407 591//1407 592//1407
f 748//1408 746//1408 590//1408
f 749//1409 747//1409 744//1409
f 749//1410 739//1410 747//1410
f 749//1411 746//1411 748//1411
f 749//1412 744//1412 746//1412
f 750//1413 592//1413 593//1413
f 750//1414 593//1414 594//1414
f 750//1415 748//1415 592//1415
f 751//1416 749//1416 748//1416
f 751//1417 739//1417 749//1417
f 752//1418 594//1418 595//1418
f 752//1419 595//1419 596//1419
f 752//1420 750//1420 594//1420
f 753//1421 751//1421 748//1421
f 753//1422 748//1422 750//1422
f 753//1423 739//1423 751//1423
f 754//1424 596//1424 597//1424
f 754//1425 597//1425 598//1425
f 754//1426 752//1426 596//1426
f 755//1427 753//1427 750//1427
f 755//1428 739//1428 753//1428
f 755//1429 750//1429 752//1429
f 756//1430 598//1430 599//1430
f 756//1431 599//1431 600//1431
f 756//1432 754//1432 598//1432
f 757//1433 739//1433 755//1433
f 757//1434 752//1434 754//1434
f 757//1435 754//1435 756//1435
f 757//1436 755//1436 752//1436
f 758//1437 756//1437 600//1437
f 758//1438 600//1438 601//1438
f 758//1439 601//1439 602//1439
f 758//1440 602//1440 734//1440
f 759//1441 739//1441 757//1441
f 759//1442 757//1442 756//1442
f 760//1443 756//1443 758//1443
f 760//1444 734//1444 738//1444
f 760//1445 758//1445 734//1445
f 760//1446 759//1446 756//1446
f 760//1447 738//1447 739//1447
f 760//1448 739//1448 759//1448
f 761//1449 604//1449 603//1449
f 761//1450 628//1450 604//1450
f 762//1451 603//1451 605//1451
f 762//1452 605//1452 606//1452
f 762//1453 761//1453 603//1453
f 763//1454 606//1454 607//1454
f 763//1455 607//1455 608//1455
f 763//1456 762//1456 606//1456
f 764//1457 765//1457 761//1457
f 764//1458 766//1458 765//1458
f 764//1459 761//1459 762//1459
f 767//1460 608//1460 609//1460
f 767//1461 609//1461 610//1461
f 767//1462 763//1462 608//1462
f 768//1463 766//1463 764//1463
f 768//1464 764//1464 762//1464
f 768//1465 762//1465 763//1465
f 769//1466 610//1466 611//1466
f 769//1467 611//1467 612//1467
f 769//1468 767//1468 610//1468
f 770//1469 766//1469 768//1469
f 770//1470 768//1470 763//1470
f 770//1471 763//1471 767//1471
f 771//1472 612//1472 613//1472
f 771//1473 613//1473 614//1473
f 771//1474 769//1474 612//1474
f 772//1475 770//1475 767//1475
f 772//1476 766//1476 770//1476
f 772//1477 767//1477 769//1477
f 773//1478 614//1478 615//1478
f 773//1479 615//1479 616//1479
f 773//1480 771//1480 614//1480
f 774//1481 772//1481 769//1481
f 774//1482 766//1482 772//1482
f 774//1483 769//1483 771//1483
f 774//1484 771//1484 773//1484
f 775//1485 616//1485 617//1485
f 775//1486 617//1486 618//1486
f 775//1487 773//1487 616//1487
f 776//1488 774//1488 773//1488
f 776//1489 766//1489 774//1489
f 777//1490 618//1490 619//1490
f 777//1491 619//1491 620//1491
f 777//1492 775//1492 618//1492
f 778//1493 773//1493 775//1493
f 778//1494 766//1494 776//1494
f 778//1495 776//1495 773//1495
f 779//1496 620//1496 621//1496
f 779//1497 621//1497 622//1497
f 779//1498 777//1498 620//1498
f 780//1499 766//1499 778//1499
f 780//1500 778//1500 775//1500
f 780//1501 775//1501 777//1501
f 781//1502 622//1502 623//1502
f 781//1503 623//1503 624//1503
f 781//1504 779//1504 622//1504
f 782//1505 777//1505 779//1505
f 782//1506 766//1506 780//1506
f 782//1507 780//1507 777//1507
f 783//1508 624//1508 625//1508
f 783//1509 625//1509 626//1509
f 783//1510 781//1510 624//1510
f 784//1511 782//1511 779//1511
f 784//1512 766//1512 782//1512
f 784//1513 779//1513 781//1513
f 784//1514 781//1514 783//1514
f 785//1515 783//1515 626//1515
f 785//1516 626//1516 627//1516
f 785//1517 627//1517 628//1517
f 785//1518 628//1518 761//1518
f 786//1519 766//1519 784//1519
f 786//1520 783//1520 785//1520
f 786//1521 784//1521 783//1521
f 787//1522 761//1522 765//1522
f 787//1523 785//1523 761//1523
f 787//1524 765//1524 766//1524
f 787//1525 786//1525 785//1525
f 787//1526 766//1526 786//1526
f 788//1527 630//1527 629//1527
f 788//1528 654//1528 630//1528
f 789//1529 629//1529 631//1529
f 789//1530 631//1530 632//1530
f 789//1531 788//1531 629//1531
f 790//1532 632//1532 633//1532
f 790//1533 633//1533 634//1533
f 790//1534 789//1534 632//1534
f 791//1535 792//1535 788//1535
f 791//1536 793//1536 792//1536
f 791//1537 788//1537 789//1537
f 794//1538 634//1538 635//1538
f 794//1539 635//1539 636//1539
f 794//1540 790//1540 634//1540
f 795//1541 793//1541 791//1541
f 795//1542 791//1542 789//1542
f 795//1543 789//1543 790//1543
f 796//1544 636//1544 637//1544
f 796//1545 637//1545 638//1545
f 796//1546 794//1546 636//1546
f 797//1547 793//1547 795//1547
f 797//1548 795//1548 790//1548
f 797//1549 790//1549 794//1549
f 798//1550 638//1550 639//1550
f 798//1551 639//1551 640//1551
f 798//1552 796//1552 638//1552
f 799//1553 796//1553 798//1553
f 799//1554 797//1554 794//1554
f 799//1555 793//1555 797//1555
f 799//1556 794//1556 796//1556
f 800//1557 640//1557 641//1557
f 800//1558 641//1558 642//1558
f 800//1559 798//1559 640//1559
f 801//1560 793//1560 799//1560
f 801//1561 799//1561 798//1561
f 802//1562 642//1562 643//1562
f 802//1563 643//1563 644//1563
f 802//1564 800//1564 642//1564
f 803//1565 801//1565 798//1565
f 803//1566 793//1566 801//1566
f 803//1567 800//1567 802//1567
f 803//1568 798//1568 800//1568
f 804//1569 644//1569 645//1569
f 804//1570 645//1570 646//1570
f 804//1571 802//1571 644//1571
f 805//1572 803//1572 802//1572
f 805//1573 793//1573 803//1573
f 806//1574 646//1574 647//1574
f 806//1575 647//1575 648//1575
f 806//1576 804//1576 646//1576
f 807//1577 805//1577 802//1577
f 807//1578 802//1578 804//1578
f 807//1579 793//1579 805//1579
f 808//1580 648//1580 649//1580
f 808//1581 649//1581 650//1581
f 808//1582 806//1582 648//1582
f 809//1583 807//1583 804//1583
f 809//1584 793//1584 807//1584
f 809//1585 804//1585 806//1585
f 810//1586 650//1586 651//1586
f 810//1587 651//1587 652//1587
f 810//1588 808//1588 650//1588
f 811//1589 793//1589 809//1589
f 811//1590 806//1590 808//1590
f 811//1591 808//1591 810//1591
f 811//1592 809//1592 806//1592
f 812//1593 810//1593 652//1593
f 812//1594 652//1594 653//1594
f 812//1595 653//1595 654//1595
f 812//1596 654//1596 788//1596
f 813//1597 793//1597 811//1597
f 813//1598 811//1598 810//1598
f 814//1599 810//1599 812//1599
f 814//1600 788//1600 792//1600
f 814//1601 812//1601 788//1601
f 814//1602 813//1602 810//1602
f 814//1603 792//1603 793//1603
f 814//1604 793//1604 813//1604
f 815//1605 655//1605 656//1605
f 815//1606 680//1606 655//1606
f 816//1607 656//1607 657//1607
f 816//1608 657//1608 658//1608
f 816//1609 815//1609 656//1609
f 817//1610 658//1610 659//1610
f 817//1611 659//1611 660//1611
f 817//1612 816//1612 658//1612
f 818//1613 819//1613 815//1613
f 818//1614 820//1614 819//1614
f 818//1615 815//1615 816//1615
f 821//1616 660//1616 661//1616
f 821//1617 661//1617 662//1617
f 821//1618 817//1618 660//1618
f 822//1619 820//1619 818//1619
f 822//1620 818//1620 816//1620
f 822//1621 817//1621 821//1621
f 822//1622 816//1622 817//1622
f 823//1623 662//1623 663//1623
f 823//1624 663//1624 664//1624
f 823//1625 821//1625 662//1625
f 824//1626 820//1626 822//1626
f 824//1627 822//1627 821//1627
f 825//1628 664//1628 665//1628
f 825//1629 665//1629 666//1629
f 825//1630 823//1630 664//1630
f 826//1631 823//1631 825//1631
f 826//1632 820//1632 824//1632
f 826//1633 821//1633 823//1633
f 826//1634 824//1634 821//1634
f 827//1635 666//1635 667//1635
f 827//1636 667//1636 668//1636
f 827//1637 825//1637 666//1637
f 828//1638 826//1638 825//1638
f 828//1639 820//1639 826//1639
f 829//1640 668//1640 669//1640
f 829//1641 669//1641 670//1641
f 829//1642 827//1642 668//1642
f 830//1643 828//1643 825//1643
f 830//1644 820//1644 828//1644
f 830//1645 825//1645 827//1645
f 831//1646 670//1646 671//1646
f 831//1647 671//1647 672//1647
f 831//1648 829//1648 670//1648
f 832//1649 830//1649 827//1649
f 832//1650 827//1650 829//1650
f 832//1651 820//1651 830//1651
f 833//1652 672//1652 673//1652
f 833//1653 673//1653 674//1653
f 833//1654 831//1654 672//1654
f 834//1655 832//1655 829//1655
f 834//1656 829//1656 831//1656
f 834//1657 831//1657 833//1657
f 834//1658 820//1658 832//1658
f 835//1659 833//1659 674//1659
f 835//1660 674//1660 675//1660
f 835//1661 675//1661 676//1661
f 836//1662 833//1662 835//1662
f 836//1663 834//1663 833//1663
f 836//1664 820//1664 834//1664
f 837//1665 676//1665 677//1665
f 837//1666 677//1666 678//1666
f 837//1667 835//1667 676//1667
f 838//1668 836//1668 835//1668
f 838//1669 820//1669 836//1669
f 839//1670 837//1670 678//1670
f 839//1671 678//1671 679//1671
f 839//1672 679//1672 680//1672
f 839//1673 680//1673 815//1673
f 840//1674 835//1674 837//1674
f 840//1675 838//1675 835//1675
f 840//1676 820//1676 838//1676
f 841//1677 837//1677 839//1677
f 841//1678 840//1678 837//1678
f 841//1679 815//1679 819//1679
f 841//1680 839//1680 815//1680
f 841//1681 819//1681 820//1681
f 841//1682 820//1682 840//1682
f 842//1683 682//1683 681//1683
f 842//1684 706//1684 682//1684
f 843//1685 681//1685 683//1685
f 843//1686 683//1686 684//1686
f 843//1687 842//1687 681//1687
f 844//1688 684//1688 685//1688
f 844//1689 685//1689 686//1689
f 844//1690 843//1690 684//1690
f 845//1691 846//1691 842//1691
f 845//1692 847//1692 846//1692
f 845//1693 842//1693 843//1693
f 848//1694 686//1694 687//1694
f 848//1695 687//1695 688//1695
f 848//1696 844//1696 686//1696
f 849//1697 847//1697 845//1697
f 849//1698 845//1698 843//1698
f 849//1699 843//1699 844//1699
f 850//1700 688//1700 689//1700
f 850//1701 689//1701 690//1701
f 850//1702 848//1702 688//1702
f 851//1703 847//1703 849//1703
f 851//1704 849//1704 844//1704
f 851//1705 844//1705 848//1705
f 852//1706 690//1706 691//1706
f 852//1707 691//1707 692//1707
f 852//1708 850//1708 690//1708
f 853//1709 850//1709 852//1709
f 853//1710 851//1710 848//1710
f 853//1711 847//1711 851//1711
f 853//1712 848//1712 850//1712
f 854//1713 692//1713 693//1713
f 854//1714 693//1714 694//1714
f 854//1715 852//1715 692//1715
f 855//1716 847//1716 853//1716
f 855//1717 853//1717 852//1717
f 856//1718 694//1718 695//1718
f 856//1719 695//1719 696//1719
f 856//1720 854//1720 694//1720
f 857//1721 855//1721 852//1721
f 857//1722 847//1722 855//1722
f 857//1723 854//1723 856//1723
f 857//1724 852//1724 854//1724
f 858//1725 696//1725 697//1725
f 858//1726 697//1726 698//1726
f 858//1727 856//1727 696//1727
f 859//1728 857//1728 856//1728
f 859//1729 847//1729 857//1729
f 860//1730 698//1730 699//1730
f 860//1731 699//1731 700//1731
f 860//1732 858//1732 698//1732
f 861//1733 859//1733 856//1733
f 861//1734 856//1734 858//1734
f 861//1735 847//1735 859//1735
f 862//1736 700//1736 701//1736
f 862//1737 701//1737 702//1737
f 862//1738 860//1738 700//1738
f 863//1739 861//1739 858//1739
f 863//1740 847//1740 861//1740
f 863//1741 858//1741 860//1741
f 864//1742 702//1742 703//1742
f 864//1743 703//1743 704//1743
f 864//1744 862//1744 702//1744
f 865//1745 847//1745 863//1745
f 865//1746 860//1746 862//1746
f 865//1747 862//1747 864//1747
f 865//1748 863//1748 860//1748
f 866//1749 864//1749 704//1749
f 866//1750 704//1750 705//1750
f 866//1751 705//1751 706//1751
f 866//1752 706//1752 842//1752
f 867//1753 847//1753 865//1753
f 867//1754 865//1754 864//1754
f 868//1755 864//1755 866//1755
f 868//1756 842//1756 846//1756
f 868//1757 866//1757 842//1757
f 868//1758 867//1758 864//1758
f 868//1759 846//1759 847//1759
f 868//1760 847//1760 867//1760
