mtllib fath_093we301n08.mtl
o fath_093we301n08_1
v 15 5 -6.8
v 15 1.3 -10.5
v 13.175 5 -7.006
v 13.835 1.3 -10.653
v 11.442 5 -7.612
v 12.75 1.3 -11.103
v 9.887 5 -8.589
v 11.818 1.3 -11.818
v 8.589 5 -9.887
v 11.103 1.3 -12.75
v 7.612 5 -11.442
v 10.653 1.3 -13.835
v 7.006 5 -13.175
v 10.5 1.3 -15
v 6.8 5 -15
v 7.006 5 -16.825
v 10.653 1.3 -16.165
v 7.612 5 -18.558
v 11.103 1.3 -17.25
v 8.589 5 -20.113
v 11.818 1.3 -18.182
v 9.887 5 -21.411
v 12.75 1.3 -18.897
v 11.442 5 -22.388
v 13.835 1.3 -19.347
v 13.175 5 -22.994
v 15 1.3 -19.5
v 15 5 -23.2
v 6.8 15 -5
v 10.5 15 -1.3
v 7.006 13.175 -5
v 10.653 13.835 -1.3
v 7.612 11.442 -5
v 11.103 12.75 -1.3
v 8.589 9.887 -5
v 11.818 11.818 -1.3
v 9.887 8.589 -5
v 12.75 11.103 -1.3
v 11.442 7.612 -5
v 13.835 10.653 -1.3
v 13.175 7.006 -5
v 15 10.5 -1.3
v 15 6.8 -5
v 16.825 7.006 -5
v 16.165 10.653 -1.3
v 18.558 7.612 -5
v 17.25 11.103 -1.3
v 20.113 8.589 -5
v 18.182 11.818 -1.3
v 21.411 9.887 -5
v 18.897 12.75 -1.3
v 22.388 11.442 -5
v 19.347 13.835 -1.3
v 22.994 13.175 -5
v 19.5 15 -1.3
v 23.2 15 -5
v 5 15 -23.2
v 1.3 15 -19.5
v 5 13.175 -22.994
v 1.3 13.835 -19.347
v 5 11.442 -22.388
v 1.3 12.75 -18.897
v 5 9.887 -21.411
v 1.3 11.818 -18.182
v 5 8.589 -20.113
v 1.3 11.103 -17.25
v 5 7.612 -18.558
v 1.3 10.653 -16.165
v 5 7.006 -16.825
v 1.3 10.5 -15
v 5 6.8 -15
v 5 7.006 -13.175
v 1.3 10.653 -13.835
v 5 7.612 -11.442
v 1.3 11.103 -12.75
v 5 8.589 -9.887
v 1.3 11.818 -11.818
v 5 9.887 -8.589
v 1.3 12.75 -11.103
v 5 11.442 -7.612
v 1.3 13.835 -10.653
v 5 13.175 -7.006
v 1.3 15 -10.5
v 5 15 -6.8
v -2.2 22.342 -2.742
v -2.2 22.303 -2.746
v -2.195 22.342 -2.687
v -2.181 22.225 -2.659
v -2.18 22.342 -2.635
v -2.154 22.342 -2.582
v -2.2 22.265 -2.757
v -2.2 22.23 -2.776
v -2.195 22.162 -2.762
v -2.2 22.2 -2.8
v -2.181 22.126 -2.726
v -2.155 22.089 -2.689
v -2.119 22.187 -2.568
v -2.12 22.056 -2.656
v -2.026 22.08 -2.549
v -2.076 22.029 -2.629
v -2.026 22.008 -2.608
v -1.974 21.995 -2.595
v -1.974 22.069 -2.534
v -2.025 22.161 -2.505
v -1.973 22.154 -2.488
v -2.024 22.249 -2.478
v -1.971 22.246 -2.46
v -2.022 22.342 -2.468
v -1.968 22.342 -2.45
v -1.922 21.989 -2.589
v -1.922 22.064 -2.527
v -1.92 22.151 -2.481
v -1.918 22.245 -2.452
v -1.916 22.342 -2.442
v -2.073 22.342 -2.497
v -2.118 22.342 -2.535
v -2.2 22.758 -2.942
v -2.2 22.754 -2.903
v -2.195 22.813 -2.942
v -2.181 22.841 -2.825
v -2.18 22.865 -2.942
v -2.154 22.918 -2.942
v -2.2 22.743 -2.865
v -2.2 22.724 -2.83
v -2.195 22.738 -2.762
v -2.2 22.7 -2.8
v -2.181 22.774 -2.726
v -2.155 22.811 -2.689
v -2.119 22.932 -2.787
v -2.12 22.844 -2.656
v -2.026 22.951 -2.68
v -2.076 22.871 -2.629
v -2.026 22.892 -2.608
v -1.974 22.905 -2.595
v -1.974 22.966 -2.669
v -2.025 22.995 -2.761
v -1.973 23.012 -2.754
v -2.024 23.022 -2.849
v -1.971 23.04 -2.846
v -2.022 23.032 -2.942
v -1.968 23.05 -2.942
v -1.922 22.911 -2.589
v -1.922 22.973 -2.664
v -1.92 23.019 -2.751
v -1.918 23.048 -2.845
v -1.916 23.058 -2.942
v -2.073 23.003 -2.942
v -2.118 22.965 -2.942
v -2.2 22.142 -4.158
v -2.2 22.146 -4.197
v -2.195 22.087 -4.158
v -2.181 22.059 -4.275
v -2.18 22.035 -4.158
v -2.154 21.982 -4.158
v -2.2 22.157 -4.235
v -2.2 22.176 -4.27
v -2.195 22.162 -4.338
v -2.2 22.2 -4.3
v -2.181 22.126 -4.374
v -2.155 22.089 -4.411
v -2.119 21.968 -4.313
v -2.12 22.056 -4.444
v -2.026 21.949 -4.42
v -2.076 22.029 -4.471
v -2.026 22.008 -4.492
v -1.974 21.995 -4.505
v -1.974 21.934 -4.431
v -2.025 21.905 -4.339
v -1.973 21.888 -4.346
v -2.024 21.878 -4.251
v -1.971 21.86 -4.254
v -2.022 21.868 -4.158
v -1.968 21.85 -4.158
v -1.922 21.989 -4.511
v -1.922 21.927 -4.436
v -1.92 21.881 -4.349
v -1.918 21.852 -4.255
v -1.916 21.842 -4.158
v -2.073 21.897 -4.158
v -2.118 21.935 -4.158
v -2.2 22.558 -4.358
v -2.2 22.597 -4.354
v -2.195 22.558 -4.413
v -2.181 22.675 -4.441
v -2.18 22.558 -4.465
v -2.154 22.558 -4.518
v -2.2 22.635 -4.343
v -2.2 22.67 -4.324
v -2.195 22.738 -4.338
v -2.2 22.7 -4.3
v -2.181 22.774 -4.374
v -2.155 22.811 -4.411
v -2.119 22.713 -4.532
v -2.12 22.844 -4.444
v -2.026 22.82 -4.551
v -2.076 22.871 -4.471
v -2.026 22.892 -4.492
v -1.974 22.905 -4.505
v -1.974 22.831 -4.566
v -2.025 22.739 -4.595
v -1.973 22.746 -4.612
v -2.024 22.651 -4.622
v -1.971 22.654 -4.64
v -2.022 22.558 -4.632
v -1.968 22.558 -4.65
v -1.922 22.911 -4.511
v -1.922 22.836 -4.573
v -1.92 22.749 -4.619
v -1.918 22.655 -4.648
v -1.916 22.558 -4.658
v -2.073 22.558 -4.603
v -2.118 22.558 -4.565
v -2.2 2.942 -22.142
v -2.2 2.903 -22.146
v -2.195 2.942 -22.087
v -2.181 2.825 -22.059
v -2.18 2.942 -22.035
v -2.154 2.942 -21.982
v -2.2 2.865 -22.157
v -2.2 2.83 -22.176
v -2.195 2.762 -22.162
v -2.2 2.8 -22.2
v -2.181 2.726 -22.126
v -2.155 2.689 -22.089
v -2.119 2.787 -21.968
v -2.12 2.656 -22.056
v -2.026 2.68 -21.949
v -2.076 2.629 -22.029
v -2.026 2.608 -22.008
v -1.974 2.595 -21.995
v -1.974 2.669 -21.934
v -2.025 2.761 -21.905
v -1.973 2.754 -21.888
v -2.024 2.849 -21.878
v -1.971 2.846 -21.86
v -2.022 2.942 -21.868
v -1.968 2.942 -21.85
v -1.922 2.589 -21.989
v -1.922 2.664 -21.927
v -1.92 2.751 -21.881
v -1.918 2.845 -21.852
v -1.916 2.942 -21.842
v -2.073 2.942 -21.897
v -2.118 2.942 -21.935
v -2.2 4.358 -22.342
v -2.2 4.354 -22.303
v -2.195 4.413 -22.342
v -2.181 4.441 -22.225
v -2.18 4.465 -22.342
v -2.154 4.518 -22.342
v -2.2 4.343 -22.265
v -2.2 4.324 -22.23
v -2.195 4.338 -22.162
v -2.2 4.3 -22.2
v -2.181 4.374 -22.126
v -2.155 4.411 -22.089
v -2.119 4.532 -22.187
v -2.12 4.444 -22.056
v -2.026 4.551 -22.08
v -2.076 4.471 -22.029
v -2.026 4.492 -22.008
v -1.974 4.505 -21.995
v -1.974 4.566 -22.069
v -2.025 4.595 -22.161
v -1.973 4.612 -22.154
v -2.024 4.622 -22.249
v -1.971 4.64 -22.246
v -2.022 4.632 -22.342
v -1.968 4.65 -22.342
v -1.922 4.511 -21.989
v -1.922 4.573 -22.064
v -1.92 4.619 -22.151
v -1.918 4.648 -22.245
v -1.916 4.658 -22.342
v -2.073 4.603 -22.342
v -2.118 4.565 -22.342
v -2.2 2.742 -22.558
v -2.2 2.746 -22.597
v -2.195 2.687 -22.558
v -2.181 2.659 -22.675
v -2.18 2.635 -22.558
v -2.154 2.582 -22.558
v -2.2 2.757 -22.635
v -2.2 2.776 -22.67
v -2.195 2.762 -22.738
v -2.2 2.8 -22.7
v -2.181 2.726 -22.774
v -2.155 2.689 -22.811
v -2.119 2.568 -22.713
v -2.12 2.656 -22.844
v -2.026 2.549 -22.82
v -2.076 2.629 -22.871
v -2.026 2.608 -22.892
v -1.974 2.595 -22.905
v -1.974 2.534 -22.831
v -2.025 2.505 -22.739
v -1.973 2.488 -22.746
v -2.024 2.478 -22.651
v -1.971 2.46 -22.654
v -2.022 2.468 -22.558
v -1.968 2.45 -22.558
v -1.922 2.589 -22.911
v -1.922 2.527 -22.836
v -1.92 2.481 -22.749
v -1.918 2.452 -22.655
v -1.916 2.442 -22.558
v -2.073 2.497 -22.558
v -2.118 2.535 -22.558
v -2.2 4.158 -22.758
v -2.2 4.197 -22.754
v -2.195 4.158 -22.813
v -2.181 4.275 -22.841
v -2.18 4.158 -22.865
v -2.154 4.158 -22.918
v -2.2 4.235 -22.743
v -2.2 4.27 -22.724
v -2.195 4.338 -22.738
v -2.2 4.3 -22.7
v -2.181 4.374 -22.774
v -2.155 4.411 -22.811
v -2.119 4.313 -22.932
v -2.12 4.444 -22.844
v -2.026 4.42 -22.951
v -2.076 4.471 -22.871
v -2.026 4.492 -22.892
v -1.974 4.505 -22.905
v -1.974 4.431 -22.966
v -2.025 4.339 -22.995
v -1.973 4.346 -23.012
v -2.024 4.251 -23.022
v -1.971 4.254 -23.04
v -2.022 4.158 -23.032
v -1.968 4.158 -23.05
v -1.922 4.511 -22.911
v -1.922 4.436 -22.973
v -1.92 4.349 -23.019
v -1.918 4.255 -23.048
v -1.916 4.158 -23.058
v -2.073 4.158 -23.003
v -2.118 4.158 -22.965
v 4.158 -2.2 -22.142
v 4.197 -2.2 -22.146
v 4.158 -2.195 -22.087
v 4.275 -2.181 -22.059
v 4.158 -2.18 -22.035
v 4.158 -2.154 -21.982
v 4.235 -2.2 -22.157
v 4.27 -2.2 -22.176
v 4.338 -2.195 -22.162
v 4.3 -2.2 -22.2
v 4.374 -2.181 -22.126
v 4.411 -2.155 -22.089
v 4.313 -2.119 -21.968
v 4.444 -2.12 -22.056
v 4.42 -2.026 -21.949
v 4.471 -2.076 -22.029
v 4.492 -2.026 -22.008
v 4.505 -1.974 -21.995
v 4.431 -1.974 -21.934
v 4.339 -2.025 -21.905
v 4.346 -1.973 -21.888
v 4.251 -2.024 -21.878
v 4.254 -1.971 -21.86
v 4.158 -2.022 -21.868
v 4.158 -1.968 -21.85
v 4.511 -1.922 -21.989
v 4.436 -1.922 -21.927
v 4.349 -1.92 -21.881
v 4.255 -1.918 -21.852
v 4.158 -1.916 -21.842
v 4.158 -2.073 -21.897
v 4.158 -2.118 -21.935
v 2.742 -2.2 -22.342
v 2.746 -2.2 -22.303
v 2.687 -2.195 -22.342
v 2.659 -2.181 -22.225
v 2.635 -2.18 -22.342
v 2.582 -2.154 -22.342
v 2.757 -2.2 -22.265
v 2.776 -2.2 -22.23
v 2.762 -2.195 -22.162
v 2.8 -2.2 -22.2
v 2.726 -2.181 -22.126
v 2.689 -2.155 -22.089
v 2.568 -2.119 -22.187
v 2.656 -2.12 -22.056
v 2.549 -2.026 -22.08
v 2.629 -2.076 -22.029
v 2.608 -2.026 -22.008
v 2.595 -1.974 -21.995
v 2.534 -1.974 -22.069
v 2.505 -2.025 -22.161
v 2.488 -1.973 -22.154
v 2.478 -2.024 -22.249
v 2.46 -1.971 -22.246
v 2.468 -2.022 -22.342
v 2.45 -1.968 -22.342
v 2.589 -1.922 -21.989
v 2.527 -1.922 -22.064
v 2.481 -1.92 -22.151
v 2.452 -1.918 -22.245
v 2.442 -1.916 -22.342
v 2.497 -2.073 -22.342
v 2.535 -2.118 -22.342
v 4.358 -2.2 -22.558
v 4.354 -2.2 -22.597
v 4.413 -2.195 -22.558
v 4.441 -2.181 -22.675
v 4.465 -2.18 -22.558
v 4.518 -2.154 -22.558
v 4.343 -2.2 -22.635
v 4.324 -2.2 -22.67
v 4.338 -2.195 -22.738
v 4.3 -2.2 -22.7
v 4.374 -2.181 -22.774
v 4.411 -2.155 -22.811
v 4.532 -2.119 -22.713
v 4.444 -2.12 -22.844
v 4.551 -2.026 -22.82
v 4.471 -2.076 -22.871
v 4.492 -2.026 -22.892
v 4.505 -1.974 -22.905
v 4.566 -1.974 -22.831
v 4.595 -2.025 -22.739
v 4.612 -1.973 -22.746
v 4.622 -2.024 -22.651
v 4.64 -1.971 -22.654
v 4.632 -2.022 -22.558
v 4.65 -1.968 -22.558
v 4.511 -1.922 -22.911
v 4.573 -1.922 -22.836
v 4.619 -1.92 -22.749
v 4.648 -1.918 -22.655
v 4.658 -1.916 -22.558
v 4.603 -2.073 -22.558
v 4.565 -2.118 -22.558
v 2.942 -2.2 -22.758
v 2.903 -2.2 -22.754
v 2.942 -2.195 -22.813
v 2.825 -2.181 -22.841
v 2.942 -2.18 -22.865
v 2.942 -2.154 -22.918
v 2.865 -2.2 -22.743
v 2.83 -2.2 -22.724
v 2.762 -2.195 -22.738
v 2.8 -2.2 -22.7
v 2.726 -2.181 -22.774
v 2.689 -2.155 -22.811
v 2.787 -2.119 -22.932
v 2.656 -2.12 -22.844
v 2.68 -2.026 -22.951
v 2.629 -2.076 -22.871
v 2.608 -2.026 -22.892
v 2.595 -1.974 -22.905
v 2.669 -1.974 -22.966
v 2.761 -2.025 -22.995
v 2.754 -1.973 -23.012
v 2.849 -2.024 -23.022
v 2.846 -1.971 -23.04
v 2.942 -2.022 -23.032
v 2.942 -1.968 -23.05
v 2.589 -1.922 -22.911
v 2.664 -1.922 -22.973
v 2.751 -1.92 -23.019
v 2.845 -1.918 -23.048
v 2.942 -1.916 -23.058
v 2.942 -2.073 -23.003
v 2.942 -2.118 -22.965
v 22.142 -2.2 -2.942
v 22.146 -2.2 -2.903
v 22.087 -2.195 -2.942
v 22.059 -2.181 -2.825
v 22.035 -2.18 -2.942
v 21.982 -2.154 -2.942
v 22.157 -2.2 -2.865
v 22.176 -2.2 -2.83
v 22.162 -2.195 -2.762
v 22.2 -2.2 -2.8
v 22.126 -2.181 -2.726
v 22.089 -2.155 -2.689
v 21.968 -2.119 -2.787
v 22.056 -2.12 -2.656
v 21.949 -2.026 -2.68
v 22.029 -2.076 -2.629
v 22.008 -2.026 -2.608
v 21.995 -1.974 -2.595
v 21.934 -1.974 -2.669
v 21.905 -2.025 -2.761
v 21.888 -1.973 -2.754
v 21.878 -2.024 -2.849
v 21.86 -1.971 -2.846
v 21.868 -2.022 -2.942
v 21.85 -1.968 -2.942
v 21.989 -1.922 -2.589
v 21.927 -1.922 -2.664
v 21.881 -1.92 -2.751
v 21.852 -1.918 -2.845
v 21.842 -1.916 -2.942
v 21.897 -2.073 -2.942
v 21.935 -2.118 -2.942
v 22.342 -2.2 -4.358
v 22.303 -2.2 -4.354
v 22.342 -2.195 -4.413
v 22.225 -2.181 -4.441
v 22.342 -2.18 -4.465
v 22.342 -2.154 -4.518
v 22.265 -2.2 -4.343
v 22.23 -2.2 -4.324
v 22.162 -2.195 -4.338
v 22.2 -2.2 -4.3
v 22.126 -2.181 -4.374
v 22.089 -2.155 -4.411
v 22.187 -2.119 -4.532
v 22.056 -2.12 -4.444
v 22.08 -2.026 -4.551
v 22.029 -2.076 -4.471
v 22.008 -2.026 -4.492
v 21.995 -1.974 -4.505
v 22.069 -1.974 -4.566
v 22.161 -2.025 -4.595
v 22.154 -1.973 -4.612
v 22.249 -2.024 -4.622
v 22.246 -1.971 -4.64
v 22.342 -2.022 -4.632
v 22.342 -1.968 -4.65
v 21.989 -1.922 -4.511
v 22.064 -1.922 -4.573
v 22.151 -1.92 -4.619
v 22.245 -1.918 -4.648
v 22.342 -1.916 -4.658
v 22.342 -2.073 -4.603
v 22.342 -2.118 -4.565
v 22.558 -2.2 -2.742
v 22.597 -2.2 -2.746
v 22.558 -2.195 -2.687
v 22.675 -2.181 -2.659
v 22.558 -2.18 -2.635
v 22.558 -2.154 -2.582
v 22.635 -2.2 -2.757
v 22.67 -2.2 -2.776
v 22.738 -2.195 -2.762
v 22.7 -2.2 -2.8
v 22.774 -2.181 -2.726
v 22.811 -2.155 -2.689
v 22.713 -2.119 -2.568
v 22.844 -2.12 -2.656
v 22.82 -2.026 -2.549
v 22.871 -2.076 -2.629
v 22.892 -2.026 -2.608
v 22.905 -1.974 -2.595
v 22.831 -1.974 -2.534
v 22.739 -2.025 -2.505
v 22.746 -1.973 -2.488
v 22.651 -2.024 -2.478
v 22.654 -1.971 -2.46
v 22.558 -2.022 -2.468
v 22.558 -1.968 -2.45
v 22.911 -1.922 -2.589
v 22.836 -1.922 -2.527
v 22.749 -1.92 -2.481
v 22.655 -1.918 -2.452
v 22.558 -1.916 -2.442
v 22.558 -2.073 -2.497
v 22.558 -2.118 -2.535
v 22.758 -2.2 -4.158
v 22.754 -2.2 -4.197
v 22.813 -2.195 -4.158
v 22.841 -2.181 -4.275
v 22.865 -2.18 -4.158
v 22.918 -2.154 -4.158
v 22.743 -2.2 -4.235
v 22.724 -2.2 -4.27
v 22.738 -2.195 -4.338
v 22.7 -2.2 -4.3
v 22.774 -2.181 -4.374
v 22.811 -2.155 -4.411
v 22.932 -2.119 -4.313
v 22.844 -2.12 -4.444
v 22.951 -2.026 -4.42
v 22.871 -2.076 -4.471
v 22.892 -2.026 -4.492
v 22.905 -1.974 -4.505
v 22.966 -1.974 -4.431
v 22.995 -2.025 -4.339
v 23.012 -1.973 -4.346
v 23.022 -2.024 -4.251
v 23.04 -1.971 -4.254
v 23.032 -2.022 -4.158
v 23.05 -1.968 -4.158
v 22.911 -1.922 -4.511
v 22.973 -1.922 -4.436
v 23.019 -1.92 -4.349
v 23.048 -1.918 -4.255
v 23.058 -1.916 -4.158
v 23.003 -2.073 -4.158
v 22.965 -2.118 -4.158
v 4.158 21.842 1.916
v 4.255 21.852 1.918
v 4.158 21.85 1.968
v 4.254 21.86 1.971
v 4.158 21.868 2.022
v 4.251 21.878 2.024
v 4.158 21.897 2.073
v 4.158 21.935 2.118
v 4.349 21.881 1.92
v 4.346 21.888 1.973
v 4.339 21.905 2.025
v 4.313 21.968 2.119
v 4.42 21.949 2.026
v 4.444 22.056 2.12
v 4.471 22.029 2.076
v 4.436 21.927 1.922
v 4.431 21.934 1.974
v 4.511 21.989 1.922
v 4.505 21.995 1.974
v 4.492 22.008 2.026
v 4.411 22.089 2.155
v 4.275 22.059 2.181
v 4.158 21.982 2.154
v 4.158 22.035 2.18
v 4.374 22.126 2.181
v 4.338 22.162 2.195
v 4.27 22.176 2.2
v 4.3 22.2 2.2
v 4.235 22.157 2.2
v 4.197 22.146 2.2
v 4.158 22.087 2.195
v 4.158 22.142 2.2
v 4.658 22.558 1.916
v 4.648 22.655 1.918
v 4.65 22.558 1.968
v 4.64 22.654 1.971
v 4.632 22.558 2.022
v 4.622 22.651 2.024
v 4.603 22.558 2.073
v 4.565 22.558 2.118
v 4.619 22.749 1.92
v 4.612 22.746 1.973
v 4.595 22.739 2.025
v 4.532 22.713 2.119
v 4.551 22.82 2.026
v 4.444 22.844 2.12
v 4.471 22.871 2.076
v 4.573 22.836 1.922
v 4.566 22.831 1.974
v 4.511 22.911 1.922
v 4.505 22.905 1.974
v 4.492 22.892 2.026
v 4.411 22.811 2.155
v 4.441 22.675 2.181
v 4.518 22.558 2.154
v 4.465 22.558 2.18
v 4.374 22.774 2.181
v 4.338 22.738 2.195
v 4.324 22.67 2.2
v 4.3 22.7 2.2
v 4.343 22.635 2.2
v 4.354 22.597 2.2
v 4.413 22.558 2.195
v 4.358 22.558 2.2
v 2.442 22.342 1.916
v 2.452 22.245 1.918
v 2.45 22.342 1.968
v 2.46 22.246 1.971
v 2.468 22.342 2.022
v 2.478 22.249 2.024
v 2.497 22.342 2.073
v 2.535 22.342 2.118
v 2.481 22.151 1.92
v 2.488 22.154 1.973
v 2.505 22.161 2.025
v 2.568 22.187 2.119
v 2.549 22.08 2.026
v 2.656 22.056 2.12
v 2.629 22.029 2.076
v 2.527 22.064 1.922
v 2.534 22.069 1.974
v 2.589 21.989 1.922
v 2.595 21.995 1.974
v 2.608 22.008 2.026
v 2.689 22.089 2.155
v 2.659 22.225 2.181
v 2.582 22.342 2.154
v 2.635 22.342 2.18
v 2.726 22.126 2.181
v 2.762 22.162 2.195
v 2.776 22.23 2.2
v 2.8 22.2 2.2
v 2.757 22.265 2.2
v 2.746 22.303 2.2
v 2.687 22.342 2.195
v 2.742 22.342 2.2
v 2.942 23.058 1.916
v 2.845 23.048 1.918
v 2.942 23.05 1.968
v 2.846 23.04 1.971
v 2.942 23.032 2.022
v 2.849 23.022 2.024
v 2.942 23.003 2.073
v 2.942 22.965 2.118
v 2.751 23.019 1.92
v 2.754 23.012 1.973
v 2.761 22.995 2.025
v 2.787 22.932 2.119
v 2.68 22.951 2.026
v 2.656 22.844 2.12
v 2.629 22.871 2.076
v 2.664 22.973 1.922
v 2.669 22.966 1.974
v 2.589 22.911 1.922
v 2.595 22.905 1.974
v 2.608 22.892 2.026
v 2.689 22.811 2.155
v 2.825 22.841 2.181
v 2.942 22.918 2.154
v 2.942 22.865 2.18
v 2.726 22.774 2.181
v 2.762 22.738 2.195
v 2.83 22.724 2.2
v 2.8 22.7 2.2
v 2.865 22.743 2.2
v 2.903 22.754 2.2
v 2.942 22.813 2.195
v 2.942 22.758 2.2
v 22.558 2.442 1.916
v 22.655 2.452 1.918
v 22.558 2.45 1.968
v 22.654 2.46 1.971
v 22.558 2.468 2.022
v 22.651 2.478 2.024
v 22.558 2.497 2.073
v 22.558 2.535 2.118
v 22.749 2.481 1.92
v 22.746 2.488 1.973
v 22.739 2.505 2.025
v 22.713 2.568 2.119
v 22.82 2.549 2.026
v 22.844 2.656 2.12
v 22.871 2.629 2.076
v 22.836 2.527 1.922
v 22.831 2.534 1.974
v 22.911 2.589 1.922
v 22.905 2.595 1.974
v 22.892 2.608 2.026
v 22.811 2.689 2.155
v 22.675 2.659 2.181
v 22.558 2.582 2.154
v 22.558 2.635 2.18
v 22.774 2.726 2.181
v 22.738 2.762 2.195
v 22.67 2.776 2.2
v 22.7 2.8 2.2
v 22.635 2.757 2.2
v 22.597 2.746 2.2
v 22.558 2.68 2.193
v 22.558 2.726 2.2
v 22.558 2.742 2.2
v 23.058 4.158 1.916
v 23.048 4.255 1.918
v 23.05 4.158 1.968
v 23.04 4.254 1.971
v 23.032 4.158 2.022
v 23.022 4.251 2.024
v 23.003 4.158 2.073
v 22.965 4.158 2.118
v 23.019 4.349 1.92
v 23.012 4.346 1.973
v 22.995 4.339 2.025
v 22.932 4.313 2.119
v 22.951 4.42 2.026
v 22.844 4.444 2.12
v 22.871 4.471 2.076
v 22.973 4.436 1.922
v 22.966 4.431 1.974
v 22.911 4.511 1.922
v 22.905 4.505 1.974
v 22.892 4.492 2.026
v 22.811 4.411 2.155
v 22.841 4.275 2.181
v 22.918 4.158 2.154
v 22.865 4.158 2.18
v 22.774 4.374 2.181
v 22.738 4.338 2.195
v 22.724 4.27 2.2
v 22.7 4.3 2.2
v 22.743 4.235 2.2
v 22.754 4.197 2.2
v 22.813 4.158 2.195
v 22.758 4.158 2.2
v 21.842 2.942 1.916
v 21.852 2.845 1.918
v 21.85 2.942 1.968
v 21.86 2.846 1.971
v 21.868 2.942 2.022
v 21.878 2.849 2.024
v 21.897 2.942 2.073
v 21.935 2.942 2.118
v 21.881 2.751 1.92
v 21.888 2.754 1.973
v 21.905 2.761 2.025
v 21.968 2.787 2.119
v 21.949 2.68 2.026
v 22.056 2.656 2.12
v 22.029 2.629 2.076
v 21.927 2.664 1.922
v 21.934 2.669 1.974
v 21.989 2.589 1.922
v 21.995 2.595 1.974
v 22.008 2.608 2.026
v 22.089 2.689 2.155
v 22.059 2.825 2.181
v 21.982 2.942 2.154
v 22.035 2.942 2.18
v 22.126 2.726 2.181
v 22.162 2.762 2.195
v 22.176 2.83 2.2
v 22.2 2.8 2.2
v 22.157 2.865 2.2
v 22.146 2.903 2.2
v 22.087 2.942 2.195
v 22.142 2.942 2.2
v 22.342 4.658 1.916
v 22.245 4.648 1.918
v 22.342 4.65 1.968
v 22.246 4.64 1.971
v 22.342 4.632 2.022
v 22.249 4.622 2.024
v 22.342 4.603 2.073
v 22.342 4.565 2.118
v 22.151 4.619 1.92
v 22.154 4.612 1.973
v 22.161 4.595 2.025
v 22.187 4.532 2.119
v 22.08 4.551 2.026
v 22.056 4.444 2.12
v 22.029 4.471 2.076
v 22.064 4.573 1.922
v 22.069 4.566 1.974
v 21.989 4.511 1.922
v 21.995 4.505 1.974
v 22.008 4.492 2.026
v 22.089 4.411 2.155
v 22.225 4.441 2.181
v 22.342 4.518 2.154
v 22.342 4.465 2.18
v 22.126 4.374 2.181
v 22.162 4.338 2.195
v 22.23 4.324 2.2
v 22.2 4.3 2.2
v 22.265 4.343 2.2
v 22.303 4.354 2.2
v 22.342 4.413 2.195
v 22.342 4.358 2.2
v 15 0 -19.5
v 13.835 0 -19.347
v 12.75 0 -18.897
v 11.818 0 -18.182
v 11.103 0 -17.25
v 10.653 0 -16.165
v 10.5 0 -15
v 10.653 0 -13.835
v 11.103 0 -12.75
v 11.818 0 -11.818
v 12.75 0 -11.103
v 13.835 0 -10.653
v 15 0 -10.5
v 0 15 -10.5
v 0 13.835 -10.653
v 0 12.75 -11.103
v 0 11.818 -11.818
v 0 11.103 -12.75
v 0 10.653 -13.835
v 0 10.5 -15
v 0 10.653 -16.165
v 0 11.103 -17.25
v 0 11.818 -18.182
v 0 12.75 -18.897
v 0 13.835 -19.347
v 0 15 -19.5
v 19.5 15 0
v 19.347 13.835 0
v 18.897 12.75 0
v 18.182 11.818 0
v 17.25 11.103 0
v 16.165 10.653 0
v 15 10.5 0
v 13.835 10.653 0
v 12.75 11.103 0
v 11.818 11.818 0
v 11.103 12.75 0
v 10.653 13.835 0
v 10.5 15 0
v 5 5.5 -27.995
v 5 5.5 -7.7
v 5.01 5.402 -27.996
v 5.017 5.371 -7.7
v 5.038 5.309 -27.998
v 5.067 5.25 -7.7
v 5.084 5.223 -27.999
v 5.146 5.146 -7.7
v 5.146 5.146 -28
v 5.223 5.084 -27.999
v 5.25 5.067 -7.7
v 5.309 5.038 -27.998
v 5.371 5.017 -7.7
v 5.402 5.01 -27.996
v 5.5 5 -7.7
v 5.5 5 -27.995
v 0.8 2.011 -11.021
v 0.8 1.955 -11.005
v 0.8 3 -10
v 0.8 1.9 -11
v 0.8 0.8 -10
v 0.8 1.5 -11
v 0.8 1.445 -11.005
v 0.8 2.195 -18.755
v 0.8 2.2 -18.7
v 0.8 3 -20
v 0.8 2.2 -11.3
v 0.8 2.195 -11.245
v 0.8 2.179 -11.189
v 0.8 1.221 -18.811
v 0.8 1.249 -18.864
v 0.8 0.8 -24
v 0.8 1.288 -18.912
v 0.8 2.308 -22.108
v 0.8 1.336 -18.951
v 0.8 2.335 -22.015
v 0.8 1.389 -18.979
v 0.8 2.381 -21.926
v 0.8 1.445 -18.995
v 0.8 2.446 -21.846
v 0.8 1.5 -19
v 0.8 3.034 -20.259
v 0.8 1.9 -19
v 0.8 1.955 -18.995
v 0.8 2.011 -18.979
v 0.8 3.5 -20.866
v 0.8 2.799 -21.7
v 0.8 3.293 -20.707
v 0.8 2.708 -21.708
v 0.8 3.134 -20.5
v 0.8 2.615 -21.735
v 0.8 2.526 -21.781
v 0.8 3.741 -20.966
v 0.8 4.301 -21.7
v 0.8 4 -21
v 0.8 4.392 -21.708
v 0.8 4.719 -21.926
v 0.8 4.654 -21.846
v 0.8 6 -21
v 0.8 4.574 -21.781
v 0.8 4.485 -21.735
v 0.8 4.765 -22.885
v 0.8 4.792 -22.792
v 0.8 6 -24
v 0.8 4.8 -22.701
v 0.8 4.8 -22.199
v 0.8 4.792 -22.108
v 0.8 2.615 -23.165
v 0.8 2.708 -23.192
v 0.8 2.799 -23.2
v 0.8 4.301 -23.2
v 0.8 4.392 -23.192
v 0.8 1.205 -11.245
v 0.8 1.2 -11.3
v 0.8 1.2 -18.7
v 0.8 1.205 -18.755
v 0.8 2.064 -18.951
v 0.8 2.112 -18.912
v 0.8 2.151 -18.864
v 0.8 2.179 -18.811
v 0.8 2.151 -11.136
v 0.8 2.112 -11.088
v 0.8 2.064 -11.049
v 0.8 1.389 -11.021
v 0.8 1.336 -11.049
v 0.8 1.288 -11.088
v 0.8 1.249 -11.136
v 0.8 1.221 -11.189
v 0.8 4.485 -23.165
v 0.8 4.574 -23.119
v 0.8 4.654 -23.054
v 0.8 4.719 -22.974
v 0.8 4.765 -22.015
v 0.8 2.3 -22.199
v 0.8 2.3 -22.701
v 0.8 2.308 -22.792
v 0.8 2.335 -22.885
v 0.8 2.381 -22.974
v 0.8 2.446 -23.054
v 0.8 2.526 -23.119
v 0.8 23.192 -4.392
v 0.8 23.2 -4.301
v 0.8 24 -6
v 0.8 23.2 -2.799
v 0.8 24 -0.8
v 0.8 23.192 -2.708
v 0.8 23.165 -2.615
v 0.8 22.108 -4.792
v 0.8 22.199 -4.8
v 0.8 21 -6
v 0.8 22.701 -4.8
v 0.8 22.792 -4.792
v 0.8 22.885 -4.765
v 0.8 21.708 -4.392
v 0.8 21.735 -4.485
v 0.8 21 -4
v 0.8 21.781 -4.574
v 0.8 21.846 -4.654
v 0.8 21.926 -4.719
v 0.8 21.7 -4.301
v 0.8 20.966 -3.741
v 0.8 21.7 -2.799
v 0.8 20.866 -3.5
v 0.8 20.707 -3.293
v 0.8 21.708 -2.708
v 0.8 20.5 -3.134
v 0.8 21.735 -2.615
v 0.8 20.259 -3.034
v 0.8 21.781 -2.526
v 0.8 21.846 -2.446
v 0.8 18.979 -2.011
v 0.8 18.995 -1.955
v 0.8 20 -3
v 0.8 19 -1.9
v 0.8 19 -1.5
v 0.8 18.995 -1.445
v 0.8 21.926 -2.381
v 0.8 18.979 -1.389
v 0.8 22.015 -2.335
v 0.8 18.951 -1.336
v 0.8 22.108 -2.308
v 0.8 18.912 -1.288
v 0.8 18.864 -1.249
v 0.8 18.811 -1.221
v 0.8 11.245 -2.195
v 0.8 11.3 -2.2
v 0.8 10 -3
v 0.8 18.7 -2.2
v 0.8 18.755 -2.195
v 0.8 18.811 -2.179
v 0.8 11.005 -1.445
v 0.8 11 -1.5
v 0.8 10 -0.8
v 0.8 11 -1.9
v 0.8 11.005 -1.955
v 0.8 11.021 -2.011
v 0.8 18.755 -1.205
v 0.8 18.7 -1.2
v 0.8 11.3 -1.2
v 0.8 11.245 -1.205
v 0.8 23.119 -2.526
v 0.8 23.054 -2.446
v 0.8 22.974 -2.381
v 0.8 22.885 -2.335
v 0.8 22.792 -2.308
v 0.8 22.701 -2.3
v 0.8 22.199 -2.3
v 0.8 22.015 -4.765
v 0.8 22.974 -4.719
v 0.8 23.054 -4.654
v 0.8 23.119 -4.574
v 0.8 23.165 -4.485
v 0.8 11.189 -1.221
v 0.8 11.136 -1.249
v 0.8 11.088 -1.288
v 0.8 11.049 -1.336
v 0.8 11.021 -1.389
v 0.8 11.049 -2.064
v 0.8 11.088 -2.112
v 0.8 11.136 -2.151
v 0.8 11.189 -2.179
v 0.8 18.864 -2.151
v 0.8 18.912 -2.112
v 0.8 18.951 -2.064
v 2.615 23.165 -0.8
v 2.708 23.192 -0.8
v 2.799 23.2 -0.8
v 6 24 -0.8
v 4.301 23.2 -0.8
v 4.392 23.192 -0.8
v 1.205 11.245 -0.8
v 1.2 11.3 -0.8
v 1.2 18.7 -0.8
v 1.205 18.755 -0.8
v 1.221 18.811 -0.8
v 2.011 11.021 -0.8
v 1.955 11.005 -0.8
v 3 10 -0.8
v 1.9 11 -0.8
v 1.5 11 -0.8
v 1.445 11.005 -0.8
v 2.179 18.811 -0.8
v 2.195 18.755 -0.8
v 3 20 -0.8
v 2.2 18.7 -0.8
v 2.2 11.3 -0.8
v 2.195 11.245 -0.8
v 1.249 18.864 -0.8
v 1.288 18.912 -0.8
v 2.308 22.108 -0.8
v 1.336 18.951 -0.8
v 2.335 22.015 -0.8
v 1.389 18.979 -0.8
v 2.381 21.926 -0.8
v 1.445 18.995 -0.8
v 2.446 21.846 -0.8
v 1.5 19 -0.8
v 3.034 20.259 -0.8
v 1.9 19 -0.8
v 1.955 18.995 -0.8
v 2.011 18.979 -0.8
v 3.5 20.866 -0.8
v 2.799 21.7 -0.8
v 3.293 20.707 -0.8
v 2.708 21.708 -0.8
v 3.134 20.5 -0.8
v 2.615 21.735 -0.8
v 2.526 21.781 -0.8
v 3.741 20.966 -0.8
v 4.301 21.7 -0.8
v 4 21 -0.8
v 4.392 21.708 -0.8
v 4.719 21.926 -0.8
v 4.654 21.846 -0.8
v 6 21 -0.8
v 4.574 21.781 -0.8
v 4.485 21.735 -0.8
v 4.765 22.885 -0.8
v 4.792 22.792 -0.8
v 4.8 22.701 -0.8
v 4.8 22.199 -0.8
v 4.792 22.108 -0.8
v 2.3 22.199 -0.8
v 2.3 22.701 -0.8
v 2.308 22.792 -0.8
v 2.335 22.885 -0.8
v 2.381 22.974 -0.8
v 2.446 23.054 -0.8
v 2.526 23.119 -0.8
v 4.485 23.165 -0.8
v 4.574 23.119 -0.8
v 4.654 23.054 -0.8
v 4.719 22.974 -0.8
v 4.765 22.015 -0.8
v 1.389 11.021 -0.8
v 1.336 11.049 -0.8
v 1.288 11.088 -0.8
v 1.249 11.136 -0.8
v 1.221 11.189 -0.8
v 2.064 18.951 -0.8
v 2.112 18.912 -0.8
v 2.151 18.864 -0.8
v 2.179 11.189 -0.8
v 2.151 11.136 -0.8
v 2.112 11.088 -0.8
v 2.064 11.049 -0.8
v 11.245 0.8 -1.205
v 11.3 0.8 -1.2
v 10 0.8 -0.8
v 18.7 0.8 -1.2
v 24 0.8 -0.8
v 18.755 0.8 -1.205
v 18.811 0.8 -1.221
v 11.021 0.8 -2.011
v 11.005 0.8 -1.955
v 10 0.8 -3
v 11 0.8 -1.9
v 11 0.8 -1.5
v 11.005 0.8 -1.445
v 18.811 0.8 -2.179
v 18.755 0.8 -2.195
v 20 0.8 -3
v 18.7 0.8 -2.2
v 11.3 0.8 -2.2
v 11.245 0.8 -2.195
v 18.864 0.8 -1.249
v 18.912 0.8 -1.288
v 22.108 0.8 -2.308
v 18.951 0.8 -1.336
v 22.015 0.8 -2.335
v 18.979 0.8 -1.389
v 21.926 0.8 -2.381
v 18.995 0.8 -1.445
v 21.846 0.8 -2.446
v 19 0.8 -1.5
v 20.259 0.8 -3.034
v 19 0.8 -1.9
v 18.995 0.8 -1.955
v 18.979 0.8 -2.011
v 20.866 0.8 -3.5
v 21.7 0.8 -2.799
v 20.707 0.8 -3.293
v 21.708 0.8 -2.708
v 20.5 0.8 -3.134
v 21.735 0.8 -2.615
v 21.781 0.8 -2.526
v 20.966 0.8 -3.741
v 21.7 0.8 -4.301
v 21 0.8 -4
v 21.708 0.8 -4.392
v 21.926 0.8 -4.719
v 21.846 0.8 -4.654
v 21 0.8 -6
v 21.781 0.8 -4.574
v 21.735 0.8 -4.485
v 22.885 0.8 -4.765
v 22.792 0.8 -4.792
v 24 0.8 -6
v 22.701 0.8 -4.8
v 22.199 0.8 -4.8
v 22.108 0.8 -4.792
v 23.165 0.8 -2.615
v 23.192 0.8 -2.708
v 23.2 0.8 -2.799
v 23.2 0.8 -4.301
v 23.192 0.8 -4.392
v 22.015 0.8 -4.765
v 22.199 0.8 -2.3
v 22.701 0.8 -2.3
v 22.792 0.8 -2.308
v 22.885 0.8 -2.335
v 22.974 0.8 -2.381
v 23.054 0.8 -2.446
v 23.119 0.8 -2.526
v 23.165 0.8 -4.485
v 23.119 0.8 -4.574
v 23.054 0.8 -4.654
v 22.974 0.8 -4.719
v 11.189 0.8 -2.179
v 11.136 0.8 -2.151
v 11.088 0.8 -2.112
v 11.049 0.8 -2.064
v 11.021 0.8 -1.389
v 11.049 0.8 -1.336
v 11.088 0.8 -1.288
v 11.136 0.8 -1.249
v 11.189 0.8 -1.221
v 18.951 0.8 -2.064
v 18.912 0.8 -2.112
v 18.864 0.8 -2.151
v 1.445 0.8 -11.005
v 1.5 0.8 -11
v 1.9 0.8 -11
v 3 0.8 -10
v 1.955 0.8 -11.005
v 2.011 0.8 -11.021
v 1.221 0.8 -18.811
v 1.205 0.8 -18.755
v 1.2 0.8 -18.7
v 1.2 0.8 -11.3
v 1.205 0.8 -11.245
v 4.392 0.8 -23.192
v 4.301 0.8 -23.2
v 6 0.8 -24
v 2.799 0.8 -23.2
v 2.708 0.8 -23.192
v 2.615 0.8 -23.165
v 4.792 0.8 -22.108
v 4.8 0.8 -22.199
v 6 0.8 -21
v 4.8 0.8 -22.701
v 4.792 0.8 -22.792
v 4.765 0.8 -22.885
v 4.392 0.8 -21.708
v 4.485 0.8 -21.735
v 4 0.8 -21
v 4.574 0.8 -21.781
v 4.654 0.8 -21.846
v 4.719 0.8 -21.926
v 4.301 0.8 -21.7
v 3.741 0.8 -20.966
v 2.799 0.8 -21.7
v 3.5 0.8 -20.866
v 3.293 0.8 -20.707
v 2.708 0.8 -21.708
v 3.134 0.8 -20.5
v 2.615 0.8 -21.735
v 3.034 0.8 -20.259
v 2.526 0.8 -21.781
v 2.446 0.8 -21.846
v 2.011 0.8 -18.979
v 1.955 0.8 -18.995
v 3 0.8 -20
v 1.9 0.8 -19
v 1.5 0.8 -19
v 1.445 0.8 -18.995
v 2.381 0.8 -21.926
v 1.389 0.8 -18.979
v 2.335 0.8 -22.015
v 1.336 0.8 -18.951
v 2.308 0.8 -22.108
v 1.288 0.8 -18.912
v 1.249 0.8 -18.864
v 2.195 0.8 -11.245
v 2.2 0.8 -11.3
v 2.2 0.8 -18.7
v 2.195 0.8 -18.755
v 2.179 0.8 -18.811
v 1.221 0.8 -11.189
v 1.249 0.8 -11.136
v 1.288 0.8 -11.088
v 1.336 0.8 -11.049
v 1.389 0.8 -11.021
v 2.064 0.8 -11.049
v 2.112 0.8 -11.088
v 2.151 0.8 -11.136
v 2.179 0.8 -11.189
v 2.151 0.8 -18.864
v 2.112 0.8 -18.912
v 2.064 0.8 -18.951
v 4.719 0.8 -22.974
v 4.654 0.8 -23.054
v 4.574 0.8 -23.119
v 4.485 0.8 -23.165
v 2.526 0.8 -23.119
v 2.446 0.8 -23.054
v 2.381 0.8 -22.974
v 2.335 0.8 -22.885
v 2.308 0.8 -22.792
v 2.3 0.8 -22.701
v 2.3 0.8 -22.199
v 4.765 0.8 -22.015
v 18.811 1.221 -0.8
v 18.755 1.205 -0.8
v 18.7 1.2 -0.8
v 11.3 1.2 -0.8
v 11.245 1.205 -0.8
v 23.192 4.392 -0.8
v 23.2 4.301 -0.8
v 24 6 -0.8
v 23.2 2.799 -0.8
v 23.192 2.708 -0.8
v 23.165 2.615 -0.8
v 22.108 4.792 -0.8
v 22.199 4.8 -0.8
v 21 6 -0.8
v 22.701 4.8 -0.8
v 22.792 4.792 -0.8
v 22.885 4.765 -0.8
v 21.708 4.392 -0.8
v 21.735 4.485 -0.8
v 21 4 -0.8
v 21.781 4.574 -0.8
v 21.846 4.654 -0.8
v 21.926 4.719 -0.8
v 21.7 4.301 -0.8
v 20.966 3.741 -0.8
v 21.7 2.799 -0.8
v 20.866 3.5 -0.8
v 20.707 3.293 -0.8
v 21.708 2.708 -0.8
v 20.5 3.134 -0.8
v 21.735 2.615 -0.8
v 20.259 3.034 -0.8
v 21.781 2.526 -0.8
v 21.846 2.446 -0.8
v 18.979 2.011 -0.8
v 18.995 1.955 -0.8
v 20 3 -0.8
v 19 1.9 -0.8
v 19 1.5 -0.8
v 18.995 1.445 -0.8
v 21.926 2.381 -0.8
v 18.979 1.389 -0.8
v 22.015 2.335 -0.8
v 18.951 1.336 -0.8
v 22.108 2.308 -0.8
v 18.912 1.288 -0.8
v 18.864 1.249 -0.8
v 11.189 2.179 -0.8
v 11.245 2.195 -0.8
v 10 3 -0.8
v 11.3 2.2 -0.8
v 18.7 2.2 -0.8
v 18.755 2.195 -0.8
v 11.005 1.445 -0.8
v 11 1.5 -0.8
v 11 1.9 -0.8
v 11.005 1.955 -0.8
v 11.021 2.011 -0.8
v 11.189 1.221 -0.8
v 11.136 1.249 -0.8
v 11.088 1.288 -0.8
v 11.049 1.336 -0.8
v 11.021 1.389 -0.8
v 11.049 2.064 -0.8
v 11.088 2.112 -0.8
v 11.136 2.151 -0.8
v 18.811 2.179 -0.8
v 18.864 2.151 -0.8
v 18.912 2.112 -0.8
v 18.951 2.064 -0.8
v 23.119 2.526 -0.8
v 23.054 2.446 -0.8
v 22.974 2.381 -0.8
v 22.885 2.335 -0.8
v 22.792 2.308 -0.8
v 22.701 2.3 -0.8
v 22.199 2.3 -0.8
v 22.015 4.765 -0.8
v 22.974 4.719 -0.8
v 23.054 4.654 -0.8
v 23.119 4.574 -0.8
v 23.165 4.485 -0.8
v 0 0 -28
v 0 0 -24
v 0 5 -28
v 0 6 -24
v 0 8.002 -27.803
v 0 10.953 -27.216
v 0 6 -21
v 0 4 -21
v 0 3 -20
v 0 3.741 -20.966
v 0 3.5 -20.866
v 0 3.293 -20.707
v 0 3.134 -20.5
v 0 3.034 -20.259
v 0 3 -10
v 0 0 -10
v 0 0 -2.598
v 0 2.598 0
v 0 10 -3
v 0 10 0
v 0 18.182 -11.818
v 0 17.25 -11.103
v 0 21 -6
v 0 16.165 -10.653
v 0 20 -3
v 0 20.259 -3.034
v 0 20.5 -3.134
v 0 20.707 -3.293
v 0 20.866 -3.5
v 0 20.966 -3.741
v 0 21 -4
v 0 18.897 -12.75
v 0 24 -6
v 0 27.216 -10.953
v 0 27.803 -8.002
v 0 28 -5
v 0 24 0
v 0 28 0
v 0 26.249 -13.802
v 0 19.347 -13.835
v 0 24.919 -16.5
v 0 19.5 -15
v 0 19.347 -16.165
v 0 23.247 -19.002
v 0 18.897 -17.25
v 0 21.263 -21.263
v 0 18.182 -18.182
v 0 17.25 -18.897
v 0 19.002 -23.247
v 0 16.165 -19.347
v 0 16.5 -24.919
v 0 13.802 -26.249
v 3 0 -10
v 2.598 0 0
v 6 0 -21
v 3 0 -20
v 3.034 0 -20.259
v 3.134 0 -20.5
v 3.293 0 -20.707
v 3.5 0 -20.866
v 3.741 0 -20.966
v 4 0 -21
v 6 0 -24
v 10.953 0 -27.216
v 8.002 0 -27.803
v 5 0 -28
v 13.802 0 -26.249
v 16.5 0 -24.919
v 16.165 0 -19.347
v 19.002 0 -23.247
v 17.25 0 -18.897
v 21.263 0 -21.263
v 18.182 0 -18.182
v 18.897 0 -17.25
v 23.247 0 -19.002
v 19.347 0 -16.165
v 24.919 0 -16.5
v 19.5 0 -15
v 19.347 0 -13.835
v 26.249 0 -13.802
v 18.897 0 -12.75
v 27.216 0 -10.953
v 24 0 -6
v 27.803 0 -8.002
v 28 0 -5
v 28 0 0
v 24 0 0
v 21 0 -6
v 18.182 0 -11.818
v 21 0 -4
v 20 0 -3
v 16.165 0 -10.653
v 17.25 0 -11.103
v 20.966 0 -3.741
v 20.866 0 -3.5
v 20.707 0 -3.293
v 20.5 0 -3.134
v 20.259 0 -3.034
v 10 0 -3
v 10 0 0
v 8.175 2.325 0
v 10 3 0
v 8.175 8.175 0
v 20 3 0
v 21 6 0
v 20.259 3.034 0
v 20.5 3.134 0
v 20.707 3.293 0
v 20.866 3.5 0
v 20.966 3.741 0
v 21 4 0
v 24 6 0
v 27.216 10.953 0
v 27.803 8.002 0
v 28 5 0
v 26.249 13.802 0
v 24.919 16.5 0
v 19.347 16.165 0
v 23.247 19.002 0
v 18.897 17.25 0
v 21.263 21.263 0
v 18.182 18.182 0
v 17.25 18.897 0
v 19.002 23.247 0
v 16.165 19.347 0
v 16.5 24.919 0
v 15 19.5 0
v 13.835 19.347 0
v 13.802 26.249 0
v 12.75 18.897 0
v 10.953 27.216 0
v 6 24 0
v 8.002 27.803 0
v 5 28 0
v 6 21 0
v 11.818 18.182 0
v 4 21 0
v 3 20 0
v 10.653 16.165 0
v 11.103 17.25 0
v 3.741 20.966 0
v 3.5 20.866 0
v 3.293 20.707 0
v 3.134 20.5 0
v 3.034 20.259 0
v 3 10 0
v 2.325 8.175 0
v 2.325 2.325 0
v 5.5 8 -5
v 8 8 -5
v 8 5.5 -5
v 5.5 27.995 -5
v 7.006 16.825 -5
v 7.612 18.558 -5
v 20.113 21.411 -5
v 18.558 22.388 -5
v 19.068 23.196 -5
v 16.825 22.994 -5
v 16.644 24.835 -5
v 15 23.2 -5
v 14.032 26.152 -5
v 13.175 22.994 -5
v 11.274 27.128 -5
v 11.442 22.388 -5
v 8.415 27.745 -5
v 9.887 21.411 -5
v 8.589 20.113 -5
v 21.263 21.263 -5
v 21.411 20.113 -5
v 23.196 19.068 -5
v 22.388 18.558 -5
v 22.994 16.825 -5
v 24.835 16.644 -5
v 26.152 14.032 -5
v 27.128 11.274 -5
v 27.745 8.415 -5
v 27.995 5.5 -5
v 5 7.983 -5.5
v 5 27.995 -5.5
v 5 16.825 -7.006
v 5 18.558 -7.612
v 5 7.906 -7.7
v 5 20.113 -21.411
v 5 18.558 -22.388
v 5 19.068 -23.196
v 5 16.825 -22.994
v 5 16.644 -24.835
v 5 14.032 -26.152
v 5 11.274 -27.128
v 5 8.415 -27.745
v 5 21.263 -21.263
v 5 21.411 -20.113
v 5 23.196 -19.068
v 5 22.388 -18.558
v 5 22.994 -16.825
v 5 24.835 -16.644
v 5 23.2 -15
v 5 26.152 -14.032
v 5 22.994 -13.175
v 5 27.128 -11.274
v 5 22.388 -11.442
v 5 27.745 -8.415
v 5 21.411 -9.887
v 5 20.113 -8.589
v 5 28 -5
v 5.402 27.996 -5.01
v 5.309 27.998 -5.038
v 5.223 27.999 -5.084
v 27.996 5.402 -5.01
v 28 5 -5
v 27.998 5.309 -5.038
v 28 5.146 -5.146
v 27.999 5.223 -5.084
v 5.146 28 -5.146
v 10.653 16.165 -1.3
v 11.103 17.25 -1.3
v 11.818 18.182 -1.3
v 12.75 18.897 -1.3
v 13.835 19.347 -1.3
v 15 19.5 -1.3
v 16.165 19.347 -1.3
v 17.25 18.897 -1.3
v 18.182 18.182 -1.3
v 18.897 17.25 -1.3
v 19.347 16.165 -1.3
v 5 5 -28
v 5.01 27.996 -5.402
v 5.038 27.998 -5.309
v 5.084 27.999 -5.223
v 1.3 16.165 -19.347
v 1.3 17.25 -18.897
v 1.3 18.182 -18.182
v 1.3 18.897 -17.25
v 1.3 19.347 -16.165
v 1.3 19.5 -15
v 1.3 19.347 -13.835
v 1.3 18.897 -12.75
v 1.3 18.182 -11.818
v 1.3 17.25 -11.103
v 1.3 16.165 -10.653
v 7.983 5 -5.5
v 7.906 5 -7.7
v 27.995 5 -5.5
v 16.825 5 -7.006
v 18.558 5 -7.612
v 21.411 5 -20.113
v 22.388 5 -18.558
v 23.196 5 -19.068
v 22.994 5 -16.825
v 24.835 5 -16.644
v 23.2 5 -15
v 26.152 5 -14.032
v 22.994 5 -13.175
v 27.128 5 -11.274
v 22.388 5 -11.442
v 27.745 5 -8.415
v 21.411 5 -9.887
v 20.113 5 -8.589
v 21.263 5 -21.263
v 20.113 5 -21.411
v 19.068 5 -23.196
v 18.558 5 -22.388
v 16.825 5 -22.994
v 16.644 5 -24.835
v 14.032 5 -26.152
v 11.274 5 -27.128
v 8.415 5 -27.745
v 27.996 5.01 -5.402
v 27.998 5.038 -5.309
v 27.999 5.084 -5.223
v 16.165 1.3 -10.653
v 17.25 1.3 -11.103
v 18.182 1.3 -11.818
v 18.897 1.3 -12.75
v 19.347 1.3 -13.835
v 19.5 1.3 -15
v 19.347 1.3 -16.165
v 18.897 1.3 -17.25
v 18.182 1.3 -18.182
v 17.25 1.3 -18.897
v 16.165 1.3 -19.347
v 1.342 11.442 1.916
v 1.342 18.558 1.916
v 1.642 11.142 1.916
v 1.758 11.142 1.916
v 2.058 11.442 1.916
v 2.058 18.558 1.916
v 1.642 18.858 1.916
v 1.758 18.858 1.916
v 1.758 18.558 2.2
v 1.642 18.558 2.2
v 1.758 11.442 2.2
v 1.642 11.442 2.2
v 2.442 22.558 1.916
v 2.942 21.842 1.916
v 4.658 22.342 1.916
v 4.158 23.058 1.916
v 4.27 22.724 2.2
v 4.235 22.743 2.2
v 4.197 22.754 2.2
v 4.158 22.758 2.2
v 2.942 22.142 2.2
v 2.742 22.558 2.2
v 4.324 22.23 2.2
v 4.343 22.265 2.2
v 4.354 22.303 2.2
v 4.358 22.342 2.2
v 2.746 22.597 2.2
v 2.757 22.635 2.2
v 2.776 22.67 2.2
v 2.903 22.146 2.2
v 2.865 22.157 2.2
v 2.83 22.176 2.2
v 23.058 2.942 1.916
v 22.558 4.658 1.916
v 21.842 4.158 1.916
v 22.342 2.442 1.916
v 22.754 2.903 2.2
v 22.758 2.942 2.2
v 22.342 2.742 2.2
v 22.303 2.746 2.2
v 22.265 2.757 2.2
v 22.23 2.776 2.2
v 22.743 2.865 2.2
v 22.724 2.83 2.2
v 22.142 4.158 2.2
v 22.558 4.358 2.2
v 22.597 4.354 2.2
v 22.635 4.343 2.2
v 22.67 4.324 2.2
v 22.146 4.197 2.2
v 22.157 4.235 2.2
v 22.176 4.27 2.2
v 18.858 1.642 1.916
v 18.858 1.758 1.916
v 11.442 2.058 1.916
v 18.558 2.058 1.916
v 11.142 1.642 1.916
v 11.142 1.758 1.916
v 11.442 1.342 1.916
v 18.558 1.342 1.916
v 11.442 1.642 2.2
v 18.558 1.642 2.2
v 11.442 1.758 2.2
v 18.558 1.758 2.2
v 22.655 4.648 1.918
v 22.749 4.619 1.92
v 22.836 4.573 1.922
v 23.048 2.845 1.918
v 23.019 2.751 1.92
v 22.973 2.664 1.922
v 22.245 2.452 1.918
v 22.151 2.481 1.92
v 22.064 2.527 1.922
v 21.852 4.255 1.918
v 21.881 4.349 1.92
v 21.927 4.436 1.922
v 4.255 23.048 1.918
v 4.349 23.019 1.92
v 4.436 22.973 1.922
v 2.452 22.655 1.918
v 2.481 22.749 1.92
v 2.527 22.836 1.922
v 2.845 21.852 1.918
v 2.751 21.881 1.92
v 2.664 21.927 1.922
v 4.648 22.245 1.918
v 4.619 22.151 1.92
v 4.573 22.064 1.922
v 22.059 4.275 2.181
v 21.968 4.313 2.119
v 21.949 4.42 2.026
v 21.934 4.431 1.974
v 21.905 4.339 2.025
v 21.888 4.346 1.973
v 21.878 4.251 2.024
v 21.86 4.254 1.971
v 21.868 4.158 2.022
v 21.85 4.158 1.968
v 21.897 4.158 2.073
v 21.935 4.158 2.118
v 21.982 4.158 2.154
v 22.035 4.158 2.18
v 22.087 4.158 2.195
v 22.558 4.65 1.968
v 22.558 4.603 2.073
v 22.558 4.632 2.022
v 22.558 4.565 2.118
v 22.558 4.518 2.154
v 22.558 4.465 2.18
v 22.558 4.413 2.195
v 22.225 2.659 2.181
v 22.342 2.68 2.193
v 22.342 2.726 2.2
v 22.187 2.568 2.119
v 22.08 2.549 2.026
v 22.069 2.534 1.974
v 22.161 2.505 2.025
v 22.154 2.488 1.973
v 22.249 2.478 2.024
v 22.246 2.46 1.971
v 22.342 2.468 2.022
v 22.342 2.45 1.968
v 22.342 2.497 2.073
v 22.342 2.535 2.118
v 22.342 2.582 2.154
v 22.342 2.635 2.18
v 22.675 4.441 2.181
v 22.713 4.532 2.119
v 22.82 4.551 2.026
v 22.831 4.566 1.974
v 22.739 4.595 2.025
v 22.746 4.612 1.973
v 22.651 4.622 2.024
v 22.654 4.64 1.971
v 23.05 2.942 1.968
v 23.003 2.942 2.073
v 23.032 2.942 2.022
v 22.965 2.942 2.118
v 22.918 2.942 2.154
v 22.865 2.942 2.18
v 22.813 2.942 2.195
v 22.841 2.825 2.181
v 22.932 2.787 2.119
v 22.951 2.68 2.026
v 22.966 2.669 1.974
v 22.995 2.761 2.025
v 23.012 2.754 1.973
v 23.022 2.849 2.024
v 23.04 2.846 1.971
v 11.365 2.047 1.919
v 11.292 2.017 1.921
v 11.23 1.97 1.922
v 11.183 1.908 1.921
v 11.153 1.835 1.919
v 11.442 1.833 2.19
v 18.558 1.833 2.19
v 18.558 1.904 2.162
v 11.442 1.904 2.162
v 18.558 1.965 2.118
v 11.442 1.965 2.118
v 18.558 2.013 2.059
v 11.442 2.013 2.059
v 18.558 2.044 1.99
v 11.442 2.044 1.99
v 18.847 1.835 1.919
v 18.817 1.908 1.921
v 18.77 1.97 1.922
v 18.708 2.017 1.921
v 18.635 2.047 1.919
v 11.367 1.758 2.19
v 11.415 1.81 2.194
v 11.418 1.908 2.159
v 11.424 1.988 2.092
v 11.432 2.04 2.002
v 11.396 2.04 1.992
v 11.366 2.04 1.969
v 11.346 2.04 1.937
v 11.262 1.988 1.97
v 11.2 1.908 1.994
v 11.156 1.758 1.99
v 11.166 1.81 2.007
v 11.25 1.908 2.075
v 11.299 1.988 2.03
v 11.356 1.988 2.073
v 11.187 1.758 2.059
v 11.224 1.81 2.099
v 11.326 1.908 2.133
v 11.235 1.758 2.118
v 11.31 1.81 2.164
v 11.296 1.758 2.162
v 18.844 1.758 1.99
v 18.848 1.81 1.954
v 18.813 1.908 1.948
v 18.748 1.988 1.935
v 18.645 2.04 1.954
v 18.62 2.04 1.982
v 18.586 2.04 1.999
v 18.611 1.988 2.085
v 18.629 1.908 2.15
v 18.639 1.81 2.184
v 18.633 1.758 2.19
v 18.704 1.758 2.162
v 18.736 1.81 2.136
v 18.715 1.908 2.107
v 18.779 1.908 2.037
v 18.722 1.988 2.002
v 18.765 1.758 2.118
v 18.809 1.81 2.056
v 18.813 1.758 2.059
v 18.674 1.988 2.054
v 11.153 1.565 1.919
v 11.183 1.492 1.921
v 11.23 1.43 1.922
v 11.292 1.383 1.921
v 11.365 1.353 1.919
v 11.367 1.642 2.19
v 11.296 1.642 2.162
v 11.235 1.642 2.118
v 11.187 1.642 2.059
v 11.156 1.642 1.99
v 18.844 1.642 1.99
v 18.813 1.642 2.059
v 18.765 1.642 2.118
v 18.704 1.642 2.162
v 18.633 1.642 2.19
v 18.635 1.353 1.919
v 18.708 1.383 1.921
v 18.77 1.43 1.922
v 18.817 1.492 1.921
v 18.847 1.565 1.919
v 11.442 1.567 2.19
v 11.415 1.59 2.194
v 11.31 1.59 2.164
v 11.224 1.59 2.099
v 11.166 1.59 2.007
v 11.2 1.492 1.994
v 11.262 1.412 1.97
v 11.346 1.36 1.937
v 11.366 1.36 1.969
v 11.396 1.36 1.992
v 11.442 1.356 1.99
v 11.432 1.36 2.002
v 11.442 1.387 2.059
v 11.424 1.412 2.092
v 11.442 1.435 2.118
v 11.418 1.492 2.159
v 11.442 1.496 2.162
v 11.326 1.492 2.133
v 11.356 1.412 2.073
v 11.299 1.412 2.03
v 11.25 1.492 2.075
v 18.558 1.356 1.99
v 18.62 1.36 1.982
v 18.645 1.36 1.954
v 18.722 1.412 2.002
v 18.748 1.412 1.935
v 18.813 1.492 1.948
v 18.848 1.59 1.954
v 18.779 1.492 2.037
v 18.809 1.59 2.056
v 18.715 1.492 2.107
v 18.736 1.59 2.136
v 18.629 1.492 2.15
v 18.639 1.59 2.184
v 18.558 1.567 2.19
v 18.558 1.496 2.162
v 18.558 1.435 2.118
v 18.611 1.412 2.085
v 18.558 1.387 2.059
v 18.586 1.36 1.999
v 18.674 1.412 2.054
v 1.835 11.153 1.919
v 1.908 11.183 1.921
v 1.97 11.23 1.922
v 2.017 11.292 1.921
v 2.047 11.365 1.919
v 1.758 11.367 2.19
v 1.642 11.367 2.19
v 1.642 11.296 2.162
v 1.758 11.296 2.162
v 1.642 11.235 2.118
v 1.758 11.235 2.118
v 1.758 11.187 2.059
v 1.642 11.187 2.059
v 1.642 11.156 1.99
v 1.758 11.156 1.99
v 1.353 11.365 1.919
v 1.383 11.292 1.921
v 1.43 11.23 1.922
v 1.492 11.183 1.921
v 1.565 11.153 1.919
v 1.833 11.442 2.19
v 1.839 11.39 2.184
v 1.829 11.292 2.15
v 1.811 11.212 2.085
v 1.786 11.16 1.999
v 1.82 11.16 1.982
v 1.845 11.16 1.954
v 1.922 11.212 2.002
v 1.948 11.212 1.935
v 2.013 11.292 1.948
v 2.048 11.39 1.954
v 1.979 11.292 2.037
v 2.009 11.39 2.056
v 1.915 11.292 2.107
v 1.936 11.39 2.136
v 2.044 11.442 1.99
v 2.013 11.442 2.059
v 1.965 11.442 2.118
v 1.904 11.442 2.162
v 1.874 11.212 2.054
v 1.356 11.442 1.99
v 1.366 11.39 2.007
v 1.387 11.442 2.059
v 1.424 11.39 2.099
v 1.435 11.442 2.118
v 1.51 11.39 2.164
v 1.496 11.442 2.162
v 1.567 11.442 2.19
v 1.4 11.292 1.994
v 1.462 11.212 1.97
v 1.546 11.16 1.937
v 1.566 11.16 1.969
v 1.596 11.16 1.992
v 1.632 11.16 2.002
v 1.624 11.212 2.092
v 1.618 11.292 2.159
v 1.615 11.39 2.194
v 1.499 11.212 2.03
v 1.556 11.212 2.073
v 1.45 11.292 2.075
v 1.526 11.292 2.133
v 2.047 18.635 1.919
v 2.017 18.708 1.921
v 1.97 18.77 1.922
v 1.908 18.817 1.921
v 1.835 18.847 1.919
v 1.833 18.558 2.19
v 1.904 18.558 2.162
v 1.965 18.558 2.118
v 2.013 18.558 2.059
v 2.044 18.558 1.99
v 1.356 18.558 1.99
v 1.387 18.558 2.059
v 1.435 18.558 2.118
v 1.496 18.558 2.162
v 1.567 18.558 2.19
v 1.565 18.847 1.919
v 1.492 18.817 1.921
v 1.43 18.77 1.922
v 1.383 18.708 1.921
v 1.353 18.635 1.919
v 1.758 18.633 2.19
v 1.839 18.61 2.184
v 1.936 18.61 2.136
v 2.009 18.61 2.056
v 2.048 18.61 1.954
v 2.013 18.708 1.948
v 1.948 18.788 1.935
v 1.845 18.84 1.954
v 1.82 18.84 1.982
v 1.758 18.844 1.99
v 1.786 18.84 1.999
v 1.758 18.813 2.059
v 1.811 18.788 2.085
v 1.758 18.765 2.118
v 1.829 18.708 2.15
v 1.758 18.704 2.162
v 1.915 18.708 2.107
v 1.874 18.788 2.054
v 1.922 18.788 2.002
v 1.979 18.708 2.037
v 1.4 18.708 1.994
v 1.462 18.788 1.97
v 1.546 18.84 1.937
v 1.566 18.84 1.969
v 1.596 18.84 1.992
v 1.642 18.844 1.99
v 1.632 18.84 2.002
v 1.642 18.813 2.059
v 1.624 18.788 2.092
v 1.642 18.765 2.118
v 1.618 18.708 2.159
v 1.642 18.704 2.162
v 1.642 18.633 2.19
v 1.366 18.61 2.007
v 1.45 18.708 2.075
v 1.424 18.61 2.099
v 1.526 18.708 2.133
v 1.51 18.61 2.164
v 1.615 18.61 2.194
v 1.556 18.788 2.073
v 1.499 18.788 2.03
v 2.659 22.675 2.181
v 2.568 22.713 2.119
v 2.549 22.82 2.026
v 2.534 22.831 1.974
v 2.505 22.739 2.025
v 2.488 22.746 1.973
v 2.478 22.651 2.024
v 2.46 22.654 1.971
v 2.468 22.558 2.022
v 2.45 22.558 1.968
v 2.497 22.558 2.073
v 2.535 22.558 2.118
v 2.582 22.558 2.154
v 2.635 22.558 2.18
v 2.687 22.558 2.195
v 4.158 23.05 1.968
v 4.158 23.003 2.073
v 4.158 23.032 2.022
v 4.158 22.965 2.118
v 4.158 22.918 2.154
v 4.158 22.865 2.18
v 4.158 22.813 2.195
v 2.825 22.059 2.181
v 2.787 21.968 2.119
v 2.68 21.949 2.026
v 2.669 21.934 1.974
v 2.761 21.905 2.025
v 2.754 21.888 1.973
v 2.849 21.878 2.024
v 2.846 21.86 1.971
v 2.942 21.868 2.022
v 2.942 21.85 1.968
v 2.942 21.897 2.073
v 2.942 21.935 2.118
v 2.942 21.982 2.154
v 2.942 22.035 2.18
v 2.942 22.087 2.195
v 4.275 22.841 2.181
v 4.313 22.932 2.119
v 4.42 22.951 2.026
v 4.431 22.966 1.974
v 4.339 22.995 2.025
v 4.346 23.012 1.973
v 4.251 23.022 2.024
v 4.254 23.04 1.971
v 4.65 22.342 1.968
v 4.603 22.342 2.073
v 4.632 22.342 2.022
v 4.565 22.342 2.118
v 4.518 22.342 2.154
v 4.465 22.342 2.18
v 4.413 22.342 2.195
v 4.441 22.225 2.181
v 4.532 22.187 2.119
v 4.551 22.08 2.026
v 4.566 22.069 1.974
v 4.595 22.161 2.025
v 4.612 22.154 1.973
v 4.622 22.249 2.024
v 4.64 22.246 1.971
v 21.842 -1.916 -4.158
v 22.558 -1.916 -4.658
v 23.058 -1.916 -2.942
v 22.342 -1.916 -2.442
v 22.342 -2.2 -2.742
v 22.758 -2.2 -2.942
v 22.754 -2.2 -2.903
v 22.743 -2.2 -2.865
v 22.724 -2.2 -2.83
v 22.303 -2.2 -2.746
v 22.265 -2.2 -2.757
v 22.23 -2.2 -2.776
v 22.142 -2.2 -4.158
v 22.558 -2.2 -4.358
v 22.146 -2.2 -4.197
v 22.157 -2.2 -4.235
v 22.176 -2.2 -4.27
v 22.597 -2.2 -4.354
v 22.635 -2.2 -4.343
v 22.67 -2.2 -4.324
v 1.342 -1.916 -18.558
v 1.342 -1.916 -11.442
v 1.758 -1.916 -18.858
v 1.642 -1.916 -18.858
v 2.058 -1.916 -11.442
v 2.058 -1.916 -18.558
v 1.758 -1.916 -11.142
v 1.642 -1.916 -11.142
v 1.758 -2.2 -18.558
v 1.758 -2.2 -11.442
v 1.642 -2.2 -18.558
v 1.642 -2.2 -11.442
v 4.658 -1.916 -22.342
v 2.942 -1.916 -21.842
v 2.442 -1.916 -22.558
v 4.158 -1.916 -23.058
v 4.358 -2.2 -22.342
v 4.158 -2.2 -22.758
v 4.197 -2.2 -22.754
v 4.354 -2.2 -22.303
v 4.343 -2.2 -22.265
v 4.324 -2.2 -22.23
v 2.942 -2.2 -22.142
v 2.83 -2.2 -22.176
v 2.865 -2.2 -22.157
v 2.903 -2.2 -22.146
v 2.742 -2.2 -22.558
v 2.776 -2.2 -22.67
v 2.757 -2.2 -22.635
v 2.746 -2.2 -22.597
v 4.235 -2.2 -22.743
v 4.27 -2.2 -22.724
v 11.142 -1.916 -1.642
v 11.142 -1.916 -1.758
v 18.558 -1.916 -2.058
v 11.442 -1.916 -2.058
v 18.858 -1.916 -1.758
v 18.858 -1.916 -1.642
v 18.558 -1.916 -1.342
v 11.442 -1.916 -1.342
v 18.558 -2.2 -1.758
v 18.558 -2.2 -1.642
v 11.442 -2.2 -1.758
v 11.442 -2.2 -1.642
v 21.927 -1.922 -4.436
v 21.881 -1.92 -4.349
v 21.852 -1.918 -4.255
v 22.836 -1.922 -4.573
v 22.749 -1.92 -4.619
v 22.655 -1.918 -4.648
v 22.064 -1.922 -2.527
v 22.151 -1.92 -2.481
v 22.245 -1.918 -2.452
v 22.973 -1.922 -2.664
v 23.019 -1.92 -2.751
v 23.048 -1.918 -2.845
v 2.664 -1.922 -21.927
v 2.751 -1.92 -21.881
v 2.845 -1.918 -21.852
v 2.527 -1.922 -22.836
v 2.481 -1.92 -22.749
v 2.452 -1.918 -22.655
v 4.573 -1.922 -22.064
v 4.619 -1.92 -22.151
v 4.648 -1.918 -22.245
v 4.436 -1.922 -22.973
v 4.349 -1.92 -23.019
v 4.255 -1.918 -23.048
v 22.831 -1.974 -4.566
v 22.746 -1.973 -4.612
v 22.739 -2.025 -4.595
v 22.651 -2.024 -4.622
v 22.713 -2.119 -4.532
v 22.558 -2.118 -4.565
v 22.558 -2.154 -4.518
v 22.82 -2.026 -4.551
v 22.675 -2.181 -4.441
v 22.558 -2.18 -4.465
v 22.558 -2.195 -4.413
v 22.558 -2.073 -4.603
v 22.558 -2.022 -4.632
v 22.654 -1.971 -4.64
v 22.558 -1.968 -4.65
v 22.813 -2.195 -2.942
v 22.918 -2.154 -2.942
v 22.865 -2.18 -2.942
v 22.965 -2.118 -2.942
v 23.003 -2.073 -2.942
v 23.032 -2.022 -2.942
v 23.05 -1.968 -2.942
v 22.966 -1.974 -2.669
v 23.012 -1.973 -2.754
v 22.995 -2.025 -2.761
v 23.022 -2.024 -2.849
v 22.932 -2.119 -2.787
v 22.951 -2.026 -2.68
v 22.841 -2.181 -2.825
v 23.04 -1.971 -2.846
v 21.934 -1.974 -4.431
v 21.888 -1.973 -4.346
v 21.905 -2.025 -4.339
v 21.878 -2.024 -4.251
v 21.968 -2.119 -4.313
v 21.935 -2.118 -4.158
v 21.982 -2.154 -4.158
v 21.949 -2.026 -4.42
v 22.059 -2.181 -4.275
v 22.035 -2.18 -4.158
v 22.087 -2.195 -4.158
v 21.897 -2.073 -4.158
v 21.868 -2.022 -4.158
v 21.86 -1.971 -4.254
v 21.85 -1.968 -4.158
v 22.342 -2.195 -2.687
v 22.342 -2.154 -2.582
v 22.342 -2.18 -2.635
v 22.342 -2.118 -2.535
v 22.342 -2.073 -2.497
v 22.342 -2.022 -2.468
v 22.342 -1.968 -2.45
v 22.069 -1.974 -2.534
v 22.154 -1.973 -2.488
v 22.161 -2.025 -2.505
v 22.249 -2.024 -2.478
v 22.187 -2.119 -2.568
v 22.08 -2.026 -2.549
v 22.225 -2.181 -2.659
v 22.246 -1.971 -2.46
v 18.635 -1.919 -2.047
v 18.708 -1.921 -2.017
v 18.77 -1.922 -1.97
v 18.817 -1.921 -1.908
v 18.847 -1.919 -1.835
v 18.558 -2.19 -1.833
v 11.442 -2.19 -1.833
v 11.442 -2.162 -1.904
v 18.558 -2.162 -1.904
v 11.442 -2.118 -1.965
v 18.558 -2.118 -1.965
v 11.442 -2.059 -2.013
v 18.558 -2.059 -2.013
v 11.442 -1.99 -2.044
v 18.558 -1.99 -2.044
v 11.153 -1.919 -1.835
v 11.183 -1.921 -1.908
v 11.23 -1.922 -1.97
v 11.292 -1.921 -2.017
v 11.365 -1.919 -2.047
v 18.586 -2.182 -1.857
v 18.611 -2.13 -1.944
v 18.629 -2.05 -2.008
v 18.639 -1.952 -2.042
v 18.736 -1.952 -1.994
v 18.715 -2.05 -1.965
v 18.779 -2.05 -1.895
v 18.722 -2.13 -1.86
v 18.748 -2.13 -1.794
v 18.659 -2.182 -1.777
v 18.704 -2.162 -1.758
v 18.633 -2.19 -1.758
v 18.809 -1.952 -1.914
v 18.813 -2.05 -1.806
v 18.765 -2.118 -1.758
v 18.848 -1.952 -1.812
v 18.844 -1.99 -1.758
v 18.813 -2.059 -1.758
v 18.645 -2.182 -1.812
v 18.674 -2.13 -1.912
v 18.62 -2.182 -1.84
v 11.156 -1.99 -1.758
v 11.166 -1.952 -1.865
v 11.2 -2.05 -1.852
v 11.25 -2.05 -1.933
v 11.299 -2.13 -1.888
v 11.356 -2.13 -1.931
v 11.396 -2.182 -1.85
v 11.432 -2.182 -1.86
v 11.224 -1.952 -1.957
v 11.326 -2.05 -1.991
v 11.424 -2.13 -1.95
v 11.31 -1.952 -2.023
v 11.415 -1.952 -2.052
v 11.418 -2.05 -2.017
v 11.367 -2.19 -1.758
v 11.346 -2.182 -1.795
v 11.296 -2.162 -1.758
v 11.262 -2.13 -1.828
v 11.235 -2.118 -1.758
v 11.187 -2.059 -1.758
v 11.366 -2.182 -1.827
v 18.847 -1.919 -1.565
v 18.817 -1.921 -1.492
v 18.77 -1.922 -1.43
v 18.708 -1.921 -1.383
v 18.635 -1.919 -1.353
v 18.633 -2.19 -1.642
v 18.704 -2.162 -1.642
v 18.765 -2.118 -1.642
v 18.813 -2.059 -1.642
v 18.844 -1.99 -1.642
v 11.156 -1.99 -1.642
v 11.187 -2.059 -1.642
v 11.235 -2.118 -1.642
v 11.296 -2.162 -1.642
v 11.367 -2.19 -1.642
v 11.365 -1.919 -1.353
v 11.292 -1.921 -1.383
v 11.23 -1.922 -1.43
v 11.183 -1.921 -1.492
v 11.153 -1.919 -1.565
v 18.659 -2.182 -1.623
v 18.748 -2.13 -1.606
v 18.813 -2.05 -1.594
v 18.848 -1.952 -1.588
v 18.809 -1.952 -1.486
v 18.736 -1.952 -1.406
v 18.639 -1.952 -1.358
v 18.558 -1.99 -1.356
v 18.629 -2.05 -1.392
v 18.715 -2.05 -1.435
v 18.779 -2.05 -1.505
v 18.558 -2.059 -1.387
v 18.558 -2.118 -1.435
v 18.611 -2.13 -1.456
v 18.558 -2.162 -1.496
v 18.586 -2.182 -1.543
v 18.558 -2.19 -1.567
v 18.62 -2.182 -1.56
v 18.645 -2.182 -1.588
v 18.722 -2.13 -1.54
v 18.674 -2.13 -1.488
v 11.442 -1.99 -1.356
v 11.415 -1.952 -1.348
v 11.31 -1.952 -1.377
v 11.224 -1.952 -1.443
v 11.166 -1.952 -1.535
v 11.2 -2.05 -1.548
v 11.262 -2.13 -1.572
v 11.346 -2.182 -1.605
v 11.442 -2.19 -1.567
v 11.432 -2.182 -1.54
v 11.442 -2.162 -1.496
v 11.424 -2.13 -1.45
v 11.442 -2.118 -1.435
v 11.418 -2.05 -1.383
v 11.442 -2.059 -1.387
v 11.366 -2.182 -1.573
v 11.396 -2.182 -1.55
v 11.326 -2.05 -1.409
v 11.356 -2.13 -1.469
v 11.299 -2.13 -1.512
v 11.25 -2.05 -1.467
v 2.534 -1.974 -22.831
v 2.488 -1.973 -22.746
v 2.505 -2.025 -22.739
v 2.478 -2.024 -22.651
v 2.568 -2.119 -22.713
v 2.535 -2.118 -22.558
v 2.582 -2.154 -22.558
v 2.549 -2.026 -22.82
v 2.659 -2.181 -22.675
v 2.635 -2.18 -22.558
v 2.687 -2.195 -22.558
v 2.497 -2.073 -22.558
v 2.468 -2.022 -22.558
v 2.46 -1.971 -22.654
v 2.45 -1.968 -22.558
v 4.158 -2.195 -22.813
v 4.158 -2.154 -22.918
v 4.158 -2.18 -22.865
v 4.158 -2.118 -22.965
v 4.158 -2.073 -23.003
v 4.158 -2.022 -23.032
v 4.158 -1.968 -23.05
v 4.431 -1.974 -22.966
v 4.346 -1.973 -23.012
v 4.339 -2.025 -22.995
v 4.251 -2.024 -23.022
v 4.313 -2.119 -22.932
v 4.42 -2.026 -22.951
v 4.275 -2.181 -22.841
v 4.254 -1.971 -23.04
v 2.669 -1.974 -21.934
v 2.754 -1.973 -21.888
v 2.761 -2.025 -21.905
v 2.849 -2.024 -21.878
v 2.787 -2.119 -21.968
v 2.942 -2.118 -21.935
v 2.942 -2.154 -21.982
v 2.68 -2.026 -21.949
v 2.825 -2.181 -22.059
v 2.942 -2.18 -22.035
v 2.942 -2.195 -22.087
v 2.942 -2.073 -21.897
v 2.942 -2.022 -21.868
v 2.846 -1.971 -21.86
v 2.942 -1.968 -21.85
v 4.413 -2.195 -22.342
v 4.518 -2.154 -22.342
v 4.465 -2.18 -22.342
v 4.565 -2.118 -22.342
v 4.603 -2.073 -22.342
v 4.632 -2.022 -22.342
v 4.65 -1.968 -22.342
v 4.566 -1.974 -22.069
v 4.612 -1.973 -22.154
v 4.595 -2.025 -22.161
v 4.622 -2.024 -22.249
v 4.532 -2.119 -22.187
v 4.551 -2.026 -22.08
v 4.441 -2.181 -22.225
v 4.64 -1.971 -22.246
v 1.835 -1.919 -18.847
v 1.908 -1.921 -18.817
v 1.97 -1.922 -18.77
v 2.017 -1.921 -18.708
v 2.047 -1.919 -18.635
v 1.758 -2.19 -18.633
v 1.642 -2.19 -18.633
v 1.642 -2.162 -18.704
v 1.758 -2.162 -18.704
v 1.642 -2.118 -18.765
v 1.758 -2.118 -18.765
v 1.642 -2.059 -18.813
v 1.758 -2.059 -18.813
v 1.642 -1.99 -18.844
v 1.758 -1.99 -18.844
v 1.353 -1.919 -18.635
v 1.383 -1.921 -18.708
v 1.43 -1.922 -18.77
v 1.492 -1.921 -18.817
v 1.565 -1.919 -18.847
v 1.786 -2.182 -18.657
v 1.811 -2.13 -18.744
v 1.829 -2.05 -18.808
v 1.839 -1.952 -18.842
v 1.936 -1.952 -18.794
v 1.915 -2.05 -18.765
v 1.979 -2.05 -18.695
v 1.922 -2.13 -18.66
v 1.948 -2.13 -18.594
v 1.859 -2.182 -18.577
v 1.904 -2.162 -18.558
v 1.833 -2.19 -18.558
v 2.009 -1.952 -18.714
v 2.013 -2.05 -18.606
v 1.965 -2.118 -18.558
v 2.048 -1.952 -18.612
v 2.044 -1.99 -18.558
v 2.013 -2.059 -18.558
v 1.845 -2.182 -18.612
v 1.874 -2.13 -18.712
v 1.82 -2.182 -18.64
v 1.356 -1.99 -18.558
v 1.366 -1.952 -18.665
v 1.4 -2.05 -18.652
v 1.45 -2.05 -18.733
v 1.499 -2.13 -18.688
v 1.556 -2.13 -18.731
v 1.596 -2.182 -18.65
v 1.632 -2.182 -18.66
v 1.424 -1.952 -18.757
v 1.526 -2.05 -18.791
v 1.624 -2.13 -18.75
v 1.51 -1.952 -18.823
v 1.615 -1.952 -18.852
v 1.618 -2.05 -18.817
v 1.567 -2.19 -18.558
v 1.546 -2.182 -18.595
v 1.496 -2.162 -18.558
v 1.462 -2.13 -18.628
v 1.435 -2.118 -18.558
v 1.387 -2.059 -18.558
v 1.566 -2.182 -18.627
v 2.047 -1.919 -11.365
v 2.017 -1.921 -11.292
v 1.97 -1.922 -11.23
v 1.908 -1.921 -11.183
v 1.835 -1.919 -11.153
v 1.833 -2.19 -11.442
v 1.904 -2.162 -11.442
v 1.965 -2.118 -11.442
v 2.013 -2.059 -11.442
v 2.044 -1.99 -11.442
v 1.356 -1.99 -11.442
v 1.387 -2.059 -11.442
v 1.435 -2.118 -11.442
v 1.496 -2.162 -11.442
v 1.567 -2.19 -11.442
v 1.565 -1.919 -11.153
v 1.492 -1.921 -11.183
v 1.43 -1.922 -11.23
v 1.383 -1.921 -11.292
v 1.353 -1.919 -11.365
v 1.859 -2.182 -11.423
v 1.948 -2.13 -11.406
v 2.013 -2.05 -11.394
v 2.048 -1.952 -11.388
v 2.009 -1.952 -11.286
v 1.936 -1.952 -11.206
v 1.839 -1.952 -11.158
v 1.758 -1.99 -11.156
v 1.829 -2.05 -11.192
v 1.915 -2.05 -11.235
v 1.979 -2.05 -11.305
v 1.758 -2.059 -11.187
v 1.758 -2.118 -11.235
v 1.811 -2.13 -11.256
v 1.758 -2.162 -11.296
v 1.786 -2.182 -11.343
v 1.758 -2.19 -11.367
v 1.82 -2.182 -11.36
v 1.845 -2.182 -11.388
v 1.922 -2.13 -11.34
v 1.874 -2.13 -11.288
v 1.642 -1.99 -11.156
v 1.615 -1.952 -11.148
v 1.51 -1.952 -11.177
v 1.424 -1.952 -11.243
v 1.366 -1.952 -11.335
v 1.4 -2.05 -11.348
v 1.462 -2.13 -11.372
v 1.546 -2.182 -11.405
v 1.642 -2.19 -11.367
v 1.632 -2.182 -11.34
v 1.642 -2.162 -11.296
v 1.624 -2.13 -11.25
v 1.642 -2.118 -11.235
v 1.618 -2.05 -11.183
v 1.642 -2.059 -11.187
v 1.566 -2.182 -11.373
v 1.596 -2.182 -11.35
v 1.526 -2.05 -11.209
v 1.556 -2.13 -11.269
v 1.499 -2.13 -11.312
v 1.45 -2.05 -11.267
v -1.916 1.642 -18.858
v -1.916 1.758 -18.858
v -1.916 1.342 -18.558
v -1.916 1.342 -11.442
v -1.916 1.642 -11.142
v -1.916 1.758 -11.142
v -1.916 2.058 -18.558
v -1.916 2.058 -11.442
v -2.2 1.642 -11.442
v -2.2 1.758 -11.442
v -2.2 1.642 -18.558
v -2.2 1.758 -18.558
v -1.916 22.558 -2.442
v -1.916 23.058 -4.158
v -1.916 22.342 -4.658
v -1.916 21.842 -2.942
v -2.2 22.558 -2.742
v -2.2 22.142 -2.942
v -2.2 22.758 -4.158
v -2.2 22.342 -4.358
v -2.2 22.146 -2.903
v -2.2 22.157 -2.865
v -2.2 22.176 -2.83
v -2.2 22.597 -2.746
v -2.2 22.635 -2.757
v -2.2 22.67 -2.776
v -2.2 22.754 -4.197
v -2.2 22.743 -4.235
v -2.2 22.724 -4.27
v -2.2 22.303 -4.354
v -2.2 22.265 -4.343
v -2.2 22.23 -4.324
v -1.916 11.442 -1.342
v -1.916 18.558 -1.342
v -1.916 18.858 -1.758
v -1.916 18.858 -1.642
v -1.916 11.442 -2.058
v -1.916 18.558 -2.058
v -1.916 11.142 -1.758
v -1.916 11.142 -1.642
v -2.2 18.558 -1.758
v -2.2 11.442 -1.758
v -2.2 18.558 -1.642
v -2.2 11.442 -1.642
v -1.916 2.942 -23.058
v -1.916 2.442 -22.342
v -1.916 4.158 -21.842
v -1.916 4.658 -22.558
v -2.2 2.942 -22.758
v -2.2 2.742 -22.342
v -2.2 2.746 -22.303
v -2.2 2.757 -22.265
v -2.2 2.776 -22.23
v -2.2 4.158 -22.142
v -2.2 4.197 -22.146
v -2.2 4.235 -22.157
v -2.2 4.27 -22.176
v -2.2 4.358 -22.558
v -2.2 4.354 -22.597
v -2.2 4.343 -22.635
v -2.2 4.324 -22.67
v -2.2 2.903 -22.754
v -2.2 2.865 -22.743
v -2.2 2.83 -22.724
v -1.922 4.436 -21.927
v -1.92 4.349 -21.881
v -1.918 4.255 -21.852
v -1.922 2.527 -22.064
v -1.92 2.481 -22.151
v -1.918 2.452 -22.245
v -1.922 2.664 -22.973
v -1.92 2.751 -23.019
v -1.918 2.845 -23.048
v -1.922 4.573 -22.836
v -1.92 4.619 -22.749
v -1.918 4.648 -22.655
v -1.922 22.836 -2.527
v -1.92 22.749 -2.481
v -1.918 22.655 -2.452
v -1.922 21.927 -2.664
v -1.92 21.881 -2.751
v -1.918 21.852 -2.845
v -1.922 22.973 -4.436
v -1.92 23.019 -4.349
v -1.918 23.048 -4.255
v -1.922 22.064 -4.573
v -1.92 22.151 -4.619
v -1.918 22.245 -4.648
v -1.974 4.566 -22.831
v -1.973 4.612 -22.746
v -2.025 4.595 -22.739
v -2.024 4.622 -22.651
v -2.119 4.532 -22.713
v -2.118 4.565 -22.558
v -2.154 4.518 -22.558
v -2.026 4.551 -22.82
v -2.181 4.441 -22.675
v -2.18 4.465 -22.558
v -2.195 4.413 -22.558
v -2.073 4.603 -22.558
v -2.022 4.632 -22.558
v -1.971 4.64 -22.654
v -1.968 4.65 -22.558
v -2.195 2.942 -22.813
v -2.154 2.942 -22.918
v -2.18 2.942 -22.865
v -2.118 2.942 -22.965
v -2.073 2.942 -23.003
v -2.022 2.942 -23.032
v -1.968 2.942 -23.05
v -1.974 2.669 -22.966
v -1.973 2.754 -23.012
v -2.025 2.761 -22.995
v -2.024 2.849 -23.022
v -2.119 2.787 -22.932
v -2.026 2.68 -22.951
v -2.181 2.825 -22.841
v -1.971 2.846 -23.04
v -1.974 4.431 -21.934
v -1.973 4.346 -21.888
v -2.025 4.339 -21.905
v -2.024 4.251 -21.878
v -2.119 4.313 -21.968
v -2.118 4.158 -21.935
v -2.154 4.158 -21.982
v -2.026 4.42 -21.949
v -2.181 4.275 -22.059
v -2.18 4.158 -22.035
v -2.195 4.158 -22.087
v -2.073 4.158 -21.897
v -2.022 4.158 -21.868
v -1.971 4.254 -21.86
v -1.968 4.158 -21.85
v -2.195 2.687 -22.342
v -2.154 2.582 -22.342
v -2.18 2.635 -22.342
v -2.118 2.535 -22.342
v -2.073 2.497 -22.342
v -2.022 2.468 -22.342
v -1.968 2.45 -22.342
v -1.974 2.534 -22.069
v -1.973 2.488 -22.154
v -2.025 2.505 -22.161
v -2.024 2.478 -22.249
v -2.119 2.568 -22.187
v -2.026 2.549 -22.08
v -2.181 2.659 -22.225
v -1.971 2.46 -22.246
v -1.919 1.353 -11.365
v -1.921 1.383 -11.292
v -1.922 1.43 -11.23
v -1.921 1.492 -11.183
v -1.919 1.565 -11.153
v -2.19 1.567 -11.442
v -2.19 1.567 -18.558
v -2.162 1.496 -18.558
v -2.162 1.496 -11.442
v -2.118 1.435 -18.558
v -2.118 1.435 -11.442
v -2.059 1.387 -18.558
v -2.059 1.387 -11.442
v -1.99 1.356 -18.558
v -1.99 1.356 -11.442
v -1.919 1.565 -18.847
v -1.921 1.492 -18.817
v -1.922 1.43 -18.77
v -1.921 1.383 -18.708
v -1.919 1.353 -18.635
v -2.19 1.642 -11.367
v -2.175 1.59 -11.335
v -2.162 1.642 -11.296
v -2.118 1.59 -11.243
v -2.118 1.642 -11.235
v -2.059 1.642 -11.187
v -2.142 1.492 -11.348
v -2.08 1.412 -11.372
v -1.996 1.36 -11.405
v -1.976 1.36 -11.373
v -1.946 1.36 -11.35
v -1.986 1.412 -11.269
v -2.016 1.492 -11.209
v -1.924 1.492 -11.183
v -1.927 1.59 -11.148
v -1.99 1.642 -11.156
v -2.032 1.59 -11.177
v -2.092 1.492 -11.267
v -2.043 1.412 -11.312
v -1.99 1.642 -18.844
v -1.927 1.59 -18.852
v -1.924 1.492 -18.817
v -1.996 1.36 -18.595
v -1.976 1.36 -18.627
v -1.946 1.36 -18.65
v -1.986 1.412 -18.731
v -2.016 1.492 -18.791
v -2.032 1.59 -18.823
v -2.08 1.412 -18.628
v -2.043 1.412 -18.688
v -2.142 1.492 -18.652
v -2.092 1.492 -18.733
v -2.175 1.59 -18.665
v -2.19 1.642 -18.633
v -2.162 1.642 -18.704
v -2.118 1.59 -18.757
v -2.118 1.642 -18.765
v -2.059 1.642 -18.813
v -1.919 1.835 -11.153
v -1.921 1.908 -11.183
v -1.922 1.97 -11.23
v -1.921 2.017 -11.292
v -1.919 2.047 -11.365
v -2.19 1.758 -11.367
v -2.162 1.758 -11.296
v -2.118 1.758 -11.235
v -2.059 1.758 -11.187
v -1.99 1.758 -11.156
v -1.99 1.758 -18.844
v -2.059 1.758 -18.813
v -2.118 1.758 -18.765
v -2.162 1.758 -18.704
v -2.19 1.758 -18.633
v -1.919 2.047 -18.635
v -1.921 2.017 -18.708
v -1.922 1.97 -18.77
v -1.921 1.908 -18.817
v -1.919 1.835 -18.847
v -2.19 1.833 -11.442
v -2.175 1.81 -11.335
v -2.142 1.908 -11.348
v -2.092 1.908 -11.267
v -2.043 1.988 -11.312
v -1.986 1.988 -11.269
v -1.946 2.04 -11.35
v -2.118 1.81 -11.243
v -2.016 1.908 -11.209
v -2.032 1.81 -11.177
v -1.927 1.81 -11.148
v -1.924 1.908 -11.183
v -1.976 2.04 -11.373
v -1.996 2.04 -11.405
v -1.99 2.044 -11.442
v -2.059 2.013 -11.442
v -2.08 1.988 -11.372
v -2.118 1.965 -11.442
v -2.162 1.904 -11.442
v -1.927 1.81 -18.852
v -1.924 1.908 -18.817
v -2.016 1.908 -18.791
v -1.986 1.988 -18.731
v -1.946 2.04 -18.65
v -1.976 2.04 -18.627
v -1.996 2.04 -18.595
v -1.99 2.044 -18.558
v -2.059 2.013 -18.558
v -2.032 1.81 -18.823
v -2.118 1.81 -18.757
v -2.175 1.81 -18.665
v -2.19 1.833 -18.558
v -2.142 1.908 -18.652
v -2.162 1.904 -18.558
v -2.118 1.965 -18.558
v -2.08 1.988 -18.628
v -2.043 1.988 -18.688
v -2.092 1.908 -18.733
v -1.919 18.847 -1.835
v -1.921 18.817 -1.908
v -1.922 18.77 -1.97
v -1.921 18.708 -2.017
v -1.919 18.635 -2.047
v -2.19 18.633 -1.758
v -2.19 18.633 -1.642
v -2.162 18.704 -1.642
v -2.162 18.704 -1.758
v -2.118 18.765 -1.642
v -2.118 18.765 -1.758
v -2.059 18.813 -1.642
v -2.059 18.813 -1.758
v -1.99 18.844 -1.642
v -1.99 18.844 -1.758
v -1.919 18.635 -1.353
v -1.921 18.708 -1.383
v -1.922 18.77 -1.43
v -1.921 18.817 -1.492
v -1.919 18.847 -1.565
v -2.19 18.558 -1.833
v -2.175 18.61 -1.865
v -2.162 18.558 -1.904
v -2.118 18.61 -1.957
v -2.118 18.558 -1.965
v -2.059 18.558 -2.013
v -2.142 18.708 -1.852
v -2.08 18.788 -1.828
v -1.996 18.84 -1.795
v -1.976 18.84 -1.827
v -1.946 18.84 -1.85
v -1.986 18.788 -1.931
v -2.016 18.708 -1.991
v -1.924 18.708 -2.017
v -1.927 18.61 -2.052
v -1.99 18.558 -2.044
v -2.032 18.61 -2.023
v -2.092 18.708 -1.933
v -2.043 18.788 -1.888
v -1.99 18.558 -1.356
v -1.927 18.61 -1.348
v -1.924 18.708 -1.383
v -1.996 18.84 -1.605
v -1.976 18.84 -1.573
v -1.946 18.84 -1.55
v -1.986 18.788 -1.469
v -2.016 18.708 -1.409
v -2.032 18.61 -1.377
v -2.08 18.788 -1.572
v -2.043 18.788 -1.512
v -2.142 18.708 -1.548
v -2.092 18.708 -1.467
v -2.175 18.61 -1.535
v -2.19 18.558 -1.567
v -2.162 18.558 -1.496
v -2.118 18.61 -1.443
v -2.118 18.558 -1.435
v -2.059 18.558 -1.387
v -1.919 11.365 -2.047
v -1.921 11.292 -2.017
v -1.922 11.23 -1.97
v -1.921 11.183 -1.908
v -1.919 11.153 -1.835
v -2.19 11.442 -1.833
v -2.162 11.442 -1.904
v -2.118 11.442 -1.965
v -2.059 11.442 -2.013
v -1.99 11.442 -2.044
v -1.99 11.442 -1.356
v -2.059 11.442 -1.387
v -2.118 11.442 -1.435
v -2.162 11.442 -1.496
v -2.19 11.442 -1.567
v -1.919 11.153 -1.565
v -1.921 11.183 -1.492
v -1.922 11.23 -1.43
v -1.921 11.292 -1.383
v -1.919 11.365 -1.353
v -2.19 11.367 -1.758
v -2.175 11.39 -1.865
v -2.142 11.292 -1.852
v -2.092 11.292 -1.933
v -2.043 11.212 -1.888
v -1.986 11.212 -1.931
v -1.946 11.16 -1.85
v -2.118 11.39 -1.957
v -2.016 11.292 -1.991
v -2.032 11.39 -2.023
v -1.927 11.39 -2.052
v -1.924 11.292 -2.017
v -1.976 11.16 -1.827
v -1.996 11.16 -1.795
v -1.99 11.156 -1.758
v -2.059 11.187 -1.758
v -2.08 11.212 -1.828
v -2.118 11.235 -1.758
v -2.162 11.296 -1.758
v -1.927 11.39 -1.348
v -1.924 11.292 -1.383
v -2.016 11.292 -1.409
v -1.986 11.212 -1.469
v -1.946 11.16 -1.55
v -1.976 11.16 -1.573
v -1.996 11.16 -1.605
v -1.99 11.156 -1.642
v -2.059 11.187 -1.642
v -2.032 11.39 -1.377
v -2.118 11.39 -1.443
v -2.175 11.39 -1.535
v -2.19 11.367 -1.642
v -2.142 11.292 -1.548
v -2.162 11.296 -1.642
v -2.118 11.235 -1.642
v -2.08 11.212 -1.572
v -2.043 11.212 -1.512
v -2.092 11.292 -1.467
v -1.974 22.966 -4.431
v -1.973 23.012 -4.346
v -2.025 22.995 -4.339
v -2.024 23.022 -4.251
v -2.119 22.932 -4.313
v -2.118 22.965 -4.158
v -2.154 22.918 -4.158
v -2.026 22.951 -4.42
v -2.181 22.841 -4.275
v -2.18 22.865 -4.158
v -2.195 22.813 -4.158
v -2.073 23.003 -4.158
v -2.022 23.032 -4.158
v -1.971 23.04 -4.254
v -1.968 23.05 -4.158
v -2.195 22.342 -4.413
v -2.154 22.342 -4.518
v -2.18 22.342 -4.465
v -2.118 22.342 -4.565
v -2.073 22.342 -4.603
v -2.022 22.342 -4.632
v -1.968 22.342 -4.65
v -1.974 22.069 -4.566
v -1.973 22.154 -4.612
v -2.025 22.161 -4.595
v -2.024 22.249 -4.622
v -2.119 22.187 -4.532
v -2.026 22.08 -4.551
v -2.181 22.225 -4.441
v -1.971 22.246 -4.64
v -1.974 22.831 -2.534
v -1.973 22.746 -2.488
v -2.025 22.739 -2.505
v -2.024 22.651 -2.478
v -2.119 22.713 -2.568
v -2.118 22.558 -2.535
v -2.154 22.558 -2.582
v -2.026 22.82 -2.549
v -2.181 22.675 -2.659
v -2.18 22.558 -2.635
v -2.195 22.558 -2.687
v -2.073 22.558 -2.497
v -2.022 22.558 -2.468
v -1.971 22.654 -2.46
v -1.968 22.558 -2.45
v -2.195 22.087 -2.942
v -2.154 21.982 -2.942
v -2.18 22.035 -2.942
v -2.118 21.935 -2.942
v -2.073 21.897 -2.942
v -2.022 21.868 -2.942
v -1.968 21.85 -2.942
v -1.974 21.934 -2.669
v -1.973 21.888 -2.754
v -2.025 21.905 -2.761
v -2.024 21.878 -2.849
v -2.119 21.968 -2.787
v -2.026 21.949 -2.68
v -2.181 22.059 -2.825
v -1.971 21.86 -2.846
v 7.986 5.008 -5.409
v 7.989 5.035 -5.316
v 7.992 5.082 -5.226
v 7.995 5.146 -5.146
v 7.997 5.226 -5.082
v 7.999 5.316 -5.035
v 8 5.409 -5.008
v 5.409 8 -5.008
v 5.316 7.999 -5.035
v 5.226 7.997 -5.082
v 5.146 7.995 -5.146
v 5.082 7.992 -5.226
v 5.035 7.989 -5.316
v 5.008 7.986 -5.409
v 7.906 2.594 -7.7
v 2.594 7.906 -7.7
v 2.594 2.594 -7.7
vn 0 0.707 -0.707
vn 0.157 0.707 -0.689
vn 0.183 0.707 -0.683
vn 0.307 0.707 -0.637
vn 0.354 0.707 -0.612
vn 0.441 0.707 -0.553
vn 0.5 0.707 -0.5
vn 0.553 0.707 -0.441
vn 0.612 0.707 -0.354
vn 0.637 0.707 -0.307
vn 0.683 0.707 -0.183
vn 0.689 0.707 -0.157
vn 0.707 0.707 0
vn 0.689 0.707 0.157
vn 0.683 0.707 0.183
vn 0.637 0.707 0.307
vn 0.612 0.707 0.354
vn 0.553 0.707 0.441
vn 0.5 0.707 0.5
vn 0.441 0.707 0.553
vn 0.354 0.707 0.612
vn 0.307 0.707 0.637
vn 0.183 0.707 0.683
vn 0.157 0.707 0.689
vn 0 0.707 0.707
vn 0.707 0 -0.707
vn 0.689 0.157 -0.707
vn 0.683 0.183 -0.707
vn 0.637 0.307 -0.707
vn 0.612 0.354 -0.707
vn 0.553 0.441 -0.707
vn 0.5 0.5 -0.707
vn 0.441 0.553 -0.707
vn 0.354 0.612 -0.707
vn 0.307 0.637 -0.707
vn 0.183 0.683 -0.707
vn 0.157 0.689 -0.707
vn -0.157 0.689 -0.707
vn -0.183 0.683 -0.707
vn -0.307 0.637 -0.707
vn -0.354 0.612 -0.707
vn -0.441 0.553 -0.707
vn -0.5 0.5 -0.707
vn -0.553 0.441 -0.707
vn -0.612 0.354 -0.707
vn -0.637 0.307 -0.707
vn -0.683 0.183 -0.707
vn -0.689 0.157 -0.707
vn -0.707 0 -0.707
vn 0.707 0 0.707
vn 0.707 0.157 0.689
vn 0.707 0.183 0.683
vn 0.707 0.307 0.637
vn 0.707 0.354 0.612
vn 0.707 0.441 0.553
vn 0.707 0.5 0.5
vn 0.707 0.553 0.441
vn 0.707 0.612 0.354
vn 0.707 0.637 0.307
vn 0.707 0.683 0.183
vn 0.707 0.689 0.157
vn 0.707 0.689 -0.157
vn 0.707 0.683 -0.183
vn 0.707 0.637 -0.307
vn 0.707 0.612 -0.354
vn 0.707 0.553 -0.441
vn 0.707 0.5 -0.5
vn 0.707 0.441 -0.553
vn 0.707 0.354 -0.612
vn 0.707 0.307 -0.637
vn 0.707 0.183 -0.683
vn 0.707 0.157 -0.689
vn -1 0 0
vn -0.983 0 0.182
vn -0.935 -0.135 0.327
vn -0.934 0 0.357
vn -0.846 0 0.533
vn -0.984 -0.127 0.127
vn -0.936 -0.25 0.25
vn -0.85 -0.372 0.372
vn -0.731 -0.261 0.631
vn -0.733 -0.481 0.481
vn -0.42 -0.502 0.756
vn -0.588 -0.572 0.572
vn -0.421 -0.641 0.641
vn -0.247 -0.685 0.685
vn -0.246 -0.536 0.807
vn -0.417 -0.348 0.84
vn -0.242 -0.371 0.897
vn -0.412 -0.18 0.893
vn -0.236 -0.192 0.953
vn -0.406 0 0.914
vn -0.228 0 0.974
vn -0.074 -0.705 0.705
vn -0.073 -0.552 0.831
vn -0.068 -0.382 0.922
vn -0.062 -0.197 0.978
vn -0.052 0 0.999
vn -0.577 0 0.817
vn -0.725 0 0.688
vn -0.983 0.182 0
vn -0.935 0.327 0.135
vn -0.934 0.357 0
vn -0.846 0.533 0
vn -0.984 0.127 0.127
vn -0.936 0.25 0.25
vn -0.85 0.372 0.372
vn -0.731 0.631 0.261
vn -0.733 0.481 0.481
vn -0.42 0.756 0.502
vn -0.588 0.572 0.572
vn -0.421 0.641 0.641
vn -0.247 0.685 0.685
vn -0.246 0.807 0.536
vn -0.417 0.84 0.348
vn -0.242 0.897 0.371
vn -0.412 0.893 0.18
vn -0.236 0.953 0.192
vn -0.406 0.914 0
vn -0.228 0.974 0
vn -0.074 0.705 0.705
vn -0.073 0.831 0.552
vn -0.068 0.922 0.382
vn -0.062 0.978 0.197
vn -0.052 0.999 0
vn -0.577 0.817 0
vn -0.725 0.688 0
vn -0.983 -0.182 0
vn -0.935 -0.327 -0.135
vn -0.934 -0.357 0
vn -0.846 -0.533 0
vn -0.984 -0.127 -0.127
vn -0.936 -0.25 -0.25
vn -0.85 -0.372 -0.372
vn -0.731 -0.631 -0.261
vn -0.733 -0.481 -0.481
vn -0.42 -0.756 -0.502
vn -0.588 -0.572 -0.572
vn -0.421 -0.641 -0.641
vn -0.247 -0.685 -0.685
vn -0.246 -0.807 -0.536
vn -0.417 -0.84 -0.348
vn -0.242 -0.897 -0.371
vn -0.412 -0.893 -0.18
vn -0.236 -0.953 -0.192
vn -0.406 -0.914 0
vn -0.228 -0.974 0
vn -0.074 -0.705 -0.705
vn -0.073 -0.831 -0.552
vn -0.068 -0.922 -0.382
vn -0.062 -0.978 -0.197
vn -0.052 -0.999 0
vn -0.577 -0.817 0
vn -0.725 -0.688 0
vn -0.983 0 -0.182
vn -0.935 0.135 -0.327
vn -0.934 0 -0.357
vn -0.846 0 -0.533
vn -0.984 0.127 -0.127
vn -0.936 0.25 -0.25
vn -0.85 0.372 -0.372
vn -0.731 0.261 -0.631
vn -0.733 0.481 -0.481
vn -0.42 0.502 -0.756
vn -0.588 0.572 -0.572
vn -0.421 0.641 -0.641
vn -0.247 0.685 -0.685
vn -0.246 0.536 -0.807
vn -0.417 0.348 -0.84
vn -0.242 0.371 -0.897
vn -0.412 0.18 -0.893
vn -0.236 0.192 -0.953
vn -0.406 0 -0.914
vn -0.228 0 -0.974
vn -0.074 0.705 -0.705
vn -0.073 0.552 -0.831
vn -0.068 0.382 -0.922
vn -0.062 0.197 -0.978
vn -0.052 0 -0.999
vn -0.577 0 -0.817
vn -0.725 0 -0.688
vn 0 -1 0
vn 0 -0.983 0.182
vn 0.135 -0.935 0.327
vn 0 -0.934 0.357
vn 0 -0.846 0.533
vn 0.127 -0.984 0.127
vn 0.25 -0.936 0.25
vn 0.372 -0.85 0.372
vn 0.261 -0.731 0.631
vn 0.481 -0.733 0.481
vn 0.502 -0.42 0.756
vn 0.572 -0.588 0.572
vn 0.641 -0.421 0.641
vn 0.685 -0.247 0.685
vn 0.536 -0.246 0.807
vn 0.348 -0.417 0.84
vn 0.371 -0.242 0.897
vn 0.18 -0.412 0.893
vn 0.192 -0.236 0.953
vn 0 -0.406 0.914
vn 0 -0.228 0.974
vn 0.705 -0.074 0.705
vn 0.552 -0.073 0.831
vn 0.382 -0.068 0.922
vn 0.197 -0.062 0.978
vn 0 -0.052 0.999
vn 0 -0.577 0.817
vn 0 -0.725 0.688
vn -0.182 -0.983 0
vn -0.327 -0.935 0.135
vn -0.357 -0.934 0
vn -0.533 -0.846 0
vn -0.127 -0.984 0.127
vn -0.25 -0.936 0.25
vn -0.372 -0.85 0.372
vn -0.631 -0.731 0.261
vn -0.481 -0.733 0.481
vn -0.756 -0.42 0.502
vn -0.572 -0.588 0.572
vn -0.641 -0.421 0.641
vn -0.685 -0.247 0.685
vn -0.807 -0.246 0.536
vn -0.84 -0.417 0.348
vn -0.897 -0.242 0.371
vn -0.893 -0.412 0.18
vn -0.953 -0.236 0.192
vn -0.914 -0.406 0
vn -0.974 -0.228 0
vn -0.705 -0.074 0.705
vn -0.831 -0.073 0.552
vn -0.922 -0.068 0.382
vn -0.978 -0.062 0.197
vn -0.999 -0.052 0
vn -0.817 -0.577 0
vn -0.688 -0.725 0
vn 0.182 -0.983 0
vn 0.327 -0.935 -0.135
vn 0.357 -0.934 0
vn 0.533 -0.846 0
vn 0.127 -0.984 -0.127
vn 0.25 -0.936 -0.25
vn 0.372 -0.85 -0.372
vn 0.631 -0.731 -0.261
vn 0.481 -0.733 -0.481
vn 0.756 -0.42 -0.502
vn 0.572 -0.588 -0.572
vn 0.641 -0.421 -0.641
vn 0.685 -0.247 -0.685
vn 0.807 -0.246 -0.536
vn 0.84 -0.417 -0.348
vn 0.897 -0.242 -0.371
vn 0.893 -0.412 -0.18
vn 0.953 -0.236 -0.192
vn 0.914 -0.406 0
vn 0.974 -0.228 0
vn 0.705 -0.074 -0.705
vn 0.831 -0.073 -0.552
vn 0.922 -0.068 -0.382
vn 0.978 -0.062 -0.197
vn 0.999 -0.052 0
vn 0.817 -0.577 0
vn 0.688 -0.725 0
vn 0 -0.983 -0.182
vn -0.135 -0.935 -0.327
vn 0 -0.934 -0.357
vn 0 -0.846 -0.533
vn -0.127 -0.984 -0.127
vn -0.25 -0.936 -0.25
vn -0.372 -0.85 -0.372
vn -0.261 -0.731 -0.631
vn -0.481 -0.733 -0.481
vn -0.502 -0.42 -0.756
vn -0.572 -0.588 -0.572
vn -0.641 -0.421 -0.641
vn -0.685 -0.247 -0.685
vn -0.536 -0.246 -0.807
vn -0.348 -0.417 -0.84
vn -0.371 -0.242 -0.897
vn -0.18 -0.412 -0.893
vn -0.192 -0.236 -0.953
vn 0 -0.406 -0.914
vn 0 -0.228 -0.974
vn -0.705 -0.074 -0.705
vn -0.552 -0.073 -0.831
vn -0.382 -0.068 -0.922
vn -0.197 -0.062 -0.978
vn 0 -0.052 -0.999
vn 0 -0.577 -0.817
vn 0 -0.725 -0.688
vn 0 -0.999 0.052
vn 0.197 -0.978 0.062
vn 0 -0.974 0.228
vn 0.192 -0.953 0.236
vn 0 -0.914 0.406
vn 0.18 -0.893 0.412
vn 0 -0.817 0.577
vn 0 -0.688 0.725
vn 0.382 -0.922 0.068
vn 0.371 -0.897 0.242
vn 0.348 -0.84 0.417
vn 0.261 -0.631 0.731
vn 0.502 -0.756 0.42
vn 0.481 -0.481 0.733
vn 0.572 -0.572 0.588
vn 0.552 -0.831 0.073
vn 0.536 -0.807 0.246
vn 0.705 -0.705 0.074
vn 0.685 -0.685 0.247
vn 0.641 -0.641 0.421
vn 0.372 -0.372 0.85
vn 0.135 -0.327 0.935
vn 0 -0.533 0.846
vn 0 -0.357 0.934
vn 0.25 -0.25 0.936
vn 0.127 -0.127 0.984
vn 0 0 1
vn 0 -0.182 0.983
vn 0.999 0 0.052
vn 0.978 0.197 0.062
vn 0.974 0 0.228
vn 0.953 0.192 0.236
vn 0.914 0 0.406
vn 0.893 0.18 0.412
vn 0.817 0 0.577
vn 0.688 0 0.725
vn 0.922 0.382 0.068
vn 0.897 0.371 0.242
vn 0.84 0.348 0.417
vn 0.631 0.261 0.731
vn 0.756 0.502 0.42
vn 0.481 0.481 0.733
vn 0.572 0.572 0.588
vn 0.831 0.552 0.073
vn 0.807 0.536 0.246
vn 0.705 0.705 0.074
vn 0.685 0.685 0.247
vn 0.641 0.641 0.421
vn 0.372 0.372 0.85
vn 0.327 0.135 0.935
vn 0.533 0 0.846
vn 0.357 0 0.934
vn 0.25 0.25 0.936
vn 0.127 0.127 0.984
vn 0.182 0 0.983
vn -0.999 0 0.052
vn -0.978 -0.197 0.062
vn -0.974 0 0.228
vn -0.953 -0.192 0.236
vn -0.914 0 0.406
vn -0.893 -0.18 0.412
vn -0.817 0 0.577
vn -0.688 0 0.725
vn -0.922 -0.382 0.068
vn -0.897 -0.371 0.242
vn -0.84 -0.348 0.417
vn -0.631 -0.261 0.731
vn -0.756 -0.502 0.42
vn -0.481 -0.481 0.733
vn -0.572 -0.572 0.588
vn -0.831 -0.552 0.073
vn -0.807 -0.536 0.246
vn -0.705 -0.705 0.074
vn -0.685 -0.685 0.247
vn -0.641 -0.641 0.421
vn -0.372 -0.372 0.85
vn -0.327 -0.135 0.935
vn -0.533 0 0.846
vn -0.357 0 0.934
vn -0.25 -0.25 0.936
vn -0.127 -0.127 0.984
vn -0.182 0 0.983
vn 0 0.999 0.052
vn -0.197 0.978 0.062
vn 0 0.974 0.228
vn -0.192 0.953 0.236
vn 0 0.914 0.406
vn -0.18 0.893 0.412
vn 0 0.817 0.577
vn 0 0.688 0.725
vn -0.382 0.922 0.068
vn -0.371 0.897 0.242
vn -0.348 0.84 0.417
vn -0.261 0.631 0.731
vn -0.502 0.756 0.42
vn -0.481 0.481 0.733
vn -0.572 0.572 0.588
vn -0.552 0.831 0.073
vn -0.536 0.807 0.246
vn -0.705 0.705 0.074
vn -0.685 0.685 0.247
vn -0.641 0.641 0.421
vn -0.372 0.372 0.85
vn -0.135 0.327 0.935
vn 0 0.533 0.846
vn 0 0.357 0.934
vn -0.25 0.25 0.936
vn -0.127 0.127 0.984
vn 0 0.182 0.983
vn 0 -0.207 0.978
vn 0.259 0 0.966
vn 0.5 0 0.866
vn 0.866 0 0.5
vn 0.966 0 0.259
vn 1 0 0
vn 0.966 0 -0.259
vn 0.866 0 -0.5
vn 0.5 0 -0.866
vn 0.259 0 -0.966
vn 0 0 -1
vn 0 0.259 -0.966
vn 0 0.5 -0.866
vn 0 0.866 -0.5
vn 0 0.966 -0.259
vn 0 1 0
vn 0 0.966 0.259
vn 0 0.866 0.5
vn 0 0.5 0.866
vn 0 0.259 0.966
vn -0.966 0.259 0
vn -0.866 0.5 0
vn -0.707 0.707 0
vn -0.5 0.866 0
vn -0.259 0.966 0
vn 0.259 0.966 0
vn 0.5 0.866 0
vn 0.866 0.5 0
vn 0.966 0.259 0
vn 0.981 0.196 0
vn 0.924 0.383 0
vn 0.832 0.555 0
vn 0.555 0.832 0
vn 0.383 0.924 0
vn 0.196 0.981 0
vn 0.92 0.393 0
vn 0.862 0.506 0
vn 0.791 0.612 0
vn 0.793 0.609 0
vn 0.612 0.791 0
vn 0.609 0.793 0
vn 0.506 0.862 0
vn 0.393 0.92 0
vn 0.273 0.962 0
vn 0.148 0.989 0
vn 0.131 0.991 0
vn 0.022 1 0
vn 0.017 1 0
vn 0.013 1 0
vn 0.01 1 0
vn 0.962 0.273 0
vn 0.989 0.148 0
vn 0.991 0.131 0
vn 1 0.022 0
vn 1 0.017 0
vn 1 0.013 0
vn 1 0.006 0
vn 1 0.01 0
vn 0.006 1 0
vn 0.966 -0.259 0
vn 0.866 -0.5 0
vn 0.707 -0.707 0
vn 0.5 -0.866 0
vn 0.259 -0.966 0
vn -0.259 -0.966 0
vn -0.5 -0.866 0
vn -0.707 -0.707 0
vn -0.866 -0.5 0
vn -0.966 -0.259 0
vn 0 0.92 -0.393
vn 0 0.862 -0.506
vn 0 0.791 -0.612
vn 0 0.793 -0.609
vn 0 0.612 -0.791
vn 0 0.609 -0.793
vn 0 0.506 -0.862
vn 0 0.393 -0.92
vn 0 0.383 -0.924
vn 0 0.273 -0.962
vn 0 0.148 -0.989
vn 0 0.131 -0.991
vn 0 0.022 -1
vn 0 0.017 -1
vn 0 0.013 -1
vn 0 0.01 -1
vn 0 0.924 -0.383
vn 0 0.962 -0.273
vn 0 0.989 -0.148
vn 0 0.991 -0.131
vn 0 1 -0.022
vn 0 1 -0.017
vn 0 1 -0.013
vn 0 1 -0.006
vn 0 1 -0.01
vn 0 0.006 -1
vn 0 -0.259 0.966
vn 0 -0.5 0.866
vn 0 -0.707 0.707
vn 0 -0.866 0.5
vn 0 -0.966 0.259
vn 0 -0.966 -0.259
vn 0 -0.866 -0.5
vn 0 -0.707 -0.707
vn 0 -0.5 -0.866
vn 0 -0.259 -0.966
vn 0.393 0 -0.92
vn 0.506 0 -0.862
vn 0.612 0 -0.791
vn 0.609 0 -0.793
vn 0.791 0 -0.612
vn 0.793 0 -0.609
vn 0.862 0 -0.506
vn 0.92 0 -0.393
vn 0.924 0 -0.383
vn 0.962 0 -0.273
vn 0.989 0 -0.148
vn 0.991 0 -0.131
vn 1 0 -0.022
vn 1 0 -0.017
vn 1 0 -0.013
vn 1 0 -0.01
vn 0.383 0 -0.924
vn 0.273 0 -0.962
vn 0.148 0 -0.989
vn 0.131 0 -0.991
vn 0.022 0 -1
vn 0.017 0 -1
vn 0.013 0 -1
vn 0.006 0 -1
vn 0.01 0 -1
vn 1 0 -0.006
vn -0.259 0 -0.966
vn -0.5 0 -0.866
vn -0.866 0 -0.5
vn -0.966 0 -0.259
vn -0.966 0 0.259
vn -0.866 0 0.5
vn -0.707 0 0.707
vn -0.5 0 0.866
vn -0.259 0 0.966
vn -0.577 -0.577 0.577
vn 0.181 0.982 0.061
vn 0.193 0.979 0.061
vn 0.367 0.928 0.068
vn 0.382 0.922 0.068
vn 0.556 0.828 0.073
vn 0.546 0.835 0.072
vn 0.828 0.556 0.073
vn 0.835 0.546 0.072
vn 0.928 0.367 0.068
vn 0.979 0.193 0.061
vn 0.982 0.181 0.061
vn 0.982 -0.181 0.061
vn 0.979 -0.193 0.061
vn 0.922 -0.382 0.068
vn 0.828 -0.556 0.073
vn 0.835 -0.546 0.072
vn 0.928 -0.367 0.068
vn 0.546 -0.835 0.072
vn 0.556 -0.828 0.073
vn 0.367 -0.928 0.068
vn 0.193 -0.979 0.061
vn 0.181 -0.982 0.061
vn -0.181 -0.982 0.061
vn -0.193 -0.979 0.061
vn -0.382 -0.922 0.068
vn -0.556 -0.828 0.073
vn -0.546 -0.835 0.072
vn -0.367 -0.928 0.068
vn -0.835 -0.546 0.072
vn -0.828 -0.556 0.073
vn -0.928 -0.367 0.068
vn -0.979 -0.193 0.061
vn -0.982 -0.181 0.061
vn -0.982 0.181 0.061
vn -0.979 0.193 0.061
vn -0.928 0.367 0.068
vn -0.922 0.382 0.068
vn -0.828 0.556 0.073
vn -0.835 0.546 0.072
vn -0.556 0.828 0.073
vn -0.546 0.835 0.072
vn -0.367 0.928 0.068
vn -0.193 0.979 0.061
vn -0.181 0.982 0.061
vn -0.327 0.135 0.935
vn -0.631 0.261 0.731
vn -0.756 0.502 0.42
vn -0.807 0.536 0.246
vn -0.84 0.348 0.417
vn -0.897 0.371 0.242
vn -0.893 0.18 0.412
vn -0.953 0.192 0.236
vn -0.831 0.552 0.073
vn -0.978 0.197 0.062
vn -0.135 -0.327 0.935
vn -0.261 -0.631 0.731
vn -0.502 -0.756 0.42
vn -0.536 -0.807 0.246
vn -0.348 -0.84 0.417
vn -0.371 -0.897 0.242
vn -0.18 -0.893 0.412
vn -0.192 -0.953 0.236
vn -0.552 -0.831 0.073
vn -0.197 -0.978 0.062
vn 0.135 0.327 0.935
vn 0.261 0.631 0.731
vn 0.502 0.756 0.42
vn 0.536 0.807 0.246
vn 0.348 0.84 0.417
vn 0.371 0.897 0.242
vn 0.18 0.893 0.412
vn 0.192 0.953 0.236
vn 0.552 0.831 0.073
vn 0.197 0.978 0.062
vn 0.327 -0.135 0.935
vn 0.631 -0.261 0.731
vn 0.756 -0.502 0.42
vn 0.807 -0.536 0.246
vn 0.84 -0.348 0.417
vn 0.897 -0.371 0.242
vn 0.893 -0.18 0.412
vn 0.953 -0.192 0.236
vn 0.831 -0.552 0.073
vn 0.978 -0.197 0.062
vn -0.258 0.964 0.064
vn -0.499 0.864 0.071
vn -0.864 0.499 0.071
vn -0.964 0.258 0.064
vn 0 0.25 0.968
vn 0 0.485 0.875
vn 0 0.848 0.53
vn 0 0.954 0.301
vn 0.964 0.258 0.064
vn 0.864 0.499 0.071
vn 0.499 0.864 0.071
vn 0.258 0.964 0.064
vn -0.25 0 0.968
vn -0.091 0.174 0.981
vn -0.08 0.5 0.862
vn -0.059 0.766 0.64
vn -0.032 0.94 0.341
vn -0.152 0.94 0.306
vn -0.253 0.94 0.23
vn -0.319 0.94 0.124
vn -0.599 0.766 0.232
vn -0.808 0.5 0.313
vn -0.954 0 0.301
vn -0.918 0.174 0.356
vn -0.64 0.5 0.583
vn -0.475 0.766 0.433
vn -0.287 0.766 0.575
vn -0.848 0 0.53
vn -0.728 0.174 0.663
vn -0.386 0.5 0.775
vn -0.439 0.174 0.882
vn -0.485 0 0.875
vn 0.954 0 0.301
vn 0.968 0.174 0.181
vn 0.851 0.5 0.159
vn 0.632 0.766 0.118
vn 0.291 0.94 0.18
vn 0.206 0.94 0.273
vn 0.094 0.94 0.329
vn 0.176 0.766 0.618
vn 0.237 0.5 0.833
vn 0.27 0.174 0.947
vn 0.25 0 0.968
vn 0.485 0 0.875
vn 0.593 0.174 0.786
vn 0.522 0.5 0.691
vn 0.736 0.5 0.456
vn 0.547 0.766 0.338
vn 0.837 0.174 0.518
vn 0.848 0 0.53
vn 0.387 0.766 0.513
vn -0.964 -0.258 0.064
vn -0.864 -0.499 0.071
vn -0.499 -0.864 0.071
vn -0.258 -0.964 0.064
vn 0.258 -0.964 0.064
vn 0.499 -0.864 0.071
vn 0.864 -0.499 0.071
vn 0.964 -0.258 0.064
vn 0 -0.25 0.968
vn -0.091 -0.174 0.981
vn -0.439 -0.174 0.882
vn -0.728 -0.174 0.663
vn -0.918 -0.174 0.356
vn -0.808 -0.5 0.313
vn -0.599 -0.766 0.232
vn -0.319 -0.94 0.124
vn -0.253 -0.94 0.23
vn -0.152 -0.94 0.306
vn 0 -0.954 0.301
vn -0.032 -0.94 0.341
vn 0 -0.848 0.53
vn -0.059 -0.766 0.64
vn -0.08 -0.5 0.862
vn 0 -0.485 0.875
vn -0.386 -0.5 0.775
vn -0.287 -0.766 0.575
vn -0.475 -0.766 0.433
vn -0.64 -0.5 0.583
vn 0.206 -0.94 0.273
vn 0.291 -0.94 0.18
vn 0.547 -0.766 0.338
vn 0.632 -0.766 0.118
vn 0.851 -0.5 0.159
vn 0.968 -0.174 0.181
vn 0.736 -0.5 0.456
vn 0.837 -0.174 0.518
vn 0.522 -0.5 0.691
vn 0.593 -0.174 0.786
vn 0.237 -0.5 0.833
vn 0.27 -0.174 0.947
vn 0.176 -0.766 0.618
vn 0.094 -0.94 0.329
vn 0.387 -0.766 0.513
vn -0.181 -0.061 -0.982
vn -0.193 -0.061 -0.979
vn -0.556 -0.073 -0.828
vn -0.546 -0.072 -0.835
vn -0.367 -0.068 -0.928
vn -0.835 -0.072 -0.546
vn -0.828 -0.073 -0.556
vn -0.922 -0.068 -0.382
vn -0.928 -0.068 -0.367
vn -0.979 -0.061 -0.193
vn -0.982 -0.061 -0.181
vn 0.979 -0.061 -0.193
vn 0.982 -0.061 -0.181
vn 0.928 -0.068 -0.367
vn 0.828 -0.073 -0.556
vn 0.835 -0.072 -0.546
vn 0.556 -0.073 -0.828
vn 0.546 -0.072 -0.835
vn 0.382 -0.068 -0.922
vn 0.367 -0.068 -0.928
vn 0.193 -0.061 -0.979
vn 0.181 -0.061 -0.982
vn -0.982 -0.061 0.181
vn -0.979 -0.061 0.193
vn -0.828 -0.073 0.556
vn -0.835 -0.072 0.546
vn -0.928 -0.068 0.367
vn -0.546 -0.072 0.835
vn -0.556 -0.073 0.828
vn -0.382 -0.068 0.922
vn -0.367 -0.068 0.928
vn -0.193 -0.061 0.979
vn -0.181 -0.061 0.982
vn 0.193 -0.061 0.979
vn 0.181 -0.061 0.982
vn 0.367 -0.068 0.928
vn 0.556 -0.073 0.828
vn 0.546 -0.072 0.835
vn 0.828 -0.073 0.556
vn 0.835 -0.072 0.546
vn 0.922 -0.068 0.382
vn 0.928 -0.068 0.367
vn 0.979 -0.061 0.193
vn 0.982 -0.061 0.181
vn 0.552 -0.073 -0.831
vn 0.536 -0.246 -0.807
vn 0.371 -0.242 -0.897
vn 0.348 -0.417 -0.84
vn 0.18 -0.412 -0.893
vn 0.261 -0.731 -0.631
vn 0.502 -0.42 -0.756
vn 0.135 -0.935 -0.327
vn 0.192 -0.236 -0.953
vn 0.197 -0.062 -0.978
vn 0.831 -0.073 0.552
vn 0.807 -0.246 0.536
vn 0.897 -0.242 0.371
vn 0.84 -0.417 0.348
vn 0.893 -0.412 0.18
vn 0.631 -0.731 0.261
vn 0.756 -0.42 0.502
vn 0.327 -0.935 0.135
vn 0.953 -0.236 0.192
vn 0.978 -0.062 0.197
vn -0.831 -0.073 -0.552
vn -0.807 -0.246 -0.536
vn -0.897 -0.242 -0.371
vn -0.84 -0.417 -0.348
vn -0.893 -0.412 -0.18
vn -0.631 -0.731 -0.261
vn -0.756 -0.42 -0.502
vn -0.327 -0.935 -0.135
vn -0.953 -0.236 -0.192
vn -0.978 -0.062 -0.197
vn -0.552 -0.073 0.831
vn -0.536 -0.246 0.807
vn -0.371 -0.242 0.897
vn -0.348 -0.417 0.84
vn -0.18 -0.412 0.893
vn -0.261 -0.731 0.631
vn -0.502 -0.42 0.756
vn -0.135 -0.935 0.327
vn -0.192 -0.236 0.953
vn -0.197 -0.062 0.978
vn 0.258 -0.064 -0.964
vn 0.499 -0.071 -0.864
vn 0.864 -0.071 -0.499
vn 0.964 -0.064 -0.258
vn 0 -0.968 -0.25
vn 0 -0.875 -0.485
vn 0 -0.53 -0.848
vn 0 -0.301 -0.954
vn -0.964 -0.064 -0.258
vn -0.864 -0.071 -0.499
vn -0.499 -0.071 -0.864
vn -0.258 -0.064 -0.964
vn 0.094 -0.94 -0.329
vn 0.176 -0.766 -0.618
vn 0.237 -0.5 -0.833
vn 0.27 -0.174 -0.947
vn 0.593 -0.174 -0.786
vn 0.522 -0.5 -0.691
vn 0.736 -0.5 -0.456
vn 0.547 -0.766 -0.338
vn 0.632 -0.766 -0.118
vn 0.336 -0.94 -0.063
vn 0.485 -0.875 0
vn 0.25 -0.968 0
vn 0.837 -0.174 -0.518
vn 0.851 -0.5 -0.159
vn 0.968 -0.174 -0.181
vn 0.954 -0.301 0
vn 0.848 -0.53 0
vn 0.291 -0.94 -0.18
vn 0.387 -0.766 -0.513
vn 0.206 -0.94 -0.273
vn -0.954 -0.301 0
vn -0.918 -0.174 -0.356
vn -0.808 -0.5 -0.313
vn -0.64 -0.5 -0.583
vn -0.475 -0.766 -0.433
vn -0.287 -0.766 -0.575
vn -0.152 -0.94 -0.306
vn -0.032 -0.94 -0.341
vn -0.728 -0.174 -0.663
vn -0.386 -0.5 -0.775
vn -0.059 -0.766 -0.64
vn -0.439 -0.174 -0.882
vn -0.091 -0.174 -0.981
vn -0.08 -0.5 -0.862
vn -0.25 -0.968 0
vn -0.319 -0.94 -0.124
vn -0.485 -0.875 0
vn -0.599 -0.766 -0.232
vn -0.848 -0.53 0
vn -0.253 -0.94 -0.23
vn 0.964 -0.064 0.258
vn 0.864 -0.071 0.499
vn 0.499 -0.071 0.864
vn 0.258 -0.064 0.964
vn -0.258 -0.064 0.964
vn -0.499 -0.071 0.864
vn -0.864 -0.071 0.499
vn -0.964 -0.064 0.258
vn 0.336 -0.94 0.063
vn 0 -0.301 0.954
vn 0 -0.53 0.848
vn 0 -0.875 0.485
vn 0 -0.968 0.25
vn -0.061 0.979 0.193
vn -0.061 0.982 0.181
vn -0.068 0.928 0.367
vn -0.073 0.828 0.556
vn -0.072 0.835 0.546
vn -0.073 0.556 0.828
vn -0.072 0.546 0.835
vn -0.068 0.382 0.922
vn -0.068 0.367 0.928
vn -0.061 0.193 0.979
vn -0.061 0.181 0.982
vn -0.061 -0.193 0.979
vn -0.061 -0.181 0.982
vn -0.068 -0.367 0.928
vn -0.073 -0.556 0.828
vn -0.072 -0.546 0.835
vn -0.073 -0.828 0.556
vn -0.072 -0.835 0.546
vn -0.068 -0.922 0.382
vn -0.068 -0.928 0.367
vn -0.061 -0.979 0.193
vn -0.061 -0.982 0.181
vn -0.061 -0.982 -0.181
vn -0.061 -0.979 -0.193
vn -0.073 -0.828 -0.556
vn -0.072 -0.835 -0.546
vn -0.068 -0.928 -0.367
vn -0.072 -0.546 -0.835
vn -0.073 -0.556 -0.828
vn -0.068 -0.382 -0.922
vn -0.068 -0.367 -0.928
vn -0.061 -0.193 -0.979
vn -0.061 -0.181 -0.982
vn -0.061 0.181 -0.982
vn -0.061 0.193 -0.979
vn -0.073 0.556 -0.828
vn -0.072 0.546 -0.835
vn -0.068 0.367 -0.928
vn -0.072 0.835 -0.546
vn -0.073 0.828 -0.556
vn -0.068 0.922 -0.382
vn -0.068 0.928 -0.367
vn -0.061 0.979 -0.193
vn -0.061 0.982 -0.181
vn -0.073 0.831 -0.552
vn -0.246 0.807 -0.536
vn -0.242 0.897 -0.371
vn -0.417 0.84 -0.348
vn -0.412 0.893 -0.18
vn -0.731 0.631 -0.261
vn -0.42 0.756 -0.502
vn -0.935 0.327 -0.135
vn -0.236 0.953 -0.192
vn -0.062 0.978 -0.197
vn -0.073 -0.552 -0.831
vn -0.246 -0.536 -0.807
vn -0.242 -0.371 -0.897
vn -0.417 -0.348 -0.84
vn -0.412 -0.18 -0.893
vn -0.731 -0.261 -0.631
vn -0.42 -0.502 -0.756
vn -0.935 -0.135 -0.327
vn -0.236 -0.192 -0.953
vn -0.062 -0.197 -0.978
vn -0.073 0.552 0.831
vn -0.246 0.536 0.807
vn -0.242 0.371 0.897
vn -0.417 0.348 0.84
vn -0.412 0.18 0.893
vn -0.731 0.261 0.631
vn -0.42 0.502 0.756
vn -0.935 0.135 0.327
vn -0.236 0.192 0.953
vn -0.062 0.197 0.978
vn -0.073 -0.831 0.552
vn -0.246 -0.807 0.536
vn -0.242 -0.897 0.371
vn -0.417 -0.84 0.348
vn -0.412 -0.893 0.18
vn -0.731 -0.631 0.261
vn -0.42 -0.756 0.502
vn -0.935 -0.327 0.135
vn -0.236 -0.953 0.192
vn -0.062 -0.978 0.197
vn -0.064 -0.964 0.258
vn -0.071 -0.864 0.499
vn -0.071 -0.499 0.864
vn -0.064 -0.258 0.964
vn -0.968 -0.25 0
vn -0.875 -0.485 0
vn -0.53 -0.848 0
vn -0.301 -0.954 0
vn -0.064 -0.258 -0.964
vn -0.071 -0.499 -0.864
vn -0.071 -0.864 -0.499
vn -0.064 -0.964 -0.258
vn -0.968 0 0.25
vn -0.875 0 0.485
vn -0.53 0 0.848
vn -0.301 0 0.954
vn -0.301 0 -0.954
vn -0.968 0 -0.25
vn -0.875 0 -0.485
vn -0.53 0 -0.848
vn -0.064 0.258 0.964
vn -0.071 0.499 0.864
vn -0.071 0.864 0.499
vn -0.064 0.964 0.258
vn -0.064 0.964 -0.258
vn -0.071 0.864 -0.499
vn -0.071 0.499 -0.864
vn -0.064 0.258 -0.964
vn -0.968 0.25 0
vn -0.301 0.954 0
vn -0.53 0.848 0
vn -0.875 0.485 0
vn -0.091 0.174 -0.981
vn -0.08 0.5 -0.862
vn -0.386 0.5 -0.775
vn -0.287 0.766 -0.575
vn -0.152 0.94 -0.306
vn -0.253 0.94 -0.23
vn -0.319 0.94 -0.124
vn -0.439 0.174 -0.882
vn -0.728 0.174 -0.663
vn -0.918 0.174 -0.356
vn -0.808 0.5 -0.313
vn -0.599 0.766 -0.232
vn -0.475 0.766 -0.433
vn -0.64 0.5 -0.583
vn 0.707 -0.157 -0.689
vn 0.707 -0.183 -0.683
vn 0.707 -0.307 -0.637
vn 0.707 -0.354 -0.612
vn 0.707 -0.441 -0.553
vn 0.707 -0.5 -0.5
vn 0.707 -0.553 -0.441
vn 0.707 -0.612 -0.354
vn 0.707 -0.637 -0.307
vn 0.707 -0.683 -0.183
vn 0.707 -0.689 -0.157
vn 0.707 -0.689 0.157
vn 0.707 -0.683 0.183
vn 0.707 -0.637 0.307
vn 0.707 -0.612 0.354
vn 0.707 -0.553 0.441
vn 0.707 -0.5 0.5
vn 0.707 -0.441 0.553
vn 0.707 -0.354 0.612
vn 0.707 -0.307 0.637
vn 0.707 -0.183 0.683
vn 0.707 -0.157 0.689
vn 0 0.981 -0.196
vn 0 0.983 -0.182
vn 0 0.93 -0.368
vn 0 0.837 -0.547
vn 0 0.832 -0.555
vn 0 0.555 -0.832
vn 0 0.547 -0.837
vn 0 0.368 -0.93
vn 0 0.196 -0.981
vn 0 0.182 -0.983
vn 0.182 0 -0.983
vn 0.196 0 -0.981
vn 0.368 0 -0.93
vn 0.547 0 -0.837
vn 0.555 0 -0.832
vn 0.837 0 -0.547
vn 0.93 0 -0.368
vn 0.832 0 -0.555
vn 0.983 0 -0.182
vn 0.981 0 -0.196
vn -0.999 0 0.035
vn 0 -0.999 0.035
vn 0.999 0 0.035
vn 0 0.999 0.035
vn -0.689 -0.157 -0.707
vn -0.683 -0.183 -0.707
vn -0.637 -0.307 -0.707
vn -0.612 -0.354 -0.707
vn -0.553 -0.441 -0.707
vn -0.5 -0.5 -0.707
vn -0.441 -0.553 -0.707
vn -0.354 -0.612 -0.707
vn -0.307 -0.637 -0.707
vn -0.183 -0.683 -0.707
vn -0.157 -0.689 -0.707
vn 0.157 -0.689 -0.707
vn 0.183 -0.683 -0.707
vn 0.307 -0.637 -0.707
vn 0.354 -0.612 -0.707
vn 0.441 -0.553 -0.707
vn 0.5 -0.5 -0.707
vn 0.553 -0.441 -0.707
vn 0.612 -0.354 -0.707
vn 0.637 -0.307 -0.707
vn 0.683 -0.183 -0.707
vn 0.689 -0.157 -0.707
vn -0.157 0.707 0.689
vn -0.183 0.707 0.683
vn -0.307 0.707 0.637
vn -0.354 0.707 0.612
vn -0.441 0.707 0.553
vn -0.5 0.707 0.5
vn -0.553 0.707 0.441
vn -0.612 0.707 0.354
vn -0.637 0.707 0.307
vn -0.683 0.707 0.183
vn -0.689 0.707 0.157
vn -0.689 0.707 -0.157
vn -0.683 0.707 -0.183
vn -0.637 0.707 -0.307
vn -0.612 0.707 -0.354
vn -0.553 0.707 -0.441
vn -0.5 0.707 -0.5
vn -0.441 0.707 -0.553
vn -0.354 0.707 -0.612
vn -0.307 0.707 -0.637
vn -0.183 0.707 -0.683
vn -0.157 0.707 -0.689
g fath_093we301n08_1
usemtl fath_093we301n08_color_1
f 1//1 2//1 3//2
f 3//2 2//1 4//3
f 3//2 4//3 5//4
f 5//4 4//3 6//5
f 5//4 6//5 7//6
f 7//6 6//5 8//7
f 7//6 8//7 9//8
f 9//8 8//7 10//9
f 9//8 10//9 11//10
f 11//10 10//9 12//11
f 11//10 12//11 13//12
f 13//12 12//11 14//13
f 13//12 14//13 15//13
f 15//13 14//13 16//14
f 14//13 17//15 16//14
f 16//14 17//15 18//16
f 17//15 19//17 18//16
f 18//16 19//17 20//18
f 19//17 21//19 20//18
f 20//18 21//19 22//20
f 21//19 23//21 22//20
f 22//20 23//21 24//22
f 23//21 25//23 24//22
f 24//22 25//23 26//24
f 25//23 27//25 26//24
f 26//24 27//25 28//25
f 29//26 30//26 31//27
f 31//27 30//26 32//28
f 31//27 32//28 33//29
f 33//29 32//28 34//30
f 33//29 34//30 35//31
f 35//31 34//30 36//32
f 35//31 36//32 37//33
f 37//33 36//32 38//34
f 37//33 38//34 39//35
f 39//35 38//34 40//36
f 39//35 40//36 41//37
f 41//37 40//36 42//1
f 41//37 42//1 43//1
f 43//1 42//1 44//38
f 42//1 45//39 44//38
f 44//38 45//39 46//40
f 45//39 47//41 46//40
f 46//40 47//41 48//42
f 47//41 49//43 48//42
f 48//42 49//43 50//44
f 49//43 51//45 50//44
f 50//44 51//45 52//46
f 51//45 53//47 52//46
f 52//46 53//47 54//48
f 53//47 55//49 54//48
f 54//48 55//49 56//49
f 57//50 58//50 59//51
f 59//51 58//50 60//52
f 59//51 60//52 61//53
f 61//53 60//52 62//54
f 61//53 62//54 63//55
f 63//55 62//54 64//56
f 63//55 64//56 65//57
f 65//57 64//56 66//58
f 65//57 66//58 67//59
f 67//59 66//58 68//60
f 67//59 68//60 69//61
f 69//61 68//60 70//13
f 69//61 70//13 71//13
f 71//13 70//13 72//62
f 70//13 73//63 72//62
f 72//62 73//63 74//64
f 73//63 75//65 74//64
f 74//64 75//65 76//66
f 75//65 77//67 76//66
f 76//66 77//67 78//68
f 77//67 79//69 78//68
f 78//68 79//69 80//70
f 79//69 81//71 80//70
f 80//70 81//71 82//72
f 81//71 83//26 82//72
f 82//72 83//26 84//26
f 85//73 86//73 87//74
f 87//74 86//73 88//75
f 87//74 88//75 89//76
f 89//76 88//75 90//77
f 86//73 91//73 88//75
f 88//75 91//73 92//73
f 88//75 92//73 93//78
f 93//78 92//73 94//73
f 93//78 95//79 88//75
f 88//75 95//79 96//80
f 88//75 96//80 97//81
f 97//81 96//80 98//82
f 97//81 98//82 99//83
f 99//83 98//82 100//84
f 99//83 100//84 101//85
f 101//85 102//86 99//83
f 99//83 102//86 103//87
f 99//83 103//87 104//88
f 104//88 103//87 105//89
f 104//88 105//89 106//90
f 106//90 105//89 107//91
f 106//90 107//91 108//92
f 108//92 107//91 109//93
f 110//94 111//95 102//86
f 102//86 111//95 103//87
f 103//87 111//95 105//89
f 105//89 111//95 112//96
f 105//89 112//96 107//91
f 107//91 112//96 113//97
f 107//91 113//97 109//93
f 109//93 113//97 114//98
f 108//92 115//99 106//90
f 106//90 115//99 116//100
f 106//90 116//100 97//81
f 97//81 116//100 90//77
f 97//81 90//77 88//75
f 99//83 104//88 97//81
f 97//81 104//88 106//90
f 117//73 118//73 119//101
f 119//101 118//73 120//102
f 119//101 120//102 121//103
f 121//103 120//102 122//104
f 118//73 123//73 120//102
f 120//102 123//73 124//73
f 120//102 124//73 125//105
f 125//105 124//73 126//73
f 125//105 127//106 120//102
f 120//102 127//106 128//107
f 120//102 128//107 129//108
f 129//108 128//107 130//109
f 129//108 130//109 131//110
f 131//110 130//109 132//111
f 131//110 132//111 133//112
f 133//112 134//113 131//110
f 131//110 134//113 135//114
f 131//110 135//114 136//115
f 136//115 135//114 137//116
f 136//115 137//116 138//117
f 138//117 137//116 139//118
f 138//117 139//118 140//119
f 140//119 139//118 141//120
f 142//121 143//122 134//113
f 134//113 143//122 135//114
f 135//114 143//122 137//116
f 137//116 143//122 144//123
f 137//116 144//123 139//118
f 139//118 144//123 145//124
f 139//118 145//124 141//120
f 141//120 145//124 146//125
f 140//119 147//126 138//117
f 138//117 147//126 148//127
f 138//117 148//127 129//108
f 129//108 148//127 122//104
f 129//108 122//104 120//102
f 131//110 136//115 129//108
f 129//108 136//115 138//117
f 149//73 150//73 151//128
f 151//128 150//73 152//129
f 151//128 152//129 153//130
f 153//130 152//129 154//131
f 150//73 155//73 152//129
f 152//129 155//73 156//73
f 152//129 156//73 157//132
f 157//132 156//73 158//73
f 157//132 159//133 152//129
f 152//129 159//133 160//134
f 152//129 160//134 161//135
f 161//135 160//134 162//136
f 161//135 162//136 163//137
f 163//137 162//136 164//138
f 163//137 164//138 165//139
f 165//139 166//140 163//137
f 163//137 166//140 167//141
f 163//137 167//141 168//142
f 168//142 167//141 169//143
f 168//142 169//143 170//144
f 170//144 169//143 171//145
f 170//144 171//145 172//146
f 172//146 171//145 173//147
f 174//148 175//149 166//140
f 166//140 175//149 167//141
f 167//141 175//149 169//143
f 169//143 175//149 176//150
f 169//143 176//150 171//145
f 171//145 176//150 177//151
f 171//145 177//151 173//147
f 173//147 177//151 178//152
f 172//146 179//153 170//144
f 170//144 179//153 180//154
f 170//144 180//154 161//135
f 161//135 180//154 154//131
f 161//135 154//131 152//129
f 163//137 168//142 161//135
f 161//135 168//142 170//144
f 181//73 182//73 183//155
f 183//155 182//73 184//156
f 183//155 184//156 185//157
f 185//157 184//156 186//158
f 182//73 187//73 184//156
f 184//156 187//73 188//73
f 184//156 188//73 189//159
f 189//159 188//73 190//73
f 189//159 191//160 184//156
f 184//156 191//160 192//161
f 184//156 192//161 193//162
f 193//162 192//161 194//163
f 193//162 194//163 195//164
f 195//164 194//163 196//165
f 195//164 196//165 197//166
f 197//166 198//167 195//164
f 195//164 198//167 199//168
f 195//164 199//168 200//169
f 200//169 199//168 201//170
f 200//169 201//170 202//171
f 202//171 201//170 203//172
f 202//171 203//172 204//173
f 204//173 203//172 205//174
f 206//175 207//176 198//167
f 198//167 207//176 199//168
f 199//168 207//176 201//170
f 201//170 207//176 208//177
f 201//170 208//177 203//172
f 203//172 208//177 209//178
f 203//172 209//178 205//174
f 205//174 209//178 210//179
f 204//173 211//180 202//171
f 202//171 211//180 212//181
f 202//171 212//181 193//162
f 193//162 212//181 186//158
f 193//162 186//158 184//156
f 195//164 200//169 193//162
f 193//162 200//169 202//171
f 213//73 214//73 215//74
f 215//74 214//73 216//75
f 215//74 216//75 217//76
f 217//76 216//75 218//77
f 214//73 219//73 216//75
f 216//75 219//73 220//73
f 216//75 220//73 221//78
f 221//78 220//73 222//73
f 221//78 223//79 216//75
f 216//75 223//79 224//80
f 216//75 224//80 225//81
f 225//81 224//80 226//82
f 225//81 226//82 227//83
f 227//83 226//82 228//84
f 227//83 228//84 229//85
f 229//85 230//86 227//83
f 227//83 230//86 231//87
f 227//83 231//87 232//88
f 232//88 231//87 233//89
f 232//88 233//89 234//90
f 234//90 233//89 235//91
f 234//90 235//91 236//92
f 236//92 235//91 237//93
f 238//94 239//95 230//86
f 230//86 239//95 231//87
f 231//87 239//95 233//89
f 233//89 239//95 240//96
f 233//89 240//96 235//91
f 235//91 240//96 241//97
f 235//91 241//97 237//93
f 237//93 241//97 242//98
f 236//92 243//99 234//90
f 234//90 243//99 244//100
f 234//90 244//100 225//81
f 225//81 244//100 218//77
f 225//81 218//77 216//75
f 227//83 232//88 225//81
f 225//81 232//88 234//90
f 245//73 246//73 247//101
f 247//101 246//73 248//102
f 247//101 248//102 249//103
f 249//103 248//102 250//104
f 246//73 251//73 248//102
f 248//102 251//73 252//73
f 248//102 252//73 253//105
f 253//105 252//73 254//73
f 253//105 255//106 248//102
f 248//102 255//106 256//107
f 248//102 256//107 257//108
f 257//108 256//107 258//109
f 257//108 258//109 259//110
f 259//110 258//109 260//111
f 259//110 260//111 261//112
f 261//112 262//113 259//110
f 259//110 262//113 263//114
f 259//110 263//114 264//115
f 264//115 263//114 265//116
f 264//115 265//116 266//117
f 266//117 265//116 267//118
f 266//117 267//118 268//119
f 268//119 267//118 269//120
f 270//121 271//122 262//113
f 262//113 271//122 263//114
f 263//114 271//122 265//116
f 265//116 271//122 272//123
f 265//116 272//123 267//118
f 267//118 272//123 273//124
f 267//118 273//124 269//120
f 269//120 273//124 274//125
f 268//119 275//126 266//117
f 266//117 275//126 276//127
f 266//117 276//127 257//108
f 257//108 276//127 250//104
f 257//108 250//104 248//102
f 259//110 264//115 257//108
f 257//108 264//115 266//117
f 277//73 278//73 279//128
f 279//128 278//73 280//129
f 279//128 280//129 281//130
f 281//130 280//129 282//131
f 278//73 283//73 280//129
f 280//129 283//73 284//73
f 280//129 284//73 285//132
f 285//132 284//73 286//73
f 285//132 287//133 280//129
f 280//129 287//133 288//134
f 280//129 288//134 289//135
f 289//135 288//134 290//136
f 289//135 290//136 291//137
f 291//137 290//136 292//138
f 291//137 292//138 293//139
f 293//139 294//140 291//137
f 291//137 294//140 295//141
f 291//137 295//141 296//142
f 296//142 295//141 297//143
f 296//142 297//143 298//144
f 298//144 297//143 299//145
f 298//144 299//145 300//146
f 300//146 299//145 301//147
f 302//148 303//149 294//140
f 294//140 303//149 295//141
f 295//141 303//149 297//143
f 297//143 303//149 304//150
f 297//143 304//150 299//145
f 299//145 304//150 305//151
f 299//145 305//151 301//147
f 301//147 305//151 306//152
f 300//146 307//153 298//144
f 298//144 307//153 308//154
f 298//144 308//154 289//135
f 289//135 308//154 282//131
f 289//135 282//131 280//129
f 291//137 296//142 289//135
f 289//135 296//142 298//144
f 309//73 310//73 311//155
f 311//155 310//73 312//156
f 311//155 312//156 313//157
f 313//157 312//156 314//158
f 310//73 315//73 312//156
f 312//156 315//73 316//73
f 312//156 316//73 317//159
f 317//159 316//73 318//73
f 317//159 319//160 312//156
f 312//156 319//160 320//161
f 312//156 320//161 321//162
f 321//162 320//161 322//163
f 321//162 322//163 323//164
f 323//164 322//163 324//165
f 323//164 324//165 325//166
f 325//166 326//167 323//164
f 323//164 326//167 327//168
f 323//164 327//168 328//169
f 328//169 327//168 329//170
f 328//169 329//170 330//171
f 330//171 329//170 331//172
f 330//171 331//172 332//173
f 332//173 331//172 333//174
f 334//175 335//176 326//167
f 326//167 335//176 327//168
f 327//168 335//176 329//170
f 329//170 335//176 336//177
f 329//170 336//177 331//172
f 331//172 336//177 337//178
f 331//172 337//178 333//174
f 333//174 337//178 338//179
f 332//173 339//180 330//171
f 330//171 339//180 340//181
f 330//171 340//181 321//162
f 321//162 340//181 314//158
f 321//162 314//158 312//156
f 323//164 328//169 321//162
f 321//162 328//169 330//171
f 341//182 342//182 343//183
f 343//183 342//182 344//184
f 343//183 344//184 345//185
f 345//185 344//184 346//186
f 342//182 347//182 344//184
f 344//184 347//182 348//182
f 344//184 348//182 349//187
f 349//187 348//182 350//182
f 349//187 351//188 344//184
f 344//184 351//188 352//189
f 344//184 352//189 353//190
f 353//190 352//189 354//191
f 353//190 354//191 355//192
f 355//192 354//191 356//193
f 355//192 356//193 357//194
f 357//194 358//195 355//192
f 355//192 358//195 359//196
f 355//192 359//196 360//197
f 360//197 359//196 361//198
f 360//197 361//198 362//199
f 362//199 361//198 363//200
f 362//199 363//200 364//201
f 364//201 363//200 365//202
f 366//203 367//204 358//195
f 358//195 367//204 359//196
f 359//196 367//204 361//198
f 361//198 367//204 368//205
f 361//198 368//205 363//200
f 363//200 368//205 369//206
f 363//200 369//206 365//202
f 365//202 369//206 370//207
f 364//201 371//208 362//199
f 362//199 371//208 372//209
f 362//199 372//209 353//190
f 353//190 372//209 346//186
f 353//190 346//186 344//184
f 355//192 360//197 353//190
f 353//190 360//197 362//199
f 373//182 374//182 375//210
f 375//210 374//182 376//211
f 375//210 376//211 377//212
f 377//212 376//211 378//213
f 374//182 379//182 376//211
f 376//211 379//182 380//182
f 376//211 380//182 381//214
f 381//214 380//182 382//182
f 381//214 383//215 376//211
f 376//211 383//215 384//216
f 376//211 384//216 385//217
f 385//217 384//216 386//218
f 385//217 386//218 387//219
f 387//219 386//218 388//220
f 387//219 388//220 389//221
f 389//221 390//222 387//219
f 387//219 390//222 391//223
f 387//219 391//223 392//224
f 392//224 391//223 393//225
f 392//224 393//225 394//226
f 394//226 393//225 395//227
f 394//226 395//227 396//228
f 396//228 395//227 397//229
f 398//230 399//231 390//222
f 390//222 399//231 391//223
f 391//223 399//231 393//225
f 393//225 399//231 400//232
f 393//225 400//232 395//227
f 395//227 400//232 401//233
f 395//227 401//233 397//229
f 397//229 401//233 402//234
f 396//228 403//235 394//226
f 394//226 403//235 404//236
f 394//226 404//236 385//217
f 385//217 404//236 378//213
f 385//217 378//213 376//211
f 387//219 392//224 385//217
f 385//217 392//224 394//226
f 405//182 406//182 407//237
f 407//237 406//182 408//238
f 407//237 408//238 409//239
f 409//239 408//238 410//240
f 406//182 411//182 408//238
f 408//238 411//182 412//182
f 408//238 412//182 413//241
f 413//241 412//182 414//182
f 413//241 415//242 408//238
f 408//238 415//242 416//243
f 408//238 416//243 417//244
f 417//244 416//243 418//245
f 417//244 418//245 419//246
f 419//246 418//245 420//247
f 419//246 420//247 421//248
f 421//248 422//249 419//246
f 419//246 422//249 423//250
f 419//246 423//250 424//251
f 424//251 423//250 425//252
f 424//251 425//252 426//253
f 426//253 425//252 427//254
f 426//253 427//254 428//255
f 428//255 427//254 429//256
f 430//257 431//258 422//249
f 422//249 431//258 423//250
f 423//250 431//258 425//252
f 425//252 431//258 432//259
f 425//252 432//259 427//254
f 427//254 432//259 433//260
f 427//254 433//260 429//256
f 429//256 433//260 434//261
f 428//255 435//262 426//253
f 426//253 435//262 436//263
f 426//253 436//263 417//244
f 417//244 436//263 410//240
f 417//244 410//240 408//238
f 419//246 424//251 417//244
f 417//244 424//251 426//253
f 437//182 438//182 439//264
f 439//264 438//182 440//265
f 439//264 440//265 441//266
f 441//266 440//265 442//267
f 438//182 443//182 440//265
f 440//265 443//182 444//182
f 440//265 444//182 445//268
f 445//268 444//182 446//182
f 445//268 447//269 440//265
f 440//265 447//269 448//270
f 440//265 448//270 449//271
f 449//271 448//270 450//272
f 449//271 450//272 451//273
f 451//273 450//272 452//274
f 451//273 452//274 453//275
f 453//275 454//276 451//273
f 451//273 454//276 455//277
f 451//273 455//277 456//278
f 456//278 455//277 457//279
f 456//278 457//279 458//280
f 458//280 457//279 459//281
f 458//280 459//281 460//282
f 460//282 459//281 461//283
f 462//284 463//285 454//276
f 454//276 463//285 455//277
f 455//277 463//285 457//279
f 457//279 463//285 464//286
f 457//279 464//286 459//281
f 459//281 464//286 465//287
f 459//281 465//287 461//283
f 461//283 465//287 466//288
f 460//282 467//289 458//280
f 458//280 467//289 468//290
f 458//280 468//290 449//271
f 449//271 468//290 442//267
f 449//271 442//267 440//265
f 451//273 456//278 449//271
f 449//271 456//278 458//280
f 469//182 470//182 471//210
f 471//210 470//182 472//211
f 471//210 472//211 473//212
f 473//212 472//211 474//213
f 470//182 475//182 472//211
f 472//211 475//182 476//182
f 472//211 476//182 477//214
f 477//214 476//182 478//182
f 477//214 479//215 472//211
f 472//211 479//215 480//216
f 472//211 480//216 481//217
f 481//217 480//216 482//218
f 481//217 482//218 483//219
f 483//219 482//218 484//220
f 483//219 484//220 485//221
f 485//221 486//222 483//219
f 483//219 486//222 487//223
f 483//219 487//223 488//224
f 488//224 487//223 489//225
f 488//224 489//225 490//226
f 490//226 489//225 491//227
f 490//226 491//227 492//228
f 492//228 491//227 493//229
f 494//230 495//231 486//222
f 486//222 495//231 487//223
f 487//223 495//231 489//225
f 489//225 495//231 496//232
f 489//225 496//232 491//227
f 491//227 496//232 497//233
f 491//227 497//233 493//229
f 493//229 497//233 498//234
f 492//228 499//235 490//226
f 490//226 499//235 500//236
f 490//226 500//236 481//217
f 481//217 500//236 474//213
f 481//217 474//213 472//211
f 483//219 488//224 481//217
f 481//217 488//224 490//226
f 501//182 502//182 503//264
f 503//264 502//182 504//265
f 503//264 504//265 505//266
f 505//266 504//265 506//267
f 502//182 507//182 504//265
f 504//265 507//182 508//182
f 504//265 508//182 509//268
f 509//268 508//182 510//182
f 509//268 511//269 504//265
f 504//265 511//269 512//270
f 504//265 512//270 513//271
f 513//271 512//270 514//272
f 513//271 514//272 515//273
f 515//273 514//272 516//274
f 515//273 516//274 517//275
f 517//275 518//276 515//273
f 515//273 518//276 519//277
f 515//273 519//277 520//278
f 520//278 519//277 521//279
f 520//278 521//279 522//280
f 522//280 521//279 523//281
f 522//280 523//281 524//282
f 524//282 523//281 525//283
f 526//284 527//285 518//276
f 518//276 527//285 519//277
f 519//277 527//285 521//279
f 521//279 527//285 528//286
f 521//279 528//286 523//281
f 523//281 528//286 529//287
f 523//281 529//287 525//283
f 525//283 529//287 530//288
f 524//282 531//289 522//280
f 522//280 531//289 532//290
f 522//280 532//290 513//271
f 513//271 532//290 506//267
f 513//271 506//267 504//265
f 515//273 520//278 513//271
f 513//271 520//278 522//280
f 533//182 534//182 535//183
f 535//183 534//182 536//184
f 535//183 536//184 537//185
f 537//185 536//184 538//186
f 534//182 539//182 536//184
f 536//184 539//182 540//182
f 536//184 540//182 541//187
f 541//187 540//182 542//182
f 541//187 543//188 536//184
f 536//184 543//188 544//189
f 536//184 544//189 545//190
f 545//190 544//189 546//191
f 545//190 546//191 547//192
f 547//192 546//191 548//193
f 547//192 548//193 549//194
f 549//194 550//195 547//192
f 547//192 550//195 551//196
f 547//192 551//196 552//197
f 552//197 551//196 553//198
f 552//197 553//198 554//199
f 554//199 553//198 555//200
f 554//199 555//200 556//201
f 556//201 555//200 557//202
f 558//203 559//204 550//195
f 550//195 559//204 551//196
f 551//196 559//204 553//198
f 553//198 559//204 560//205
f 553//198 560//205 555//200
f 555//200 560//205 561//206
f 555//200 561//206 557//202
f 557//202 561//206 562//207
f 556//201 563//208 554//199
f 554//199 563//208 564//209
f 554//199 564//209 545//190
f 545//190 564//209 538//186
f 545//190 538//186 536//184
f 547//192 552//197 545//190
f 545//190 552//197 554//199
f 565//182 566//182 567//237
f 567//237 566//182 568//238
f 567//237 568//238 569//239
f 569//239 568//238 570//240
f 566//182 571//182 568//238
f 568//238 571//182 572//182
f 568//238 572//182 573//241
f 573//241 572//182 574//182
f 573//241 575//242 568//238
f 568//238 575//242 576//243
f 568//238 576//243 577//244
f 577//244 576//243 578//245
f 577//244 578//245 579//246
f 579//246 578//245 580//247
f 579//246 580//247 581//248
f 581//248 582//249 579//246
f 579//246 582//249 583//250
f 579//246 583//250 584//251
f 584//251 583//250 585//252
f 584//251 585//252 586//253
f 586//253 585//252 587//254
f 586//253 587//254 588//255
f 588//255 587//254 589//256
f 590//257 591//258 582//249
f 582//249 591//258 583//250
f 583//250 591//258 585//252
f 585//252 591//258 592//259
f 585//252 592//259 587//254
f 587//254 592//259 593//260
f 587//254 593//260 589//256
f 589//256 593//260 594//261
f 588//255 595//262 586//253
f 586//253 595//262 596//263
f 586//253 596//263 577//244
f 577//244 596//263 570//240
f 577//244 570//240 568//238
f 579//246 584//251 577//244
f 577//244 584//251 586//253
f 597//291 598//292 599//293
f 599//293 598//292 600//294
f 599//293 600//294 601//295
f 601//295 600//294 602//296
f 601//295 602//296 603//297
f 603//297 602//296 604//298
f 598//292 605//299 600//294
f 600//294 605//299 606//300
f 600//294 606//300 602//296
f 602//296 606//300 607//301
f 602//296 607//301 608//302
f 608//302 607//301 609//303
f 608//302 609//303 610//304
f 610//304 609//303 611//305
f 605//299 612//306 606//300
f 606//300 612//306 613//307
f 606//300 613//307 607//301
f 607//301 613//307 609//303
f 614//308 615//309 612//306
f 612//306 615//309 613//307
f 613//307 615//309 609//303
f 609//303 615//309 616//310
f 609//303 616//310 611//305
f 610//304 617//311 608//302
f 608//302 617//311 618//312
f 608//302 618//312 619//313
f 619//313 618//312 620//314
f 617//311 621//315 618//312
f 618//312 621//315 622//316
f 618//312 622//316 623//317
f 623//317 622//316 624//317
f 623//317 625//317 618//312
f 618//312 625//317 626//317
f 618//312 626//317 627//318
f 627//318 626//317 628//317
f 627//318 620//314 618//312
f 619//313 604//298 608//302
f 608//302 604//298 602//296
f 629//319 630//320 631//321
f 631//321 630//320 632//322
f 631//321 632//322 633//323
f 633//323 632//322 634//324
f 633//323 634//324 635//325
f 635//325 634//324 636//326
f 630//320 637//327 632//322
f 632//322 637//327 638//328
f 632//322 638//328 634//324
f 634//324 638//328 639//329
f 634//324 639//329 640//330
f 640//330 639//329 641//331
f 640//330 641//331 642//332
f 642//332 641//331 643//333
f 637//327 644//334 638//328
f 638//328 644//334 645//335
f 638//328 645//335 639//329
f 639//329 645//335 641//331
f 646//336 647//337 644//334
f 644//334 647//337 645//335
f 645//335 647//337 641//331
f 641//331 647//337 648//338
f 641//331 648//338 643//333
f 642//332 649//339 640//330
f 640//330 649//339 650//340
f 640//330 650//340 651//341
f 651//341 650//340 652//342
f 649//339 653//343 650//340
f 650//340 653//343 654//344
f 650//340 654//344 655//317
f 655//317 654//344 656//317
f 655//317 657//317 650//340
f 650//340 657//317 658//317
f 650//340 658//317 659//345
f 659//345 658//317 660//317
f 659//345 652//342 650//340
f 651//341 636//326 640//330
f 640//330 636//326 634//324
f 661//346 662//347 663//348
f 663//348 662//347 664//349
f 663//348 664//349 665//350
f 665//350 664//349 666//351
f 665//350 666//351 667//352
f 667//352 666//351 668//353
f 662//347 669//354 664//349
f 664//349 669//354 670//355
f 664//349 670//355 666//351
f 666//351 670//355 671//356
f 666//351 671//356 672//357
f 672//357 671//356 673//358
f 672//357 673//358 674//359
f 674//359 673//358 675//360
f 669//354 676//361 670//355
f 670//355 676//361 677//362
f 670//355 677//362 671//356
f 671//356 677//362 673//358
f 678//363 679//364 676//361
f 676//361 679//364 677//362
f 677//362 679//364 673//358
f 673//358 679//364 680//365
f 673//358 680//365 675//360
f 674//359 681//366 672//357
f 672//357 681//366 682//367
f 672//357 682//367 683//368
f 683//368 682//367 684//369
f 681//366 685//370 682//367
f 682//367 685//370 686//371
f 682//367 686//371 687//317
f 687//317 686//371 688//317
f 687//317 689//317 682//367
f 682//367 689//317 690//317
f 682//367 690//317 691//372
f 691//372 690//317 692//317
f 691//372 684//369 682//367
f 683//368 668//353 672//357
f 672//357 668//353 666//351
f 693//373 694//374 695//375
f 695//375 694//374 696//376
f 695//375 696//376 697//377
f 697//377 696//376 698//378
f 697//377 698//378 699//379
f 699//379 698//378 700//380
f 694//374 701//381 696//376
f 696//376 701//381 702//382
f 696//376 702//382 698//378
f 698//378 702//382 703//383
f 698//378 703//383 704//384
f 704//384 703//383 705//385
f 704//384 705//385 706//386
f 706//386 705//385 707//387
f 701//381 708//388 702//382
f 702//382 708//388 709//389
f 702//382 709//389 703//383
f 703//383 709//389 705//385
f 710//390 711//391 708//388
f 708//388 711//391 709//389
f 709//389 711//391 705//385
f 705//385 711//391 712//392
f 705//385 712//392 707//387
f 706//386 713//393 704//384
f 704//384 713//393 714//394
f 704//384 714//394 715//395
f 715//395 714//394 716//396
f 713//393 717//397 714//394
f 714//394 717//397 718//398
f 714//394 718//398 719//317
f 719//317 718//398 720//317
f 719//317 721//317 714//394
f 714//394 721//317 722//317
f 714//394 722//317 723//399
f 723//399 722//317 724//317
f 723//399 716//396 714//394
f 715//395 700//380 704//384
f 704//384 700//380 698//378
f 725//291 726//292 727//293
f 727//293 726//292 728//294
f 727//293 728//294 729//295
f 729//295 728//294 730//296
f 729//295 730//296 731//297
f 731//297 730//296 732//298
f 726//292 733//299 728//294
f 728//294 733//299 734//300
f 728//294 734//300 730//296
f 730//296 734//300 735//301
f 730//296 735//301 736//302
f 736//302 735//301 737//303
f 736//302 737//303 738//304
f 738//304 737//303 739//305
f 733//299 740//306 734//300
f 734//300 740//306 741//307
f 734//300 741//307 735//301
f 735//301 741//307 737//303
f 742//308 743//309 740//306
f 740//306 743//309 741//307
f 741//307 743//309 737//303
f 737//303 743//309 744//310
f 737//303 744//310 739//305
f 738//304 745//311 736//302
f 736//302 745//311 746//312
f 736//302 746//312 747//313
f 747//313 746//312 748//314
f 745//311 749//315 746//312
f 746//312 749//315 750//316
f 746//312 750//316 751//317
f 751//317 750//316 752//317
f 751//317 753//317 746//312
f 746//312 753//317 754//317
f 746//312 754//317 755//400
f 755//400 754//317 756//207
f 754//317 757//317 756//207
f 755//400 748//314 746//312
f 747//313 732//298 736//302
f 736//302 732//298 730//296
f 758//319 759//320 760//321
f 760//321 759//320 761//322
f 760//321 761//322 762//323
f 762//323 761//322 763//324
f 762//323 763//324 764//325
f 764//325 763//324 765//326
f 759//320 766//327 761//322
f 761//322 766//327 767//328
f 761//322 767//328 763//324
f 763//324 767//328 768//329
f 763//324 768//329 769//330
f 769//330 768//329 770//331
f 769//330 770//331 771//332
f 771//332 770//331 772//333
f 766//327 773//334 767//328
f 767//328 773//334 774//335
f 767//328 774//335 768//329
f 768//329 774//335 770//331
f 775//336 776//337 773//334
f 773//334 776//337 774//335
f 774//335 776//337 770//331
f 770//331 776//337 777//338
f 770//331 777//338 772//333
f 771//332 778//339 769//330
f 769//330 778//339 779//340
f 769//330 779//340 780//341
f 780//341 779//340 781//342
f 778//339 782//343 779//340
f 779//340 782//343 783//344
f 779//340 783//344 784//317
f 784//317 783//344 785//317
f 784//317 786//317 779//340
f 779//340 786//317 787//317
f 779//340 787//317 788//345
f 788//345 787//317 789//317
f 788//345 781//342 779//340
f 780//341 765//326 769//330
f 769//330 765//326 763//324
f 790//346 791//347 792//348
f 792//348 791//347 793//349
f 792//348 793//349 794//350
f 794//350 793//349 795//351
f 794//350 795//351 796//352
f 796//352 795//351 797//353
f 791//347 798//354 793//349
f 793//349 798//354 799//355
f 793//349 799//355 795//351
f 795//351 799//355 800//356
f 795//351 800//356 801//357
f 801//357 800//356 802//358
f 801//357 802//358 803//359
f 803//359 802//358 804//360
f 798//354 805//361 799//355
f 799//355 805//361 806//362
f 799//355 806//362 800//356
f 800//356 806//362 802//358
f 807//363 808//364 805//361
f 805//361 808//364 806//362
f 806//362 808//364 802//358
f 802//358 808//364 809//365
f 802//358 809//365 804//360
f 803//359 810//366 801//357
f 801//357 810//366 811//367
f 801//357 811//367 812//368
f 812//368 811//367 813//369
f 810//366 814//370 811//367
f 811//367 814//370 815//371
f 811//367 815//371 816//317
f 816//317 815//371 817//317
f 816//317 818//317 811//367
f 811//367 818//317 819//317
f 811//367 819//317 820//372
f 820//372 819//317 821//317
f 820//372 813//369 811//367
f 812//368 797//353 801//357
f 801//357 797//353 795//351
f 822//373 823//374 824//375
f 824//375 823//374 825//376
f 824//375 825//376 826//377
f 826//377 825//376 827//378
f 826//377 827//378 828//379
f 828//379 827//378 829//380
f 823//374 830//381 825//376
f 825//376 830//381 831//382
f 825//376 831//382 827//378
f 827//378 831//382 832//383
f 827//378 832//383 833//384
f 833//384 832//383 834//385
f 833//384 834//385 835//386
f 835//386 834//385 836//387
f 830//381 837//388 831//382
f 831//382 837//388 838//389
f 831//382 838//389 832//383
f 832//383 838//389 834//385
f 839//390 840//391 837//388
f 837//388 840//391 838//389
f 838//389 840//391 834//385
f 834//385 840//391 841//392
f 834//385 841//392 836//387
f 835//386 842//393 833//384
f 833//384 842//393 843//394
f 833//384 843//394 844//395
f 844//395 843//394 845//396
f 842//393 846//397 843//394
f 843//394 846//397 847//398
f 843//394 847//398 848//317
f 848//317 847//398 849//317
f 848//317 850//317 843//394
f 843//394 850//317 851//317
f 843//394 851//317 852//399
f 852//399 851//317 853//317
f 852//399 845//396 843//394
f 844//395 829//380 833//384
f 833//384 829//380 827//378
f 27//317 25//401 854//317
f 854//317 25//401 855//401
f 25//401 23//402 855//401
f 855//401 23//402 856//402
f 23//402 21//50 856//402
f 856//402 21//50 857//50
f 857//50 21//50 858//403
f 858//403 21//50 19//403
f 858//403 19//403 859//404
f 859//404 19//403 17//404
f 859//404 17//404 14//405
f 859//404 14//405 860//405
f 860//405 14//405 12//406
f 860//405 12//406 861//406
f 861//406 12//406 10//407
f 861//406 10//407 862//407
f 862//407 10//407 8//26
f 862//407 8//26 863//26
f 863//26 8//26 6//408
f 863//26 6//408 864//408
f 864//408 6//408 4//409
f 864//408 4//409 865//409
f 865//409 4//409 866//410
f 4//409 2//410 866//410
f 83//410 81//411 867//410
f 867//410 81//411 868//411
f 81//411 79//412 868//411
f 868//411 79//412 869//412
f 79//412 77//1 869//412
f 869//412 77//1 870//1
f 870//1 77//1 871//413
f 871//413 77//1 75//413
f 871//413 75//413 872//414
f 872//414 75//413 73//414
f 872//414 73//414 70//415
f 872//414 70//415 873//415
f 873//415 70//415 68//416
f 873//415 68//416 874//416
f 874//416 68//416 66//417
f 874//416 66//417 875//417
f 875//417 66//417 64//25
f 875//417 64//25 876//25
f 876//25 64//25 62//418
f 876//25 62//418 877//418
f 877//418 62//418 60//419
f 877//418 60//419 878//419
f 878//419 60//419 879//317
f 60//419 58//317 879//317
f 55//73 53//420 880//73
f 880//73 53//420 881//420
f 53//420 51//421 881//420
f 881//420 51//421 882//421
f 51//421 49//422 882//421
f 882//421 49//422 883//422
f 883//422 49//422 884//423
f 884//423 49//422 47//423
f 884//423 47//423 885//424
f 885//424 47//423 45//424
f 885//424 45//424 42//415
f 885//424 42//415 886//415
f 886//415 42//415 40//425
f 886//415 40//425 887//425
f 887//425 40//425 38//426
f 887//425 38//426 888//426
f 888//426 38//426 36//13
f 888//426 36//13 889//13
f 889//13 36//13 34//427
f 889//13 34//427 890//427
f 890//427 34//427 32//428
f 890//427 32//428 891//428
f 891//428 32//428 892//405
f 32//428 30//405 892//405
f 893//405 894//405 895//429
f 895//429 894//405 896//428
f 895//429 896//428 897//430
f 897//430 896//428 898//427
f 897//430 898//427 899//431
f 899//431 898//427 900//13
f 899//431 900//13 901//13
f 901//13 900//13 902//432
f 900//13 903//426 902//432
f 902//432 903//426 904//433
f 903//426 905//425 904//433
f 904//433 905//425 906//434
f 905//425 907//415 906//434
f 906//434 907//415 908//415
f 909//73 910//73 911//73
f 911//73 910//73 912//73
f 911//73 912//73 913//73
f 913//73 912//73 914//73
f 913//73 914//73 915//73
f 916//73 917//73 918//73
f 918//73 917//73 919//73
f 918//73 919//73 911//73
f 911//73 919//73 920//73
f 911//73 920//73 921//73
f 922//73 923//73 924//73
f 924//73 923//73 925//73
f 924//73 925//73 926//73
f 926//73 925//73 927//73
f 926//73 927//73 928//73
f 928//73 927//73 929//73
f 928//73 929//73 930//73
f 930//73 929//73 931//73
f 930//73 931//73 932//73
f 932//73 931//73 933//73
f 932//73 933//73 934//73
f 934//73 933//73 935//73
f 934//73 935//73 918//73
f 918//73 935//73 936//73
f 918//73 936//73 937//73
f 938//73 939//73 940//73
f 940//73 939//73 941//73
f 940//73 941//73 942//73
f 942//73 941//73 943//73
f 942//73 943//73 934//73
f 934//73 943//73 944//73
f 934//73 944//73 932//73
f 938//73 945//73 939//73
f 939//73 945//73 946//73
f 945//73 947//73 946//73
f 946//73 947//73 948//73
f 949//73 950//73 951//73
f 951//73 950//73 952//73
f 951//73 952//73 947//73
f 947//73 952//73 953//73
f 947//73 953//73 948//73
f 954//73 955//73 956//73
f 956//73 955//73 957//73
f 956//73 957//73 951//73
f 951//73 957//73 958//73
f 951//73 958//73 959//73
f 960//73 961//73 924//73
f 924//73 961//73 962//73
f 924//73 962//73 956//73
f 956//73 962//73 963//73
f 956//73 963//73 964//73
f 965//73 966//73 913//73
f 913//73 966//73 967//73
f 913//73 967//73 924//73
f 924//73 967//73 968//73
f 924//73 968//73 922//73
f 937//73 969//73 918//73
f 918//73 969//73 970//73
f 918//73 970//73 971//73
f 971//73 972//73 918//73
f 918//73 972//73 916//73
f 921//73 973//73 911//73
f 911//73 973//73 974//73
f 911//73 974//73 975//73
f 975//73 909//73 911//73
f 915//73 976//73 913//73
f 913//73 976//73 977//73
f 913//73 977//73 978//73
f 978//73 979//73 913//73
f 913//73 979//73 980//73
f 913//73 980//73 965//73
f 964//73 981//73 956//73
f 956//73 981//73 982//73
f 956//73 982//73 983//73
f 983//73 984//73 956//73
f 956//73 984//73 954//73
f 959//73 985//73 951//73
f 951//73 985//73 949//73
f 926//73 986//73 924//73
f 924//73 986//73 987//73
f 924//73 987//73 988//73
f 988//73 989//73 924//73
f 924//73 989//73 990//73
f 924//73 990//73 991//73
f 991//73 992//73 924//73
f 924//73 992//73 960//73
f 993//73 994//73 995//73
f 995//73 994//73 996//73
f 995//73 996//73 997//73
f 997//73 996//73 998//73
f 997//73 998//73 999//73
f 1000//73 1001//73 1002//73
f 1002//73 1001//73 1003//73
f 1002//73 1003//73 995//73
f 995//73 1003//73 1004//73
f 995//73 1004//73 1005//73
f 1006//73 1007//73 1008//73
f 1008//73 1007//73 1009//73
f 1008//73 1009//73 1002//73
f 1002//73 1009//73 1010//73
f 1002//73 1010//73 1011//73
f 1006//73 1008//73 1012//73
f 1012//73 1008//73 1013//73
f 1012//73 1013//73 1014//73
f 1014//73 1013//73 1015//73
f 1014//73 1015//73 1016//73
f 1014//73 1016//73 1017//73
f 1017//73 1016//73 1018//73
f 1017//73 1018//73 1019//73
f 1019//73 1018//73 1020//73
f 1019//73 1020//73 1021//73
f 1021//73 1020//73 1022//73
f 1023//73 1024//73 1025//73
f 1025//73 1024//73 1026//73
f 1025//73 1026//73 1020//73
f 1020//73 1026//73 1027//73
f 1020//73 1027//73 1022//73
f 1022//73 1027//73 1028//73
f 1022//73 1028//73 1029//73
f 1029//73 1028//73 1030//73
f 1029//73 1030//73 1031//73
f 1031//73 1030//73 1032//73
f 1031//73 1032//73 1033//73
f 1033//73 1032//73 1034//73
f 1033//73 1034//73 997//73
f 997//73 1034//73 1035//73
f 997//73 1035//73 1036//73
f 1037//73 1038//73 1039//73
f 1039//73 1038//73 1040//73
f 1039//73 1040//73 1025//73
f 1025//73 1040//73 1041//73
f 1025//73 1041//73 1042//73
f 1043//73 1044//73 1045//73
f 1045//73 1044//73 1046//73
f 1045//73 1046//73 1039//73
f 1039//73 1046//73 1047//73
f 1039//73 1047//73 1048//73
f 1036//73 1049//73 997//73
f 997//73 1049//73 1050//73
f 997//73 1050//73 1045//73
f 1045//73 1050//73 1051//73
f 1045//73 1051//73 1052//73
f 999//73 1053//73 997//73
f 997//73 1053//73 1054//73
f 997//73 1054//73 1055//73
f 1055//73 1056//73 997//73
f 997//73 1056//73 1057//73
f 997//73 1057//73 1058//73
f 1058//73 1059//73 997//73
f 997//73 1059//73 1033//73
f 1011//73 1060//73 1002//73
f 1002//73 1060//73 1000//73
f 1005//73 1061//73 995//73
f 995//73 1061//73 1062//73
f 995//73 1062//73 1063//73
f 1063//73 1064//73 995//73
f 995//73 1064//73 993//73
f 1052//73 1065//73 1045//73
f 1045//73 1065//73 1066//73
f 1045//73 1066//73 1067//73
f 1067//73 1068//73 1045//73
f 1045//73 1068//73 1069//73
f 1045//73 1069//73 1043//73
f 1048//73 1070//73 1039//73
f 1039//73 1070//73 1071//73
f 1039//73 1071//73 1072//73
f 1072//73 1073//73 1039//73
f 1039//73 1073//73 1037//73
f 1042//73 1074//73 1025//73
f 1025//73 1074//73 1075//73
f 1025//73 1075//73 1076//73
f 1076//73 1023//73 1025//73
f 1077//317 1078//317 997//317
f 997//317 1078//317 1079//317
f 997//317 1079//317 1080//317
f 1080//317 1079//317 1081//317
f 1080//317 1081//317 1082//317
f 1083//317 1084//317 1045//317
f 1045//317 1084//317 1085//317
f 1045//317 1085//317 997//317
f 997//317 1085//317 1086//317
f 997//317 1086//317 1087//317
f 1088//317 1089//317 1090//317
f 1090//317 1089//317 1091//317
f 1090//317 1091//317 1045//317
f 1045//317 1091//317 1092//317
f 1045//317 1092//317 1093//317
f 1094//317 1095//317 1096//317
f 1096//317 1095//317 1097//317
f 1096//317 1097//317 1090//317
f 1090//317 1097//317 1098//317
f 1090//317 1098//317 1099//317
f 1087//317 1100//317 997//317
f 997//317 1100//317 1101//317
f 997//317 1101//317 1102//317
f 1102//317 1101//317 1103//317
f 1102//317 1103//317 1104//317
f 1104//317 1103//317 1105//317
f 1104//317 1105//317 1106//317
f 1106//317 1105//317 1107//317
f 1106//317 1107//317 1108//317
f 1108//317 1107//317 1109//317
f 1108//317 1109//317 1110//317
f 1110//317 1109//317 1111//317
f 1110//317 1111//317 1096//317
f 1096//317 1111//317 1112//317
f 1096//317 1112//317 1113//317
f 1114//317 1115//317 1116//317
f 1116//317 1115//317 1117//317
f 1116//317 1117//317 1118//317
f 1118//317 1117//317 1119//317
f 1118//317 1119//317 1110//317
f 1110//317 1119//317 1120//317
f 1110//317 1120//317 1108//317
f 1114//317 1121//317 1115//317
f 1115//317 1121//317 1122//317
f 1121//317 1123//317 1122//317
f 1122//317 1123//317 1124//317
f 1125//317 1126//317 1127//317
f 1127//317 1126//317 1128//317
f 1127//317 1128//317 1123//317
f 1123//317 1128//317 1129//317
f 1123//317 1129//317 1124//317
f 1130//317 1131//317 1080//317
f 1080//317 1131//317 1132//317
f 1080//317 1132//317 1127//317
f 1127//317 1132//317 1133//317
f 1127//317 1133//317 1134//317
f 1102//317 1135//317 997//317
f 997//317 1135//317 1136//317
f 997//317 1136//317 1137//317
f 1137//317 1138//317 997//317
f 997//317 1138//317 1139//317
f 997//317 1139//317 1140//317
f 1140//317 1141//317 997//317
f 997//317 1141//317 1077//317
f 1082//317 1142//317 1080//317
f 1080//317 1142//317 1143//317
f 1080//317 1143//317 1144//317
f 1144//317 1145//317 1080//317
f 1080//317 1145//317 1130//317
f 1134//317 1146//317 1127//317
f 1127//317 1146//317 1125//317
f 1093//317 1147//317 1045//317
f 1045//317 1147//317 1148//317
f 1045//317 1148//317 1149//317
f 1149//317 1150//317 1045//317
f 1045//317 1150//317 1151//317
f 1045//317 1151//317 1083//317
f 1113//317 1152//317 1096//317
f 1096//317 1152//317 1153//317
f 1096//317 1153//317 1154//317
f 1154//317 1094//317 1096//317
f 1099//317 1155//317 1090//317
f 1090//317 1155//317 1156//317
f 1090//317 1156//317 1157//317
f 1157//317 1158//317 1090//317
f 1090//317 1158//317 1088//317
f 1159//182 1160//182 1161//182
f 1161//182 1160//182 1162//182
f 1161//182 1162//182 1163//182
f 1163//182 1162//182 1164//182
f 1163//182 1164//182 1165//182
f 1166//182 1167//182 1168//182
f 1168//182 1167//182 1169//182
f 1168//182 1169//182 1161//182
f 1161//182 1169//182 1170//182
f 1161//182 1170//182 1171//182
f 1172//182 1173//182 1174//182
f 1174//182 1173//182 1175//182
f 1174//182 1175//182 1168//182
f 1168//182 1175//182 1176//182
f 1168//182 1176//182 1177//182
f 1165//182 1178//182 1163//182
f 1163//182 1178//182 1179//182
f 1163//182 1179//182 1180//182
f 1180//182 1179//182 1181//182
f 1180//182 1181//182 1182//182
f 1182//182 1181//182 1183//182
f 1182//182 1183//182 1184//182
f 1184//182 1183//182 1185//182
f 1184//182 1185//182 1186//182
f 1186//182 1185//182 1187//182
f 1186//182 1187//182 1188//182
f 1188//182 1187//182 1189//182
f 1188//182 1189//182 1174//182
f 1174//182 1189//182 1190//182
f 1174//182 1190//182 1191//182
f 1192//182 1193//182 1194//182
f 1194//182 1193//182 1195//182
f 1194//182 1195//182 1196//182
f 1196//182 1195//182 1197//182
f 1196//182 1197//182 1188//182
f 1188//182 1197//182 1198//182
f 1188//182 1198//182 1186//182
f 1192//182 1199//182 1193//182
f 1193//182 1199//182 1200//182
f 1199//182 1201//182 1200//182
f 1200//182 1201//182 1202//182
f 1203//182 1204//182 1205//182
f 1205//182 1204//182 1206//182
f 1205//182 1206//182 1201//182
f 1201//182 1206//182 1207//182
f 1201//182 1207//182 1202//182
f 1208//182 1209//182 1210//182
f 1210//182 1209//182 1211//182
f 1210//182 1211//182 1205//182
f 1205//182 1211//182 1212//182
f 1205//182 1212//182 1213//182
f 1214//182 1215//182 1163//182
f 1163//182 1215//182 1216//182
f 1163//182 1216//182 1210//182
f 1210//182 1216//182 1217//182
f 1210//182 1217//182 1218//182
f 1213//182 1219//182 1205//182
f 1205//182 1219//182 1203//182
f 1180//182 1220//182 1163//182
f 1163//182 1220//182 1221//182
f 1163//182 1221//182 1222//182
f 1222//182 1223//182 1163//182
f 1163//182 1223//182 1224//182
f 1163//182 1224//182 1225//182
f 1225//182 1226//182 1163//182
f 1163//182 1226//182 1214//182
f 1218//182 1227//182 1210//182
f 1210//182 1227//182 1228//182
f 1210//182 1228//182 1229//182
f 1229//182 1230//182 1210//182
f 1210//182 1230//182 1208//182
f 1177//182 1231//182 1168//182
f 1168//182 1231//182 1232//182
f 1168//182 1232//182 1233//182
f 1233//182 1234//182 1168//182
f 1168//182 1234//182 1166//182
f 1171//182 1235//182 1161//182
f 1161//182 1235//182 1236//182
f 1161//182 1236//182 1237//182
f 1237//182 1238//182 1161//182
f 1161//182 1238//182 1239//182
f 1161//182 1239//182 1159//182
f 1191//182 1240//182 1174//182
f 1174//182 1240//182 1241//182
f 1174//182 1241//182 1242//182
f 1242//182 1172//182 1174//182
f 1243//182 1244//182 913//182
f 913//182 1244//182 1245//182
f 913//182 1245//182 1246//182
f 1246//182 1245//182 1247//182
f 1246//182 1247//182 1248//182
f 1249//182 1250//182 924//182
f 924//182 1250//182 1251//182
f 924//182 1251//182 913//182
f 913//182 1251//182 1252//182
f 913//182 1252//182 1253//182
f 1254//182 1255//182 1256//182
f 1256//182 1255//182 1257//182
f 1256//182 1257//182 924//182
f 924//182 1257//182 1258//182
f 924//182 1258//182 1259//182
f 1260//182 1261//182 1262//182
f 1262//182 1261//182 1263//182
f 1262//182 1263//182 1256//182
f 1256//182 1263//182 1264//182
f 1256//182 1264//182 1265//182
f 1266//182 1267//182 1268//182
f 1268//182 1267//182 1269//182
f 1268//182 1269//182 1262//182
f 1262//182 1269//182 1270//182
f 1262//182 1270//182 1271//182
f 1266//182 1268//182 1272//182
f 1272//182 1268//182 1273//182
f 1272//182 1273//182 1274//182
f 1274//182 1273//182 1275//182
f 1274//182 1275//182 1276//182
f 1274//182 1276//182 1277//182
f 1277//182 1276//182 1278//182
f 1277//182 1278//182 1279//182
f 1279//182 1278//182 1280//182
f 1279//182 1280//182 1281//182
f 1281//182 1280//182 1282//182
f 1283//182 1284//182 1285//182
f 1285//182 1284//182 1286//182
f 1285//182 1286//182 1280//182
f 1280//182 1286//182 1287//182
f 1280//182 1287//182 1282//182
f 1282//182 1287//182 1288//182
f 1282//182 1288//182 1289//182
f 1289//182 1288//182 1290//182
f 1289//182 1290//182 1291//182
f 1291//182 1290//182 1292//182
f 1291//182 1292//182 1293//182
f 1293//182 1292//182 1294//182
f 1293//182 1294//182 924//182
f 924//182 1294//182 1295//182
f 924//182 1295//182 1249//182
f 1296//182 1297//182 1246//182
f 1246//182 1297//182 1298//182
f 1246//182 1298//182 1285//182
f 1285//182 1298//182 1299//182
f 1285//182 1299//182 1300//182
f 1253//182 1301//182 913//182
f 913//182 1301//182 1302//182
f 913//182 1302//182 1303//182
f 1303//182 1304//182 913//182
f 913//182 1304//182 1305//182
f 913//182 1305//182 1243//182
f 1248//182 1306//182 1246//182
f 1246//182 1306//182 1307//182
f 1246//182 1307//182 1308//182
f 1308//182 1309//182 1246//182
f 1246//182 1309//182 1296//182
f 1300//182 1310//182 1285//182
f 1285//182 1310//182 1311//182
f 1285//182 1311//182 1312//182
f 1312//182 1283//182 1285//182
f 1265//182 1313//182 1256//182
f 1256//182 1313//182 1314//182
f 1256//182 1314//182 1315//182
f 1315//182 1316//182 1256//182
f 1256//182 1316//182 1254//182
f 1259//182 1317//182 924//182
f 924//182 1317//182 1318//182
f 924//182 1318//182 1319//182
f 1319//182 1320//182 924//182
f 924//182 1320//182 1321//182
f 924//182 1321//182 1322//182
f 1322//182 1323//182 924//182
f 924//182 1323//182 1293//182
f 1271//182 1324//182 1262//182
f 1262//182 1324//182 1260//182
f 1325//317 1326//317 1163//317
f 1163//317 1326//317 1327//317
f 1163//317 1327//317 1161//317
f 1161//317 1327//317 1328//317
f 1161//317 1328//317 1329//317
f 1330//317 1331//317 1332//317
f 1332//317 1331//317 1333//317
f 1332//317 1333//317 1163//317
f 1163//317 1333//317 1334//317
f 1163//317 1334//317 1335//317
f 1336//317 1337//317 1338//317
f 1338//317 1337//317 1339//317
f 1338//317 1339//317 1332//317
f 1332//317 1339//317 1340//317
f 1332//317 1340//317 1341//317
f 1342//317 1343//317 1344//317
f 1344//317 1343//317 1345//317
f 1344//317 1345//317 1338//317
f 1338//317 1345//317 1346//317
f 1338//317 1346//317 1347//317
f 1342//317 1344//317 1348//317
f 1348//317 1344//317 1349//317
f 1348//317 1349//317 1350//317
f 1350//317 1349//317 1351//317
f 1350//317 1351//317 1352//317
f 1350//317 1352//317 1353//317
f 1353//317 1352//317 1354//317
f 1353//317 1354//317 1355//317
f 1355//317 1354//317 1356//317
f 1355//317 1356//317 1357//317
f 1357//317 1356//317 1358//317
f 1359//317 1360//317 1361//317
f 1361//317 1360//317 1362//317
f 1361//317 1362//317 1356//317
f 1356//317 1362//317 1363//317
f 1356//317 1363//317 1358//317
f 1358//317 1363//317 1364//317
f 1358//317 1364//317 1365//317
f 1365//317 1364//317 1366//317
f 1365//317 1366//317 1367//317
f 1367//317 1366//317 1368//317
f 1367//317 1368//317 1369//317
f 1369//317 1368//317 1370//317
f 1369//317 1370//317 1163//317
f 1163//317 1370//317 1371//317
f 1163//317 1371//317 1325//317
f 1372//317 1373//317 1374//317
f 1374//317 1373//317 1375//317
f 1374//317 1375//317 1361//317
f 1361//317 1375//317 1376//317
f 1361//317 1376//317 1377//317
f 1378//317 1379//317 1161//317
f 1161//317 1379//317 1380//317
f 1161//317 1380//317 1374//317
f 1374//317 1380//317 1381//317
f 1374//317 1381//317 1382//317
f 1329//317 1383//317 1161//317
f 1161//317 1383//317 1384//317
f 1161//317 1384//317 1385//317
f 1385//317 1386//317 1161//317
f 1161//317 1386//317 1387//317
f 1161//317 1387//317 1378//317
f 1382//317 1388//317 1374//317
f 1374//317 1388//317 1389//317
f 1374//317 1389//317 1390//317
f 1390//317 1372//317 1374//317
f 1377//317 1391//317 1361//317
f 1361//317 1391//317 1392//317
f 1361//317 1392//317 1393//317
f 1393//317 1394//317 1361//317
f 1361//317 1394//317 1359//317
f 1335//317 1395//317 1163//317
f 1163//317 1395//317 1396//317
f 1163//317 1396//317 1397//317
f 1397//317 1398//317 1163//317
f 1163//317 1398//317 1399//317
f 1163//317 1399//317 1400//317
f 1400//317 1401//317 1163//317
f 1163//317 1401//317 1369//317
f 1347//317 1402//317 1338//317
f 1338//317 1402//317 1336//317
f 1341//317 1403//317 1332//317
f 1332//317 1403//317 1404//317
f 1332//317 1404//317 1405//317
f 1405//317 1406//317 1332//317
f 1332//317 1406//317 1330//317
f 1407//73 1408//73 1409//73
f 1409//73 1408//73 1410//73
f 1409//73 1410//73 1411//73
f 1411//73 1410//73 1412//73
f 1412//73 1410//73 877//73
f 877//73 1410//73 1413//73
f 877//73 1413//73 876//73
f 876//73 1413//73 875//73
f 1414//73 1415//73 1413//73
f 1413//73 1415//73 874//73
f 1413//73 874//73 875//73
f 1414//73 1416//73 1415//73
f 1415//73 1416//73 1417//73
f 1415//73 1417//73 1418//73
f 1418//73 1419//73 1415//73
f 1415//73 1419//73 1420//73
f 874//73 1415//73 873//73
f 873//73 1415//73 1421//73
f 873//73 1421//73 872//73
f 872//73 1421//73 871//73
f 1422//73 1423//73 1421//73
f 1421//73 1423//73 1424//73
f 1421//73 1424//73 1425//73
f 1425//73 1424//73 1426//73
f 1427//73 1428//73 1429//73
f 1429//73 1428//73 1430//73
f 1429//73 1430//73 1431//73
f 1431//73 1430//73 867//73
f 1431//73 867//73 1425//73
f 1425//73 867//73 868//73
f 1425//73 868//73 869//73
f 1432//73 1433//73 1431//73
f 1431//73 1433//73 1434//73
f 1431//73 1434//73 1435//73
f 1435//73 1436//73 1431//73
f 1431//73 1436//73 1437//73
f 1431//73 1437//73 1429//73
f 1427//73 1429//73 1438//73
f 1438//73 1429//73 1439//73
f 1438//73 1439//73 1440//73
f 1440//73 1439//73 1441//73
f 1441//73 1439//73 1442//73
f 1442//73 1439//73 1443//73
f 1442//73 1443//73 1444//73
f 1440//73 1445//73 1438//73
f 1438//73 1445//73 1446//73
f 1445//73 1447//73 1446//73
f 1446//73 1447//73 1448//73
f 1448//73 1447//73 1449//73
f 1449//73 1447//73 1450//73
f 1449//73 1450//73 1451//73
f 1451//73 1450//73 1452//73
f 1451//73 1452//73 1453//73
f 1453//73 1452//73 1454//73
f 1452//73 1455//73 1454//73
f 1454//73 1455//73 1456//73
f 1455//73 1457//73 1456//73
f 1456//73 1457//73 879//73
f 879//73 1457//73 878//73
f 878//73 1457//73 1458//73
f 878//73 1458//73 877//73
f 877//73 1458//73 1412//73
f 869//73 870//73 1425//73
f 1425//73 870//73 1421//73
f 870//73 871//73 1421//73
f 1422//182 1459//182 1423//182
f 1423//182 1459//182 1460//182
f 857//182 858//182 1461//182
f 1461//182 858//182 859//182
f 1461//182 859//182 1462//182
f 1462//182 859//182 860//182
f 1462//182 860//182 1459//182
f 1459//182 860//182 861//182
f 1459//182 861//182 862//182
f 1463//182 1464//182 1462//182
f 1462//182 1464//182 1465//182
f 1462//182 1465//182 1466//182
f 1466//182 1467//182 1462//182
f 1462//182 1467//182 1468//182
f 1462//182 1468//182 1461//182
f 857//182 1461//182 856//182
f 856//182 1461//182 1469//182
f 856//182 1469//182 1470//182
f 1470//182 1469//182 1471//182
f 1471//182 1469//182 1472//182
f 1472//182 1469//182 1408//182
f 1472//182 1408//182 1407//182
f 1470//182 1473//182 856//182
f 856//182 1473//182 855//182
f 1473//182 1474//182 855//182
f 855//182 1474//182 854//182
f 854//182 1474//182 1475//182
f 1475//182 1474//182 1476//182
f 1475//182 1476//182 1477//182
f 1477//182 1476//182 1478//182
f 1477//182 1478//182 1479//182
f 1479//182 1478//182 1480//182
f 1478//182 1481//182 1480//182
f 1480//182 1481//182 1482//182
f 1481//182 1483//182 1482//182
f 1482//182 1483//182 1484//182
f 1484//182 1483//182 1485//182
f 1485//182 1483//182 1486//182
f 1485//182 1486//182 1487//182
f 1487//182 1486//182 1488//182
f 1487//182 1488//182 1489//182
f 1489//182 1488//182 1490//182
f 1489//182 1490//182 1491//182
f 1492//182 1493//182 1491//182
f 1491//182 1493//182 1489//182
f 1489//182 1494//182 1487//182
f 1487//182 1494//182 1495//182
f 1496//182 1497//182 1494//182
f 1494//182 1497//182 1498//182
f 1494//182 1498//182 1499//182
f 1496//182 1500//182 1497//182
f 1497//182 1500//182 1501//182
f 1497//182 1501//182 1502//182
f 1502//182 1503//182 1497//182
f 1497//182 1503//182 1504//182
f 1498//182 1497//182 866//182
f 866//182 1497//182 1505//182
f 866//182 1505//182 865//182
f 865//182 1505//182 864//182
f 1506//182 1460//182 1505//182
f 1505//182 1460//182 1459//182
f 1505//182 1459//182 863//182
f 863//182 1459//182 862//182
f 1499//182 1495//182 1494//182
f 863//182 864//182 1505//182
f 1460//317 1506//317 1507//317
f 1507//317 1506//317 1508//317
f 1507//317 1508//317 1509//317
f 1509//317 1508//317 887//317
f 1509//317 887//317 888//317
f 887//317 1508//317 886//317
f 886//317 1508//317 1510//317
f 886//317 1510//317 885//317
f 885//317 1510//317 1511//317
f 885//317 1511//317 884//317
f 884//317 1511//317 883//317
f 1512//317 1513//317 1510//317
f 1510//317 1513//317 1514//317
f 1510//317 1514//317 1515//317
f 1515//317 1516//317 1510//317
f 1510//317 1516//317 1517//317
f 1510//317 1517//317 1511//317
f 883//317 1511//317 882//317
f 882//317 1511//317 1518//317
f 882//317 1518//317 1519//317
f 1519//317 1518//317 1520//317
f 1520//317 1518//317 1521//317
f 1521//317 1518//317 1493//317
f 1521//317 1493//317 1492//317
f 1519//317 1522//317 882//317
f 882//317 1522//317 881//317
f 1522//317 1523//317 881//317
f 881//317 1523//317 880//317
f 880//317 1523//317 1524//317
f 1524//317 1523//317 1525//317
f 1524//317 1525//317 1526//317
f 1526//317 1525//317 1527//317
f 1526//317 1527//317 1528//317
f 1528//317 1527//317 1529//317
f 1527//317 1530//317 1529//317
f 1529//317 1530//317 1531//317
f 1530//317 1532//317 1531//317
f 1531//317 1532//317 1533//317
f 1533//317 1532//317 1534//317
f 1534//317 1532//317 1535//317
f 1534//317 1535//317 1536//317
f 1536//317 1535//317 1537//317
f 1536//317 1537//317 1538//317
f 1538//317 1537//317 1539//317
f 1538//317 1539//317 1540//317
f 1444//317 1443//317 1540//317
f 1540//317 1443//317 1538//317
f 1538//317 1541//317 1536//317
f 1536//317 1541//317 1542//317
f 1543//317 1544//317 1541//317
f 1541//317 1544//317 1545//317
f 1541//317 1545//317 1546//317
f 1543//317 1547//317 1544//317
f 1544//317 1547//317 1548//317
f 1544//317 1548//317 1549//317
f 1549//317 1550//317 1544//317
f 1544//317 1550//317 1551//317
f 1545//317 1544//317 892//317
f 892//317 1544//317 1552//317
f 892//317 1552//317 891//317
f 891//317 1552//317 1509//317
f 891//317 1509//317 890//317
f 890//317 1509//317 889//317
f 1509//317 1552//317 1553//317
f 1553//317 1552//317 1426//317
f 1553//317 1426//317 1424//317
f 1553//317 1424//317 1554//317
f 1554//317 1424//317 1460//317
f 1554//317 1460//317 1507//317
f 1546//317 1542//317 1541//317
f 888//317 889//317 1509//317
f 31//410 33//410 1555//410
f 1555//410 33//410 35//410
f 1555//410 35//410 1556//410
f 1556//410 35//410 37//410
f 1556//410 37//410 1557//410
f 1557//410 37//410 39//410
f 1557//410 39//410 41//410
f 31//410 1555//410 29//410
f 29//410 1555//410 1558//410
f 29//410 1558//410 1559//410
f 1559//410 1558//410 1560//410
f 1561//410 1562//410 1563//410
f 1563//410 1562//410 1564//410
f 1563//410 1564//410 1565//410
f 1565//410 1564//410 1566//410
f 1565//410 1566//410 1567//410
f 1567//410 1566//410 1568//410
f 1567//410 1568//410 1569//410
f 1569//410 1568//410 1570//410
f 1569//410 1570//410 1571//410
f 1571//410 1570//410 1572//410
f 1571//410 1572//410 1558//410
f 1558//410 1572//410 1573//410
f 1558//410 1573//410 1560//410
f 1563//410 1574//410 1561//410
f 1561//410 1574//410 1575//410
f 1574//410 1576//410 1575//410
f 1575//410 1576//410 1577//410
f 1577//410 1576//410 1578//410
f 1578//410 1576//410 1579//410
f 1578//410 1579//410 56//410
f 56//410 1579//410 1580//410
f 56//410 1580//410 54//410
f 54//410 1580//410 1581//410
f 54//410 1581//410 52//410
f 52//410 1581//410 1582//410
f 52//410 1582//410 50//410
f 50//410 1582//410 1583//410
f 50//410 1583//410 48//410
f 48//410 1583//410 46//410
f 1557//410 43//410 1583//410
f 1583//410 43//410 44//410
f 1583//410 44//410 46//410
f 41//410 43//410 1557//410
f 80//405 82//405 1584//405
f 1584//405 82//405 84//405
f 1584//405 84//405 1585//405
f 1585//405 84//405 1586//405
f 1585//405 1586//405 1587//405
f 80//405 1584//405 78//405
f 78//405 1584//405 1588//405
f 78//405 1588//405 76//405
f 76//405 1588//405 894//405
f 76//405 894//405 74//405
f 74//405 894//405 72//405
f 72//405 894//405 71//405
f 71//405 894//405 893//405
f 71//405 893//405 69//405
f 69//405 893//405 67//405
f 1589//405 1590//405 1591//405
f 1591//405 1590//405 1592//405
f 1591//405 1592//405 1593//405
f 1593//405 1592//405 57//405
f 1593//405 57//405 1594//405
f 1594//405 57//405 59//405
f 1594//405 59//405 1595//405
f 1595//405 59//405 61//405
f 1595//405 61//405 1596//405
f 1596//405 61//405 63//405
f 1596//405 63//405 893//405
f 893//405 63//405 65//405
f 893//405 65//405 67//405
f 1591//405 1597//405 1589//405
f 1589//405 1597//405 1598//405
f 1597//405 1599//405 1598//405
f 1598//405 1599//405 1600//405
f 1600//405 1599//405 1601//405
f 1601//405 1599//405 1602//405
f 1601//405 1602//405 1603//405
f 1603//405 1602//405 1604//405
f 1603//405 1604//405 1605//405
f 1605//405 1604//405 1606//405
f 1605//405 1606//405 1607//405
f 1607//405 1606//405 1608//405
f 1607//405 1608//405 1609//405
f 1609//405 1608//405 1585//405
f 1609//405 1585//405 1610//405
f 1610//405 1585//405 1587//405
f 1444//415 1540//415 1442//415
f 1442//415 1540//415 1611//415
f 1580//435 1579//436 1523//427
f 1523//427 1579//436 1576//437
f 1523//427 1576//437 1525//438
f 1525//438 1576//437 1574//13
f 1525//438 1574//13 1527//13
f 1527//13 1574//13 1563//439
f 1527//13 1563//439 1530//440
f 1530//440 1563//439 1565//441
f 1530//440 1565//441 1532//426
f 1532//426 1565//441 1567//442
f 1532//426 1567//442 1535//433
f 1535//433 1567//442 1569//443
f 1535//433 1569//443 1537//425
f 1537//425 1569//443 1571//444
f 1537//425 1571//444 1539//445
f 1539//445 1571//444 1558//446
f 1539//445 1558//446 1540//415
f 1540//415 1558//446 1612//447
f 1540//415 1612//447 1611//415
f 1611//415 1612//447 1613//448
f 1611//415 1613//448 1614//449
f 1523//427 1522//430 1580//435
f 1580//435 1522//430 1581//450
f 1522//430 1519//428 1581//450
f 1581//450 1519//428 1582//451
f 1519//428 1520//452 1582//451
f 1582//451 1520//452 1583//453
f 1520//452 1521//405 1583//453
f 1583//453 1521//405 1615//454
f 1521//405 1616//405 1615//454
f 1615//454 1616//405 1617//455
f 1618//456 1619//457 1616//405
f 1616//405 1619//457 1617//455
f 1614//449 1620//458 1611//415
f 1521//405 1492//405 1616//405
f 1616//405 1492//405 1491//405
f 892//405 30//405 1545//459
f 1545//459 30//405 1621//459
f 1545//459 1621//459 1622//460
f 1545//459 1622//460 1546//460
f 1546//460 1622//460 1623//461
f 1546//460 1623//461 1542//461
f 1542//461 1623//461 1624//462
f 1542//461 1624//462 1536//462
f 1536//462 1624//462 1625//463
f 1536//462 1625//463 1534//463
f 1534//463 1625//463 1626//182
f 1534//463 1626//182 1533//182
f 1533//182 1626//182 1627//464
f 1533//182 1627//464 1531//464
f 1531//464 1627//464 1529//465
f 1627//464 1628//465 1529//465
f 1529//465 1628//465 1528//466
f 1628//465 1629//466 1528//466
f 1528//466 1629//466 1630//467
f 1528//466 1630//467 1526//467
f 1526//467 1630//467 1631//468
f 1526//467 1631//468 1524//468
f 1524//468 1631//468 55//73
f 1524//468 55//73 880//73
f 1407//410 1409//410 1472//410
f 1472//410 1409//410 1632//410
f 1604//469 1602//470 1447//413
f 1447//413 1602//470 1599//471
f 1447//413 1599//471 1450//472
f 1450//472 1599//471 1597//1
f 1450//472 1597//1 1452//1
f 1452//1 1597//1 1591//473
f 1452//1 1591//473 1455//474
f 1455//474 1591//473 1593//475
f 1455//474 1593//475 1457//412
f 1457//412 1593//475 1594//476
f 1457//412 1594//476 1458//477
f 1458//477 1594//476 1595//478
f 1458//477 1595//478 1412//411
f 1412//411 1595//478 1596//479
f 1412//411 1596//479 1411//480
f 1411//480 1596//479 893//481
f 1411//480 893//481 1409//410
f 1409//410 893//481 895//482
f 1409//410 895//482 1632//410
f 1632//410 895//482 897//483
f 1632//410 897//483 899//484
f 1447//413 1445//485 1604//469
f 1604//469 1445//485 1606//486
f 1445//485 1440//414 1606//486
f 1606//486 1440//414 1608//487
f 1440//414 1441//488 1608//487
f 1608//487 1441//488 1585//489
f 1441//488 1442//415 1585//489
f 1585//489 1442//415 1633//490
f 1442//415 1611//415 1633//490
f 1633//490 1611//415 1634//491
f 1620//492 1635//493 1611//415
f 1611//415 1635//493 1634//491
f 899//484 901//494 1632//410
f 879//317 58//317 1456//495
f 1456//495 58//317 1636//495
f 1456//495 1636//495 1637//496
f 1456//495 1637//496 1454//496
f 1454//496 1637//496 1638//497
f 1454//496 1638//497 1453//497
f 1453//497 1638//497 1639//498
f 1453//497 1639//498 1451//498
f 1451//498 1639//498 1640//499
f 1451//498 1640//499 1449//499
f 1449//499 1640//499 1641//182
f 1449//499 1641//182 1448//182
f 1448//182 1641//182 1642//500
f 1448//182 1642//500 1446//500
f 1446//500 1642//500 1438//501
f 1642//500 1643//501 1438//501
f 1438//501 1643//501 1427//502
f 1643//501 1644//502 1427//502
f 1427//502 1644//502 1645//503
f 1427//502 1645//503 1428//503
f 1428//503 1645//503 1646//504
f 1428//503 1646//504 1430//504
f 1430//504 1646//504 83//410
f 1430//504 83//410 867//410
f 3//415 5//415 1647//415
f 1647//415 5//415 7//415
f 1647//415 7//415 1648//415
f 1648//415 7//415 9//415
f 1648//415 9//415 907//415
f 907//415 9//415 11//415
f 907//415 11//415 13//415
f 3//415 1647//415 1//415
f 1//415 1647//415 1649//415
f 1//415 1649//415 1650//415
f 1650//415 1649//415 1651//415
f 1652//415 1653//415 1654//415
f 1654//415 1653//415 1655//415
f 1654//415 1655//415 1656//415
f 1656//415 1655//415 1657//415
f 1656//415 1657//415 1658//415
f 1658//415 1657//415 1659//415
f 1658//415 1659//415 1660//415
f 1660//415 1659//415 1661//415
f 1660//415 1661//415 1662//415
f 1662//415 1661//415 1663//415
f 1662//415 1663//415 1649//415
f 1649//415 1663//415 1664//415
f 1649//415 1664//415 1651//415
f 1654//415 1665//415 1652//415
f 1652//415 1665//415 1666//415
f 1665//415 1667//415 1666//415
f 1666//415 1667//415 1668//415
f 1668//415 1667//415 1669//415
f 1669//415 1667//415 1670//415
f 1669//415 1670//415 28//415
f 28//415 1670//415 1671//415
f 28//415 1671//415 26//415
f 26//415 1671//415 1672//415
f 26//415 1672//415 24//415
f 24//415 1672//415 1673//415
f 24//415 1673//415 22//415
f 22//415 1673//415 908//415
f 22//415 908//415 20//415
f 20//415 908//415 18//415
f 907//415 15//415 908//415
f 908//415 15//415 16//415
f 908//415 16//415 18//415
f 13//415 15//415 907//415
f 1671//505 1670//506 1474//408
f 1474//408 1670//506 1667//507
f 1474//408 1667//507 1476//508
f 1476//508 1667//507 1665//26
f 1476//508 1665//26 1478//26
f 1478//26 1665//26 1654//509
f 1478//26 1654//509 1481//510
f 1481//510 1654//509 1656//511
f 1481//510 1656//511 1483//407
f 1483//407 1656//511 1658//512
f 1483//407 1658//512 1486//513
f 1486//513 1658//512 1660//514
f 1486//513 1660//514 1488//406
f 1488//406 1660//514 1662//515
f 1488//406 1662//515 1490//516
f 1490//516 1662//515 1649//517
f 1490//516 1649//517 1491//405
f 1491//405 1649//517 1674//518
f 1491//405 1674//518 1616//405
f 1616//405 1674//518 1675//519
f 1616//405 1675//519 1676//520
f 1474//408 1473//521 1671//505
f 1671//505 1473//521 1672//522
f 1473//521 1470//409 1672//522
f 1672//522 1470//409 1673//523
f 1470//409 1471//524 1673//523
f 1673//523 1471//524 908//525
f 1471//524 1472//410 908//525
f 908//525 1472//410 906//526
f 1472//410 1632//410 906//526
f 906//526 1632//410 904//527
f 901//528 902//529 1632//410
f 1632//410 902//529 904//527
f 1676//520 1618//530 1616//405
f 866//410 2//410 1498//531
f 1498//531 2//410 1677//531
f 1498//531 1677//531 1678//532
f 1498//531 1678//532 1499//532
f 1499//532 1678//532 1679//49
f 1499//532 1679//49 1495//49
f 1495//49 1679//49 1680//533
f 1495//49 1680//533 1487//533
f 1487//533 1680//533 1681//534
f 1487//533 1681//534 1485//534
f 1485//534 1681//534 1682//73
f 1485//534 1682//73 1484//73
f 1484//73 1682//73 1683//535
f 1484//73 1683//535 1482//535
f 1482//535 1683//535 1480//536
f 1683//535 1684//536 1480//536
f 1480//536 1684//536 1479//537
f 1684//536 1685//537 1479//537
f 1479//537 1685//537 1686//538
f 1479//537 1686//538 1477//538
f 1477//538 1686//538 1687//539
f 1477//538 1687//539 1475//539
f 1475//539 1687//539 27//317
f 1475//539 27//317 854//317
f 1423//540 1460//540 1424//540
f 1425//415 1426//415 1045//415
f 1045//415 1426//415 1552//415
f 1045//415 1552//415 1090//415
f 1045//415 1039//415 1425//415
f 1538//182 1443//182 997//182
f 997//182 1443//182 1439//182
f 997//182 1439//182 995//182
f 997//182 1080//182 1538//182
f 1541//73 1538//73 1127//73
f 1127//73 1538//73 1080//73
f 1541//415 1127//415 1543//415
f 1543//415 1127//415 1123//415
f 1096//73 1544//73 1110//420
f 1110//420 1544//73 1551//420
f 1110//420 1551//420 1550//421
f 1110//420 1550//421 1118//421
f 1118//421 1550//421 1549//422
f 1118//421 1549//422 1116//422
f 1116//422 1549//422 1114//423
f 1549//422 1548//423 1114//423
f 1114//423 1548//423 1547//424
f 1114//423 1547//424 1121//424
f 1121//424 1547//424 1543//415
f 1121//424 1543//415 1123//415
f 1552//73 1544//73 1090//73
f 1090//73 1544//73 1096//73
f 1508//405 1506//405 1161//405
f 1161//405 1506//405 1505//405
f 1161//405 1505//405 1168//405
f 1161//405 1374//405 1508//405
f 1510//182 1508//182 1361//182
f 1361//182 1508//182 1374//182
f 1517//405 1516//459 1344//405
f 1344//405 1516//459 1349//459
f 1349//459 1516//459 1351//460
f 1351//460 1516//459 1515//460
f 1351//460 1515//460 1514//461
f 1351//460 1514//461 1352//461
f 1352//461 1514//461 1513//462
f 1352//461 1513//462 1354//462
f 1354//462 1513//462 1512//463
f 1354//462 1512//463 1356//463
f 1356//463 1512//463 1361//182
f 1512//463 1510//182 1361//182
f 1517//405 1344//405 1511//405
f 1511//405 1344//405 1338//405
f 1518//182 1511//182 1332//182
f 1332//182 1511//182 1338//182
f 1489//73 1493//73 1163//73
f 1163//73 1493//73 1518//73
f 1163//73 1518//73 1332//73
f 1163//73 1210//73 1489//73
f 1688//346 1689//346 1084//346
f 1084//346 1689//346 1085//346
f 1092//291 1091//291 1690//291
f 1690//291 1091//291 1691//291
f 1098//319 1097//319 1692//319
f 1692//319 1097//319 1693//319
f 1694//373 1695//373 1109//373
f 1109//373 1695//373 1111//373
f 1696//317 1697//317 1698//317
f 1698//317 1697//317 1699//317
f 661//346 1700//346 1135//346
f 1135//346 1700//346 1136//346
f 597//291 1701//291 1122//291
f 1122//291 1701//291 1115//291
f 629//319 1702//319 1132//319
f 1132//319 1702//319 1133//319
f 693//373 1703//373 1079//373
f 1079//373 1703//373 1081//373
f 655//317 1704//317 657//317
f 657//317 1704//317 1705//317
f 657//317 1705//317 658//317
f 658//317 1705//317 1706//317
f 658//317 1706//317 660//317
f 660//317 1706//317 1707//317
f 660//317 1707//317 628//317
f 628//317 1707//317 724//317
f 628//317 724//317 1708//317
f 1708//317 724//317 1709//317
f 1708//317 1709//317 692//317
f 623//317 1710//317 625//317
f 625//317 1710//317 1711//317
f 625//317 1711//317 626//317
f 626//317 1711//317 1712//317
f 626//317 1712//317 628//317
f 628//317 1712//317 1713//317
f 628//317 1713//317 660//317
f 623//317 624//317 1710//317
f 655//317 656//317 1704//317
f 724//317 722//317 1709//317
f 1709//317 722//317 1714//317
f 722//317 721//317 1714//317
f 1714//317 721//317 1715//317
f 721//317 719//317 1715//317
f 1715//317 719//317 1716//317
f 719//317 720//317 1716//317
f 692//317 690//317 1708//317
f 1708//317 690//317 1717//317
f 690//317 689//317 1717//317
f 1717//317 689//317 1718//317
f 689//317 687//317 1718//317
f 1718//317 687//317 1719//317
f 687//317 688//317 1719//317
f 758//319 1720//319 1331//319
f 1331//319 1720//319 1333//319
f 822//373 1721//373 1337//373
f 1337//373 1721//373 1339//373
f 790//346 1722//346 1350//346
f 1350//346 1722//346 1348//346
f 725//291 1723//291 1400//291
f 1400//291 1723//291 1401//291
f 1724//317 1725//317 757//317
f 757//317 1725//317 821//317
f 757//317 821//317 1726//317
f 1726//317 821//317 819//317
f 1726//317 819//317 1727//317
f 1727//317 819//317 818//317
f 1727//317 818//317 1728//317
f 1728//317 818//317 816//317
f 1728//317 816//317 1729//317
f 1729//317 816//317 817//317
f 757//317 754//317 1724//317
f 1724//317 754//317 1730//317
f 754//317 753//317 1730//317
f 1730//317 753//317 1731//317
f 753//317 751//317 1731//317
f 1731//317 751//317 752//317
f 821//317 1725//317 1732//317
f 1732//317 1725//317 789//317
f 1732//317 789//317 853//317
f 853//317 789//317 1733//317
f 1733//317 789//317 1734//317
f 1734//317 789//317 787//317
f 1734//317 787//317 1735//317
f 1735//317 787//317 786//317
f 1735//317 786//317 1736//317
f 1736//317 786//317 784//317
f 1736//317 784//317 785//317
f 853//317 851//317 1732//317
f 1732//317 851//317 1737//317
f 851//317 850//317 1737//317
f 1737//317 850//317 1738//317
f 850//317 848//317 1738//317
f 1738//317 848//317 1739//317
f 848//317 849//317 1739//317
f 1363//319 1362//319 1740//319
f 1740//319 1362//319 1741//319
f 1742//373 1743//373 1375//373
f 1375//373 1743//373 1376//373
f 1744//346 1745//346 1379//346
f 1379//346 1745//346 1380//346
f 1328//291 1327//291 1746//291
f 1746//291 1327//291 1747//291
f 1748//317 1749//317 1750//317
f 1750//317 1749//317 1751//317
f 1339//373 1721//373 1340//541
f 1340//541 1721//373 1752//542
f 1340//541 1752//542 1341//543
f 1341//543 1752//542 1753//544
f 1341//543 1753//544 1754//545
f 775//336 1404//336 1754//545
f 1754//545 1404//336 1403//546
f 1754//545 1403//546 1341//543
f 775//336 773//547 1404//336
f 1404//336 773//547 1405//548
f 773//547 766//327 1405//548
f 1405//548 766//327 1406//549
f 766//327 759//550 1406//549
f 1406//549 759//550 1330//551
f 759//550 758//319 1330//551
f 1330//551 758//319 1331//319
f 1333//319 1720//319 1334//552
f 1334//552 1720//319 1755//553
f 1334//552 1755//553 1756//554
f 1757//555 1395//556 1756//554
f 1756//554 1395//556 1335//557
f 1756//554 1335//557 1334//552
f 1757//555 742//308 1395//556
f 1395//556 742//308 1396//308
f 1396//308 742//308 1397//558
f 1397//558 742//308 740//559
f 1397//558 740//559 733//299
f 1397//558 733//299 1398//560
f 1398//560 733//299 726//561
f 1398//560 726//561 1399//562
f 1399//562 726//561 725//291
f 1399//562 725//291 1400//291
f 1401//291 1723//291 1369//563
f 1369//563 1723//291 1758//564
f 1369//563 1758//564 1759//565
f 1760//566 1365//567 1759//565
f 1759//565 1365//567 1367//568
f 1759//565 1367//568 1369//563
f 1760//566 807//363 1365//567
f 1365//567 807//363 1358//363
f 1358//363 807//363 1357//569
f 1357//569 807//363 805//570
f 1357//569 805//570 798//354
f 1357//569 798//354 1355//571
f 1355//571 798//354 791//572
f 1355//571 791//572 1353//573
f 1353//573 791//572 790//346
f 1353//573 790//346 1350//346
f 1348//346 1722//346 1342//574
f 1342//574 1722//346 1761//575
f 1342//574 1761//575 1343//576
f 1343//576 1761//575 1762//577
f 1343//576 1762//577 1763//578
f 839//390 1346//390 1763//578
f 1763//578 1346//390 1345//579
f 1763//578 1345//579 1343//576
f 839//390 837//580 1346//390
f 1346//390 837//580 1347//581
f 837//580 830//381 1347//581
f 1347//581 830//381 1402//582
f 830//381 823//583 1402//582
f 1402//582 823//583 1336//584
f 823//583 822//373 1336//584
f 1336//584 822//373 1337//373
f 1703//373 1764//542 1081//373
f 1081//373 1764//542 1082//541
f 1082//541 1764//542 1142//543
f 1142//543 1764//542 1765//544
f 1142//543 1765//544 1766//545
f 646//336 1144//336 1766//545
f 1766//545 1144//336 1143//546
f 1766//545 1143//546 1142//543
f 646//336 644//547 1144//336
f 1144//336 644//547 1145//548
f 644//547 637//327 1145//548
f 1145//548 637//327 1130//549
f 637//327 630//550 1130//549
f 1130//549 630//550 1131//551
f 630//550 629//319 1131//551
f 1131//551 629//319 1132//319
f 1136//346 1700//346 1137//574
f 1137//574 1700//346 1767//575
f 1137//574 1767//575 1138//576
f 1138//576 1767//575 1768//577
f 1138//576 1768//577 1769//578
f 710//390 1140//390 1769//578
f 1769//578 1140//390 1139//579
f 1769//578 1139//579 1138//576
f 710//390 708//580 1140//390
f 1140//390 708//580 1141//581
f 708//580 701//381 1141//581
f 1141//581 701//381 1077//582
f 701//381 694//583 1077//582
f 1077//582 694//583 1078//584
f 694//583 693//373 1078//584
f 1078//584 693//373 1079//373
f 1115//291 1701//291 1117//563
f 1117//563 1701//291 1770//564
f 1117//563 1770//564 1771//565
f 1772//566 1120//567 1771//565
f 1771//565 1120//567 1119//568
f 1771//565 1119//568 1117//563
f 1772//566 678//363 1120//567
f 1120//567 678//363 1108//363
f 1108//363 678//363 1106//569
f 1106//569 678//363 676//570
f 1106//569 676//570 669//354
f 1106//569 669//354 1104//571
f 1104//571 669//354 662//572
f 1104//571 662//572 1102//573
f 1102//573 662//572 661//346
f 1102//573 661//346 1135//346
f 1133//319 1702//319 1134//552
f 1134//552 1702//319 1773//553
f 1134//552 1773//553 1774//554
f 1775//555 1125//556 1774//554
f 1774//554 1125//556 1146//557
f 1774//554 1146//557 1134//552
f 1775//555 614//308 1125//556
f 1125//556 614//308 1126//308
f 1126//308 614//308 1128//558
f 1128//558 614//308 612//559
f 1128//558 612//559 605//299
f 1128//558 605//299 1129//560
f 1129//560 605//299 598//561
f 1129//560 598//561 1124//562
f 1124//562 598//561 597//291
f 1124//562 597//291 1122//291
f 849//317 847//398 1739//317
f 1739//317 847//398 1776//585
f 1739//317 1776//585 1738//317
f 1738//317 1776//585 1737//317
f 847//398 846//397 1776//585
f 1776//585 846//397 842//393
f 1776//585 842//393 1777//586
f 1777//586 842//393 835//386
f 1777//586 835//386 1778//587
f 1778//587 835//386 836//387
f 1778//587 836//387 841//392
f 841//392 840//391 1778//587
f 1778//587 840//391 1779//588
f 1778//587 1779//588 1780//589
f 1780//589 1779//588 1781//590
f 1780//589 1781//590 1782//591
f 1782//591 1781//590 1783//592
f 1782//591 1783//592 1784//350
f 1784//350 1783//592 1785//348
f 839//390 1763//593 840//391
f 840//391 1763//593 1779//588
f 1779//588 1763//593 1781//590
f 1781//590 1763//593 1762//577
f 1781//590 1762//577 1783//592
f 1783//592 1762//577 1761//594
f 1783//592 1761//594 1785//348
f 1785//348 1761//594 1722//346
f 1784//350 1786//352 1782//591
f 1782//591 1786//352 1787//353
f 1782//591 1787//353 1777//586
f 1777//586 1787//353 1788//368
f 1777//586 1788//368 1776//585
f 1776//585 1788//368 1789//369
f 1776//585 1789//369 1790//372
f 1732//317 1737//317 1790//372
f 1790//372 1737//317 1776//585
f 1778//587 1780//589 1777//586
f 1777//586 1780//589 1782//591
f 821//317 1732//317 820//372
f 820//372 1732//317 1790//372
f 820//372 1790//372 813//369
f 813//369 1790//372 1789//369
f 813//369 1789//369 1788//368
f 813//369 1788//368 812//368
f 812//368 1788//368 1787//353
f 812//368 1787//353 797//353
f 797//353 1787//353 796//352
f 1787//353 1786//352 796//352
f 796//352 1786//352 1784//350
f 796//352 1784//350 794//350
f 794//350 1784//350 792//348
f 1784//350 1785//348 792//348
f 792//348 1785//348 1722//346
f 792//348 1722//346 790//346
f 1721//373 822//373 1791//375
f 1791//375 822//373 824//375
f 1791//375 824//375 826//377
f 828//379 1792//379 826//377
f 826//377 1792//379 1793//377
f 826//377 1793//377 1791//375
f 828//379 829//380 1792//379
f 1792//379 829//380 1794//380
f 829//380 844//395 1794//380
f 1794//380 844//395 1795//395
f 1795//395 844//395 1796//396
f 1796//396 844//395 845//396
f 1796//396 845//396 852//399
f 853//317 1733//317 852//399
f 852//399 1733//317 1797//399
f 852//399 1797//399 1796//396
f 817//317 815//371 1729//317
f 1729//317 815//371 1798//595
f 1729//317 1798//595 1728//317
f 1728//317 1798//595 1799//400
f 1728//317 1799//400 1727//317
f 1727//317 1799//400 1800//207
f 1727//317 1800//207 1726//317
f 815//371 814//370 1798//595
f 1798//595 814//370 810//366
f 1798//595 810//366 1801//596
f 1801//596 810//366 803//359
f 1801//596 803//359 1802//597
f 1802//597 803//359 804//360
f 1802//597 804//360 809//365
f 809//365 808//364 1802//597
f 1802//597 808//364 1803//598
f 1802//597 1803//598 1804//599
f 1804//599 1803//598 1805//600
f 1804//599 1805//600 1806//601
f 1806//601 1805//600 1807//602
f 1806//601 1807//602 1808//295
f 1808//295 1807//602 1809//293
f 807//363 1760//603 808//364
f 808//364 1760//603 1803//598
f 1803//598 1760//603 1805//600
f 1805//600 1760//603 1759//565
f 1805//600 1759//565 1807//602
f 1807//602 1759//565 1758//604
f 1807//602 1758//604 1809//293
f 1809//293 1758//604 1723//291
f 1808//295 1810//297 1806//601
f 1806//601 1810//297 1811//298
f 1806//601 1811//298 1801//596
f 1801//596 1811//298 1812//313
f 1801//596 1812//313 1798//595
f 1798//595 1812//313 1813//314
f 1798//595 1813//314 1799//400
f 1802//597 1804//599 1801//596
f 1801//596 1804//599 1806//601
f 785//317 783//344 1736//317
f 1736//317 783//344 1814//605
f 1736//317 1814//605 1735//317
f 1735//317 1814//605 1734//317
f 783//344 782//343 1814//605
f 1814//605 782//343 778//339
f 1814//605 778//339 1815//606
f 1815//606 778//339 771//332
f 1815//606 771//332 1816//607
f 1816//607 771//332 772//333
f 1816//607 772//333 777//338
f 777//338 776//337 1816//607
f 1816//607 776//337 1817//608
f 1816//607 1817//608 1818//609
f 1818//609 1817//608 1819//610
f 1818//609 1819//610 1820//611
f 1820//611 1819//610 1821//612
f 1820//611 1821//612 1793//377
f 1793//377 1821//612 1791//375
f 775//336 1754//613 776//337
f 776//337 1754//613 1817//608
f 1817//608 1754//613 1819//610
f 1819//610 1754//613 1753//544
f 1819//610 1753//544 1821//612
f 1821//612 1753//544 1752//614
f 1821//612 1752//614 1791//375
f 1791//375 1752//614 1721//373
f 1793//377 1792//379 1820//611
f 1820//611 1792//379 1794//380
f 1820//611 1794//380 1815//606
f 1815//606 1794//380 1795//395
f 1815//606 1795//395 1814//605
f 1814//605 1795//395 1796//396
f 1814//605 1796//396 1797//399
f 1733//317 1734//317 1797//399
f 1797//399 1734//317 1814//605
f 1816//607 1818//609 1815//606
f 1815//606 1818//609 1820//611
f 757//317 1726//317 756//207
f 756//207 1726//317 1800//207
f 756//207 1800//207 755//400
f 755//400 1800//207 1799//400
f 755//400 1799//400 1813//314
f 1812//313 747//313 1813//314
f 1813//314 747//313 748//314
f 1813//314 748//314 755//400
f 1812//313 1811//298 747//313
f 747//313 1811//298 732//298
f 1811//298 1810//297 732//298
f 732//298 1810//297 731//297
f 731//297 1810//297 729//295
f 729//295 1810//297 1808//295
f 729//295 1808//295 1809//293
f 1723//291 725//291 1809//293
f 1809//293 725//291 727//293
f 1809//293 727//293 729//295
f 1720//319 758//319 1822//321
f 1822//321 758//319 760//321
f 1822//321 760//321 762//323
f 764//325 1823//325 762//323
f 762//323 1823//325 1824//323
f 762//323 1824//323 1822//321
f 764//325 765//326 1823//325
f 1823//325 765//326 1825//326
f 765//326 780//341 1825//326
f 1825//326 780//341 1826//341
f 1826//341 780//341 1827//342
f 1827//342 780//341 781//342
f 1827//342 781//342 788//345
f 789//317 1725//317 788//345
f 788//345 1725//317 1828//345
f 788//345 1828//345 1827//342
f 752//317 750//316 1731//317
f 1731//317 750//316 1829//615
f 1731//317 1829//615 1730//317
f 1730//317 1829//615 1724//317
f 750//316 749//315 1829//615
f 1829//615 749//315 745//311
f 1829//615 745//311 1830//616
f 1830//616 745//311 738//304
f 1830//616 738//304 1831//617
f 1831//617 738//304 739//305
f 1831//617 739//305 744//310
f 744//310 743//309 1831//617
f 1831//617 743//309 1832//618
f 1831//617 1832//618 1833//619
f 1833//619 1832//618 1834//620
f 1833//619 1834//620 1835//621
f 1835//621 1834//620 1836//622
f 1835//621 1836//622 1824//323
f 1824//323 1836//622 1822//321
f 742//308 1757//623 743//309
f 743//309 1757//623 1832//618
f 1832//618 1757//623 1834//620
f 1834//620 1757//623 1756//554
f 1834//620 1756//554 1836//622
f 1836//622 1756//554 1755//624
f 1836//622 1755//624 1822//321
f 1822//321 1755//624 1720//319
f 1824//323 1823//325 1835//621
f 1835//621 1823//325 1825//326
f 1835//621 1825//326 1830//616
f 1830//616 1825//326 1826//341
f 1830//616 1826//341 1829//615
f 1829//615 1826//341 1827//342
f 1829//615 1827//342 1828//345
f 1725//317 1724//317 1828//345
f 1828//345 1724//317 1829//615
f 1831//617 1833//619 1830//616
f 1830//616 1833//619 1835//621
f 1375//373 1373//584 1742//373
f 1742//373 1373//584 1837//625
f 1373//584 1372//582 1837//625
f 1837//625 1372//582 1838//626
f 1372//582 1390//581 1838//626
f 1838//626 1390//581 1839//390
f 1390//581 1389//390 1839//390
f 1839//390 1389//390 1388//579
f 1839//390 1388//579 1840//627
f 1840//627 1388//579 1382//576
f 1840//627 1382//576 1841//628
f 1841//628 1382//576 1381//574
f 1841//628 1381//574 1745//346
f 1745//346 1381//574 1380//346
f 1750//317 1751//317 1842//629
f 1842//629 1751//317 1843//629
f 1842//629 1843//629 1844//630
f 1842//629 1844//630 1845//630
f 1845//630 1844//630 1846//380
f 1845//630 1846//380 1847//380
f 1847//380 1846//380 1848//631
f 1847//380 1848//631 1849//631
f 1849//631 1848//631 1850//632
f 1849//631 1850//632 1851//632
f 1851//632 1850//632 1742//373
f 1850//632 1743//373 1742//373
f 1362//319 1360//551 1741//319
f 1741//319 1360//551 1852//633
f 1360//551 1359//549 1852//633
f 1852//633 1359//549 1853//634
f 1359//549 1394//548 1853//634
f 1853//634 1394//548 1854//336
f 1394//548 1393//336 1854//336
f 1854//336 1393//336 1392//546
f 1854//336 1392//546 1855//635
f 1855//635 1392//546 1391//543
f 1855//635 1391//543 1856//636
f 1856//636 1391//543 1377//541
f 1856//636 1377//541 1743//373
f 1743//373 1377//541 1376//373
f 1857//637 1750//317 1858//638
f 1858//638 1750//317 1842//629
f 1858//638 1842//629 1859//639
f 1859//639 1842//629 1845//630
f 1859//639 1845//630 1847//380
f 1859//639 1847//380 1860//640
f 1860//640 1847//380 1849//631
f 1860//640 1849//631 1861//641
f 1861//641 1849//631 1851//632
f 1861//641 1851//632 1862//642
f 1862//642 1851//632 1742//373
f 1862//642 1742//373 1863//643
f 1863//643 1742//373 1837//625
f 1863//643 1837//625 1864//644
f 1864//644 1837//625 1838//626
f 1864//644 1838//626 1865//645
f 1865//645 1838//626 1839//390
f 1865//645 1839//390 1866//646
f 1866//646 1839//390 1840//627
f 1866//646 1840//627 1841//628
f 1745//346 1867//647 1841//628
f 1841//628 1867//647 1868//648
f 1841//628 1868//648 1866//646
f 1866//646 1868//648 1869//649
f 1866//646 1869//649 1870//650
f 1870//650 1869//649 1871//651
f 1870//650 1871//651 1862//642
f 1862//642 1871//651 1861//641
f 1867//647 1872//652 1868//648
f 1868//648 1872//652 1873//653
f 1868//648 1873//653 1869//649
f 1869//649 1873//653 1874//654
f 1869//649 1874//654 1871//651
f 1871//651 1874//654 1860//640
f 1871//651 1860//640 1861//641
f 1872//652 1875//353 1873//653
f 1873//653 1875//353 1876//655
f 1873//653 1876//655 1874//654
f 1874//654 1876//655 1859//639
f 1874//654 1859//639 1860//640
f 1875//353 1877//656 1876//655
f 1876//655 1877//656 1857//637
f 1876//655 1857//637 1858//638
f 1858//638 1859//639 1876//655
f 1866//646 1870//650 1865//645
f 1865//645 1870//650 1863//643
f 1865//645 1863//643 1864//644
f 1863//643 1870//650 1862//642
f 1878//657 1741//319 1879//658
f 1879//658 1741//319 1852//633
f 1879//658 1852//633 1880//659
f 1880//659 1852//633 1853//634
f 1880//659 1853//634 1854//336
f 1880//659 1854//336 1881//660
f 1881//660 1854//336 1855//635
f 1881//660 1855//635 1882//661
f 1882//661 1855//635 1856//636
f 1882//661 1856//636 1883//662
f 1883//662 1856//636 1743//373
f 1883//662 1743//373 1850//632
f 1883//662 1850//632 1884//663
f 1884//663 1850//632 1848//631
f 1884//663 1848//631 1885//664
f 1885//664 1848//631 1846//380
f 1885//664 1846//380 1886//665
f 1886//665 1846//380 1844//630
f 1886//665 1844//630 1843//629
f 1886//665 1843//629 1887//666
f 1887//666 1843//629 1751//317
f 1887//666 1751//317 1888//667
f 1888//667 1889//668 1887//666
f 1887//666 1889//668 1890//669
f 1887//666 1890//669 1891//670
f 1891//670 1890//669 1892//671
f 1891//670 1892//671 1893//672
f 1893//672 1892//671 1881//660
f 1893//672 1881//660 1882//661
f 1889//668 1894//326 1890//669
f 1890//669 1894//326 1895//673
f 1890//669 1895//673 1892//671
f 1892//671 1895//673 1880//659
f 1892//671 1880//659 1881//660
f 1894//326 1896//674 1895//673
f 1895//673 1896//674 1878//657
f 1895//673 1878//657 1879//658
f 1879//658 1880//659 1895//673
f 1893//672 1882//661 1897//675
f 1897//675 1882//661 1883//662
f 1897//675 1883//662 1885//664
f 1885//664 1883//662 1884//663
f 1887//666 1891//670 1886//665
f 1886//665 1891//670 1897//675
f 1886//665 1897//675 1885//664
f 1897//675 1891//670 1893//672
f 1379//346 1378//573 1744//346
f 1744//346 1378//573 1898//676
f 1378//573 1387//571 1898//676
f 1898//676 1387//571 1899//677
f 1387//571 1386//569 1899//677
f 1899//677 1386//569 1900//363
f 1386//569 1385//363 1900//363
f 1900//363 1385//363 1384//567
f 1900//363 1384//567 1901//678
f 1901//678 1384//567 1383//568
f 1901//678 1383//568 1902//679
f 1902//679 1383//568 1329//563
f 1902//679 1329//563 1746//291
f 1746//291 1329//563 1328//291
f 1748//317 1750//317 1903//637
f 1903//637 1750//317 1857//637
f 1903//637 1857//637 1877//656
f 1903//637 1877//656 1904//656
f 1904//656 1877//656 1875//353
f 1904//656 1875//353 1905//353
f 1905//353 1875//353 1906//652
f 1875//353 1872//652 1906//652
f 1906//652 1872//652 1867//647
f 1906//652 1867//647 1907//647
f 1907//647 1867//647 1745//346
f 1907//647 1745//346 1744//346
f 1740//319 1741//319 1908//657
f 1908//657 1741//319 1878//657
f 1908//657 1878//657 1896//674
f 1908//657 1896//674 1909//674
f 1909//674 1896//674 1894//326
f 1909//674 1894//326 1910//326
f 1910//326 1894//326 1889//668
f 1910//326 1889//668 1911//668
f 1911//668 1889//668 1888//667
f 1911//668 1888//667 1912//667
f 1912//667 1888//667 1749//317
f 1888//667 1751//317 1749//317
f 1327//291 1326//562 1747//291
f 1747//291 1326//562 1913//680
f 1326//562 1325//560 1913//680
f 1913//680 1325//560 1914//681
f 1325//560 1371//558 1914//681
f 1914//681 1371//558 1915//308
f 1371//558 1370//308 1915//308
f 1915//308 1370//308 1368//556
f 1915//308 1368//556 1916//682
f 1916//682 1368//556 1366//557
f 1916//682 1366//557 1917//683
f 1917//683 1366//557 1364//552
f 1917//683 1364//552 1740//319
f 1740//319 1364//552 1363//319
f 1918//684 1748//317 1919//685
f 1919//685 1748//317 1903//637
f 1919//685 1903//637 1920//686
f 1920//686 1903//637 1904//656
f 1920//686 1904//656 1905//353
f 1920//686 1905//353 1921//687
f 1921//687 1905//353 1906//652
f 1921//687 1906//652 1922//688
f 1922//688 1906//652 1907//647
f 1922//688 1907//647 1898//676
f 1898//676 1907//647 1744//346
f 1922//688 1898//676 1923//689
f 1923//689 1898//676 1899//677
f 1923//689 1899//677 1900//363
f 1923//689 1900//363 1924//690
f 1924//690 1900//363 1901//678
f 1924//690 1901//678 1925//691
f 1925//691 1901//678 1902//679
f 1925//691 1902//679 1926//692
f 1926//692 1902//679 1746//291
f 1926//692 1746//291 1927//693
f 1927//693 1746//291 1928//694
f 1927//693 1928//694 1929//695
f 1929//695 1928//694 1930//696
f 1929//695 1930//696 1931//697
f 1931//697 1930//696 1932//298
f 1931//697 1932//298 1933//698
f 1933//698 1932//298 1934//699
f 1933//698 1934//699 1918//684
f 1918//684 1919//685 1933//698
f 1933//698 1919//685 1935//700
f 1933//698 1935//700 1936//701
f 1936//701 1935//700 1937//702
f 1936//701 1937//702 1926//692
f 1926//692 1937//702 1925//691
f 1933//698 1936//701 1931//697
f 1931//697 1936//701 1927//693
f 1931//697 1927//693 1929//695
f 1919//685 1920//686 1935//700
f 1935//700 1920//686 1938//703
f 1935//700 1938//703 1937//702
f 1937//702 1938//703 1924//690
f 1937//702 1924//690 1925//691
f 1927//693 1936//701 1926//692
f 1920//686 1921//687 1938//703
f 1938//703 1921//687 1923//689
f 1938//703 1923//689 1924//690
f 1922//688 1923//689 1921//687
f 1939//694 1747//291 1940//704
f 1940//704 1747//291 1913//680
f 1940//704 1913//680 1941//705
f 1941//705 1913//680 1914//681
f 1941//705 1914//681 1942//706
f 1942//706 1914//681 1943//707
f 1942//706 1943//707 1944//708
f 1944//708 1943//707 1915//308
f 1944//708 1915//308 1916//682
f 1914//681 1915//308 1943//707
f 1916//682 1917//683 1944//708
f 1944//708 1917//683 1945//709
f 1944//708 1945//709 1946//710
f 1946//710 1945//709 1947//711
f 1946//710 1947//711 1948//712
f 1948//712 1947//711 1949//713
f 1948//712 1949//713 1950//714
f 1950//714 1949//713 1951//715
f 1950//714 1951//715 1952//684
f 1952//684 1951//715 1749//317
f 1917//683 1740//319 1945//709
f 1945//709 1740//319 1908//657
f 1945//709 1908//657 1947//711
f 1947//711 1908//657 1909//674
f 1947//711 1909//674 1910//326
f 1947//711 1910//326 1949//713
f 1949//713 1910//326 1911//668
f 1949//713 1911//668 1951//715
f 1951//715 1911//668 1912//667
f 1951//715 1912//667 1749//317
f 1952//684 1953//699 1950//714
f 1950//714 1953//699 1954//298
f 1950//714 1954//298 1955//716
f 1955//716 1954//298 1956//696
f 1955//716 1956//696 1957//717
f 1957//717 1956//696 1939//694
f 1957//717 1939//694 1940//704
f 1955//716 1957//717 1958//718
f 1958//718 1957//717 1940//704
f 1958//718 1940//704 1942//706
f 1942//706 1940//704 1941//705
f 1950//714 1955//716 1948//712
f 1948//712 1955//716 1958//718
f 1948//712 1958//718 1946//710
f 1946//710 1958//718 1942//706
f 1946//710 1942//706 1944//708
f 1749//317 1748//317 1952//684
f 1952//684 1748//317 1918//684
f 1952//684 1918//684 1934//699
f 1952//684 1934//699 1953//699
f 1953//699 1934//699 1932//298
f 1953//699 1932//298 1954//298
f 1954//298 1932//298 1930//696
f 1954//298 1930//696 1956//696
f 1956//696 1930//696 1928//694
f 1956//696 1928//694 1939//694
f 1939//694 1928//694 1747//291
f 1928//694 1746//291 1747//291
f 1091//291 1089//562 1691//291
f 1691//291 1089//562 1959//680
f 1089//562 1088//560 1959//680
f 1959//680 1088//560 1960//681
f 1088//560 1158//558 1960//681
f 1960//681 1158//558 1961//308
f 1158//558 1157//308 1961//308
f 1961//308 1157//308 1156//556
f 1961//308 1156//556 1962//682
f 1962//682 1156//556 1155//557
f 1962//682 1155//557 1963//683
f 1963//683 1155//557 1099//552
f 1963//683 1099//552 1692//319
f 1692//319 1099//552 1098//319
f 1698//317 1699//317 1964//684
f 1964//684 1699//317 1965//684
f 1964//684 1965//684 1966//699
f 1964//684 1966//699 1967//699
f 1967//699 1966//699 1968//298
f 1967//699 1968//298 1969//298
f 1969//298 1968//298 1970//696
f 1968//298 1971//696 1970//696
f 1970//696 1971//696 1972//694
f 1970//696 1972//694 1973//694
f 1973//694 1972//694 1690//291
f 1973//694 1690//291 1691//291
f 1084//346 1083//573 1688//346
f 1688//346 1083//573 1974//676
f 1083//573 1151//571 1974//676
f 1974//676 1151//571 1975//677
f 1151//571 1150//569 1975//677
f 1975//677 1150//569 1976//363
f 1150//569 1149//363 1976//363
f 1976//363 1149//363 1148//567
f 1976//363 1148//567 1977//678
f 1977//678 1148//567 1147//568
f 1977//678 1147//568 1978//679
f 1978//679 1147//568 1093//563
f 1978//679 1093//563 1690//291
f 1690//291 1093//563 1092//291
f 1979//667 1698//317 1980//715
f 1980//715 1698//317 1964//684
f 1980//715 1964//684 1981//714
f 1981//714 1964//684 1967//699
f 1981//714 1967//699 1969//298
f 1981//714 1969//298 1982//716
f 1982//716 1969//298 1970//696
f 1982//716 1970//696 1983//717
f 1983//717 1970//696 1973//694
f 1983//717 1973//694 1984//704
f 1984//704 1973//694 1691//291
f 1984//704 1691//291 1959//680
f 1984//704 1959//680 1985//705
f 1985//705 1959//680 1960//681
f 1985//705 1960//681 1986//706
f 1986//706 1960//681 1987//707
f 1986//706 1987//707 1988//708
f 1988//708 1987//707 1961//308
f 1988//708 1961//308 1962//682
f 1960//681 1961//308 1987//707
f 1962//682 1963//683 1988//708
f 1988//708 1963//683 1989//709
f 1988//708 1989//709 1990//710
f 1990//710 1989//709 1991//711
f 1990//710 1991//711 1992//712
f 1992//712 1991//711 1993//713
f 1992//712 1993//713 1981//714
f 1981//714 1993//713 1980//715
f 1963//683 1692//319 1989//709
f 1989//709 1692//319 1994//657
f 1989//709 1994//657 1991//711
f 1991//711 1994//657 1995//674
f 1991//711 1995//674 1996//326
f 1991//711 1996//326 1993//713
f 1993//713 1996//326 1997//668
f 1993//713 1997//668 1980//715
f 1980//715 1997//668 1979//667
f 1982//716 1983//717 1998//718
f 1998//718 1983//717 1984//704
f 1998//718 1984//704 1986//706
f 1986//706 1984//704 1985//705
f 1981//714 1982//716 1992//712
f 1992//712 1982//716 1998//718
f 1992//712 1998//718 1990//710
f 1990//710 1998//718 1986//706
f 1990//710 1986//706 1988//708
f 1688//346 1974//676 1999//647
f 1999//647 1974//676 2000//688
f 1999//647 2000//688 2001//652
f 2001//652 2000//688 2002//687
f 2001//652 2002//687 2003//353
f 2003//353 2002//687 2004//686
f 2003//353 2004//686 2005//656
f 2005//656 2004//686 2006//637
f 2000//688 1974//676 2007//689
f 2007//689 1974//676 1975//677
f 2007//689 1975//677 1976//363
f 2007//689 1976//363 2008//690
f 2008//690 1976//363 1977//678
f 2008//690 1977//678 2009//691
f 2009//691 1977//678 1978//679
f 2009//691 1978//679 2010//692
f 2010//692 1978//679 1690//291
f 2010//692 1690//291 2011//693
f 2011//693 1690//291 1972//694
f 2011//693 1972//694 2012//695
f 2012//695 1972//694 1971//696
f 2012//695 1971//696 2013//697
f 2013//697 1971//696 1968//298
f 2013//697 1968//298 2014//698
f 2014//698 1968//298 1966//699
f 2014//698 1966//699 1965//684
f 2014//698 1965//684 2015//685
f 2015//685 1965//684 1699//317
f 2015//685 1699//317 2006//637
f 2008//690 2009//691 2016//702
f 2016//702 2009//691 2010//692
f 2016//702 2010//692 2017//701
f 2017//701 2010//692 2011//693
f 2017//701 2011//693 2013//697
f 2013//697 2011//693 2012//695
f 2007//689 2008//690 2018//703
f 2018//703 2008//690 2016//702
f 2018//703 2016//702 2019//700
f 2019//700 2016//702 2017//701
f 2019//700 2017//701 2014//698
f 2014//698 2017//701 2013//697
f 2000//688 2007//689 2002//687
f 2002//687 2007//689 2018//703
f 2002//687 2018//703 2004//686
f 2004//686 2018//703 2019//700
f 2004//686 2019//700 2015//685
f 2015//685 2019//700 2014//698
f 2004//686 2015//685 2006//637
f 1097//319 1095//551 1693//319
f 1693//319 1095//551 2020//633
f 1095//551 1094//549 2020//633
f 2020//633 1094//549 2021//634
f 1094//549 1154//548 2021//634
f 2021//634 1154//548 2022//336
f 1154//548 1153//336 2022//336
f 2022//336 1153//336 1152//546
f 2022//336 1152//546 2023//635
f 2023//635 1152//546 1113//543
f 2023//635 1113//543 2024//636
f 2024//636 1113//543 1112//541
f 2024//636 1112//541 1695//373
f 1695//373 1112//541 1111//373
f 1696//317 1698//317 2025//667
f 2025//667 1698//317 1979//667
f 2025//667 1979//667 1997//668
f 2025//667 1997//668 2026//668
f 2026//668 1997//668 1996//326
f 2026//668 1996//326 2027//326
f 2027//326 1996//326 1995//674
f 2027//326 1995//674 2028//674
f 2028//674 1995//674 1994//657
f 2028//674 1994//657 2029//657
f 2029//657 1994//657 1693//319
f 1994//657 1692//319 1693//319
f 1689//346 1688//346 2030//647
f 2030//647 1688//346 1999//647
f 2030//647 1999//647 2001//652
f 2030//647 2001//652 2031//652
f 2031//652 2001//652 2003//353
f 2031//652 2003//353 2032//353
f 2032//353 2003//353 2005//656
f 2032//353 2005//656 2033//656
f 2033//656 2005//656 2006//637
f 2033//656 2006//637 2034//637
f 2034//637 2006//637 1697//317
f 2006//637 1699//317 1697//317
f 1109//373 1107//584 1694//373
f 1694//373 1107//584 2035//625
f 1107//584 1105//582 2035//625
f 2035//625 1105//582 2036//626
f 1105//582 1103//581 2036//626
f 2036//626 1103//581 2037//390
f 1103//581 1101//390 2037//390
f 2037//390 1101//390 1100//579
f 2037//390 1100//579 2038//627
f 2038//627 1100//579 1087//576
f 2038//627 1087//576 2039//628
f 2039//628 1087//576 1086//574
f 2039//628 1086//574 1689//346
f 1689//346 1086//574 1085//346
f 2040//629 1696//317 2041//666
f 2041//666 1696//317 2025//667
f 2041//666 2025//667 2026//668
f 2041//666 2026//668 2042//669
f 2042//669 2026//668 2027//326
f 2042//669 2027//326 2043//673
f 2043//673 2027//326 2028//674
f 2043//673 2028//674 2029//657
f 2043//673 2029//657 2044//658
f 2044//658 2029//657 1693//319
f 2044//658 1693//319 2020//633
f 2044//658 2020//633 2045//659
f 2045//659 2020//633 2021//634
f 2045//659 2021//634 2022//336
f 2045//659 2022//336 2046//660
f 2046//660 2022//336 2023//635
f 2046//660 2023//635 2047//661
f 2047//661 2023//635 2024//636
f 2047//661 2024//636 2048//662
f 2048//662 2024//636 1695//373
f 2048//662 1695//373 2049//632
f 2048//662 2049//632 2050//663
f 2050//663 2049//632 2051//631
f 2050//663 2051//631 2052//664
f 2052//664 2051//631 2053//380
f 2052//664 2053//380 2054//665
f 2054//665 2053//380 2055//630
f 2054//665 2055//630 2040//629
f 2040//629 2041//666 2054//665
f 2054//665 2041//666 2056//670
f 2054//665 2056//670 2057//675
f 2057//675 2056//670 2058//672
f 2057//675 2058//672 2047//661
f 2047//661 2058//672 2046//660
f 2054//665 2057//675 2052//664
f 2052//664 2057//675 2048//662
f 2052//664 2048//662 2050//663
f 2041//666 2042//669 2056//670
f 2056//670 2042//669 2059//671
f 2056//670 2059//671 2058//672
f 2058//672 2059//671 2046//660
f 2048//662 2057//675 2047//661
f 2042//669 2043//673 2059//671
f 2059//671 2043//673 2045//659
f 2059//671 2045//659 2046//660
f 2044//658 2045//659 2043//673
f 2038//627 2060//646 2037//390
f 2037//390 2060//646 2061//645
f 2037//390 2061//645 2036//626
f 2036//626 2061//645 2062//644
f 2036//626 2062//644 2035//625
f 2035//625 2062//644 2063//643
f 2035//625 2063//643 1694//373
f 1694//373 2063//643 2064//642
f 1694//373 2064//642 2065//632
f 2065//632 2064//642 2066//641
f 2065//632 2066//641 2067//631
f 2067//631 2066//641 2068//640
f 2067//631 2068//640 2069//380
f 2069//380 2068//640 2070//639
f 2069//380 2070//639 2071//630
f 2071//630 2070//639 2072//629
f 2038//627 2039//628 2060//646
f 2060//646 2039//628 2073//648
f 2060//646 2073//648 2074//649
f 2074//649 2073//648 2075//653
f 2074//649 2075//653 2076//654
f 2076//654 2075//653 2077//655
f 2076//654 2077//655 2070//639
f 2070//639 2077//655 2078//638
f 2070//639 2078//638 2072//629
f 2072//629 2078//638 1697//317
f 1689//346 2030//647 2039//628
f 2039//628 2030//647 2073//648
f 2030//647 2031//652 2073//648
f 2073//648 2031//652 2075//653
f 2031//652 2032//353 2075//653
f 2075//653 2032//353 2077//655
f 2032//353 2033//656 2077//655
f 2077//655 2033//656 2034//637
f 2077//655 2034//637 2078//638
f 2078//638 2034//637 1697//317
f 2068//640 2066//641 2079//651
f 2079//651 2066//641 2064//642
f 2079//651 2064//642 2080//650
f 2080//650 2064//642 2063//643
f 2080//650 2063//643 2061//645
f 2061//645 2063//643 2062//644
f 2070//639 2068//640 2076//654
f 2076//654 2068//640 2079//651
f 2076//654 2079//651 2074//649
f 2074//649 2079//651 2080//650
f 2074//649 2080//650 2060//646
f 2060//646 2080//650 2061//645
f 1697//317 1696//317 2072//629
f 2072//629 1696//317 2040//629
f 2072//629 2040//629 2055//630
f 2072//629 2055//630 2071//630
f 2071//630 2055//630 2053//380
f 2071//630 2053//380 2069//380
f 2069//380 2053//380 2051//631
f 2069//380 2051//631 2067//631
f 2067//631 2051//631 2049//632
f 2067//631 2049//632 2065//632
f 2065//632 2049//632 1694//373
f 2049//632 1695//373 1694//373
f 720//317 718//398 1716//317
f 1716//317 718//398 2081//585
f 1716//317 2081//585 1715//317
f 1715//317 2081//585 1714//317
f 718//398 717//397 2081//585
f 2081//585 717//397 713//393
f 2081//585 713//393 2082//586
f 2082//586 713//393 706//386
f 2082//586 706//386 2083//587
f 2083//587 706//386 707//387
f 2083//587 707//387 712//392
f 712//392 711//391 2083//587
f 2083//587 711//391 2084//588
f 2083//587 2084//588 2085//589
f 2085//589 2084//588 2086//590
f 2085//589 2086//590 2087//591
f 2087//591 2086//590 2088//592
f 2087//591 2088//592 2089//350
f 2089//350 2088//592 2090//348
f 710//390 1769//593 711//391
f 711//391 1769//593 2084//588
f 2084//588 1769//593 2086//590
f 2086//590 1769//593 1768//577
f 2086//590 1768//577 2088//592
f 2088//592 1768//577 1767//594
f 2088//592 1767//594 2090//348
f 2090//348 1767//594 1700//346
f 2089//350 2091//352 2087//591
f 2087//591 2091//352 2092//353
f 2087//591 2092//353 2082//586
f 2082//586 2092//353 2093//368
f 2082//586 2093//368 2081//585
f 2081//585 2093//368 2094//369
f 2081//585 2094//369 2095//372
f 1709//317 1714//317 2095//372
f 2095//372 1714//317 2081//585
f 2083//587 2085//589 2082//586
f 2082//586 2085//589 2087//591
f 692//317 1709//317 691//372
f 691//372 1709//317 2095//372
f 691//372 2095//372 684//369
f 684//369 2095//372 2094//369
f 684//369 2094//369 2093//368
f 684//369 2093//368 683//368
f 683//368 2093//368 2092//353
f 683//368 2092//353 668//353
f 668//353 2092//353 667//352
f 2092//353 2091//352 667//352
f 667//352 2091//352 2089//350
f 667//352 2089//350 665//350
f 665//350 2089//350 663//348
f 2089//350 2090//348 663//348
f 663//348 2090//348 1700//346
f 663//348 1700//346 661//346
f 1703//373 693//373 2096//375
f 2096//375 693//373 695//375
f 2096//375 695//375 697//377
f 699//379 2097//379 697//377
f 697//377 2097//379 2098//377
f 697//377 2098//377 2096//375
f 699//379 700//380 2097//379
f 2097//379 700//380 2099//380
f 700//380 715//395 2099//380
f 2099//380 715//395 2100//395
f 2100//395 715//395 2101//396
f 2101//396 715//395 716//396
f 2101//396 716//396 723//399
f 724//317 1707//317 723//399
f 723//399 1707//317 2102//399
f 723//399 2102//399 2101//396
f 688//317 686//371 1719//317
f 1719//317 686//371 2103//595
f 1719//317 2103//595 1718//317
f 1718//317 2103//595 1717//317
f 686//371 685//370 2103//595
f 2103//595 685//370 681//366
f 2103//595 681//366 2104//596
f 2104//596 681//366 674//359
f 2104//596 674//359 2105//597
f 2105//597 674//359 675//360
f 2105//597 675//360 680//365
f 680//365 679//364 2105//597
f 2105//597 679//364 2106//598
f 2105//597 2106//598 2107//599
f 2107//599 2106//598 2108//600
f 2107//599 2108//600 2109//601
f 2109//601 2108//600 2110//602
f 2109//601 2110//602 2111//295
f 2111//295 2110//602 2112//293
f 678//363 1772//603 679//364
f 679//364 1772//603 2106//598
f 2106//598 1772//603 2108//600
f 2108//600 1772//603 1771//565
f 2108//600 1771//565 2110//602
f 2110//602 1771//565 1770//604
f 2110//602 1770//604 2112//293
f 2112//293 1770//604 1701//291
f 2111//295 2113//297 2109//601
f 2109//601 2113//297 2114//298
f 2109//601 2114//298 2104//596
f 2104//596 2114//298 2115//313
f 2104//596 2115//313 2103//595
f 2103//595 2115//313 2116//314
f 2103//595 2116//314 2117//318
f 1708//317 1717//317 2117//318
f 2117//318 1717//317 2103//595
f 2105//597 2107//599 2104//596
f 2104//596 2107//599 2109//601
f 656//317 654//344 1704//317
f 1704//317 654//344 2118//605
f 1704//317 2118//605 1705//317
f 1705//317 2118//605 1706//317
f 654//344 653//343 2118//605
f 2118//605 653//343 649//339
f 2118//605 649//339 2119//606
f 2119//606 649//339 642//332
f 2119//606 642//332 2120//607
f 2120//607 642//332 643//333
f 2120//607 643//333 648//338
f 648//338 647//337 2120//607
f 2120//607 647//337 2121//608
f 2120//607 2121//608 2122//609
f 2122//609 2121//608 2123//610
f 2122//609 2123//610 2124//611
f 2124//611 2123//610 2125//612
f 2124//611 2125//612 2098//377
f 2098//377 2125//612 2096//375
f 646//336 1766//613 647//337
f 647//337 1766//613 2121//608
f 2121//608 1766//613 2123//610
f 2123//610 1766//613 1765//544
f 2123//610 1765//544 2125//612
f 2125//612 1765//544 1764//614
f 2125//612 1764//614 2096//375
f 2096//375 1764//614 1703//373
f 2098//377 2097//379 2124//611
f 2124//611 2097//379 2099//380
f 2124//611 2099//380 2119//606
f 2119//606 2099//380 2100//395
f 2119//606 2100//395 2118//605
f 2118//605 2100//395 2101//396
f 2118//605 2101//396 2102//399
f 1707//317 1706//317 2102//399
f 2102//399 1706//317 2118//605
f 2120//607 2122//609 2119//606
f 2119//606 2122//609 2124//611
f 628//317 1708//317 627//318
f 627//318 1708//317 2117//318
f 627//318 2117//318 620//314
f 620//314 2117//318 2116//314
f 620//314 2116//314 2115//313
f 620//314 2115//313 619//313
f 619//313 2115//313 2114//298
f 619//313 2114//298 604//298
f 604//298 2114//298 603//297
f 2114//298 2113//297 603//297
f 603//297 2113//297 2111//295
f 603//297 2111//295 601//295
f 601//295 2111//295 599//293
f 2111//295 2112//293 599//293
f 599//293 2112//293 1701//291
f 599//293 1701//291 597//291
f 1702//319 629//319 2126//321
f 2126//321 629//319 631//321
f 2126//321 631//321 633//323
f 635//325 2127//325 633//323
f 633//323 2127//325 2128//323
f 633//323 2128//323 2126//321
f 635//325 636//326 2127//325
f 2127//325 636//326 2129//326
f 636//326 651//341 2129//326
f 2129//326 651//341 2130//341
f 2130//341 651//341 2131//342
f 2131//342 651//341 652//342
f 2131//342 652//342 659//345
f 660//317 1713//317 659//345
f 659//345 1713//317 2132//345
f 659//345 2132//345 2131//342
f 624//317 622//316 1710//317
f 1710//317 622//316 2133//615
f 1710//317 2133//615 1711//317
f 1711//317 2133//615 1712//317
f 622//316 621//315 2133//615
f 2133//615 621//315 617//311
f 2133//615 617//311 2134//616
f 2134//616 617//311 610//304
f 2134//616 610//304 2135//617
f 2135//617 610//304 611//305
f 2135//617 611//305 616//310
f 616//310 615//309 2135//617
f 2135//617 615//309 2136//618
f 2135//617 2136//618 2137//619
f 2137//619 2136//618 2138//620
f 2137//619 2138//620 2139//621
f 2139//621 2138//620 2140//622
f 2139//621 2140//622 2128//323
f 2128//323 2140//622 2126//321
f 614//308 1775//623 615//309
f 615//309 1775//623 2136//618
f 2136//618 1775//623 2138//620
f 2138//620 1775//623 1774//554
f 2138//620 1774//554 2140//622
f 2140//622 1774//554 1773//624
f 2140//622 1773//624 2126//321
f 2126//321 1773//624 1702//319
f 2128//323 2127//325 2139//621
f 2139//621 2127//325 2129//326
f 2139//621 2129//326 2134//616
f 2134//616 2129//326 2130//341
f 2134//616 2130//341 2133//615
f 2133//615 2130//341 2131//342
f 2133//615 2131//342 2132//345
f 1713//317 1712//317 2132//345
f 2132//345 1712//317 2133//615
f 2135//617 2137//619 2134//616
f 2134//616 2137//619 2139//621
f 1489//317 1210//317 1494//317
f 1494//317 1210//317 1205//317
f 1496//405 1494//405 1201//405
f 1201//405 1494//405 1205//405
f 1174//317 1497//317 1188//401
f 1188//401 1497//317 1504//401
f 1188//401 1504//401 1503//402
f 1188//401 1503//402 1196//402
f 1196//402 1503//402 1502//50
f 1196//402 1502//50 1194//50
f 1194//50 1502//50 1192//403
f 1502//50 1501//403 1192//403
f 1192//403 1501//403 1500//404
f 1192//403 1500//404 1199//404
f 1199//404 1500//404 1496//405
f 1199//404 1496//405 1201//405
f 1497//317 1174//317 1505//317
f 1505//317 1174//317 1168//317
f 1246//410 1459//410 913//410
f 913//410 1459//410 1422//410
f 913//410 1422//410 1421//410
f 1421//410 911//410 913//410
f 1462//73 1459//73 1285//73
f 1285//73 1459//73 1246//73
f 1468//410 1467//531 1268//410
f 1268//410 1467//531 1273//531
f 1273//531 1467//531 1275//532
f 1275//532 1467//531 1466//532
f 1275//532 1466//532 1465//49
f 1275//532 1465//49 1276//49
f 1276//49 1465//49 1464//533
f 1276//49 1464//533 1278//533
f 1278//533 1464//533 1463//534
f 1278//533 1463//534 1280//534
f 1280//534 1463//534 1285//73
f 1463//534 1462//73 1285//73
f 1461//410 1468//410 1262//410
f 1262//410 1468//410 1268//410
f 1461//73 1262//73 1469//73
f 1469//73 1262//73 1256//73
f 1256//317 924//317 1469//317
f 1469//317 924//317 1408//317
f 956//317 1410//317 924//317
f 924//317 1410//317 1408//317
f 1200//234 2141//234 1193//234
f 1193//234 2141//234 498//234
f 2142//288 530//288 1211//288
f 1211//288 530//288 1212//288
f 2143//261 594//261 1216//261
f 1216//261 594//261 1217//261
f 2144//207 562//207 1220//207
f 1220//207 562//207 1221//207
f 470//182 469//182 2145//182
f 2145//182 469//182 2146//182
f 2145//182 2146//182 533//182
f 533//182 2146//182 2147//182
f 533//182 2147//182 534//182
f 534//182 2147//182 2148//182
f 534//182 2148//182 539//182
f 539//182 2148//182 2149//182
f 539//182 2149//182 540//182
f 540//182 2149//182 542//182
f 2145//182 2150//182 470//182
f 470//182 2150//182 475//182
f 2150//182 2151//182 475//182
f 475//182 2151//182 476//182
f 2151//182 2152//182 476//182
f 476//182 2152//182 478//182
f 2146//182 469//182 565//182
f 565//182 469//182 2153//182
f 565//182 2153//182 2154//182
f 2154//182 2153//182 501//182
f 501//182 2153//182 502//182
f 502//182 2153//182 2155//182
f 502//182 2155//182 507//182
f 507//182 2155//182 2156//182
f 507//182 2156//182 508//182
f 508//182 2156//182 2157//182
f 508//182 2157//182 510//182
f 2154//182 2158//182 565//182
f 565//182 2158//182 566//182
f 2158//182 2159//182 566//182
f 566//182 2159//182 571//182
f 2159//182 2160//182 571//182
f 571//182 2160//182 572//182
f 2160//182 574//182 572//182
f 1251//234 2161//234 1252//234
f 1252//234 2161//234 2162//234
f 2163//288 2164//288 1286//288
f 1286//288 2164//288 1287//288
f 2165//261 2166//261 1297//261
f 1297//261 2166//261 1298//261
f 1245//207 1244//207 2167//207
f 2167//207 1244//207 2168//207
f 2169//182 2170//182 2171//182
f 2171//182 2170//182 2172//182
f 2173//261 434//261 1261//261
f 1261//261 434//261 1263//261
f 2174//207 370//207 1274//207
f 1274//207 370//207 1272//207
f 1322//234 2175//234 1323//234
f 1323//234 2175//234 402//234
f 2176//288 466//288 1255//288
f 1255//288 466//288 1257//288
f 2177//182 341//182 405//182
f 405//182 341//182 2178//182
f 405//182 2178//182 2179//182
f 2177//182 2180//182 341//182
f 341//182 2180//182 342//182
f 2180//182 2181//182 342//182
f 342//182 2181//182 347//182
f 2181//182 2182//182 347//182
f 347//182 2182//182 348//182
f 2182//182 350//182 348//182
f 341//182 2183//182 2178//182
f 2178//182 2183//182 437//182
f 2184//182 380//182 2185//182
f 2185//182 380//182 379//182
f 2185//182 379//182 2186//182
f 2186//182 379//182 374//182
f 2186//182 374//182 2183//182
f 2183//182 374//182 373//182
f 2183//182 373//182 2187//182
f 2184//182 382//182 380//182
f 2188//182 444//182 2189//182
f 2189//182 444//182 443//182
f 2189//182 443//182 2190//182
f 2190//182 443//182 438//182
f 2190//182 438//182 2187//182
f 2187//182 438//182 437//182
f 2187//182 437//182 2183//182
f 2188//182 446//182 444//182
f 405//182 2179//182 406//182
f 406//182 2179//182 2191//182
f 406//182 2191//182 411//182
f 411//182 2191//182 2192//182
f 411//182 2192//182 412//182
f 412//182 2192//182 414//182
f 2193//234 1170//234 2194//234
f 2194//234 1170//234 1169//234
f 2195//288 2196//288 1175//288
f 1175//288 2196//288 1176//288
f 1189//261 1187//261 2197//261
f 2197//261 1187//261 2198//261
f 1162//207 1160//207 2199//207
f 2199//207 1160//207 2200//207
f 2201//182 2202//182 2203//182
f 2203//182 2202//182 2204//182
f 1212//288 530//288 1213//719
f 1213//719 530//288 529//720
f 1213//719 529//720 528//286
f 527//721 1203//722 528//286
f 528//286 1203//722 1219//723
f 528//286 1219//723 1213//719
f 527//721 526//284 1203//722
f 1203//722 526//284 1204//284
f 1204//284 526//284 1206//724
f 1206//724 526//284 2205//725
f 1206//724 2205//725 2206//726
f 1206//724 2206//726 1207//727
f 1207//727 2206//726 2207//728
f 1207//727 2207//728 1202//729
f 1202//729 2207//728 2141//234
f 1202//729 2141//234 1200//234
f 594//261 593//730 1217//261
f 1217//261 593//730 1218//731
f 1218//731 593//730 1227//732
f 1227//732 593//730 592//259
f 1227//732 592//259 591//733
f 590//257 1229//257 591//733
f 591//733 1229//257 1228//734
f 591//733 1228//734 1227//732
f 590//257 2208//735 1229//257
f 1229//257 2208//735 1230//736
f 2208//735 2209//737 1230//736
f 1230//736 2209//737 1208//738
f 2209//737 2210//739 1208//738
f 1208//738 2210//739 1209//740
f 2210//739 2142//288 1209//740
f 1209//740 2142//288 1211//288
f 1193//234 498//234 1195//741
f 1195//741 498//234 497//742
f 1195//741 497//742 496//232
f 495//743 1198//744 496//232
f 496//232 1198//744 1197//745
f 496//232 1197//745 1195//741
f 495//743 494//230 1198//744
f 1198//744 494//230 1186//230
f 1186//230 494//230 1184//746
f 1184//746 494//230 2211//747
f 1184//746 2211//747 2212//748
f 1184//746 2212//748 1182//749
f 1182//749 2212//748 2213//750
f 1182//749 2213//750 1180//751
f 1180//751 2213//750 2144//207
f 1180//751 2144//207 1220//207
f 562//207 561//752 1221//207
f 1221//207 561//752 1222//753
f 1222//753 561//752 1223//754
f 1223//754 561//752 560//205
f 1223//754 560//205 559//755
f 558//203 1225//203 559//755
f 559//755 1225//203 1224//756
f 559//755 1224//756 1223//754
f 558//203 2214//757 1225//203
f 1225//203 2214//757 1226//758
f 2214//757 2215//759 1226//758
f 1226//758 2215//759 1214//760
f 2215//759 2216//761 1214//760
f 1214//760 2216//761 1215//762
f 2216//761 2143//261 1215//762
f 1215//762 2143//261 1216//261
f 1323//234 402//234 1293//741
f 1293//741 402//234 401//742
f 1293//741 401//742 400//232
f 399//743 1289//744 400//232
f 400//232 1289//744 1291//745
f 400//232 1291//745 1293//741
f 399//743 398//230 1289//744
f 1289//744 398//230 1282//230
f 1282//230 398//230 1281//746
f 1281//746 398//230 2217//747
f 1281//746 2217//747 2218//748
f 1281//746 2218//748 1279//749
f 1279//749 2218//748 2219//750
f 1279//749 2219//750 1277//751
f 1277//751 2219//750 2174//207
f 1277//751 2174//207 1274//207
f 1257//288 466//288 1258//719
f 1258//719 466//288 465//720
f 1258//719 465//720 464//286
f 463//721 1317//722 464//286
f 464//286 1317//722 1259//723
f 464//286 1259//723 1258//719
f 463//721 462//284 1317//722
f 1317//722 462//284 1318//284
f 1318//284 462//284 1319//724
f 1319//724 462//284 2220//725
f 1319//724 2220//725 2221//726
f 1319//724 2221//726 1320//727
f 1320//727 2221//726 2222//728
f 1320//727 2222//728 1321//729
f 1321//729 2222//728 2175//234
f 1321//729 2175//234 1322//234
f 1272//207 370//207 1266//753
f 1266//753 370//207 369//752
f 1266//753 369//752 1267//754
f 1267//754 369//752 368//205
f 1267//754 368//205 367//755
f 366//203 1270//203 367//755
f 367//755 1270//203 1269//756
f 367//755 1269//756 1267//754
f 366//203 2223//757 1270//203
f 1270//203 2223//757 1271//758
f 2223//757 2224//759 1271//758
f 1271//758 2224//759 1324//760
f 2224//759 2225//761 1324//760
f 1324//760 2225//761 1260//762
f 2225//761 2173//261 1260//762
f 1260//762 2173//261 1261//261
f 434//261 433//730 1263//261
f 1263//261 433//730 1264//731
f 1264//731 433//730 1265//732
f 1265//732 433//730 432//259
f 1265//732 432//259 431//733
f 430//257 1314//257 431//733
f 431//733 1314//257 1313//734
f 431//733 1313//734 1265//732
f 430//257 2226//735 1314//257
f 1314//257 2226//735 1315//736
f 2226//735 2227//737 1315//736
f 1315//736 2227//737 1316//738
f 2227//737 2228//739 1316//738
f 1316//738 2228//739 1254//740
f 2228//739 2176//288 1254//740
f 1254//740 2176//288 1255//288
f 590//257 582//249 2208//763
f 2208//763 582//249 2229//764
f 2208//763 2229//764 2230//765
f 2230//765 2229//764 2231//766
f 2230//765 2231//766 2232//767
f 2232//767 2231//766 2233//768
f 2232//767 2233//768 2234//290
f 2234//290 2233//768 2235//267
f 2229//764 582//249 2236//769
f 2236//769 582//249 581//248
f 2236//769 581//248 580//247
f 580//247 578//245 2236//769
f 2236//769 578//245 2233//768
f 2236//769 2233//768 2231//766
f 578//245 576//243 2233//768
f 2233//768 576//243 2237//770
f 2233//768 2237//770 2235//267
f 2235//267 2237//770 2238//266
f 576//243 575//242 2237//770
f 2237//770 575//242 573//241
f 2237//770 573//241 2160//182
f 2160//182 573//241 574//182
f 2160//182 2159//182 2237//770
f 2237//770 2159//182 2158//182
f 2237//770 2158//182 2239//264
f 2239//264 2158//182 2154//182
f 2239//264 2238//266 2237//770
f 2234//290 2240//289 2232//767
f 2232//767 2240//289 2241//282
f 2232//767 2241//282 2242//771
f 2242//771 2241//282 2243//283
f 2242//771 2243//283 2210//772
f 2210//772 2243//283 2142//288
f 2210//772 2209//737 2242//771
f 2242//771 2209//737 2230//765
f 2242//771 2230//765 2232//767
f 2209//737 2208//763 2230//765
f 2236//769 2231//766 2229//764
f 2146//182 565//182 2244//237
f 2244//237 565//182 567//237
f 2244//237 567//237 569//239
f 570//240 2245//240 569//239
f 569//239 2245//240 2246//239
f 569//239 2246//239 2244//237
f 570//240 596//263 2245//240
f 2245//240 596//263 2247//263
f 596//263 595//262 2247//263
f 2247//263 595//262 2248//262
f 2248//262 595//262 2249//255
f 2249//255 595//262 588//255
f 2249//255 588//255 589//256
f 594//261 2143//261 589//256
f 589//256 2143//261 2250//256
f 589//256 2250//256 2249//255
f 530//288 2142//288 525//283
f 525//283 2142//288 2243//283
f 525//283 2243//283 2241//282
f 2240//289 531//289 2241//282
f 2241//282 531//289 524//282
f 2241//282 524//282 525//283
f 2240//289 2234//290 531//289
f 531//289 2234//290 532//290
f 2234//290 2235//267 532//290
f 532//290 2235//267 506//267
f 506//267 2235//267 505//266
f 505//266 2235//267 2238//266
f 505//266 2238//266 2239//264
f 2154//182 501//182 2239//264
f 2239//264 501//182 503//264
f 2239//264 503//264 505//266
f 558//203 550//195 2214//773
f 2214//773 550//195 2251//774
f 2214//773 2251//774 2252//775
f 2252//775 2251//774 2253//776
f 2252//775 2253//776 2254//777
f 2254//777 2253//776 2255//778
f 2254//777 2255//778 2247//263
f 2247//263 2255//778 2245//240
f 2251//774 550//195 2256//779
f 2256//779 550//195 549//194
f 2256//779 549//194 548//193
f 548//193 546//191 2256//779
f 2256//779 546//191 2255//778
f 2256//779 2255//778 2253//776
f 546//191 544//189 2255//778
f 2255//778 544//189 2257//780
f 2255//778 2257//780 2245//240
f 2245//240 2257//780 2246//239
f 544//189 543//188 2257//780
f 2257//780 543//188 541//187
f 2257//780 541//187 2149//182
f 2149//182 541//187 542//182
f 2149//182 2148//182 2257//780
f 2257//780 2148//182 2147//182
f 2257//780 2147//182 2244//237
f 2244//237 2147//182 2146//182
f 2244//237 2246//239 2257//780
f 2247//263 2248//262 2254//777
f 2254//777 2248//262 2249//255
f 2254//777 2249//255 2258//781
f 2258//781 2249//255 2250//256
f 2258//781 2250//256 2216//782
f 2216//782 2250//256 2143//261
f 2216//782 2215//759 2258//781
f 2258//781 2215//759 2252//775
f 2258//781 2252//775 2254//777
f 2215//759 2214//773 2252//775
f 2256//779 2253//776 2251//774
f 526//284 518//276 2205//783
f 2205//783 518//276 2259//784
f 2205//783 2259//784 2260//785
f 2260//785 2259//784 2261//786
f 2260//785 2261//786 2262//787
f 2262//787 2261//786 2263//788
f 2262//787 2263//788 2264//236
f 2264//236 2263//788 2265//213
f 2259//784 518//276 2266//789
f 2266//789 518//276 517//275
f 2266//789 517//275 516//274
f 516//274 514//272 2266//789
f 2266//789 514//272 2263//788
f 2266//789 2263//788 2261//786
f 514//272 512//270 2263//788
f 2263//788 512//270 2267//790
f 2263//788 2267//790 2265//213
f 2265//213 2267//790 2268//212
f 512//270 511//269 2267//790
f 2267//790 511//269 509//268
f 2267//790 509//268 2157//182
f 2157//182 509//268 510//182
f 2157//182 2156//182 2267//790
f 2267//790 2156//182 2155//182
f 2267//790 2155//182 2269//210
f 2269//210 2155//182 2153//182
f 2269//210 2268//212 2267//790
f 2264//236 2270//235 2262//787
f 2262//787 2270//235 2271//228
f 2262//787 2271//228 2272//791
f 2272//791 2271//228 2273//229
f 2272//791 2273//229 2207//792
f 2207//792 2273//229 2141//234
f 2207//792 2206//726 2272//791
f 2272//791 2206//726 2260//785
f 2272//791 2260//785 2262//787
f 2206//726 2205//783 2260//785
f 2266//789 2261//786 2259//784
f 2145//182 533//182 2274//183
f 2274//183 533//182 535//183
f 2274//183 535//183 537//185
f 538//186 2275//186 537//185
f 537//185 2275//186 2276//185
f 537//185 2276//185 2274//183
f 538//186 564//209 2275//186
f 2275//186 564//209 2277//209
f 564//209 563//208 2277//209
f 2277//209 563//208 2278//208
f 2278//208 563//208 2279//201
f 2279//201 563//208 556//201
f 2279//201 556//201 557//202
f 562//207 2144//207 557//202
f 557//202 2144//207 2280//202
f 557//202 2280//202 2279//201
f 498//234 2141//234 493//229
f 493//229 2141//234 2273//229
f 493//229 2273//229 2271//228
f 2270//235 499//235 2271//228
f 2271//228 499//235 492//228
f 2271//228 492//228 493//229
f 2270//235 2264//236 499//235
f 499//235 2264//236 500//236
f 2264//236 2265//213 500//236
f 500//236 2265//213 474//213
f 474//213 2265//213 473//212
f 473//212 2265//213 2268//212
f 473//212 2268//212 2269//210
f 2153//182 469//182 2269//210
f 2269//210 469//182 471//210
f 2269//210 471//210 473//212
f 494//230 486//222 2211//793
f 2211//793 486//222 2281//794
f 2211//793 2281//794 2282//795
f 2282//795 2281//794 2283//796
f 2282//795 2283//796 2284//797
f 2284//797 2283//796 2285//798
f 2284//797 2285//798 2277//209
f 2277//209 2285//798 2275//186
f 2281//794 486//222 2286//799
f 2286//799 486//222 485//221
f 2286//799 485//221 484//220
f 484//220 482//218 2286//799
f 2286//799 482//218 2285//798
f 2286//799 2285//798 2283//796
f 482//218 480//216 2285//798
f 2285//798 480//216 2287//800
f 2285//798 2287//800 2275//186
f 2275//186 2287//800 2276//185
f 480//216 479//215 2287//800
f 2287//800 479//215 477//214
f 2287//800 477//214 2152//182
f 2152//182 477//214 478//182
f 2152//182 2151//182 2287//800
f 2287//800 2151//182 2150//182
f 2287//800 2150//182 2274//183
f 2274//183 2150//182 2145//182
f 2274//183 2276//185 2287//800
f 2277//209 2278//208 2284//797
f 2284//797 2278//208 2279//201
f 2284//797 2279//201 2288//801
f 2288//801 2279//201 2280//202
f 2288//801 2280//202 2213//802
f 2213//802 2280//202 2144//207
f 2213//802 2212//748 2288//801
f 2288//801 2212//748 2282//795
f 2288//801 2282//795 2284//797
f 2212//748 2211//793 2282//795
f 2286//799 2283//796 2281//794
f 1175//288 1173//740 2195//288
f 2195//288 1173//740 2289//803
f 1173//740 1172//738 2289//803
f 2289//803 1172//738 2290//804
f 1172//738 1242//736 2290//804
f 2290//804 1242//736 2291//257
f 1242//736 1241//257 2291//257
f 2291//257 1241//257 1240//734
f 2291//257 1240//734 2292//805
f 2292//805 1240//734 1191//732
f 2292//805 1191//732 2293//806
f 2293//806 1191//732 1190//731
f 2293//806 1190//731 2197//261
f 2197//261 1190//731 1189//261
f 2201//182 2203//182 2294//807
f 2294//807 2203//182 2295//807
f 2294//807 2295//807 2296//808
f 2294//807 2296//808 2297//808
f 2297//808 2296//808 2298//290
f 2297//808 2298//290 2299//290
f 2299//290 2298//290 2300//809
f 2299//290 2300//809 2301//809
f 2301//809 2300//809 2302//810
f 2301//809 2302//810 2303//810
f 2303//810 2302//810 2195//288
f 2302//810 2196//288 2195//288
f 1169//234 1167//729 2194//234
f 2194//234 1167//729 2304//811
f 1167//729 1166//727 2304//811
f 2304//811 1166//727 2305//812
f 1166//727 1234//724 2305//812
f 2305//812 1234//724 2306//284
f 1234//724 1233//284 2306//284
f 2306//284 1233//284 1232//722
f 2306//284 1232//722 2307//813
f 2307//813 1232//722 1231//723
f 2307//813 1231//723 2308//814
f 2308//814 1231//723 1177//719
f 2308//814 1177//719 2196//288
f 2196//288 1177//719 1176//288
f 2201//182 2294//807 2309//815
f 2309//815 2294//807 2297//808
f 2309//815 2297//808 2310//816
f 2310//816 2297//808 2299//290
f 2310//816 2299//290 2311//817
f 2311//817 2299//290 2301//809
f 2311//817 2301//809 2303//810
f 2311//817 2303//810 2312//818
f 2312//818 2303//810 2195//288
f 2312//818 2195//288 2289//803
f 2289//803 2290//804 2312//818
f 2312//818 2290//804 2313//819
f 2312//818 2313//819 2314//820
f 2314//820 2313//819 2315//821
f 2314//820 2315//821 2316//822
f 2316//822 2315//821 2317//823
f 2316//822 2317//823 2318//824
f 2318//824 2317//823 2319//825
f 2318//824 2319//825 2320//826
f 2290//804 2291//257 2313//819
f 2313//819 2291//257 2321//827
f 2313//819 2321//827 2315//821
f 2315//821 2321//827 2322//828
f 2315//821 2322//828 2317//823
f 2317//823 2322//828 2323//263
f 2317//823 2323//263 2319//825
f 2291//257 2292//805 2321//827
f 2321//827 2292//805 2293//806
f 2321//827 2293//806 2324//829
f 2324//829 2293//806 2197//261
f 2324//829 2197//261 2325//830
f 2324//829 2325//830 2322//828
f 2322//828 2325//830 2326//831
f 2322//828 2326//831 2323//263
f 2320//826 2201//182 2318//824
f 2318//824 2201//182 2327//832
f 2318//824 2327//832 2316//822
f 2316//822 2327//832 2328//833
f 2316//822 2328//833 2314//820
f 2314//820 2328//833 2311//817
f 2314//820 2311//817 2312//818
f 2311//817 2328//833 2310//816
f 2310//816 2328//833 2329//834
f 2310//816 2329//834 2309//815
f 2309//815 2329//834 2201//182
f 2201//182 2329//834 2327//832
f 2327//832 2329//834 2328//833
f 2324//829 2322//828 2321//827
f 2194//234 2304//811 2330//835
f 2330//835 2304//811 2331//836
f 2330//835 2331//836 2332//837
f 2332//837 2331//836 2333//838
f 2332//837 2333//838 2334//839
f 2334//839 2333//838 2335//840
f 2334//839 2335//840 2336//841
f 2336//841 2335//840 2337//842
f 2336//841 2337//842 2203//182
f 2203//182 2337//842 2295//807
f 2304//811 2305//812 2331//836
f 2331//836 2305//812 2338//843
f 2331//836 2338//843 2333//838
f 2333//838 2338//843 2339//844
f 2333//838 2339//844 2335//840
f 2335//840 2339//844 2340//845
f 2335//840 2340//845 2337//842
f 2337//842 2340//845 2296//808
f 2337//842 2296//808 2295//807
f 2305//812 2306//284 2338//843
f 2338//843 2306//284 2307//813
f 2338//843 2307//813 2341//846
f 2341//846 2307//813 2308//814
f 2341//846 2308//814 2342//847
f 2342//847 2308//814 2196//288
f 2342//847 2196//288 2302//810
f 2342//847 2302//810 2343//848
f 2343//848 2302//810 2300//809
f 2343//848 2300//809 2298//290
f 2343//848 2298//290 2340//845
f 2340//845 2298//290 2296//808
f 2203//182 2344//849 2345//850
f 2345//850 2344//849 2346//851
f 2345//850 2346//851 2347//852
f 2347//852 2346//851 2348//236
f 2347//852 2348//236 2332//837
f 2332//837 2348//236 2349//853
f 2332//837 2349//853 2330//835
f 2336//841 2203//182 2350//854
f 2350//854 2203//182 2345//850
f 2332//837 2334//839 2347//852
f 2347//852 2334//839 2350//854
f 2347//852 2350//854 2345//850
f 2350//854 2334//839 2336//841
f 2338//843 2341//846 2339//844
f 2339//844 2341//846 2343//848
f 2339//844 2343//848 2340//845
f 2342//847 2343//848 2341//846
f 1187//261 1185//762 2198//261
f 2198//261 1185//762 2351//855
f 1185//762 1183//760 2351//855
f 2351//855 1183//760 2352//856
f 1183//760 1181//758 2352//856
f 2352//856 1181//758 2353//203
f 1181//758 1179//203 2353//203
f 2353//203 1179//203 1178//756
f 2353//203 1178//756 2354//857
f 2354//857 1178//756 1165//754
f 2354//857 1165//754 2355//858
f 2355//858 1165//754 1164//753
f 2355//858 1164//753 2199//207
f 2199//207 1164//753 1162//207
f 2202//182 2201//182 2356//826
f 2356//826 2201//182 2320//826
f 2356//826 2320//826 2319//825
f 2356//826 2319//825 2357//825
f 2357//825 2319//825 2323//263
f 2357//825 2323//263 2358//263
f 2358//263 2323//263 2326//831
f 2358//263 2326//831 2359//831
f 2359//831 2326//831 2325//830
f 2359//831 2325//830 2360//830
f 2360//830 2325//830 2198//261
f 2325//830 2197//261 2198//261
f 2193//234 2194//234 2361//835
f 2361//835 2194//234 2330//835
f 2361//835 2330//835 2349//853
f 2361//835 2349//853 2362//853
f 2362//853 2349//853 2348//236
f 2362//853 2348//236 2363//236
f 2363//236 2348//236 2346//851
f 2363//236 2346//851 2364//851
f 2364//851 2346//851 2344//849
f 2364//851 2344//849 2365//849
f 2365//849 2344//849 2204//182
f 2344//849 2203//182 2204//182
f 1160//207 1159//751 2200//207
f 2200//207 1159//751 2366//859
f 1159//751 1239//749 2366//859
f 2366//859 1239//749 2367//860
f 1239//749 1238//746 2367//860
f 2367//860 1238//746 2368//230
f 1238//746 1237//230 2368//230
f 2368//230 1237//230 1236//744
f 2368//230 1236//744 2369//861
f 2369//861 1236//744 1235//745
f 2369//861 1235//745 2370//862
f 2370//862 1235//745 1171//741
f 2370//862 1171//741 2193//234
f 2193//234 1171//741 1170//234
f 2202//182 2356//826 2371//863
f 2371//863 2356//826 2357//825
f 2371//863 2357//825 2372//707
f 2372//707 2357//825 2358//263
f 2372//707 2358//263 2373//708
f 2373//708 2358//263 2359//831
f 2373//708 2359//831 2360//830
f 2373//708 2360//830 2374//709
f 2374//709 2360//830 2198//261
f 2374//709 2198//261 2351//855
f 2374//709 2351//855 2375//711
f 2375//711 2351//855 2352//856
f 2375//711 2352//856 2353//203
f 2375//711 2353//203 2376//713
f 2376//713 2353//203 2354//857
f 2376//713 2354//857 2377//715
f 2377//715 2354//857 2355//858
f 2377//715 2355//858 2199//207
f 2199//207 2378//864 2377//715
f 2377//715 2378//864 2379//714
f 2377//715 2379//714 2376//713
f 2376//713 2379//714 2380//712
f 2376//713 2380//712 2375//711
f 2375//711 2380//712 2381//710
f 2375//711 2381//710 2374//709
f 2374//709 2381//710 2373//708
f 2378//864 2382//865 2379//714
f 2379//714 2382//865 2383//209
f 2379//714 2383//209 2384//716
f 2384//716 2383//209 2385//866
f 2384//716 2385//866 2386//717
f 2386//717 2385//866 2387//867
f 2386//717 2387//867 2202//182
f 2386//717 2202//182 2388//704
f 2388//704 2202//182 2389//705
f 2389//705 2202//182 2371//863
f 2372//707 2373//708 2390//706
f 2390//706 2373//708 2381//710
f 2390//706 2381//710 2391//718
f 2391//718 2381//710 2380//712
f 2391//718 2380//712 2384//716
f 2384//716 2380//712 2379//714
f 2371//863 2372//707 2389//705
f 2389//705 2372//707 2390//706
f 2389//705 2390//706 2388//704
f 2388//704 2390//706 2391//718
f 2388//704 2391//718 2386//717
f 2386//717 2391//718 2384//716
f 2392//864 2200//207 2393//685
f 2393//685 2200//207 2366//859
f 2393//685 2366//859 2394//686
f 2394//686 2366//859 2367//860
f 2394//686 2367//860 2395//687
f 2395//687 2367//860 2368//230
f 2395//687 2368//230 2369//861
f 2395//687 2369//861 2396//688
f 2396//688 2369//861 2370//862
f 2396//688 2370//862 2361//835
f 2361//835 2370//862 2193//234
f 2396//688 2361//835 2397//689
f 2397//689 2361//835 2362//853
f 2397//689 2362//853 2363//236
f 2397//689 2363//236 2398//690
f 2398//690 2363//236 2364//851
f 2398//690 2364//851 2399//691
f 2399//691 2364//851 2365//849
f 2399//691 2365//849 2204//182
f 2204//182 2400//867 2401//695
f 2401//695 2400//867 2402//866
f 2401//695 2402//866 2403//697
f 2403//697 2402//866 2404//209
f 2403//697 2404//209 2405//698
f 2405//698 2404//209 2406//865
f 2405//698 2406//865 2392//864
f 2399//691 2204//182 2407//692
f 2407//692 2204//182 2408//693
f 2408//693 2204//182 2401//695
f 2392//864 2393//685 2405//698
f 2405//698 2393//685 2409//700
f 2405//698 2409//700 2410//701
f 2410//701 2409//700 2411//702
f 2410//701 2411//702 2407//692
f 2407//692 2411//702 2399//691
f 2405//698 2410//701 2403//697
f 2403//697 2410//701 2408//693
f 2403//697 2408//693 2401//695
f 2393//685 2394//686 2409//700
f 2409//700 2394//686 2412//703
f 2409//700 2412//703 2411//702
f 2411//702 2412//703 2398//690
f 2411//702 2398//690 2399//691
f 2408//693 2410//701 2407//692
f 2394//686 2395//687 2412//703
f 2412//703 2395//687 2397//689
f 2412//703 2397//689 2398//690
f 2396//688 2397//689 2395//687
f 2204//182 2202//182 2400//867
f 2400//867 2202//182 2387//867
f 2400//867 2387//867 2385//866
f 2400//867 2385//866 2402//866
f 2402//866 2385//866 2383//209
f 2402//866 2383//209 2404//209
f 2404//209 2383//209 2382//865
f 2404//209 2382//865 2406//865
f 2406//865 2382//865 2378//864
f 2406//865 2378//864 2392//864
f 2392//864 2378//864 2200//207
f 2378//864 2199//207 2200//207
f 462//284 454//276 2220//783
f 2220//783 454//276 2413//784
f 2220//783 2413//784 2414//785
f 2414//785 2413//784 2415//786
f 2414//785 2415//786 2416//787
f 2416//787 2415//786 2417//788
f 2416//787 2417//788 2418//236
f 2418//236 2417//788 2419//213
f 2413//784 454//276 2420//789
f 2420//789 454//276 453//275
f 2420//789 453//275 452//274
f 452//274 450//272 2420//789
f 2420//789 450//272 2417//788
f 2420//789 2417//788 2415//786
f 450//272 448//270 2417//788
f 2417//788 448//270 2421//790
f 2417//788 2421//790 2419//213
f 2419//213 2421//790 2422//212
f 448//270 447//269 2421//790
f 2421//790 447//269 445//268
f 2421//790 445//268 2188//182
f 2188//182 445//268 446//182
f 2188//182 2189//182 2421//790
f 2421//790 2189//182 2190//182
f 2421//790 2190//182 2423//210
f 2423//210 2190//182 2187//182
f 2423//210 2422//212 2421//790
f 2418//236 2424//235 2416//787
f 2416//787 2424//235 2425//228
f 2416//787 2425//228 2426//791
f 2426//791 2425//228 2427//229
f 2426//791 2427//229 2222//792
f 2222//792 2427//229 2175//234
f 2222//792 2221//726 2426//791
f 2426//791 2221//726 2414//785
f 2426//791 2414//785 2416//787
f 2221//726 2220//783 2414//785
f 2420//789 2415//786 2413//784
f 2178//182 437//182 2428//264
f 2428//264 437//182 439//264
f 2428//264 439//264 441//266
f 442//267 2429//267 441//266
f 441//266 2429//267 2430//266
f 441//266 2430//266 2428//264
f 442//267 468//290 2429//267
f 2429//267 468//290 2431//290
f 468//290 467//289 2431//290
f 2431//290 467//289 2432//289
f 2432//289 467//289 2433//282
f 2433//282 467//289 460//282
f 2433//282 460//282 461//283
f 466//288 2176//288 461//283
f 461//283 2176//288 2434//283
f 461//283 2434//283 2433//282
f 402//234 2175//234 397//229
f 397//229 2175//234 2427//229
f 397//229 2427//229 2425//228
f 2424//235 403//235 2425//228
f 2425//228 403//235 396//228
f 2425//228 396//228 397//229
f 2424//235 2418//236 403//235
f 403//235 2418//236 404//236
f 2418//236 2419//213 404//236
f 404//236 2419//213 378//213
f 378//213 2419//213 377//212
f 377//212 2419//213 2422//212
f 377//212 2422//212 2423//210
f 2187//182 373//182 2423//210
f 2423//210 373//182 375//210
f 2423//210 375//210 377//212
f 430//257 422//249 2226//763
f 2226//763 422//249 2435//764
f 2226//763 2435//764 2436//765
f 2436//765 2435//764 2437//766
f 2436//765 2437//766 2438//767
f 2438//767 2437//766 2439//768
f 2438//767 2439//768 2431//290
f 2431//290 2439//768 2429//267
f 2435//764 422//249 2440//769
f 2440//769 422//249 421//248
f 2440//769 421//248 420//247
f 420//247 418//245 2440//769
f 2440//769 418//245 2439//768
f 2440//769 2439//768 2437//766
f 418//245 416//243 2439//768
f 2439//768 416//243 2441//770
f 2439//768 2441//770 2429//267
f 2429//267 2441//770 2430//266
f 416//243 415//242 2441//770
f 2441//770 415//242 413//241
f 2441//770 413//241 2192//182
f 2192//182 413//241 414//182
f 2192//182 2191//182 2441//770
f 2441//770 2191//182 2179//182
f 2441//770 2179//182 2428//264
f 2428//264 2179//182 2178//182
f 2428//264 2430//266 2441//770
f 2431//290 2432//289 2438//767
f 2438//767 2432//289 2433//282
f 2438//767 2433//282 2442//771
f 2442//771 2433//282 2434//283
f 2442//771 2434//283 2228//772
f 2228//772 2434//283 2176//288
f 2228//772 2227//737 2442//771
f 2442//771 2227//737 2436//765
f 2442//771 2436//765 2438//767
f 2227//737 2226//763 2436//765
f 2440//769 2437//766 2435//764
f 398//230 390//222 2217//793
f 2217//793 390//222 2443//794
f 2217//793 2443//794 2444//795
f 2444//795 2443//794 2445//796
f 2444//795 2445//796 2446//797
f 2446//797 2445//796 2447//798
f 2446//797 2447//798 2448//209
f 2448//209 2447//798 2449//186
f 2443//794 390//222 2450//799
f 2450//799 390//222 389//221
f 2450//799 389//221 388//220
f 388//220 386//218 2450//799
f 2450//799 386//218 2447//798
f 2450//799 2447//798 2445//796
f 386//218 384//216 2447//798
f 2447//798 384//216 2451//800
f 2447//798 2451//800 2449//186
f 2449//186 2451//800 2452//185
f 384//216 383//215 2451//800
f 2451//800 383//215 381//214
f 2451//800 381//214 2184//182
f 2184//182 381//214 382//182
f 2184//182 2185//182 2451//800
f 2451//800 2185//182 2186//182
f 2451//800 2186//182 2453//183
f 2453//183 2186//182 2183//182
f 2453//183 2452//185 2451//800
f 2448//209 2454//208 2446//797
f 2446//797 2454//208 2455//201
f 2446//797 2455//201 2456//801
f 2456//801 2455//201 2457//202
f 2456//801 2457//202 2219//802
f 2219//802 2457//202 2174//207
f 2219//802 2218//748 2456//801
f 2456//801 2218//748 2444//795
f 2456//801 2444//795 2446//797
f 2218//748 2217//793 2444//795
f 2450//799 2445//796 2443//794
f 2177//182 405//182 2458//237
f 2458//237 405//182 407//237
f 2458//237 407//237 409//239
f 410//240 2459//240 409//239
f 409//239 2459//240 2460//239
f 409//239 2460//239 2458//237
f 410//240 436//263 2459//240
f 2459//240 436//263 2461//263
f 436//263 435//262 2461//263
f 2461//263 435//262 2462//262
f 2462//262 435//262 2463//255
f 2463//255 435//262 428//255
f 2463//255 428//255 429//256
f 434//261 2173//261 429//256
f 429//256 2173//261 2464//256
f 429//256 2464//256 2463//255
f 370//207 2174//207 365//202
f 365//202 2174//207 2457//202
f 365//202 2457//202 2455//201
f 2454//208 371//208 2455//201
f 2455//201 371//208 364//201
f 2455//201 364//201 365//202
f 2454//208 2448//209 371//208
f 371//208 2448//209 372//209
f 2448//209 2449//186 372//209
f 372//209 2449//186 346//186
f 346//186 2449//186 345//185
f 345//185 2449//186 2452//185
f 345//185 2452//185 2453//183
f 2183//182 341//182 2453//183
f 2453//183 341//182 343//183
f 2453//183 343//183 345//185
f 366//203 358//195 2223//773
f 2223//773 358//195 2465//774
f 2223//773 2465//774 2466//775
f 2466//775 2465//774 2467//776
f 2466//775 2467//776 2468//777
f 2468//777 2467//776 2469//778
f 2468//777 2469//778 2461//263
f 2461//263 2469//778 2459//240
f 2465//774 358//195 2470//779
f 2470//779 358//195 357//194
f 2470//779 357//194 356//193
f 356//193 354//191 2470//779
f 2470//779 354//191 2469//778
f 2470//779 2469//778 2467//776
f 354//191 352//189 2469//778
f 2469//778 352//189 2471//780
f 2469//778 2471//780 2459//240
f 2459//240 2471//780 2460//239
f 352//189 351//188 2471//780
f 2471//780 351//188 349//187
f 2471//780 349//187 2182//182
f 2182//182 349//187 350//182
f 2182//182 2181//182 2471//780
f 2471//780 2181//182 2180//182
f 2471//780 2180//182 2458//237
f 2458//237 2180//182 2177//182
f 2458//237 2460//239 2471//780
f 2461//263 2462//262 2468//777
f 2468//777 2462//262 2463//255
f 2468//777 2463//255 2472//781
f 2472//781 2463//255 2464//256
f 2472//781 2464//256 2225//782
f 2225//782 2464//256 2173//261
f 2225//782 2224//759 2472//781
f 2472//781 2224//759 2466//775
f 2472//781 2466//775 2468//777
f 2224//759 2223//773 2466//775
f 2470//779 2467//776 2465//774
f 1286//288 1284//740 2163//288
f 2163//288 1284//740 2473//803
f 1284//740 1283//738 2473//803
f 2473//803 1283//738 2474//804
f 1283//738 1312//736 2474//804
f 2474//804 1312//736 2475//257
f 1312//736 1311//257 2475//257
f 2475//257 1311//257 1310//734
f 2475//257 1310//734 2476//805
f 2476//805 1310//734 1300//732
f 2476//805 1300//732 2477//806
f 2477//806 1300//732 1299//731
f 2477//806 1299//731 2166//261
f 2166//261 1299//731 1298//261
f 2169//182 2171//182 2478//807
f 2478//807 2171//182 2479//807
f 2478//807 2479//807 2480//808
f 2478//807 2480//808 2481//808
f 2481//808 2480//808 2482//290
f 2481//808 2482//290 2483//290
f 2483//290 2482//290 2484//809
f 2483//290 2484//809 2485//809
f 2485//809 2484//809 2486//810
f 2485//809 2486//810 2487//810
f 2487//810 2486//810 2163//288
f 2486//810 2164//288 2163//288
f 1251//234 1250//729 2161//234
f 2161//234 1250//729 2488//811
f 1250//729 1249//727 2488//811
f 2488//811 1249//727 2489//812
f 1249//727 1295//724 2489//812
f 2489//812 1295//724 2490//284
f 1295//724 1294//284 2490//284
f 2490//284 1294//284 1292//722
f 2490//284 1292//722 2491//813
f 2491//813 1292//722 1290//723
f 2491//813 1290//723 2492//814
f 2492//814 1290//723 1288//719
f 2492//814 1288//719 2164//288
f 2164//288 1288//719 1287//288
f 2169//182 2478//807 2493//815
f 2493//815 2478//807 2481//808
f 2493//815 2481//808 2494//816
f 2494//816 2481//808 2483//290
f 2494//816 2483//290 2495//817
f 2495//817 2483//290 2485//809
f 2495//817 2485//809 2487//810
f 2495//817 2487//810 2496//818
f 2496//818 2487//810 2163//288
f 2496//818 2163//288 2473//803
f 2473//803 2474//804 2496//818
f 2496//818 2474//804 2497//819
f 2496//818 2497//819 2498//820
f 2498//820 2497//819 2499//821
f 2498//820 2499//821 2500//822
f 2500//822 2499//821 2501//823
f 2500//822 2501//823 2502//824
f 2502//824 2501//823 2503//825
f 2502//824 2503//825 2504//826
f 2474//804 2475//257 2497//819
f 2497//819 2475//257 2505//827
f 2497//819 2505//827 2499//821
f 2499//821 2505//827 2506//828
f 2499//821 2506//828 2501//823
f 2501//823 2506//828 2507//263
f 2501//823 2507//263 2503//825
f 2475//257 2476//805 2505//827
f 2505//827 2476//805 2477//806
f 2505//827 2477//806 2508//829
f 2508//829 2477//806 2166//261
f 2508//829 2166//261 2509//830
f 2508//829 2509//830 2506//828
f 2506//828 2509//830 2510//831
f 2506//828 2510//831 2507//263
f 2504//826 2169//182 2502//824
f 2502//824 2169//182 2511//832
f 2502//824 2511//832 2500//822
f 2500//822 2511//832 2512//833
f 2500//822 2512//833 2498//820
f 2498//820 2512//833 2495//817
f 2498//820 2495//817 2496//818
f 2495//817 2512//833 2494//816
f 2494//816 2512//833 2513//834
f 2494//816 2513//834 2493//815
f 2493//815 2513//834 2169//182
f 2169//182 2513//834 2511//832
f 2511//832 2513//834 2512//833
f 2508//829 2506//828 2505//827
f 2161//234 2488//811 2514//835
f 2514//835 2488//811 2515//836
f 2514//835 2515//836 2516//837
f 2516//837 2515//836 2517//838
f 2516//837 2517//838 2518//839
f 2518//839 2517//838 2519//840
f 2518//839 2519//840 2520//841
f 2520//841 2519//840 2521//842
f 2520//841 2521//842 2171//182
f 2171//182 2521//842 2479//807
f 2488//811 2489//812 2515//836
f 2515//836 2489//812 2522//843
f 2515//836 2522//843 2517//838
f 2517//838 2522//843 2523//844
f 2517//838 2523//844 2519//840
f 2519//840 2523//844 2524//845
f 2519//840 2524//845 2521//842
f 2521//842 2524//845 2480//808
f 2521//842 2480//808 2479//807
f 2489//812 2490//284 2522//843
f 2522//843 2490//284 2491//813
f 2522//843 2491//813 2525//846
f 2525//846 2491//813 2492//814
f 2525//846 2492//814 2526//847
f 2526//847 2492//814 2164//288
f 2526//847 2164//288 2486//810
f 2526//847 2486//810 2527//848
f 2527//848 2486//810 2484//809
f 2527//848 2484//809 2482//290
f 2527//848 2482//290 2524//845
f 2524//845 2482//290 2480//808
f 2171//182 2528//849 2529//850
f 2529//850 2528//849 2530//851
f 2529//850 2530//851 2531//852
f 2531//852 2530//851 2532//236
f 2531//852 2532//236 2516//837
f 2516//837 2532//236 2533//853
f 2516//837 2533//853 2514//835
f 2520//841 2171//182 2534//854
f 2534//854 2171//182 2529//850
f 2516//837 2518//839 2531//852
f 2531//852 2518//839 2534//854
f 2531//852 2534//854 2529//850
f 2534//854 2518//839 2520//841
f 2522//843 2525//846 2523//844
f 2523//844 2525//846 2527//848
f 2523//844 2527//848 2524//845
f 2526//847 2527//848 2525//846
f 1297//261 1296//762 2165//261
f 2165//261 1296//762 2535//855
f 1296//762 1309//760 2535//855
f 2535//855 1309//760 2536//856
f 1309//760 1308//758 2536//856
f 2536//856 1308//758 2537//203
f 1308//758 1307//203 2537//203
f 2537//203 1307//203 1306//756
f 2537//203 1306//756 2538//857
f 2538//857 1306//756 1248//754
f 2538//857 1248//754 2539//858
f 2539//858 1248//754 1247//753
f 2539//858 1247//753 2167//207
f 2167//207 1247//753 1245//207
f 2170//182 2169//182 2540//826
f 2540//826 2169//182 2504//826
f 2540//826 2504//826 2503//825
f 2540//826 2503//825 2541//825
f 2541//825 2503//825 2507//263
f 2541//825 2507//263 2542//263
f 2542//263 2507//263 2510//831
f 2542//263 2510//831 2543//831
f 2543//831 2510//831 2509//830
f 2543//831 2509//830 2544//830
f 2544//830 2509//830 2165//261
f 2509//830 2166//261 2165//261
f 2162//234 2161//234 2545//835
f 2545//835 2161//234 2514//835
f 2545//835 2514//835 2533//853
f 2545//835 2533//853 2546//853
f 2546//853 2533//853 2532//236
f 2546//853 2532//236 2547//236
f 2547//236 2532//236 2530//851
f 2547//236 2530//851 2548//851
f 2548//851 2530//851 2528//849
f 2548//851 2528//849 2549//849
f 2549//849 2528//849 2172//182
f 2528//849 2171//182 2172//182
f 1244//207 1243//751 2168//207
f 2168//207 1243//751 2550//859
f 1243//751 1305//749 2550//859
f 2550//859 1305//749 2551//860
f 1305//749 1304//746 2551//860
f 2551//860 1304//746 2552//230
f 1304//746 1303//230 2552//230
f 2552//230 1303//230 1302//744
f 2552//230 1302//744 2553//861
f 2553//861 1302//744 1301//745
f 2553//861 1301//745 2554//862
f 2554//862 1301//745 1253//741
f 2554//862 1253//741 2162//234
f 2162//234 1253//741 1252//234
f 2170//182 2540//826 2555//863
f 2555//863 2540//826 2541//825
f 2555//863 2541//825 2556//707
f 2556//707 2541//825 2542//263
f 2556//707 2542//263 2557//708
f 2557//708 2542//263 2543//831
f 2557//708 2543//831 2544//830
f 2557//708 2544//830 2558//709
f 2558//709 2544//830 2165//261
f 2558//709 2165//261 2535//855
f 2558//709 2535//855 2559//711
f 2559//711 2535//855 2536//856
f 2559//711 2536//856 2537//203
f 2559//711 2537//203 2560//713
f 2560//713 2537//203 2538//857
f 2560//713 2538//857 2561//715
f 2561//715 2538//857 2539//858
f 2561//715 2539//858 2167//207
f 2167//207 2562//864 2561//715
f 2561//715 2562//864 2563//714
f 2561//715 2563//714 2560//713
f 2560//713 2563//714 2564//712
f 2560//713 2564//712 2559//711
f 2559//711 2564//712 2565//710
f 2559//711 2565//710 2558//709
f 2558//709 2565//710 2557//708
f 2562//864 2566//865 2563//714
f 2563//714 2566//865 2567//209
f 2563//714 2567//209 2568//716
f 2568//716 2567//209 2569//866
f 2568//716 2569//866 2570//717
f 2570//717 2569//866 2571//867
f 2570//717 2571//867 2170//182
f 2570//717 2170//182 2572//704
f 2572//704 2170//182 2573//705
f 2573//705 2170//182 2555//863
f 2556//707 2557//708 2574//706
f 2574//706 2557//708 2565//710
f 2574//706 2565//710 2575//718
f 2575//718 2565//710 2564//712
f 2575//718 2564//712 2568//716
f 2568//716 2564//712 2563//714
f 2555//863 2556//707 2573//705
f 2573//705 2556//707 2574//706
f 2573//705 2574//706 2572//704
f 2572//704 2574//706 2575//718
f 2572//704 2575//718 2570//717
f 2570//717 2575//718 2568//716
f 2576//864 2168//207 2577//685
f 2577//685 2168//207 2550//859
f 2577//685 2550//859 2578//686
f 2578//686 2550//859 2551//860
f 2578//686 2551//860 2579//687
f 2579//687 2551//860 2552//230
f 2579//687 2552//230 2553//861
f 2579//687 2553//861 2580//688
f 2580//688 2553//861 2554//862
f 2580//688 2554//862 2545//835
f 2545//835 2554//862 2162//234
f 2580//688 2545//835 2581//689
f 2581//689 2545//835 2546//853
f 2581//689 2546//853 2547//236
f 2581//689 2547//236 2582//690
f 2582//690 2547//236 2548//851
f 2582//690 2548//851 2583//691
f 2583//691 2548//851 2549//849
f 2583//691 2549//849 2172//182
f 2172//182 2584//867 2585//695
f 2585//695 2584//867 2586//866
f 2585//695 2586//866 2587//697
f 2587//697 2586//866 2588//209
f 2587//697 2588//209 2589//698
f 2589//698 2588//209 2590//865
f 2589//698 2590//865 2576//864
f 2583//691 2172//182 2591//692
f 2591//692 2172//182 2592//693
f 2592//693 2172//182 2585//695
f 2576//864 2577//685 2589//698
f 2589//698 2577//685 2593//700
f 2589//698 2593//700 2594//701
f 2594//701 2593//700 2595//702
f 2594//701 2595//702 2591//692
f 2591//692 2595//702 2583//691
f 2589//698 2594//701 2587//697
f 2587//697 2594//701 2592//693
f 2587//697 2592//693 2585//695
f 2577//685 2578//686 2593//700
f 2593//700 2578//686 2596//703
f 2593//700 2596//703 2595//702
f 2595//702 2596//703 2582//690
f 2595//702 2582//690 2583//691
f 2592//693 2594//701 2591//692
f 2578//686 2579//687 2596//703
f 2596//703 2579//687 2581//689
f 2596//703 2581//689 2582//690
f 2580//688 2581//689 2579//687
f 2172//182 2170//182 2584//867
f 2584//867 2170//182 2571//867
f 2584//867 2571//867 2569//866
f 2584//867 2569//866 2586//866
f 2586//866 2569//866 2567//209
f 2586//866 2567//209 2588//209
f 2588//209 2567//209 2566//865
f 2588//209 2566//865 2590//865
f 2590//865 2566//865 2562//864
f 2590//865 2562//864 2576//864
f 2576//864 2562//864 2168//207
f 2562//864 2167//207 2168//207
f 1431//317 1425//317 1025//317
f 1025//317 1425//317 1039//317
f 1008//415 1437//415 1013//416
f 1013//416 1437//415 1436//416
f 1013//416 1436//416 1435//417
f 1013//416 1435//417 1015//417
f 1015//417 1435//417 1434//25
f 1015//417 1434//25 1016//25
f 1016//25 1434//25 1433//418
f 1016//25 1433//418 1018//418
f 1018//418 1433//418 1020//419
f 1433//418 1432//419 1020//419
f 1020//419 1432//419 1431//317
f 1020//419 1431//317 1025//317
f 1429//415 1437//415 1002//415
f 1002//415 1437//415 1008//415
f 1439//317 1429//317 995//317
f 995//317 1429//317 1002//317
f 1410//182 956//182 1413//182
f 1413//182 956//182 951//182
f 1413//410 951//410 1414//410
f 1414//410 951//410 947//410
f 1415//182 1420//500 918//182
f 918//182 1420//500 934//500
f 1420//500 1419//501 934//500
f 934//500 1419//501 942//501
f 942//501 1419//501 940//502
f 940//502 1419//501 1418//502
f 940//502 1418//502 1417//503
f 940//502 1417//503 938//503
f 938//503 1417//503 1416//504
f 938//503 1416//504 945//504
f 945//504 1416//504 947//410
f 1416//504 1414//410 947//410
f 1421//182 1415//182 911//182
f 911//182 1415//182 918//182
f 2597//179 2598//179 933//179
f 933//179 2598//179 935//179
f 967//152 966//152 2599//152
f 2599//152 966//152 2600//152
f 914//98 912//98 2601//98
f 2601//98 912//98 2602//98
f 2603//125 2604//125 917//125
f 917//125 2604//125 919//125
f 2605//73 2606//73 2607//73
f 2607//73 2606//73 2608//73
f 2609//98 114//98 1058//98
f 1058//98 114//98 1059//98
f 2610//125 146//125 994//125
f 994//125 146//125 996//125
f 2611//179 210//179 1001//179
f 1001//179 210//179 1003//179
f 2612//152 178//152 1014//152
f 1014//152 178//152 1012//152
f 85//73 2613//73 2614//73
f 2614//73 2613//73 117//73
f 2614//73 117//73 149//73
f 149//73 117//73 2615//73
f 149//73 2615//73 2616//73
f 2616//73 2615//73 181//73
f 85//73 2614//73 86//73
f 86//73 2614//73 2617//73
f 86//73 2617//73 91//73
f 91//73 2617//73 2618//73
f 91//73 2618//73 92//73
f 92//73 2618//73 2619//73
f 92//73 2619//73 94//73
f 2613//73 2620//73 117//73
f 117//73 2620//73 118//73
f 2620//73 2621//73 118//73
f 118//73 2621//73 123//73
f 2621//73 2622//73 123//73
f 123//73 2622//73 124//73
f 2622//73 126//73 124//73
f 2615//73 2623//73 181//73
f 181//73 2623//73 182//73
f 2623//73 2624//73 182//73
f 182//73 2624//73 187//73
f 2624//73 2625//73 187//73
f 187//73 2625//73 188//73
f 2625//73 190//73 188//73
f 149//73 2616//73 150//73
f 150//73 2616//73 2626//73
f 150//73 2626//73 155//73
f 155//73 2626//73 2627//73
f 155//73 2627//73 156//73
f 156//73 2627//73 2628//73
f 156//73 2628//73 158//73
f 1051//98 1050//98 2629//98
f 2629//98 1050//98 2630//98
f 2631//125 2632//125 1026//125
f 1026//125 2632//125 1027//125
f 2633//179 2634//179 1038//179
f 1038//179 2634//179 1040//179
f 1046//152 1044//152 2635//152
f 2635//152 1044//152 2636//152
f 2637//73 2638//73 2639//73
f 2639//73 2638//73 2640//73
f 2641//179 338//179 962//179
f 962//179 338//179 963//179
f 2642//152 306//152 986//152
f 986//152 306//152 987//152
f 2643//98 242//98 946//98
f 946//98 242//98 939//98
f 2644//125 274//125 957//125
f 957//125 274//125 958//125
f 278//73 277//73 2645//73
f 2645//73 277//73 2646//73
f 2645//73 2646//73 213//73
f 213//73 2646//73 214//73
f 2646//73 2647//73 214//73
f 214//73 2647//73 219//73
f 2647//73 2648//73 219//73
f 219//73 2648//73 220//73
f 2648//73 2649//73 220//73
f 220//73 2649//73 222//73
f 213//73 2650//73 2645//73
f 2645//73 2650//73 309//73
f 309//73 2650//73 245//73
f 245//73 2650//73 2651//73
f 245//73 2651//73 246//73
f 246//73 2651//73 2652//73
f 246//73 2652//73 251//73
f 251//73 2652//73 2653//73
f 251//73 2653//73 252//73
f 252//73 2653//73 254//73
f 245//73 2654//73 309//73
f 309//73 2654//73 2655//73
f 309//73 2655//73 310//73
f 310//73 2655//73 2656//73
f 310//73 2656//73 315//73
f 315//73 2656//73 2657//73
f 315//73 2657//73 316//73
f 316//73 2657//73 318//73
f 2645//73 2658//73 278//73
f 278//73 2658//73 283//73
f 2658//73 2659//73 283//73
f 283//73 2659//73 284//73
f 2659//73 2660//73 284//73
f 284//73 2660//73 286//73
f 274//125 273//868 958//125
f 958//125 273//868 959//869
f 959//869 273//868 985//870
f 985//870 273//868 272//123
f 985//870 272//123 271//871
f 270//121 950//121 271//871
f 271//871 950//121 949//872
f 271//871 949//872 985//870
f 270//121 2661//873 950//121
f 950//121 2661//873 952//874
f 2661//873 2662//875 952//874
f 952//874 2662//875 953//876
f 2662//875 2663//877 953//876
f 953//876 2663//877 948//878
f 2663//877 2643//98 948//878
f 948//878 2643//98 946//98
f 242//98 241//879 939//98
f 939//98 241//879 941//880
f 941//880 241//879 943//881
f 943//881 241//879 240//96
f 943//881 240//96 239//882
f 238//94 932//94 239//882
f 239//882 932//94 944//883
f 239//882 944//883 943//881
f 238//94 2664//884 932//94
f 932//94 2664//884 930//885
f 2664//884 2665//886 930//885
f 930//885 2665//886 928//887
f 2665//886 2666//888 928//887
f 928//887 2666//888 926//889
f 2666//888 2642//152 926//889
f 926//889 2642//152 986//152
f 987//152 306//152 988//890
f 988//890 306//152 305//891
f 988//890 305//891 304//150
f 303//892 990//893 304//150
f 304//150 990//893 989//894
f 304//150 989//894 988//890
f 303//892 302//148 990//893
f 990//893 302//148 991//148
f 991//148 302//148 992//895
f 992//895 302//148 2667//896
f 992//895 2667//896 2668//897
f 992//895 2668//897 960//898
f 960//898 2668//897 2669//899
f 960//898 2669//899 961//900
f 961//900 2669//899 2641//179
f 961//900 2641//179 962//179
f 963//179 338//179 964//901
f 964//901 338//179 337//902
f 964//901 337//902 336//177
f 335//903 982//904 336//177
f 336//177 982//904 981//905
f 336//177 981//905 964//901
f 335//903 334//175 982//904
f 982//904 334//175 983//175
f 983//175 334//175 984//906
f 984//906 334//175 2670//907
f 984//906 2670//907 2671//908
f 984//906 2671//908 954//909
f 954//909 2671//908 2672//910
f 954//909 2672//910 955//911
f 955//911 2672//910 2644//125
f 955//911 2644//125 957//125
f 146//125 145//868 996//125
f 996//125 145//868 998//869
f 998//869 145//868 999//870
f 999//870 145//868 144//123
f 999//870 144//123 143//871
f 142//121 1054//121 143//871
f 143//871 1054//121 1053//872
f 143//871 1053//872 999//870
f 142//121 2673//873 1054//121
f 1054//121 2673//873 1055//874
f 2673//873 2674//875 1055//874
f 1055//874 2674//875 1056//876
f 2674//875 2675//877 1056//876
f 1056//876 2675//877 1057//878
f 2675//877 2609//98 1057//878
f 1057//878 2609//98 1058//98
f 1059//98 114//98 1033//880
f 1033//880 114//98 113//879
f 1033//880 113//879 112//96
f 111//882 1029//883 112//96
f 112//96 1029//883 1031//881
f 112//96 1031//881 1033//880
f 111//882 110//94 1029//883
f 1029//883 110//94 1022//94
f 1022//94 110//94 1021//885
f 1021//885 110//94 2676//884
f 1021//885 2676//884 2677//886
f 1021//885 2677//886 1019//887
f 1019//887 2677//886 2678//888
f 1019//887 2678//888 1017//889
f 1017//889 2678//888 2612//152
f 1017//889 2612//152 1014//152
f 1003//179 210//179 1004//901
f 1004//901 210//179 209//902
f 1004//901 209//902 1005//905
f 1005//905 209//902 208//177
f 1005//905 208//177 207//903
f 206//175 1062//175 207//903
f 207//903 1062//175 1061//904
f 207//903 1061//904 1005//905
f 206//175 2679//907 1062//175
f 1062//175 2679//907 1063//906
f 2679//907 2680//908 1063//906
f 1063//906 2680//908 1064//909
f 2680//908 2681//910 1064//909
f 1064//909 2681//910 993//911
f 2681//910 2610//125 993//911
f 993//911 2610//125 994//125
f 1012//152 178//152 1006//890
f 1006//890 178//152 177//891
f 1006//890 177//891 176//150
f 175//892 1009//893 176//150
f 176//150 1009//893 1007//894
f 176//150 1007//894 1006//890
f 175//892 174//148 1009//893
f 1009//893 174//148 1010//148
f 1010//148 174//148 1011//895
f 1011//895 174//148 2682//896
f 1011//895 2682//896 2683//897
f 1011//895 2683//897 1060//898
f 1060//898 2683//897 2684//899
f 1060//898 2684//899 1000//900
f 1000//900 2684//899 2611//179
f 1000//900 2611//179 1001//179
f 334//175 326//167 2670//912
f 2670//912 326//167 2685//913
f 2670//912 2685//913 2686//914
f 2686//914 2685//913 2687//915
f 2686//914 2687//915 2688//916
f 2688//916 2687//915 2689//917
f 2688//916 2689//917 2690//127
f 2690//127 2689//917 2691//104
f 2685//913 326//167 2692//918
f 2692//918 326//167 325//166
f 2692//918 325//166 324//165
f 324//165 322//163 2692//918
f 2692//918 322//163 2689//917
f 2692//918 2689//917 2687//915
f 322//163 320//161 2689//917
f 2689//917 320//161 2693//919
f 2689//917 2693//919 2691//104
f 2691//104 2693//919 2694//103
f 320//161 319//160 2693//919
f 2693//919 319//160 317//159
f 2693//919 317//159 2657//73
f 2657//73 317//159 318//73
f 2657//73 2656//73 2693//919
f 2693//919 2656//73 2655//73
f 2693//919 2655//73 2695//101
f 2695//101 2655//73 2654//73
f 2695//101 2694//103 2693//919
f 2690//127 2696//126 2688//916
f 2688//916 2696//126 2697//119
f 2688//916 2697//119 2698//920
f 2698//920 2697//119 2699//120
f 2698//920 2699//120 2672//921
f 2672//921 2699//120 2644//125
f 2672//921 2671//908 2698//920
f 2698//920 2671//908 2686//914
f 2698//920 2686//914 2688//916
f 2671//908 2670//912 2686//914
f 2692//918 2687//915 2685//913
f 2645//73 309//73 2700//155
f 2700//155 309//73 311//155
f 2700//155 311//155 313//157
f 314//158 2701//158 313//157
f 313//157 2701//158 2702//157
f 313//157 2702//157 2700//155
f 314//158 340//181 2701//158
f 2701//158 340//181 2703//181
f 340//181 339//180 2703//181
f 2703//181 339//180 2704//180
f 2704//180 339//180 2705//173
f 2705//173 339//180 332//173
f 2705//173 332//173 333//174
f 338//179 2641//179 333//174
f 333//174 2641//179 2706//174
f 333//174 2706//174 2705//173
f 274//125 2644//125 269//120
f 269//120 2644//125 2699//120
f 269//120 2699//120 2697//119
f 2696//126 275//126 2697//119
f 2697//119 275//126 268//119
f 2697//119 268//119 269//120
f 2696//126 2690//127 275//126
f 275//126 2690//127 276//127
f 2690//127 2691//104 276//127
f 276//127 2691//104 250//104
f 250//104 2691//104 249//103
f 249//103 2691//104 2694//103
f 249//103 2694//103 2695//101
f 2654//73 245//73 2695//101
f 2695//101 245//73 247//101
f 2695//101 247//101 249//103
f 302//148 294//140 2667//922
f 2667//922 294//140 2707//923
f 2667//922 2707//923 2708//924
f 2708//924 2707//923 2709//925
f 2708//924 2709//925 2710//926
f 2710//926 2709//925 2711//927
f 2710//926 2711//927 2703//181
f 2703//181 2711//927 2701//158
f 2707//923 294//140 2712//928
f 2712//928 294//140 293//139
f 2712//928 293//139 292//138
f 292//138 290//136 2712//928
f 2712//928 290//136 2711//927
f 2712//928 2711//927 2709//925
f 290//136 288//134 2711//927
f 2711//927 288//134 2713//929
f 2711//927 2713//929 2701//158
f 2701//158 2713//929 2702//157
f 288//134 287//133 2713//929
f 2713//929 287//133 285//132
f 2713//929 285//132 2660//73
f 2660//73 285//132 286//73
f 2660//73 2659//73 2713//929
f 2713//929 2659//73 2658//73
f 2713//929 2658//73 2700//155
f 2700//155 2658//73 2645//73
f 2700//155 2702//157 2713//929
f 2703//181 2704//180 2710//926
f 2710//926 2704//180 2705//173
f 2710//926 2705//173 2714//930
f 2714//930 2705//173 2706//174
f 2714//930 2706//174 2669//931
f 2669//931 2706//174 2641//179
f 2669//931 2668//897 2714//930
f 2714//930 2668//897 2708//924
f 2714//930 2708//924 2710//926
f 2668//897 2667//922 2708//924
f 2712//928 2709//925 2707//923
f 270//121 262//113 2661//932
f 2661//932 262//113 2715//933
f 2661//932 2715//933 2716//934
f 2716//934 2715//933 2717//935
f 2716//934 2717//935 2718//936
f 2718//936 2717//935 2719//937
f 2718//936 2719//937 2720//100
f 2720//100 2719//937 2721//77
f 2715//933 262//113 2722//938
f 2722//938 262//113 261//112
f 2722//938 261//112 260//111
f 260//111 258//109 2722//938
f 2722//938 258//109 2719//937
f 2722//938 2719//937 2717//935
f 258//109 256//107 2719//937
f 2719//937 256//107 2723//939
f 2719//937 2723//939 2721//77
f 2721//77 2723//939 2724//76
f 256//107 255//106 2723//939
f 2723//939 255//106 253//105
f 2723//939 253//105 2653//73
f 2653//73 253//105 254//73
f 2653//73 2652//73 2723//939
f 2723//939 2652//73 2651//73
f 2723//939 2651//73 2725//74
f 2725//74 2651//73 2650//73
f 2725//74 2724//76 2723//939
f 2720//100 2726//99 2718//936
f 2718//936 2726//99 2727//92
f 2718//936 2727//92 2728//940
f 2728//940 2727//92 2729//93
f 2728//940 2729//93 2663//941
f 2663//941 2729//93 2643//98
f 2663//941 2662//875 2728//940
f 2728//940 2662//875 2716//934
f 2728//940 2716//934 2718//936
f 2662//875 2661//932 2716//934
f 2722//938 2717//935 2715//933
f 2646//73 277//73 2730//128
f 2730//128 277//73 279//128
f 2730//128 279//128 281//130
f 282//131 2731//131 281//130
f 281//130 2731//131 2732//130
f 281//130 2732//130 2730//128
f 282//131 308//154 2731//131
f 2731//131 308//154 2733//154
f 308//154 307//153 2733//154
f 2733//154 307//153 2734//153
f 2734//153 307//153 2735//146
f 2735//146 307//153 300//146
f 2735//146 300//146 301//147
f 306//152 2642//152 301//147
f 301//147 2642//152 2736//147
f 301//147 2736//147 2735//146
f 242//98 2643//98 237//93
f 237//93 2643//98 2729//93
f 237//93 2729//93 2727//92
f 2726//99 243//99 2727//92
f 2727//92 243//99 236//92
f 2727//92 236//92 237//93
f 2726//99 2720//100 243//99
f 243//99 2720//100 244//100
f 2720//100 2721//77 244//100
f 244//100 2721//77 218//77
f 218//77 2721//77 217//76
f 217//76 2721//77 2724//76
f 217//76 2724//76 2725//74
f 2650//73 213//73 2725//74
f 2725//74 213//73 215//74
f 2725//74 215//74 217//76
f 238//94 230//86 2664//942
f 2664//942 230//86 2737//943
f 2664//942 2737//943 2738//944
f 2738//944 2737//943 2739//945
f 2738//944 2739//945 2740//946
f 2740//946 2739//945 2741//947
f 2740//946 2741//947 2733//154
f 2733//154 2741//947 2731//131
f 2737//943 230//86 2742//948
f 2742//948 230//86 229//85
f 2742//948 229//85 228//84
f 228//84 226//82 2742//948
f 2742//948 226//82 2741//947
f 2742//948 2741//947 2739//945
f 226//82 224//80 2741//947
f 2741//947 224//80 2743//949
f 2741//947 2743//949 2731//131
f 2731//131 2743//949 2732//130
f 224//80 223//79 2743//949
f 2743//949 223//79 221//78
f 2743//949 221//78 2649//73
f 2649//73 221//78 222//73
f 2649//73 2648//73 2743//949
f 2743//949 2648//73 2647//73
f 2743//949 2647//73 2730//128
f 2730//128 2647//73 2646//73
f 2730//128 2732//130 2743//949
f 2733//154 2734//153 2740//946
f 2740//946 2734//153 2735//146
f 2740//946 2735//146 2744//950
f 2744//950 2735//146 2736//147
f 2744//950 2736//147 2666//951
f 2666//951 2736//147 2642//152
f 2666//951 2665//886 2744//950
f 2744//950 2665//886 2738//944
f 2744//950 2738//944 2740//946
f 2665//886 2664//942 2738//944
f 2742//948 2739//945 2737//943
f 966//152 965//889 2600//152
f 2600//152 965//889 2745//952
f 965//889 980//887 2745//952
f 2745//952 980//887 2746//953
f 980//887 979//885 2746//953
f 2746//953 979//885 2747//94
f 979//885 978//94 2747//94
f 2747//94 978//94 977//883
f 2747//94 977//883 2748//954
f 2748//954 977//883 976//881
f 2748//954 976//881 2749//955
f 2749//955 976//881 915//880
f 2749//955 915//880 2601//98
f 2601//98 915//880 914//98
f 2605//73 2607//73 2750//956
f 2750//956 2607//73 2751//956
f 2750//956 2751//956 2752//957
f 2750//956 2752//957 2753//957
f 2753//957 2752//957 2754//154
f 2753//957 2754//154 2755//154
f 2755//154 2754//154 2756//958
f 2755//154 2756//958 2757//958
f 2757//958 2756//958 2758//959
f 2757//958 2758//959 2759//959
f 2759//959 2758//959 2600//152
f 2758//959 2599//152 2600//152
f 933//179 931//900 2597//179
f 2597//179 931//900 2760//960
f 931//900 929//898 2760//960
f 2760//960 929//898 2761//961
f 929//898 927//895 2761//961
f 2761//961 927//895 2762//148
f 927//895 925//148 2762//148
f 2762//148 925//148 923//893
f 2762//148 923//893 2763//962
f 2763//962 923//893 922//894
f 2763//962 922//894 2764//963
f 2764//963 922//894 968//890
f 2764//963 968//890 2599//152
f 2599//152 968//890 967//152
f 2605//73 2750//956 2765//964
f 2765//964 2750//956 2766//688
f 2765//964 2766//688 2767//965
f 2767//965 2766//688 2768//687
f 2767//965 2768//687 2769//100
f 2769//100 2768//687 2770//966
f 2766//688 2750//956 2771//689
f 2771//689 2750//956 2753//957
f 2771//689 2753//957 2755//154
f 2771//689 2755//154 2772//690
f 2772//690 2755//154 2757//958
f 2772//690 2757//958 2773//691
f 2773//691 2757//958 2759//959
f 2773//691 2759//959 2600//152
f 2773//691 2600//152 2774//692
f 2774//692 2600//152 2745//952
f 2774//692 2745//952 2775//693
f 2775//693 2745//952 2746//953
f 2775//693 2746//953 2776//701
f 2776//701 2746//953 2747//94
f 2776//701 2747//94 2777//700
f 2777//700 2747//94 2778//698
f 2777//700 2778//698 2779//685
f 2779//685 2778//698 2749//955
f 2779//685 2749//955 2601//98
f 2747//94 2748//954 2778//698
f 2778//698 2748//954 2749//955
f 2601//98 2780//967 2779//685
f 2779//685 2780//967 2781//686
f 2779//685 2781//686 2777//700
f 2777//700 2781//686 2782//703
f 2777//700 2782//703 2783//702
f 2783//702 2782//703 2772//690
f 2783//702 2772//690 2773//691
f 2780//967 2770//966 2781//686
f 2781//686 2770//966 2768//687
f 2781//686 2768//687 2782//703
f 2782//703 2768//687 2771//689
f 2782//703 2771//689 2772//690
f 2766//688 2771//689 2768//687
f 2777//700 2783//702 2776//701
f 2776//701 2783//702 2774//692
f 2776//701 2774//692 2775//693
f 2774//692 2783//702 2773//691
f 2784//968 2597//179 2785//847
f 2785//847 2597//179 2760//960
f 2785//847 2760//960 2786//848
f 2786//848 2760//960 2761//961
f 2786//848 2761//961 2762//148
f 2758//959 2787//850 2599//152
f 2599//152 2787//850 2788//854
f 2599//152 2788//854 2764//963
f 2764//963 2788//854 2789//841
f 2764//963 2789//841 2763//962
f 2763//962 2789//841 2790//840
f 2763//962 2790//840 2762//148
f 2762//148 2790//840 2791//844
f 2762//148 2791//844 2786//848
f 2786//848 2791//844 2792//846
f 2786//848 2792//846 2785//847
f 2785//847 2792//846 2784//968
f 2758//959 2756//958 2787//850
f 2787//850 2756//958 2793//852
f 2787//850 2793//852 2788//854
f 2788//854 2793//852 2794//839
f 2788//854 2794//839 2789//841
f 2789//841 2794//839 2790//840
f 2756//958 2754//154 2793//852
f 2793//852 2754//154 2795//837
f 2793//852 2795//837 2794//839
f 2794//839 2795//837 2796//838
f 2794//839 2796//838 2790//840
f 2790//840 2796//838 2791//844
f 2754//154 2752//957 2795//837
f 2795//837 2752//957 2751//956
f 2795//837 2751//956 2797//836
f 2797//836 2751//956 2798//969
f 2797//836 2798//969 2799//970
f 2751//956 2607//73 2798//969
f 2797//836 2799//970 2800//843
f 2800//843 2799//970 2801//181
f 2800//843 2801//181 2802//971
f 2800//843 2802//971 2792//846
f 2792//846 2802//971 2784//968
f 2792//846 2791//844 2800//843
f 2800//843 2791//844 2796//838
f 2800//843 2796//838 2797//836
f 2797//836 2796//838 2795//837
f 912//98 910//878 2602//98
f 2602//98 910//878 2803//972
f 910//878 909//876 2803//972
f 2803//972 909//876 2804//973
f 909//876 975//874 2804//973
f 2804//973 975//874 2805//121
f 975//874 974//121 2805//121
f 2805//121 974//121 973//872
f 2805//121 973//872 2806//974
f 2806//974 973//872 921//870
f 2806//974 921//870 2807//975
f 2807//975 921//870 920//869
f 2807//975 920//869 2604//125
f 2604//125 920//869 919//125
f 2606//73 2605//73 2808//964
f 2808//964 2605//73 2765//964
f 2808//964 2765//964 2767//965
f 2808//964 2767//965 2809//965
f 2809//965 2767//965 2769//100
f 2809//965 2769//100 2810//100
f 2810//100 2769//100 2770//966
f 2810//100 2770//966 2811//966
f 2811//966 2770//966 2780//967
f 2811//966 2780//967 2812//967
f 2812//967 2780//967 2602//98
f 2780//967 2601//98 2602//98
f 2598//179 2597//179 2813//968
f 2813//968 2597//179 2784//968
f 2813//968 2784//968 2802//971
f 2813//968 2802//971 2814//971
f 2814//971 2802//971 2801//181
f 2814//971 2801//181 2815//181
f 2815//181 2801//181 2799//970
f 2815//181 2799//970 2816//970
f 2816//970 2799//970 2798//969
f 2816//970 2798//969 2817//969
f 2817//969 2798//969 2608//73
f 2798//969 2607//73 2608//73
f 917//125 916//911 2603//125
f 2603//125 916//911 2818//976
f 916//911 972//909 2818//976
f 2818//976 972//909 2819//977
f 972//909 971//906 2819//977
f 2819//977 971//906 2820//175
f 971//906 970//175 2820//175
f 2820//175 970//175 969//904
f 2820//175 969//904 2821//978
f 2821//978 969//904 937//905
f 2821//978 937//905 2822//979
f 2822//979 937//905 936//901
f 2822//979 936//901 2598//179
f 2598//179 936//901 935//179
f 2606//73 2808//964 2823//980
f 2823//980 2808//964 2824//648
f 2823//980 2824//648 2825//646
f 2825//646 2824//648 2826//649
f 2825//646 2826//649 2827//650
f 2827//650 2826//649 2828//651
f 2827//650 2828//651 2829//642
f 2829//642 2828//651 2806//974
f 2829//642 2806//974 2807//975
f 2808//964 2809//965 2824//648
f 2824//648 2809//965 2830//653
f 2824//648 2830//653 2826//649
f 2826//649 2830//653 2831//654
f 2826//649 2831//654 2828//651
f 2828//651 2831//654 2805//121
f 2828//651 2805//121 2806//974
f 2809//965 2810//100 2830//653
f 2830//653 2810//100 2811//966
f 2830//653 2811//966 2832//655
f 2832//655 2811//966 2812//967
f 2832//655 2812//967 2833//638
f 2833//638 2812//967 2602//98
f 2833//638 2602//98 2803//972
f 2833//638 2803//972 2834//639
f 2834//639 2803//972 2804//973
f 2834//639 2804//973 2805//121
f 2829//642 2807//975 2835//643
f 2835//643 2807//975 2604//125
f 2835//643 2604//125 2836//644
f 2836//644 2604//125 2837//981
f 2836//644 2837//981 2838//982
f 2836//644 2838//982 2839//645
f 2839//645 2838//982 2840//127
f 2839//645 2840//127 2825//646
f 2825//646 2840//127 2841//983
f 2825//646 2841//983 2823//980
f 2825//646 2827//650 2839//645
f 2839//645 2827//650 2835//643
f 2839//645 2835//643 2836//644
f 2835//643 2827//650 2829//642
f 2830//653 2832//655 2831//654
f 2831//654 2832//655 2834//639
f 2831//654 2834//639 2805//121
f 2833//638 2834//639 2832//655
f 2822//979 2842//984 2843//985
f 2843//985 2842//984 2844//986
f 2843//985 2844//986 2820//175
f 2820//175 2844//986 2845//987
f 2820//175 2845//987 2819//977
f 2819//977 2845//987 2846//988
f 2819//977 2846//988 2818//976
f 2818//976 2846//988 2847//989
f 2818//976 2847//989 2603//125
f 2603//125 2847//989 2848//990
f 2603//125 2848//990 2849//981
f 2849//981 2848//990 2850//982
f 2820//175 2821//978 2843//985
f 2843//985 2821//978 2822//979
f 2822//979 2598//179 2842//984
f 2842//984 2598//179 2813//968
f 2842//984 2813//968 2851//991
f 2851//991 2813//968 2814//971
f 2851//991 2814//971 2852//992
f 2852//992 2814//971 2815//181
f 2852//992 2815//181 2816//970
f 2852//992 2816//970 2853//993
f 2853//993 2816//970 2817//969
f 2853//993 2817//969 2854//980
f 2854//980 2817//969 2608//73
f 2853//993 2854//980 2855//994
f 2855//994 2854//980 2856//983
f 2855//994 2856//983 2857//127
f 2855//994 2857//127 2858//995
f 2858//995 2857//127 2850//982
f 2858//995 2850//982 2848//990
f 2858//995 2848//990 2859//996
f 2859//996 2848//990 2847//989
f 2859//996 2847//989 2845//987
f 2845//987 2847//989 2846//988
f 2855//994 2858//995 2860//997
f 2860//997 2858//995 2859//996
f 2860//997 2859//996 2844//986
f 2844//986 2859//996 2845//987
f 2853//993 2855//994 2852//992
f 2852//992 2855//994 2860//997
f 2852//992 2860//997 2851//991
f 2851//991 2860//997 2844//986
f 2851//991 2844//986 2842//984
f 2608//73 2606//73 2854//980
f 2854//980 2606//73 2823//980
f 2854//980 2823//980 2841//983
f 2854//980 2841//983 2856//983
f 2856//983 2841//983 2840//127
f 2856//983 2840//127 2857//127
f 2857//127 2840//127 2838//982
f 2857//127 2838//982 2850//982
f 2850//982 2838//982 2837//981
f 2850//982 2837//981 2849//981
f 2849//981 2837//981 2603//125
f 2837//981 2604//125 2603//125
f 1026//125 1024//911 2631//125
f 2631//125 1024//911 2861//976
f 1024//911 1023//909 2861//976
f 2861//976 1023//909 2862//977
f 1023//909 1076//906 2862//977
f 2862//977 1076//906 2863//175
f 1076//906 1075//175 2863//175
f 2863//175 1075//175 1074//904
f 2863//175 1074//904 2864//978
f 2864//978 1074//904 1042//905
f 2864//978 1042//905 2865//979
f 2865//979 1042//905 1041//901
f 2865//979 1041//901 2634//179
f 2634//179 1041//901 1040//179
f 2637//73 2639//73 2866//980
f 2866//980 2639//73 2867//980
f 2866//980 2867//980 2868//983
f 2866//980 2868//983 2869//983
f 2869//983 2868//983 2870//127
f 2869//983 2870//127 2871//127
f 2871//127 2870//127 2872//982
f 2871//127 2872//982 2873//982
f 2873//982 2872//982 2874//981
f 2873//982 2874//981 2875//981
f 2875//981 2874//981 2631//125
f 2874//981 2632//125 2631//125
f 1050//98 1049//878 2630//98
f 2630//98 1049//878 2876//972
f 1049//878 1036//876 2876//972
f 2876//972 1036//876 2877//973
f 1036//876 1035//874 2877//973
f 2877//973 1035//874 2878//121
f 1035//874 1034//121 2878//121
f 2878//121 1034//121 1032//872
f 2878//121 1032//872 2879//974
f 2879//974 1032//872 1030//870
f 2879//974 1030//870 2880//975
f 2880//975 1030//870 1028//869
f 2880//975 1028//869 2632//125
f 2632//125 1028//869 1027//125
f 2637//73 2866//980 2881//969
f 2881//969 2866//980 2882//993
f 2881//969 2882//993 2883//970
f 2883//970 2882//993 2884//992
f 2883//970 2884//992 2885//181
f 2885//181 2884//992 2886//971
f 2882//993 2866//980 2887//994
f 2887//994 2866//980 2869//983
f 2887//994 2869//983 2871//127
f 2887//994 2871//127 2888//995
f 2888//995 2871//127 2873//982
f 2888//995 2873//982 2889//990
f 2889//990 2873//982 2875//981
f 2889//990 2875//981 2631//125
f 2889//990 2631//125 2890//989
f 2890//989 2631//125 2861//976
f 2890//989 2861//976 2891//988
f 2891//988 2861//976 2862//977
f 2891//988 2862//977 2892//987
f 2892//987 2862//977 2863//175
f 2892//987 2863//175 2893//986
f 2893//986 2863//175 2894//985
f 2893//986 2894//985 2895//984
f 2895//984 2894//985 2865//979
f 2895//984 2865//979 2634//179
f 2863//175 2864//978 2894//985
f 2894//985 2864//978 2865//979
f 2634//179 2896//968 2895//984
f 2895//984 2896//968 2897//991
f 2895//984 2897//991 2893//986
f 2893//986 2897//991 2898//997
f 2893//986 2898//997 2899//996
f 2899//996 2898//997 2888//995
f 2899//996 2888//995 2889//990
f 2896//968 2886//971 2897//991
f 2897//991 2886//971 2884//992
f 2897//991 2884//992 2898//997
f 2898//997 2884//992 2887//994
f 2898//997 2887//994 2888//995
f 2882//993 2887//994 2884//992
f 2893//986 2899//996 2892//987
f 2892//987 2899//996 2890//989
f 2892//987 2890//989 2891//988
f 2890//989 2899//996 2889//990
f 2900//967 2630//98 2901//638
f 2901//638 2630//98 2876//972
f 2901//638 2876//972 2902//639
f 2902//639 2876//972 2877//973
f 2902//639 2877//973 2878//121
f 2874//981 2903//644 2632//125
f 2632//125 2903//644 2904//643
f 2632//125 2904//643 2880//975
f 2880//975 2904//643 2905//642
f 2880//975 2905//642 2879//974
f 2879//974 2905//642 2906//651
f 2879//974 2906//651 2878//121
f 2878//121 2906//651 2907//654
f 2878//121 2907//654 2902//639
f 2902//639 2907//654 2908//655
f 2902//639 2908//655 2901//638
f 2901//638 2908//655 2900//967
f 2874//981 2872//982 2903//644
f 2903//644 2872//982 2909//645
f 2903//644 2909//645 2904//643
f 2904//643 2909//645 2910//650
f 2904//643 2910//650 2905//642
f 2905//642 2910//650 2906//651
f 2872//982 2870//127 2909//645
f 2909//645 2870//127 2911//646
f 2909//645 2911//646 2910//650
f 2910//650 2911//646 2912//649
f 2910//650 2912//649 2906//651
f 2906//651 2912//649 2907//654
f 2870//127 2868//983 2911//646
f 2911//646 2868//983 2867//980
f 2911//646 2867//980 2913//648
f 2913//648 2867//980 2914//964
f 2913//648 2914//964 2915//965
f 2867//980 2639//73 2914//964
f 2913//648 2915//965 2916//653
f 2916//653 2915//965 2917//100
f 2916//653 2917//100 2918//966
f 2916//653 2918//966 2908//655
f 2908//655 2918//966 2900//967
f 2908//655 2907//654 2916//653
f 2916//653 2907//654 2912//649
f 2916//653 2912//649 2913//648
f 2913//648 2912//649 2911//646
f 1038//179 1037//900 2633//179
f 2633//179 1037//900 2919//960
f 1037//900 1073//898 2919//960
f 2919//960 1073//898 2920//961
f 1073//898 1072//895 2920//961
f 2920//961 1072//895 2921//148
f 1072//895 1071//148 2921//148
f 2921//148 1071//148 1070//893
f 2921//148 1070//893 2922//962
f 2922//962 1070//893 1048//894
f 2922//962 1048//894 2923//963
f 2923//963 1048//894 1047//890
f 2923//963 1047//890 2635//152
f 2635//152 1047//890 1046//152
f 2638//73 2637//73 2924//969
f 2924//969 2637//73 2881//969
f 2924//969 2881//969 2883//970
f 2924//969 2883//970 2925//970
f 2925//970 2883//970 2885//181
f 2925//970 2885//181 2926//181
f 2926//181 2885//181 2886//971
f 2926//181 2886//971 2927//971
f 2927//971 2886//971 2896//968
f 2927//971 2896//968 2928//968
f 2928//968 2896//968 2633//179
f 2896//968 2634//179 2633//179
f 2629//98 2630//98 2929//967
f 2929//967 2630//98 2900//967
f 2929//967 2900//967 2918//966
f 2929//967 2918//966 2930//966
f 2930//966 2918//966 2917//100
f 2930//966 2917//100 2931//100
f 2931//100 2917//100 2915//965
f 2931//100 2915//965 2932//965
f 2932//965 2915//965 2914//964
f 2932//965 2914//964 2933//964
f 2933//964 2914//964 2640//73
f 2914//964 2639//73 2640//73
f 1044//152 1043//889 2636//152
f 2636//152 1043//889 2934//952
f 1043//889 1069//887 2934//952
f 2934//952 1069//887 2935//953
f 1069//887 1068//885 2935//953
f 2935//953 1068//885 2936//94
f 1068//885 1067//94 2936//94
f 2936//94 1067//94 1066//883
f 2936//94 1066//883 2937//954
f 2937//954 1066//883 1065//881
f 2937//954 1065//881 2938//955
f 2938//955 1065//881 1052//880
f 2938//955 1052//880 2629//98
f 2629//98 1052//880 1051//98
f 2638//73 2924//969 2939//956
f 2939//956 2924//969 2940//836
f 2939//956 2940//836 2941//837
f 2941//837 2940//836 2942//838
f 2941//837 2942//838 2943//839
f 2943//839 2942//838 2944//840
f 2943//839 2944//840 2945//841
f 2945//841 2944//840 2922//962
f 2945//841 2922//962 2923//963
f 2924//969 2925//970 2940//836
f 2940//836 2925//970 2946//843
f 2940//836 2946//843 2942//838
f 2942//838 2946//843 2947//844
f 2942//838 2947//844 2944//840
f 2944//840 2947//844 2921//148
f 2944//840 2921//148 2922//962
f 2925//970 2926//181 2946//843
f 2946//843 2926//181 2927//971
f 2946//843 2927//971 2948//846
f 2948//846 2927//971 2928//968
f 2948//846 2928//968 2949//847
f 2949//847 2928//968 2633//179
f 2949//847 2633//179 2919//960
f 2949//847 2919//960 2950//848
f 2950//848 2919//960 2920//961
f 2950//848 2920//961 2921//148
f 2945//841 2923//963 2951//854
f 2951//854 2923//963 2635//152
f 2951//854 2635//152 2952//850
f 2952//850 2635//152 2953//959
f 2952//850 2953//959 2954//958
f 2952//850 2954//958 2955//852
f 2955//852 2954//958 2956//154
f 2955//852 2956//154 2941//837
f 2941//837 2956//154 2957//957
f 2941//837 2957//957 2939//956
f 2941//837 2943//839 2955//852
f 2955//852 2943//839 2951//854
f 2955//852 2951//854 2952//850
f 2951//854 2943//839 2945//841
f 2946//843 2948//846 2947//844
f 2947//844 2948//846 2950//848
f 2947//844 2950//848 2921//148
f 2949//847 2950//848 2948//846
f 2938//955 2958//685 2959//698
f 2959//698 2958//685 2960//700
f 2959//698 2960//700 2936//94
f 2936//94 2960//700 2961//701
f 2936//94 2961//701 2935//953
f 2935//953 2961//701 2962//693
f 2935//953 2962//693 2934//952
f 2934//952 2962//693 2963//692
f 2934//952 2963//692 2636//152
f 2636//152 2963//692 2964//691
f 2636//152 2964//691 2965//959
f 2965//959 2964//691 2966//958
f 2936//94 2937//954 2959//698
f 2959//698 2937//954 2938//955
f 2938//955 2629//98 2958//685
f 2958//685 2629//98 2929//967
f 2958//685 2929//967 2967//686
f 2967//686 2929//967 2930//966
f 2967//686 2930//966 2968//687
f 2968//687 2930//966 2931//100
f 2968//687 2931//100 2932//965
f 2968//687 2932//965 2969//688
f 2969//688 2932//965 2933//964
f 2969//688 2933//964 2970//956
f 2970//956 2933//964 2640//73
f 2969//688 2970//956 2971//689
f 2971//689 2970//956 2972//957
f 2971//689 2972//957 2973//154
f 2971//689 2973//154 2974//690
f 2974//690 2973//154 2966//958
f 2974//690 2966//958 2964//691
f 2974//690 2964//691 2975//702
f 2975//702 2964//691 2963//692
f 2975//702 2963//692 2961//701
f 2961//701 2963//692 2962//693
f 2971//689 2974//690 2976//703
f 2976//703 2974//690 2975//702
f 2976//703 2975//702 2960//700
f 2960//700 2975//702 2961//701
f 2969//688 2971//689 2968//687
f 2968//687 2971//689 2976//703
f 2968//687 2976//703 2967//686
f 2967//686 2976//703 2960//700
f 2967//686 2960//700 2958//685
f 2640//73 2638//73 2970//956
f 2970//956 2638//73 2939//956
f 2970//956 2939//956 2957//957
f 2970//956 2957//957 2972//957
f 2972//957 2957//957 2956//154
f 2972//957 2956//154 2973//154
f 2973//154 2956//154 2954//958
f 2973//154 2954//958 2966//958
f 2966//958 2954//958 2953//959
f 2966//958 2953//959 2965//959
f 2965//959 2953//959 2636//152
f 2953//959 2635//152 2636//152
f 206//175 198//167 2679//912
f 2679//912 198//167 2977//913
f 2679//912 2977//913 2978//914
f 2978//914 2977//913 2979//915
f 2978//914 2979//915 2980//916
f 2980//916 2979//915 2981//917
f 2980//916 2981//917 2982//127
f 2982//127 2981//917 2983//104
f 2977//913 198//167 2984//918
f 2984//918 198//167 197//166
f 2984//918 197//166 196//165
f 196//165 194//163 2984//918
f 2984//918 194//163 2981//917
f 2984//918 2981//917 2979//915
f 194//163 192//161 2981//917
f 2981//917 192//161 2985//919
f 2981//917 2985//919 2983//104
f 2983//104 2985//919 2986//103
f 192//161 191//160 2985//919
f 2985//919 191//160 189//159
f 2985//919 189//159 2625//73
f 2625//73 189//159 190//73
f 2625//73 2624//73 2985//919
f 2985//919 2624//73 2623//73
f 2985//919 2623//73 2987//101
f 2987//101 2623//73 2615//73
f 2987//101 2986//103 2985//919
f 2982//127 2988//126 2980//916
f 2980//916 2988//126 2989//119
f 2980//916 2989//119 2990//920
f 2990//920 2989//119 2991//120
f 2990//920 2991//120 2681//921
f 2681//921 2991//120 2610//125
f 2681//921 2680//908 2990//920
f 2990//920 2680//908 2978//914
f 2990//920 2978//914 2980//916
f 2680//908 2679//912 2978//914
f 2984//918 2979//915 2977//913
f 2616//73 181//73 2992//155
f 2992//155 181//73 183//155
f 2992//155 183//155 185//157
f 186//158 2993//158 185//157
f 185//157 2993//158 2994//157
f 185//157 2994//157 2992//155
f 186//158 212//181 2993//158
f 2993//158 212//181 2995//181
f 212//181 211//180 2995//181
f 2995//181 211//180 2996//180
f 2996//180 211//180 2997//173
f 2997//173 211//180 204//173
f 2997//173 204//173 205//174
f 210//179 2611//179 205//174
f 205//174 2611//179 2998//174
f 205//174 2998//174 2997//173
f 146//125 2610//125 141//120
f 141//120 2610//125 2991//120
f 141//120 2991//120 2989//119
f 2988//126 147//126 2989//119
f 2989//119 147//126 140//119
f 2989//119 140//119 141//120
f 2988//126 2982//127 147//126
f 147//126 2982//127 148//127
f 2982//127 2983//104 148//127
f 148//127 2983//104 122//104
f 122//104 2983//104 121//103
f 121//103 2983//104 2986//103
f 121//103 2986//103 2987//101
f 2615//73 117//73 2987//101
f 2987//101 117//73 119//101
f 2987//101 119//101 121//103
f 174//148 166//140 2682//922
f 2682//922 166//140 2999//923
f 2682//922 2999//923 3000//924
f 3000//924 2999//923 3001//925
f 3000//924 3001//925 3002//926
f 3002//926 3001//925 3003//927
f 3002//926 3003//927 2995//181
f 2995//181 3003//927 2993//158
f 2999//923 166//140 3004//928
f 3004//928 166//140 165//139
f 3004//928 165//139 164//138
f 164//138 162//136 3004//928
f 3004//928 162//136 3003//927
f 3004//928 3003//927 3001//925
f 162//136 160//134 3003//927
f 3003//927 160//134 3005//929
f 3003//927 3005//929 2993//158
f 2993//158 3005//929 2994//157
f 160//134 159//133 3005//929
f 3005//929 159//133 157//132
f 3005//929 157//132 2628//73
f 2628//73 157//132 158//73
f 2628//73 2627//73 3005//929
f 3005//929 2627//73 2626//73
f 3005//929 2626//73 2992//155
f 2992//155 2626//73 2616//73
f 2992//155 2994//157 3005//929
f 2995//181 2996//180 3002//926
f 3002//926 2996//180 2997//173
f 3002//926 2997//173 3006//930
f 3006//930 2997//173 2998//174
f 3006//930 2998//174 2684//931
f 2684//931 2998//174 2611//179
f 2684//931 2683//897 3006//930
f 3006//930 2683//897 3000//924
f 3006//930 3000//924 3002//926
f 2683//897 2682//922 3000//924
f 3004//928 3001//925 2999//923
f 142//121 134//113 2673//932
f 2673//932 134//113 3007//933
f 2673//932 3007//933 3008//934
f 3008//934 3007//933 3009//935
f 3008//934 3009//935 3010//936
f 3010//936 3009//935 3011//937
f 3010//936 3011//937 3012//100
f 3012//100 3011//937 3013//77
f 3007//933 134//113 3014//938
f 3014//938 134//113 133//112
f 3014//938 133//112 132//111
f 132//111 130//109 3014//938
f 3014//938 130//109 3011//937
f 3014//938 3011//937 3009//935
f 130//109 128//107 3011//937
f 3011//937 128//107 3015//939
f 3011//937 3015//939 3013//77
f 3013//77 3015//939 3016//76
f 128//107 127//106 3015//939
f 3015//939 127//106 125//105
f 3015//939 125//105 2622//73
f 2622//73 125//105 126//73
f 2622//73 2621//73 3015//939
f 3015//939 2621//73 2620//73
f 3015//939 2620//73 3017//74
f 3017//74 2620//73 2613//73
f 3017//74 3016//76 3015//939
f 3012//100 3018//99 3010//936
f 3010//936 3018//99 3019//92
f 3010//936 3019//92 3020//940
f 3020//940 3019//92 3021//93
f 3020//940 3021//93 2675//941
f 2675//941 3021//93 2609//98
f 2675//941 2674//875 3020//940
f 3020//940 2674//875 3008//934
f 3020//940 3008//934 3010//936
f 2674//875 2673//932 3008//934
f 3014//938 3009//935 3007//933
f 2614//73 149//73 3022//128
f 3022//128 149//73 151//128
f 3022//128 151//128 153//130
f 154//131 3023//131 153//130
f 153//130 3023//131 3024//130
f 153//130 3024//130 3022//128
f 154//131 180//154 3023//131
f 3023//131 180//154 3025//154
f 180//154 179//153 3025//154
f 3025//154 179//153 3026//153
f 3026//153 179//153 3027//146
f 3027//146 179//153 172//146
f 3027//146 172//146 173//147
f 178//152 2612//152 173//147
f 173//147 2612//152 3028//147
f 173//147 3028//147 3027//146
f 114//98 2609//98 109//93
f 109//93 2609//98 3021//93
f 109//93 3021//93 3019//92
f 3018//99 115//99 3019//92
f 3019//92 115//99 108//92
f 3019//92 108//92 109//93
f 3018//99 3012//100 115//99
f 115//99 3012//100 116//100
f 3012//100 3013//77 116//100
f 116//100 3013//77 90//77
f 90//77 3013//77 89//76
f 89//76 3013//77 3016//76
f 89//76 3016//76 3017//74
f 2613//73 85//73 3017//74
f 3017//74 85//73 87//74
f 3017//74 87//74 89//76
f 110//94 102//86 2676//942
f 2676//942 102//86 3029//943
f 2676//942 3029//943 3030//944
f 3030//944 3029//943 3031//945
f 3030//944 3031//945 3032//946
f 3032//946 3031//945 3033//947
f 3032//946 3033//947 3025//154
f 3025//154 3033//947 3023//131
f 3029//943 102//86 3034//948
f 3034//948 102//86 101//85
f 3034//948 101//85 100//84
f 100//84 98//82 3034//948
f 3034//948 98//82 3033//947
f 3034//948 3033//947 3031//945
f 98//82 96//80 3033//947
f 3033//947 96//80 3035//949
f 3033//947 3035//949 3023//131
f 3023//131 3035//949 3024//130
f 96//80 95//79 3035//949
f 3035//949 95//79 93//78
f 3035//949 93//78 2619//73
f 2619//73 93//78 94//73
f 2619//73 2618//73 3035//949
f 3035//949 2618//73 2617//73
f 3035//949 2617//73 3022//128
f 3022//128 2617//73 2614//73
f 3022//128 3024//130 3035//949
f 3025//154 3026//153 3032//946
f 3032//946 3026//153 3027//146
f 3032//946 3027//146 3036//950
f 3036//950 3027//146 3028//147
f 3036//950 3028//147 2678//951
f 2678//951 3028//147 2612//152
f 2678//951 2677//886 3036//950
f 3036//950 2677//886 3030//944
f 3036//950 3030//944 3032//946
f 2677//886 2676//942 3030//944
f 3034//948 3031//945 3029//943
f 84//26 83//26 1586//998
f 1586//998 83//26 1646//999
f 1586//998 1646//999 1587//1000
f 1587//1000 1646//999 1645//1001
f 1587//1000 1645//1001 1610//1002
f 1610//1002 1645//1001 1644//1003
f 1610//1002 1644//1003 1609//1004
f 1609//1004 1644//1003 1643//1005
f 1609//1004 1643//1005 1607//1006
f 1607//1006 1643//1005 1642//1007
f 1607//1006 1642//1007 1605//1008
f 1605//1008 1642//1007 1641//461
f 1605//1008 1641//461 1603//461
f 1603//461 1641//461 1601//1009
f 1641//461 1640//1010 1601//1009
f 1601//1009 1640//1010 1600//1011
f 1640//1010 1639//1012 1600//1011
f 1600//1011 1639//1012 1598//1013
f 1639//1012 1638//1014 1598//1013
f 1598//1013 1638//1014 1589//1015
f 1638//1014 1637//1016 1589//1015
f 1589//1015 1637//1016 1590//1017
f 1637//1016 1636//1018 1590//1017
f 1590//1017 1636//1018 1592//1019
f 1636//1018 58//50 1592//1019
f 1592//1019 58//50 57//50
f 1649//415 1647//415 1674//1020
f 1674//1020 1647//415 3037//1021
f 1674//1020 3037//1021 3038//1022
f 1674//1020 3038//1022 1675//485
f 1675//485 3038//1022 3039//1023
f 1675//485 3039//1023 1676//1024
f 1676//1024 3039//1023 3040//1
f 1676//1024 3040//1 1618//1
f 1618//1 3040//1 1619//1025
f 3040//1 3041//1026 1619//1025
f 1619//1025 3041//1026 3042//1027
f 1619//1025 3042//1027 1617//477
f 1617//477 3042//1027 1615//1028
f 3042//1027 3043//1029 1615//1028
f 1615//1028 3043//1029 1583//410
f 3043//1029 1557//410 1583//410
f 1555//410 3044//1030 1558//410
f 1558//410 3044//1030 1612//1031
f 3044//1030 3045//1032 1612//1031
f 1612//1031 3045//1032 1613//521
f 3045//1032 3046//1033 1613//521
f 1613//521 3046//1033 1614//1034
f 1614//1034 3046//1033 1620//26
f 1620//26 3046//1033 3047//26
f 1620//26 3047//26 3048//1035
f 3049//1036 1634//513 3048//1035
f 3048//1035 1634//513 1635//1037
f 3048//1035 1635//1037 1620//26
f 3049//1036 3050//1038 1634//513
f 1634//513 3050//1038 1633//1039
f 1584//405 1585//405 3050//1038
f 3050//1038 1585//405 1633//1039
f 3043//1040 1507//1040 1557//1040
f 1557//1040 1507//1040 1509//1040
f 1557//1040 1509//1040 1556//1040
f 3043//1040 3042//1040 1507//1040
f 1507//1040 3042//1040 3041//1040
f 1507//1040 3041//1040 3040//1040
f 3040//1040 3039//1040 1507//1040
f 1507//1040 3039//1040 3038//1040
f 1507//1040 3038//1040 3051//1040
f 3051//1040 3038//1040 3037//1040
f 3051//1040 3037//1040 1647//1040
f 1647//1040 1648//1040 3051//1040
f 1556//1041 1509//1041 1555//1041
f 1555//1041 1509//1041 1553//1041
f 1555//1041 1553//1041 3044//1041
f 3044//1041 1553//1041 3045//1041
f 1584//1041 3050//1041 3052//1041
f 3052//1041 3050//1041 3049//1041
f 3052//1041 3049//1041 1553//1041
f 1553//1041 3049//1041 3048//1041
f 1553//1041 3048//1041 3047//1041
f 3052//1041 1588//1041 1584//1041
f 3047//1041 3046//1041 1553//1041
f 1553//1041 3046//1041 3045//1041
f 1588//317 3052//317 894//317
f 894//317 3052//317 3053//317
f 894//317 3053//317 896//317
f 896//317 3053//317 898//317
f 3051//317 907//317 3053//317
f 3053//317 907//317 905//317
f 3053//317 905//317 903//317
f 3051//317 1648//317 907//317
f 903//317 900//317 3053//317
f 3053//317 900//317 898//317
f 3053//1042 3052//1042 1554//1042
f 1554//1042 3052//1042 1553//1042
f 1507//1043 3051//1043 1554//1043
f 1554//1043 3051//1043 3053//1043
f 56//49 55//49 1578//1044
f 1578//1044 55//49 1631//1045
f 1578//1044 1631//1045 1577//1046
f 1577//1046 1631//1045 1630//1047
f 1577//1046 1630//1047 1575//1048
f 1575//1048 1630//1047 1629//1049
f 1575//1048 1629//1049 1561//1050
f 1561//1050 1629//1049 1628//1051
f 1561//1050 1628//1051 1562//1052
f 1562//1052 1628//1051 1627//1053
f 1562//1052 1627//1053 1564//1054
f 1564//1054 1627//1053 1626//502
f 1564//1054 1626//502 1566//502
f 1566//502 1626//502 1568//1055
f 1626//502 1625//1056 1568//1055
f 1568//1055 1625//1056 1570//1057
f 1625//1056 1624//1058 1570//1057
f 1570//1057 1624//1058 1572//1059
f 1624//1058 1623//1060 1572//1059
f 1572//1059 1623//1060 1573//1061
f 1623//1060 1622//1062 1573//1061
f 1573//1061 1622//1062 1560//1063
f 1622//1062 1621//1064 1560//1063
f 1560//1063 1621//1064 1559//1065
f 1621//1064 30//26 1559//1065
f 1559//1065 30//26 29//26
f 28//25 27//25 1669//1066
f 1669//1066 27//25 1687//1067
f 1669//1066 1687//1067 1668//1068
f 1668//1068 1687//1067 1686//1069
f 1668//1068 1686//1069 1666//1070
f 1666//1070 1686//1069 1685//1071
f 1666//1070 1685//1071 1652//1072
f 1652//1072 1685//1071 1684//1073
f 1652//1072 1684//1073 1653//1074
f 1653//1074 1684//1073 1683//1075
f 1653//1074 1683//1075 1655//1076
f 1655//1076 1683//1075 1682//422
f 1655//1076 1682//422 1657//422
f 1657//422 1682//422 1659//1077
f 1682//422 1681//1078 1659//1077
f 1659//1077 1681//1078 1661//1079
f 1681//1078 1680//1080 1661//1079
f 1661//1079 1680//1080 1663//1081
f 1680//1080 1679//1082 1663//1081
f 1663//1081 1679//1082 1664//1083
f 1679//1082 1678//1084 1664//1083
f 1664//1083 1678//1084 1651//1085
f 1678//1084 1677//1086 1651//1085
f 1651//1085 1677//1086 1650//1087
f 1677//1086 2//1 1650//1087
f 1650//1087 2//1 1//1
l 27 25
l 25 23
l 23 21
l 21 19
l 19 17
l 17 14
l 14 12
l 12 10
l 10 8
l 8 6
l 6 4
l 4 2
l 27 28
l 1 3
l 3 5
l 5 7
l 7 9
l 9 11
l 11 13
l 13 15
l 15 16
l 16 18
l 18 20
l 20 22
l 22 24
l 24 26
l 26 28
l 2 1
l 55 53
l 53 51
l 51 49
l 49 47
l 47 45
l 45 42
l 42 40
l 40 38
l 38 36
l 36 34
l 34 32
l 32 30
l 55 56
l 29 31
l 31 33
l 33 35
l 35 37
l 37 39
l 39 41
l 41 43
l 43 44
l 44 46
l 46 48
l 48 50
l 50 52
l 52 54
l 54 56
l 30 29
l 83 81
l 81 79
l 79 77
l 77 75
l 75 73
l 73 70
l 70 68
l 68 66
l 66 64
l 64 62
l 62 60
l 60 58
l 83 84
l 57 59
l 59 61
l 61 63
l 63 65
l 65 67
l 67 69
l 69 71
l 71 72
l 72 74
l 74 76
l 76 78
l 78 80
l 80 82
l 82 84
l 58 57
l 94 92
l 92 91
l 91 86
l 86 85
l 94 93
l 93 95
l 95 96
l 96 98
l 98 100
l 100 101
l 101 102
l 102 110
l 114 113
l 113 112
l 112 111
l 111 110
l 114 109
l 109 108
l 108 115
l 115 116
l 116 90
l 90 89
l 89 87
l 87 85
l 126 124
l 124 123
l 123 118
l 118 117
l 126 125
l 125 127
l 127 128
l 128 130
l 130 132
l 132 133
l 133 134
l 134 142
l 146 145
l 145 144
l 144 143
l 143 142
l 146 141
l 141 140
l 140 147
l 147 148
l 148 122
l 122 121
l 121 119
l 119 117
l 158 156
l 156 155
l 155 150
l 150 149
l 158 157
l 157 159
l 159 160
l 160 162
l 162 164
l 164 165
l 165 166
l 166 174
l 178 177
l 177 176
l 176 175
l 175 174
l 149 151
l 151 153
l 153 154
l 154 180
l 180 179
l 179 172
l 172 173
l 173 178
l 190 188
l 188 187
l 187 182
l 182 181
l 190 189
l 189 191
l 191 192
l 192 194
l 194 196
l 196 197
l 197 198
l 198 206
l 210 209
l 209 208
l 208 207
l 207 206
l 181 183
l 183 185
l 185 186
l 186 212
l 212 211
l 211 204
l 204 205
l 205 210
l 222 220
l 220 219
l 219 214
l 214 213
l 222 221
l 221 223
l 223 224
l 224 226
l 226 228
l 228 229
l 229 230
l 230 238
l 242 241
l 241 240
l 240 239
l 239 238
l 242 237
l 237 236
l 236 243
l 243 244
l 244 218
l 218 217
l 217 215
l 215 213
l 254 252
l 252 251
l 251 246
l 246 245
l 254 253
l 253 255
l 255 256
l 256 258
l 258 260
l 260 261
l 261 262
l 262 270
l 274 273
l 273 272
l 272 271
l 271 270
l 274 269
l 269 268
l 268 275
l 275 276
l 276 250
l 250 249
l 249 247
l 247 245
l 286 284
l 284 283
l 283 278
l 278 277
l 286 285
l 285 287
l 287 288
l 288 290
l 290 292
l 292 293
l 293 294
l 294 302
l 306 305
l 305 304
l 304 303
l 303 302
l 277 279
l 279 281
l 281 282
l 282 308
l 308 307
l 307 300
l 300 301
l 301 306
l 318 316
l 316 315
l 315 310
l 310 309
l 318 317
l 317 319
l 319 320
l 320 322
l 322 324
l 324 325
l 325 326
l 326 334
l 338 337
l 337 336
l 336 335
l 335 334
l 309 311
l 311 313
l 313 314
l 314 340
l 340 339
l 339 332
l 332 333
l 333 338
l 350 348
l 348 347
l 347 342
l 342 341
l 350 349
l 349 351
l 351 352
l 352 354
l 354 356
l 356 357
l 357 358
l 358 366
l 370 369
l 369 368
l 368 367
l 367 366
l 370 365
l 365 364
l 364 371
l 371 372
l 372 346
l 346 345
l 345 343
l 343 341
l 382 380
l 380 379
l 379 374
l 374 373
l 382 381
l 381 383
l 383 384
l 384 386
l 386 388
l 388 389
l 389 390
l 390 398
l 402 401
l 401 400
l 400 399
l 399 398
l 402 397
l 397 396
l 396 403
l 403 404
l 404 378
l 378 377
l 377 375
l 375 373
l 414 412
l 412 411
l 411 406
l 406 405
l 414 413
l 413 415
l 415 416
l 416 418
l 418 420
l 420 421
l 421 422
l 422 430
l 434 433
l 433 432
l 432 431
l 431 430
l 405 407
l 407 409
l 409 410
l 410 436
l 436 435
l 435 428
l 428 429
l 429 434
l 446 444
l 444 443
l 443 438
l 438 437
l 446 445
l 445 447
l 447 448
l 448 450
l 450 452
l 452 453
l 453 454
l 454 462
l 466 465
l 465 464
l 464 463
l 463 462
l 437 439
l 439 441
l 441 442
l 442 468
l 468 467
l 467 460
l 460 461
l 461 466
l 478 476
l 476 475
l 475 470
l 470 469
l 478 477
l 477 479
l 479 480
l 480 482
l 482 484
l 484 485
l 485 486
l 486 494
l 498 497
l 497 496
l 496 495
l 495 494
l 498 493
l 493 492
l 492 499
l 499 500
l 500 474
l 474 473
l 473 471
l 471 469
l 510 508
l 508 507
l 507 502
l 502 501
l 510 509
l 509 511
l 511 512
l 512 514
l 514 516
l 516 517
l 517 518
l 518 526
l 530 529
l 529 528
l 528 527
l 527 526
l 530 525
l 525 524
l 524 531
l 531 532
l 532 506
l 506 505
l 505 503
l 503 501
l 542 540
l 540 539
l 539 534
l 534 533
l 542 541
l 541 543
l 543 544
l 544 546
l 546 548
l 548 549
l 549 550
l 550 558
l 562 561
l 561 560
l 560 559
l 559 558
l 533 535
l 535 537
l 537 538
l 538 564
l 564 563
l 563 556
l 556 557
l 557 562
l 574 572
l 572 571
l 571 566
l 566 565
l 574 573
l 573 575
l 575 576
l 576 578
l 578 580
l 580 581
l 581 582
l 582 590
l 594 593
l 593 592
l 592 591
l 591 590
l 565 567
l 567 569
l 569 570
l 570 596
l 596 595
l 595 588
l 588 589
l 589 594
l 614 612
l 612 605
l 605 598
l 598 597
l 614 615
l 615 616
l 616 611
l 611 610
l 610 617
l 617 621
l 621 622
l 622 624
l 628 626
l 626 625
l 625 623
l 623 624
l 628 627
l 627 620
l 620 619
l 619 604
l 604 603
l 603 601
l 601 599
l 599 597
l 646 644
l 644 637
l 637 630
l 630 629
l 646 647
l 647 648
l 648 643
l 643 642
l 642 649
l 649 653
l 653 654
l 654 656
l 660 658
l 658 657
l 657 655
l 655 656
l 629 631
l 631 633
l 633 635
l 635 636
l 636 651
l 651 652
l 652 659
l 659 660
l 678 676
l 676 669
l 669 662
l 662 661
l 678 679
l 679 680
l 680 675
l 675 674
l 674 681
l 681 685
l 685 686
l 686 688
l 692 690
l 690 689
l 689 687
l 687 688
l 692 691
l 691 684
l 684 683
l 683 668
l 668 667
l 667 665
l 665 663
l 663 661
l 710 708
l 708 701
l 701 694
l 694 693
l 710 711
l 711 712
l 712 707
l 707 706
l 706 713
l 713 717
l 717 718
l 718 720
l 724 722
l 722 721
l 721 719
l 719 720
l 693 695
l 695 697
l 697 699
l 699 700
l 700 715
l 715 716
l 716 723
l 723 724
l 742 740
l 740 733
l 733 726
l 726 725
l 742 743
l 743 744
l 744 739
l 739 738
l 738 745
l 745 749
l 749 750
l 750 752
l 757 754
l 754 753
l 753 751
l 751 752
l 757 756
l 756 755
l 755 748
l 748 747
l 747 732
l 732 731
l 731 729
l 729 727
l 727 725
l 775 773
l 773 766
l 766 759
l 759 758
l 775 776
l 776 777
l 777 772
l 772 771
l 771 778
l 778 782
l 782 783
l 783 785
l 789 787
l 787 786
l 786 784
l 784 785
l 758 760
l 760 762
l 762 764
l 764 765
l 765 780
l 780 781
l 781 788
l 788 789
l 807 805
l 805 798
l 798 791
l 791 790
l 807 808
l 808 809
l 809 804
l 804 803
l 803 810
l 810 814
l 814 815
l 815 817
l 821 819
l 819 818
l 818 816
l 816 817
l 821 820
l 820 813
l 813 812
l 812 797
l 797 796
l 796 794
l 794 792
l 792 790
l 839 837
l 837 830
l 830 823
l 823 822
l 839 840
l 840 841
l 841 836
l 836 835
l 835 842
l 842 846
l 846 847
l 847 849
l 853 851
l 851 850
l 850 848
l 848 849
l 822 824
l 824 826
l 826 828
l 828 829
l 829 844
l 844 845
l 845 852
l 852 853
l 2 866
l 866 865
l 865 864
l 864 863
l 863 862
l 862 861
l 861 860
l 860 859
l 859 858
l 858 857
l 857 856
l 856 855
l 855 854
l 27 854
l 58 879
l 879 878
l 878 877
l 877 876
l 876 875
l 875 874
l 874 873
l 873 872
l 872 871
l 871 870
l 870 869
l 869 868
l 868 867
l 83 867
l 30 892
l 892 891
l 891 890
l 890 889
l 889 888
l 888 887
l 887 886
l 886 885
l 885 884
l 884 883
l 883 882
l 882 881
l 881 880
l 55 880
l 907 905
l 905 903
l 903 900
l 900 898
l 898 896
l 896 894
l 908 907
l 901 902
l 902 904
l 904 906
l 906 908
l 893 895
l 895 897
l 897 899
l 899 901
l 894 893
l 913 911
l 911 918
l 918 934
l 934 942
l 942 940
l 940 938
l 938 945
l 945 947
l 947 951
l 951 956
l 956 924
l 913 924
l 935 933
l 935 936
l 936 937
l 937 969
l 969 970
l 970 971
l 971 972
l 972 916
l 916 917
l 919 917
l 919 920
l 920 921
l 921 973
l 973 974
l 974 975
l 975 909
l 909 910
l 910 912
l 914 912
l 914 915
l 915 976
l 976 977
l 977 978
l 978 979
l 979 980
l 980 965
l 965 966
l 967 966
l 967 968
l 968 922
l 922 923
l 923 925
l 925 927
l 927 929
l 929 931
l 931 933
l 963 962
l 963 964
l 964 981
l 981 982
l 982 983
l 983 984
l 984 954
l 954 955
l 955 957
l 958 957
l 958 959
l 959 985
l 985 949
l 949 950
l 950 952
l 952 953
l 953 948
l 948 946
l 939 946
l 939 941
l 941 943
l 943 944
l 944 932
l 932 930
l 930 928
l 928 926
l 926 986
l 987 986
l 987 988
l 988 989
l 989 990
l 990 991
l 991 992
l 992 960
l 960 961
l 961 962
l 997 995
l 995 1002
l 1002 1008
l 1008 1013
l 1013 1015
l 1015 1016
l 1016 1018
l 1018 1020
l 1020 1025
l 1025 1039
l 1039 1045
l 997 1045
l 996 994
l 996 998
l 998 999
l 999 1053
l 1053 1054
l 1054 1055
l 1055 1056
l 1056 1057
l 1057 1058
l 1059 1058
l 1059 1033
l 1033 1031
l 1031 1029
l 1029 1022
l 1022 1021
l 1021 1019
l 1019 1017
l 1017 1014
l 1012 1014
l 1012 1006
l 1006 1007
l 1007 1009
l 1009 1010
l 1010 1011
l 1011 1060
l 1060 1000
l 1000 1001
l 1003 1001
l 1003 1004
l 1004 1005
l 1005 1061
l 1061 1062
l 1062 1063
l 1063 1064
l 1064 993
l 993 994
l 1027 1026
l 1027 1028
l 1028 1030
l 1030 1032
l 1032 1034
l 1034 1035
l 1035 1036
l 1036 1049
l 1049 1050
l 1051 1050
l 1051 1052
l 1052 1065
l 1065 1066
l 1066 1067
l 1067 1068
l 1068 1069
l 1069 1043
l 1043 1044
l 1046 1044
l 1046 1047
l 1047 1048
l 1048 1070
l 1070 1071
l 1071 1072
l 1072 1073
l 1073 1037
l 1037 1038
l 1040 1038
l 1040 1041
l 1041 1042
l 1042 1074
l 1074 1075
l 1075 1076
l 1076 1023
l 1023 1024
l 1024 1026
l 1080 997
l 1045 1090
l 1090 1096
l 1096 1110
l 1110 1118
l 1118 1116
l 1116 1114
l 1114 1121
l 1121 1123
l 1123 1127
l 1127 1080
l 1115 1122
l 1115 1117
l 1117 1119
l 1119 1120
l 1120 1108
l 1108 1106
l 1106 1104
l 1104 1102
l 1102 1135
l 1136 1135
l 1136 1137
l 1137 1138
l 1138 1139
l 1139 1140
l 1140 1141
l 1141 1077
l 1077 1078
l 1078 1079
l 1081 1079
l 1081 1082
l 1082 1142
l 1142 1143
l 1143 1144
l 1144 1145
l 1145 1130
l 1130 1131
l 1131 1132
l 1133 1132
l 1133 1134
l 1134 1146
l 1146 1125
l 1125 1126
l 1126 1128
l 1128 1129
l 1129 1124
l 1124 1122
l 1092 1091
l 1092 1093
l 1093 1147
l 1147 1148
l 1148 1149
l 1149 1150
l 1150 1151
l 1151 1083
l 1083 1084
l 1085 1084
l 1085 1086
l 1086 1087
l 1087 1100
l 1100 1101
l 1101 1103
l 1103 1105
l 1105 1107
l 1107 1109
l 1111 1109
l 1111 1112
l 1112 1113
l 1113 1152
l 1152 1153
l 1153 1154
l 1154 1094
l 1094 1095
l 1095 1097
l 1098 1097
l 1098 1099
l 1099 1155
l 1155 1156
l 1156 1157
l 1157 1158
l 1158 1088
l 1088 1089
l 1089 1091
l 1163 1161
l 1161 1168
l 1168 1174
l 1174 1188
l 1188 1196
l 1196 1194
l 1194 1192
l 1192 1199
l 1199 1201
l 1201 1205
l 1205 1210
l 1210 1163
l 1212 1211
l 1212 1213
l 1213 1219
l 1219 1203
l 1203 1204
l 1204 1206
l 1206 1207
l 1207 1202
l 1202 1200
l 1193 1200
l 1193 1195
l 1195 1197
l 1197 1198
l 1198 1186
l 1186 1184
l 1184 1182
l 1182 1180
l 1180 1220
l 1221 1220
l 1221 1222
l 1222 1223
l 1223 1224
l 1224 1225
l 1225 1226
l 1226 1214
l 1214 1215
l 1215 1216
l 1217 1216
l 1217 1218
l 1218 1227
l 1227 1228
l 1228 1229
l 1229 1230
l 1230 1208
l 1208 1209
l 1209 1211
l 1176 1175
l 1176 1177
l 1177 1231
l 1231 1232
l 1232 1233
l 1233 1234
l 1234 1166
l 1166 1167
l 1167 1169
l 1170 1169
l 1170 1171
l 1171 1235
l 1235 1236
l 1236 1237
l 1237 1238
l 1238 1239
l 1239 1159
l 1159 1160
l 1162 1160
l 1162 1164
l 1164 1165
l 1165 1178
l 1178 1179
l 1179 1181
l 1181 1183
l 1183 1185
l 1185 1187
l 1189 1187
l 1189 1190
l 1190 1191
l 1191 1240
l 1240 1241
l 1241 1242
l 1242 1172
l 1172 1173
l 1173 1175
l 1246 913
l 924 1256
l 1256 1262
l 1262 1268
l 1268 1273
l 1273 1275
l 1275 1276
l 1276 1278
l 1278 1280
l 1280 1285
l 1285 1246
l 1252 1251
l 1252 1253
l 1253 1301
l 1301 1302
l 1302 1303
l 1303 1304
l 1304 1305
l 1305 1243
l 1243 1244
l 1245 1244
l 1245 1247
l 1247 1248
l 1248 1306
l 1306 1307
l 1307 1308
l 1308 1309
l 1309 1296
l 1296 1297
l 1298 1297
l 1298 1299
l 1299 1300
l 1300 1310
l 1310 1311
l 1311 1312
l 1312 1283
l 1283 1284
l 1284 1286
l 1287 1286
l 1287 1288
l 1288 1290
l 1290 1292
l 1292 1294
l 1294 1295
l 1295 1249
l 1249 1250
l 1250 1251
l 1263 1261
l 1263 1264
l 1264 1265
l 1265 1313
l 1313 1314
l 1314 1315
l 1315 1316
l 1316 1254
l 1254 1255
l 1257 1255
l 1257 1258
l 1258 1259
l 1259 1317
l 1317 1318
l 1318 1319
l 1319 1320
l 1320 1321
l 1321 1322
l 1323 1322
l 1323 1293
l 1293 1291
l 1291 1289
l 1289 1282
l 1282 1281
l 1281 1279
l 1279 1277
l 1277 1274
l 1272 1274
l 1272 1266
l 1266 1267
l 1267 1269
l 1269 1270
l 1270 1271
l 1271 1324
l 1324 1260
l 1260 1261
l 1163 1332
l 1332 1338
l 1338 1344
l 1344 1349
l 1349 1351
l 1351 1352
l 1352 1354
l 1354 1356
l 1356 1361
l 1361 1374
l 1374 1161
l 1363 1362
l 1363 1364
l 1364 1366
l 1366 1368
l 1368 1370
l 1370 1371
l 1371 1325
l 1325 1326
l 1326 1327
l 1328 1327
l 1328 1329
l 1329 1383
l 1383 1384
l 1384 1385
l 1385 1386
l 1386 1387
l 1387 1378
l 1378 1379
l 1380 1379
l 1380 1381
l 1381 1382
l 1382 1388
l 1388 1389
l 1389 1390
l 1390 1372
l 1372 1373
l 1373 1375
l 1376 1375
l 1376 1377
l 1377 1391
l 1391 1392
l 1392 1393
l 1393 1394
l 1394 1359
l 1359 1360
l 1360 1362
l 1333 1331
l 1333 1334
l 1334 1335
l 1335 1395
l 1395 1396
l 1396 1397
l 1397 1398
l 1398 1399
l 1399 1400
l 1401 1400
l 1401 1369
l 1369 1367
l 1367 1365
l 1365 1358
l 1358 1357
l 1357 1355
l 1355 1353
l 1353 1350
l 1348 1350
l 1348 1342
l 1342 1343
l 1343 1345
l 1345 1346
l 1346 1347
l 1347 1402
l 1402 1336
l 1336 1337
l 1339 1337
l 1339 1340
l 1340 1341
l 1341 1403
l 1403 1404
l 1404 1405
l 1405 1406
l 1406 1330
l 1330 1331
l 1410 1408
l 1413 1410
l 1414 1413
l 1415 1420
l 1420 1419
l 1419 1418
l 1418 1417
l 1417 1416
l 1416 1414
l 1421 1415
l 1421 1422
l 1422 1423
l 1423 1424
l 1426 1424
l 1425 1426
l 1431 1425
l 1437 1436
l 1436 1435
l 1435 1434
l 1434 1433
l 1433 1432
l 1432 1431
l 1429 1437
l 1439 1429
l 1439 1443
l 1444 1443
l 1442 1444
l 1442 1441
l 1441 1440
l 1440 1445
l 1445 1447
l 1447 1450
l 1450 1452
l 1452 1455
l 1455 1457
l 1457 1458
l 1458 1412
l 1412 1411
l 1411 1409
l 1409 1407
l 1407 1408
l 867 1430
l 1430 1428
l 1428 1427
l 1427 1438
l 1438 1446
l 1446 1448
l 1448 1449
l 1449 1451
l 1451 1453
l 1453 1454
l 1454 1456
l 1456 879
l 1459 1422
l 1462 1459
l 1468 1467
l 1467 1466
l 1466 1465
l 1465 1464
l 1464 1463
l 1463 1462
l 1461 1468
l 1469 1461
l 1408 1469
l 1472 1407
l 1472 1471
l 1471 1470
l 1470 1473
l 1473 1474
l 1474 1476
l 1476 1478
l 1478 1481
l 1481 1483
l 1483 1486
l 1486 1488
l 1488 1490
l 1490 1491
l 1491 1492
l 1493 1492
l 1489 1493
l 1494 1489
l 1496 1494
l 1497 1504
l 1504 1503
l 1503 1502
l 1502 1501
l 1501 1500
l 1500 1496
l 1505 1497
l 1505 1506
l 1460 1506
l 1460 1423
l 854 1475
l 1475 1477
l 1477 1479
l 1479 1480
l 1480 1482
l 1482 1484
l 1484 1485
l 1485 1487
l 1487 1495
l 1495 1499
l 1499 1498
l 1498 866
l 1508 1506
l 1510 1508
l 1517 1516
l 1516 1515
l 1515 1514
l 1514 1513
l 1513 1512
l 1512 1510
l 1511 1517
l 1518 1511
l 1493 1518
l 1492 1521
l 1521 1520
l 1520 1519
l 1519 1522
l 1522 1523
l 1523 1525
l 1525 1527
l 1527 1530
l 1530 1532
l 1532 1535
l 1535 1537
l 1537 1539
l 1539 1540
l 1540 1444
l 1538 1443
l 1541 1538
l 1543 1541
l 1544 1551
l 1551 1550
l 1550 1549
l 1549 1548
l 1548 1547
l 1547 1543
l 1552 1544
l 1426 1552
l 1424 1460
l 1553 1554
l 1509 1553
l 1507 1509
l 1554 1507
l 880 1524
l 1524 1526
l 1526 1528
l 1528 1529
l 1529 1531
l 1531 1533
l 1533 1534
l 1534 1536
l 1536 1542
l 1542 1546
l 1546 1545
l 1545 892
l 1557 1556
l 1556 1555
l 1555 1558
l 1583 1582
l 1582 1581
l 1581 1580
l 1580 1579
l 1579 1576
l 1576 1574
l 1574 1563
l 1563 1565
l 1565 1567
l 1567 1569
l 1569 1571
l 1571 1558
l 1583 1557
l 56 1578
l 1578 1577
l 1577 1575
l 1575 1561
l 1561 1562
l 1562 1564
l 1564 1566
l 1566 1568
l 1568 1570
l 1570 1572
l 1572 1573
l 1573 1560
l 1560 1559
l 1559 29
l 1585 1584
l 1584 1588
l 894 1588
l 1585 1608
l 1608 1606
l 1606 1604
l 1604 1602
l 1602 1599
l 1599 1597
l 1597 1591
l 1591 1593
l 1593 1594
l 1594 1595
l 1595 1596
l 1596 893
l 84 1586
l 1586 1587
l 1587 1610
l 1610 1609
l 1609 1607
l 1607 1605
l 1605 1603
l 1603 1601
l 1601 1600
l 1600 1598
l 1598 1589
l 1589 1590
l 1590 1592
l 1592 57
l 1611 1540
l 1611 1442
l 1616 1521
l 1616 1618
l 1618 1619
l 1619 1617
l 1617 1615
l 1615 1583
l 1558 1612
l 1612 1613
l 1613 1614
l 1614 1620
l 1611 1620
l 1491 1616
l 30 1621
l 1621 1622
l 1622 1623
l 1623 1624
l 1624 1625
l 1625 1626
l 1626 1627
l 1627 1628
l 1628 1629
l 1629 1630
l 1630 1631
l 1631 55
l 1632 1409
l 1632 1472
l 1620 1635
l 1635 1634
l 1634 1633
l 1633 1585
l 1632 901
l 58 1636
l 1636 1637
l 1637 1638
l 1638 1639
l 1639 1640
l 1640 1641
l 1641 1642
l 1642 1643
l 1643 1644
l 1644 1645
l 1645 1646
l 1646 83
l 1648 907
l 1648 1647
l 1647 1649
l 908 1673
l 1673 1672
l 1672 1671
l 1671 1670
l 1670 1667
l 1667 1665
l 1665 1654
l 1654 1656
l 1656 1658
l 1658 1660
l 1660 1662
l 1662 1649
l 28 1669
l 1669 1668
l 1668 1666
l 1666 1652
l 1652 1653
l 1653 1655
l 1655 1657
l 1657 1659
l 1659 1661
l 1661 1663
l 1663 1664
l 1664 1651
l 1651 1650
l 1650 1
l 1649 1674
l 1674 1675
l 1675 1676
l 1676 1618
l 2 1677
l 1677 1678
l 1678 1679
l 1679 1680
l 1680 1681
l 1681 1682
l 1682 1683
l 1683 1684
l 1684 1685
l 1685 1686
l 1686 1687
l 1687 27
l 1090 1552
l 1039 1425
l 995 1439
l 1080 1538
l 1127 1541
l 1123 1543
l 1096 1544
l 1168 1505
l 1374 1508
l 1361 1510
l 1344 1517
l 1338 1511
l 1332 1518
l 1210 1489
l 1688 1689
l 1689 1085
l 1084 1688
l 1091 1691
l 1691 1690
l 1690 1092
l 1097 1693
l 1693 1692
l 1692 1098
l 1694 1695
l 1695 1111
l 1109 1694
l 1698 1696
l 1696 1697
l 1697 1699
l 1699 1698
l 1135 661
l 661 1700
l 1700 1136
l 1122 597
l 597 1701
l 1701 1115
l 1132 629
l 629 1702
l 1702 1133
l 1079 693
l 693 1703
l 1703 1081
l 1708 628
l 624 1710
l 1710 1711
l 1711 1712
l 1712 1713
l 1713 660
l 656 1704
l 1704 1705
l 1705 1706
l 1706 1707
l 1707 724
l 720 1716
l 1716 1715
l 1715 1714
l 1714 1709
l 1709 692
l 688 1719
l 1719 1718
l 1718 1717
l 1717 1708
l 1331 758
l 758 1720
l 1720 1333
l 1337 822
l 822 1721
l 1721 1339
l 1350 790
l 790 1722
l 1722 1348
l 1400 725
l 725 1723
l 1723 1401
l 1726 757
l 752 1731
l 1731 1730
l 1730 1724
l 1724 1725
l 1725 789
l 785 1736
l 1736 1735
l 1735 1734
l 1734 1733
l 1733 853
l 849 1739
l 1739 1738
l 1738 1737
l 1737 1732
l 1732 821
l 817 1729
l 1729 1728
l 1728 1727
l 1727 1726
l 1362 1741
l 1741 1740
l 1740 1363
l 1742 1743
l 1743 1376
l 1375 1742
l 1744 1745
l 1745 1380
l 1379 1744
l 1327 1747
l 1747 1746
l 1746 1328
l 1750 1748
l 1748 1749
l 1749 1751
l 1751 1750
l 1721 1752
l 1752 1753
l 1753 1754
l 1754 775
l 1720 1755
l 1755 1756
l 1756 1757
l 1757 742
l 1723 1758
l 1758 1759
l 1759 1760
l 1760 807
l 1722 1761
l 1761 1762
l 1762 1763
l 1763 839
l 1703 1764
l 1764 1765
l 1765 1766
l 1766 646
l 1700 1767
l 1767 1768
l 1768 1769
l 1769 710
l 1701 1770
l 1770 1771
l 1771 1772
l 1772 678
l 1702 1773
l 1773 1774
l 1774 1775
l 1775 614
l 1732 1790
l 1790 1789
l 1789 1788
l 1788 1787
l 1787 1786
l 1786 1784
l 1784 1785
l 1785 1722
l 1721 1791
l 1791 1793
l 1793 1792
l 1792 1794
l 1794 1795
l 1795 1796
l 1796 1797
l 1797 1733
l 1726 1800
l 1800 1799
l 1799 1813
l 1813 1812
l 1812 1811
l 1811 1810
l 1810 1808
l 1808 1809
l 1809 1723
l 1720 1822
l 1822 1824
l 1824 1823
l 1823 1825
l 1825 1826
l 1826 1827
l 1827 1828
l 1828 1725
l 1742 1837
l 1837 1838
l 1838 1839
l 1839 1840
l 1840 1841
l 1841 1745
l 1743 1850
l 1850 1848
l 1848 1846
l 1846 1844
l 1844 1843
l 1843 1751
l 1750 1842
l 1842 1845
l 1845 1847
l 1847 1849
l 1849 1851
l 1851 1742
l 1741 1852
l 1852 1853
l 1853 1854
l 1854 1855
l 1855 1856
l 1856 1743
l 1750 1857
l 1857 1877
l 1877 1875
l 1875 1872
l 1872 1867
l 1867 1745
l 1741 1878
l 1878 1896
l 1896 1894
l 1894 1889
l 1889 1888
l 1888 1751
l 1744 1898
l 1898 1899
l 1899 1900
l 1900 1901
l 1901 1902
l 1902 1746
l 1748 1903
l 1903 1904
l 1904 1905
l 1905 1906
l 1906 1907
l 1907 1744
l 1740 1908
l 1908 1909
l 1909 1910
l 1910 1911
l 1911 1912
l 1912 1749
l 1747 1913
l 1913 1914
l 1914 1915
l 1915 1916
l 1916 1917
l 1917 1740
l 1748 1918
l 1918 1934
l 1934 1932
l 1932 1930
l 1930 1928
l 1928 1746
l 1747 1939
l 1939 1956
l 1956 1954
l 1954 1953
l 1953 1952
l 1952 1749
l 1691 1959
l 1959 1960
l 1960 1961
l 1961 1962
l 1962 1963
l 1963 1692
l 1690 1972
l 1972 1971
l 1971 1968
l 1968 1966
l 1966 1965
l 1965 1699
l 1698 1964
l 1964 1967
l 1967 1969
l 1969 1970
l 1970 1973
l 1973 1691
l 1688 1974
l 1974 1975
l 1975 1976
l 1976 1977
l 1977 1978
l 1978 1690
l 1698 1979
l 1979 1997
l 1997 1996
l 1996 1995
l 1995 1994
l 1994 1692
l 1688 1999
l 1999 2001
l 2001 2003
l 2003 2005
l 2005 2006
l 2006 1699
l 1693 2020
l 2020 2021
l 2021 2022
l 2022 2023
l 2023 2024
l 2024 1695
l 1696 2025
l 2025 2026
l 2026 2027
l 2027 2028
l 2028 2029
l 2029 1693
l 1689 2030
l 2030 2031
l 2031 2032
l 2032 2033
l 2033 2034
l 2034 1697
l 1694 2035
l 2035 2036
l 2036 2037
l 2037 2038
l 2038 2039
l 2039 1689
l 1696 2040
l 2040 2055
l 2055 2053
l 2053 2051
l 2051 2049
l 2049 1695
l 1694 2065
l 2065 2067
l 2067 2069
l 2069 2071
l 2071 2072
l 2072 1697
l 1709 2095
l 2095 2094
l 2094 2093
l 2093 2092
l 2092 2091
l 2091 2089
l 2089 2090
l 2090 1700
l 1703 2096
l 2096 2098
l 2098 2097
l 2097 2099
l 2099 2100
l 2100 2101
l 2101 2102
l 2102 1707
l 1708 2117
l 2117 2116
l 2116 2115
l 2115 2114
l 2114 2113
l 2113 2111
l 2111 2112
l 2112 1701
l 1702 2126
l 2126 2128
l 2128 2127
l 2127 2129
l 2129 2130
l 2130 2131
l 2131 2132
l 2132 1713
l 1205 1494
l 1201 1496
l 1174 1497
l 911 1421
l 1246 1459
l 1285 1462
l 1268 1468
l 1262 1461
l 1256 1469
l 956 1410
l 1200 2141
l 2141 498
l 498 1193
l 1211 2142
l 2142 530
l 530 1212
l 1216 2143
l 2143 594
l 594 1217
l 1220 2144
l 2144 562
l 562 1221
l 533 2145
l 2145 2150
l 2150 2151
l 2151 2152
l 2152 478
l 469 2153
l 2153 2155
l 2155 2156
l 2156 2157
l 2157 510
l 501 2154
l 2154 2158
l 2158 2159
l 2159 2160
l 2160 574
l 565 2146
l 2146 2147
l 2147 2148
l 2148 2149
l 2149 542
l 1251 2161
l 2161 2162
l 2162 1252
l 2163 2164
l 2164 1287
l 1286 2163
l 2165 2166
l 2166 1298
l 1297 2165
l 1244 2168
l 2168 2167
l 2167 1245
l 2169 2170
l 2170 2172
l 2172 2171
l 2171 2169
l 1261 2173
l 2173 434
l 434 1263
l 1274 2174
l 2174 370
l 370 1272
l 1322 2175
l 2175 402
l 402 1323
l 1255 2176
l 2176 466
l 466 1257
l 405 2177
l 2177 2180
l 2180 2181
l 2181 2182
l 2182 350
l 341 2183
l 2183 2186
l 2186 2185
l 2185 2184
l 2184 382
l 373 2187
l 2187 2190
l 2190 2189
l 2189 2188
l 2188 446
l 437 2178
l 2178 2179
l 2179 2191
l 2191 2192
l 2192 414
l 2194 2193
l 2193 1170
l 1169 2194
l 2195 2196
l 2196 1176
l 1175 2195
l 1187 2198
l 2198 2197
l 2197 1189
l 1160 2200
l 2200 2199
l 2199 1162
l 2201 2202
l 2202 2204
l 2204 2203
l 2203 2201
l 526 2205
l 2205 2206
l 2206 2207
l 2207 2141
l 590 2208
l 2208 2209
l 2209 2210
l 2210 2142
l 494 2211
l 2211 2212
l 2212 2213
l 2213 2144
l 558 2214
l 2214 2215
l 2215 2216
l 2216 2143
l 398 2217
l 2217 2218
l 2218 2219
l 2219 2174
l 462 2220
l 2220 2221
l 2221 2222
l 2222 2175
l 366 2223
l 2223 2224
l 2224 2225
l 2225 2173
l 430 2226
l 2226 2227
l 2227 2228
l 2228 2176
l 2142 2243
l 2243 2241
l 2241 2240
l 2240 2234
l 2234 2235
l 2235 2238
l 2238 2239
l 2239 2154
l 2146 2244
l 2244 2246
l 2246 2245
l 2245 2247
l 2247 2248
l 2248 2249
l 2249 2250
l 2250 2143
l 2141 2273
l 2273 2271
l 2271 2270
l 2270 2264
l 2264 2265
l 2265 2268
l 2268 2269
l 2269 2153
l 2145 2274
l 2274 2276
l 2276 2275
l 2275 2277
l 2277 2278
l 2278 2279
l 2279 2280
l 2280 2144
l 2195 2289
l 2289 2290
l 2290 2291
l 2291 2292
l 2292 2293
l 2293 2197
l 2196 2302
l 2302 2300
l 2300 2298
l 2298 2296
l 2296 2295
l 2295 2203
l 2201 2294
l 2294 2297
l 2297 2299
l 2299 2301
l 2301 2303
l 2303 2195
l 2194 2304
l 2304 2305
l 2305 2306
l 2306 2307
l 2307 2308
l 2308 2196
l 2201 2320
l 2320 2319
l 2319 2323
l 2323 2326
l 2326 2325
l 2325 2197
l 2194 2330
l 2330 2349
l 2349 2348
l 2348 2346
l 2346 2344
l 2344 2203
l 2198 2351
l 2351 2352
l 2352 2353
l 2353 2354
l 2354 2355
l 2355 2199
l 2202 2356
l 2356 2357
l 2357 2358
l 2358 2359
l 2359 2360
l 2360 2198
l 2193 2361
l 2361 2362
l 2362 2363
l 2363 2364
l 2364 2365
l 2365 2204
l 2200 2366
l 2366 2367
l 2367 2368
l 2368 2369
l 2369 2370
l 2370 2193
l 2202 2387
l 2387 2385
l 2385 2383
l 2383 2382
l 2382 2378
l 2378 2199
l 2200 2392
l 2392 2406
l 2406 2404
l 2404 2402
l 2402 2400
l 2400 2204
l 2175 2427
l 2427 2425
l 2425 2424
l 2424 2418
l 2418 2419
l 2419 2422
l 2422 2423
l 2423 2187
l 2178 2428
l 2428 2430
l 2430 2429
l 2429 2431
l 2431 2432
l 2432 2433
l 2433 2434
l 2434 2176
l 2174 2457
l 2457 2455
l 2455 2454
l 2454 2448
l 2448 2449
l 2449 2452
l 2452 2453
l 2453 2183
l 2177 2458
l 2458 2460
l 2460 2459
l 2459 2461
l 2461 2462
l 2462 2463
l 2463 2464
l 2464 2173
l 2163 2473
l 2473 2474
l 2474 2475
l 2475 2476
l 2476 2477
l 2477 2166
l 2164 2486
l 2486 2484
l 2484 2482
l 2482 2480
l 2480 2479
l 2479 2171
l 2169 2478
l 2478 2481
l 2481 2483
l 2483 2485
l 2485 2487
l 2487 2163
l 2161 2488
l 2488 2489
l 2489 2490
l 2490 2491
l 2491 2492
l 2492 2164
l 2169 2504
l 2504 2503
l 2503 2507
l 2507 2510
l 2510 2509
l 2509 2166
l 2161 2514
l 2514 2533
l 2533 2532
l 2532 2530
l 2530 2528
l 2528 2171
l 2165 2535
l 2535 2536
l 2536 2537
l 2537 2538
l 2538 2539
l 2539 2167
l 2170 2540
l 2540 2541
l 2541 2542
l 2542 2543
l 2543 2544
l 2544 2165
l 2162 2545
l 2545 2546
l 2546 2547
l 2547 2548
l 2548 2549
l 2549 2172
l 2168 2550
l 2550 2551
l 2551 2552
l 2552 2553
l 2553 2554
l 2554 2162
l 2170 2571
l 2571 2569
l 2569 2567
l 2567 2566
l 2566 2562
l 2562 2167
l 2168 2576
l 2576 2590
l 2590 2588
l 2588 2586
l 2586 2584
l 2584 2172
l 1025 1431
l 1008 1437
l 1002 1429
l 951 1413
l 947 1414
l 918 1415
l 2597 2598
l 2598 935
l 933 2597
l 966 2600
l 2600 2599
l 2599 967
l 912 2602
l 2602 2601
l 2601 914
l 2603 2604
l 2604 919
l 917 2603
l 2605 2606
l 2606 2608
l 2608 2607
l 2607 2605
l 1058 2609
l 2609 114
l 114 1059
l 994 2610
l 2610 146
l 146 996
l 1001 2611
l 2611 210
l 210 1003
l 1014 2612
l 2612 178
l 178 1012
l 149 2614
l 2614 2617
l 2617 2618
l 2618 2619
l 2619 94
l 85 2613
l 2613 2620
l 2620 2621
l 2621 2622
l 2622 126
l 117 2615
l 2615 2623
l 2623 2624
l 2624 2625
l 2625 190
l 181 2616
l 2616 2626
l 2626 2627
l 2627 2628
l 2628 158
l 1050 2630
l 2630 2629
l 2629 1051
l 2631 2632
l 2632 1027
l 1026 2631
l 2633 2634
l 2634 1040
l 1038 2633
l 1044 2636
l 2636 2635
l 2635 1046
l 2637 2638
l 2638 2640
l 2640 2639
l 2639 2637
l 962 2641
l 2641 338
l 338 963
l 986 2642
l 2642 306
l 306 987
l 946 2643
l 2643 242
l 242 939
l 957 2644
l 2644 274
l 274 958
l 277 2646
l 2646 2647
l 2647 2648
l 2648 2649
l 2649 222
l 213 2650
l 2650 2651
l 2651 2652
l 2652 2653
l 2653 254
l 245 2654
l 2654 2655
l 2655 2656
l 2656 2657
l 2657 318
l 309 2645
l 2645 2658
l 2658 2659
l 2659 2660
l 2660 286
l 270 2661
l 2661 2662
l 2662 2663
l 2663 2643
l 238 2664
l 2664 2665
l 2665 2666
l 2666 2642
l 302 2667
l 2667 2668
l 2668 2669
l 2669 2641
l 334 2670
l 2670 2671
l 2671 2672
l 2672 2644
l 142 2673
l 2673 2674
l 2674 2675
l 2675 2609
l 110 2676
l 2676 2677
l 2677 2678
l 2678 2612
l 206 2679
l 2679 2680
l 2680 2681
l 2681 2610
l 174 2682
l 2682 2683
l 2683 2684
l 2684 2611
l 2644 2699
l 2699 2697
l 2697 2696
l 2696 2690
l 2690 2691
l 2691 2694
l 2694 2695
l 2695 2654
l 2645 2700
l 2700 2702
l 2702 2701
l 2701 2703
l 2703 2704
l 2704 2705
l 2705 2706
l 2706 2641
l 2643 2729
l 2729 2727
l 2727 2726
l 2726 2720
l 2720 2721
l 2721 2724
l 2724 2725
l 2725 2650
l 2646 2730
l 2730 2732
l 2732 2731
l 2731 2733
l 2733 2734
l 2734 2735
l 2735 2736
l 2736 2642
l 2600 2745
l 2745 2746
l 2746 2747
l 2747 2748
l 2748 2749
l 2749 2601
l 2599 2758
l 2758 2756
l 2756 2754
l 2754 2752
l 2752 2751
l 2751 2607
l 2605 2750
l 2750 2753
l 2753 2755
l 2755 2757
l 2757 2759
l 2759 2600
l 2597 2760
l 2760 2761
l 2761 2762
l 2762 2763
l 2763 2764
l 2764 2599
l 2605 2765
l 2765 2767
l 2767 2769
l 2769 2770
l 2770 2780
l 2780 2601
l 2597 2784
l 2784 2802
l 2802 2801
l 2801 2799
l 2799 2798
l 2798 2607
l 2602 2803
l 2803 2804
l 2804 2805
l 2805 2806
l 2806 2807
l 2807 2604
l 2606 2808
l 2808 2809
l 2809 2810
l 2810 2811
l 2811 2812
l 2812 2602
l 2598 2813
l 2813 2814
l 2814 2815
l 2815 2816
l 2816 2817
l 2817 2608
l 2603 2818
l 2818 2819
l 2819 2820
l 2820 2821
l 2821 2822
l 2822 2598
l 2606 2823
l 2823 2841
l 2841 2840
l 2840 2838
l 2838 2837
l 2837 2604
l 2603 2849
l 2849 2850
l 2850 2857
l 2857 2856
l 2856 2854
l 2854 2608
l 2631 2861
l 2861 2862
l 2862 2863
l 2863 2864
l 2864 2865
l 2865 2634
l 2632 2874
l 2874 2872
l 2872 2870
l 2870 2868
l 2868 2867
l 2867 2639
l 2637 2866
l 2866 2869
l 2869 2871
l 2871 2873
l 2873 2875
l 2875 2631
l 2630 2876
l 2876 2877
l 2877 2878
l 2878 2879
l 2879 2880
l 2880 2632
l 2637 2881
l 2881 2883
l 2883 2885
l 2885 2886
l 2886 2896
l 2896 2634
l 2630 2900
l 2900 2918
l 2918 2917
l 2917 2915
l 2915 2914
l 2914 2639
l 2633 2919
l 2919 2920
l 2920 2921
l 2921 2922
l 2922 2923
l 2923 2635
l 2638 2924
l 2924 2925
l 2925 2926
l 2926 2927
l 2927 2928
l 2928 2633
l 2629 2929
l 2929 2930
l 2930 2931
l 2931 2932
l 2932 2933
l 2933 2640
l 2636 2934
l 2934 2935
l 2935 2936
l 2936 2937
l 2937 2938
l 2938 2629
l 2638 2939
l 2939 2957
l 2957 2956
l 2956 2954
l 2954 2953
l 2953 2635
l 2636 2965
l 2965 2966
l 2966 2973
l 2973 2972
l 2972 2970
l 2970 2640
l 2610 2991
l 2991 2989
l 2989 2988
l 2988 2982
l 2982 2983
l 2983 2986
l 2986 2987
l 2987 2615
l 2616 2992
l 2992 2994
l 2994 2993
l 2993 2995
l 2995 2996
l 2996 2997
l 2997 2998
l 2998 2611
l 2609 3021
l 3021 3019
l 3019 3018
l 3018 3012
l 3012 3013
l 3013 3016
l 3016 3017
l 3017 2613
l 2614 3022
l 3022 3024
l 3024 3023
l 3023 3025
l 3025 3026
l 3026 3027
l 3027 3028
l 3028 2612
l 1647 3037
l 3037 3038
l 3038 3039
l 3039 3040
l 3040 3041
l 3041 3042
l 3042 3043
l 3043 1557
l 1555 3044
l 3044 3045
l 3045 3046
l 3046 3047
l 3047 3048
l 3048 3049
l 3049 3050
l 3050 1584
l 3051 1648
l 3051 1507
l 1556 1509
l 3052 1553
l 1588 3052
l 3052 3053
l 3053 3051
l 3053 1554
