mtllib item_0045972_angle_element_6_t2-30_details_3.mtl
o item_0045972_angle_element_6_t2-30_details_3_1
v 2.149 5.063 7.5
v 2.149 2.763 7.5
v 3.378 4.341 7.5
v 2.787 2.118 7.5
v 4.38 3.327 7.5
v 3.237 1.33 7.5
v 5.087 2.09 7.5
v 3.47 0.454 7.5
v 5.454 0.713 7.5
v 3.5 0 7.5
v 5.5 0 7.5
v 5.454 -0.713 7.5
v 3.47 -0.454 7.5
v 5.087 -2.09 7.5
v 3.237 -1.33 7.5
v 4.38 -3.327 7.5
v 2.787 -2.118 7.5
v 3.378 -4.341 7.5
v 2.149 -2.763 7.5
v 2.149 -5.063 7.5
v -2.149 5.063 7.5
v -3.378 4.341 7.5
v -2.149 2.763 7.5
v -2.787 2.118 7.5
v -4.38 3.327 7.5
v -3.237 1.33 7.5
v -5.087 2.09 7.5
v -3.47 0.454 7.5
v -5.454 0.713 7.5
v -5.454 -0.713 7.5
v -3.47 -0.454 7.5
v -5.087 -2.09 7.5
v -3.237 -1.33 7.5
v -4.38 -3.327 7.5
v -2.787 -2.118 7.5
v -3.378 -4.341 7.5
v -2.149 -2.763 7.5
v -2.149 -5.063 7.5
v -4.707 -2.845 18.491
v -4.738 -2.794 18.455
v -4.738 -2.794 18.88
v -5.067 -2.14 18.126
v -5.121 -2.007 19.263
v -5.306 -1.448 17.887
v -5.374 -1.17 19.516
v -5.451 -0.73 17.742
v -5.428 -0.886 19.59
v -5.449 -0.749 19.641
v -5.462 0.649 19.741
v -5.441 0.805 21.995
v -5.462 0.647 19.733
v -5.5 0 21.936
v -5.5 0 17.693
v -5.462 -0.647 19.724
v -5.462 -0.649 19.715
v -5.461 -0.653 19.707
v -5.462 0.647 19.724
v -5.451 0.73 17.742
v -5.462 0.649 19.715
v -5.461 0.653 19.707
v -4.738 2.794 18.455
v -4.738 2.794 18.88
v -5.067 2.14 18.126
v -5.121 2.007 19.263
v -5.306 1.448 17.887
v -5.374 1.17 19.516
v -5.428 0.886 19.59
v -5.449 0.749 19.641
v -4.707 2.845 18.491
v -4.706 2.847 18.842
v -4.679 2.89 18.538
v -4.677 2.893 18.793
v -4.667 2.909 18.566
v -4.666 2.912 18.765
v -4.658 2.924 18.597
v -4.657 2.926 18.734
v -4.652 2.934 18.629
v -4.651 2.935 18.698
v -4.65 2.938 18.663
v -5.457 0.685 19.675
v -5.459 0.671 19.686
v -5.46 0.658 19.699
v -5.461 0.652 19.748
v -5.46 0.663 19.762
v -5.456 0.69 19.785
v -5.448 0.754 19.818
v -5.427 0.894 19.869
v -5.374 1.17 19.94
v -5.264 1.592 22.171
v -5.033 2.218 20.281
v -4.975 2.345 22.461
v -4.49 3.176 20.824
v -4.578 3.048 22.858
v -4.193 3.559 21.029
v -4.083 3.685 23.353
v -4.018 3.755 21.089
v -3.836 3.942 21.116
v -3.5 4.243 23.936
v -3.648 4.116 21.108
v -3.448 4.285 21.06
v -3.252 4.436 20.964
v -2.841 4.709 24.595
v -3.076 4.559 20.824
v -2.598 4.848 22.592
v -2.592 4.851 22.651
v -2.496 4.901 20.244
v -2.592 4.851 22.533
v -1.516 5.287 19.188
v -1.394 5.32 21.264
v -1.879 5.169 19.627
v -2.51 4.894 22.38
v -2.546 4.875 22.423
v -2.575 4.86 22.475
v -1.233 5.36 18.664
v -1.057 5.397 18.088
v -0.212 5.496 20.082
v -1 5.408 17.506
v -1 5.408 13.89
v -1.057 5.397 13.307
v -0.956 5.416 8.532
v -0.643 5.462 8.638
v -0.321 5.491 8.702
v -0.167 5.497 20.045
v -0.115 5.499 20.017
v -1.233 5.36 12.732
v -1.252 5.356 8.387
v -1.516 5.287 12.208
v -1.758 5.211 8
v -1.879 5.169 11.768
v -2.643 4.823 11.004
v -3.347 4.365 10.301
v -3.972 3.804 9.675
v -4.505 3.156 9.143
v -4.932 2.433 8.715
v -5.245 1.654 8.402
v -5.436 0.837 8.211
v -5.5 0 8.147
v -5.436 -0.837 8.211
v -5.245 -1.654 8.402
v -4.932 -2.433 8.715
v -4.505 -3.156 9.143
v -3.972 -3.804 9.675
v -3.347 -4.365 10.301
v -2.643 -4.823 11.004
v -1.879 -5.169 11.768
v -1.758 -5.211 8
v -1.516 -5.287 12.208
v -1.252 -5.356 8.387
v -1.233 -5.36 12.732
v -0.956 -5.416 8.532
v -1.057 -5.397 13.307
v -1 -5.408 13.89
v -1 -5.408 17.506
v -0.212 -5.496 20.082
v -0.643 -5.462 8.638
v -1.057 -5.397 18.088
v -1.394 -5.32 21.264
v -1.233 -5.36 18.664
v -1.516 -5.287 19.188
v -1.879 -5.169 19.627
v -2.51 -4.894 22.38
v -2.496 -4.901 20.244
v -2.546 -4.875 22.423
v -2.575 -4.86 22.475
v -3.448 -4.285 21.06
v -3.5 -4.243 23.936
v -3.252 -4.436 20.964
v -2.841 -4.709 24.595
v -3.076 -4.559 20.824
v -2.598 -4.848 22.592
v -2.592 -4.851 22.533
v -3.648 -4.116 21.108
v -3.836 -3.942 21.116
v -4.083 -3.685 23.353
v -4.018 -3.755 21.089
v -4.193 -3.559 21.029
v -4.49 -3.176 20.824
v -4.578 -3.048 22.858
v -5.033 -2.218 20.281
v -4.975 -2.345 22.461
v -5.264 -1.592 22.171
v -5.374 -1.17 19.94
v -5.441 -0.805 21.995
v -5.427 -0.894 19.869
v -5.448 -0.754 19.818
v -5.456 -0.69 19.785
v -5.46 -0.663 19.762
v -5.461 -0.652 19.748
v -5.462 -0.649 19.741
v -5.462 -0.647 19.733
v -5.46 -0.658 19.699
v -5.459 -0.671 19.686
v -5.457 -0.685 19.675
v -4.706 -2.847 18.842
v -4.679 -2.89 18.538
v -4.677 -2.893 18.793
v -4.667 -2.909 18.566
v -4.666 -2.912 18.765
v -4.658 -2.924 18.597
v -4.657 -2.926 18.734
v -4.652 -2.934 18.629
v -4.651 -2.935 18.698
v -4.65 -2.938 18.663
v 3.449 4.284 21.06
v 3.5 4.243 23.936
v 3.253 4.435 20.965
v 2.841 4.709 24.595
v 3.076 4.559 20.824
v 2.598 4.848 22.592
v 2.496 4.901 20.244
v 2.592 4.851 22.533
v 2.575 4.86 22.476
v 3.648 4.116 21.108
v 3.835 3.942 21.116
v 4.083 3.685 23.353
v 4.191 3.562 21.03
v 4.49 3.176 20.824
v 4.578 3.048 22.858
v 5.033 2.218 20.281
v 4.975 2.345 22.461
v 5.264 1.592 22.171
v 5.374 1.17 19.94
v 5.441 0.805 21.995
v 5.428 0.886 19.866
v 5.449 0.749 19.816
v 5.457 0.685 19.782
v 5.459 0.671 19.77
v 5.46 0.658 19.757
v 5.461 0.653 19.75
v 5.462 0.649 19.742
v 5.462 0.647 19.733
v 5.5 0 21.936
v 5.462 0.647 19.724
v 5.5 0 17.693
v 5.451 0.73 17.742
v 5.462 0.649 19.716
v 5.461 0.652 19.708
v 5.46 0.663 19.694
v 5.456 0.69 19.672
v 5.448 0.754 19.638
v 5.427 0.894 19.587
v 5.374 1.17 19.516
v 5.306 1.448 17.887
v 5.121 2.007 19.263
v 5.067 2.14 18.126
v 4.738 2.794 18.88
v 4.738 2.794 18.455
v 4.707 2.845 18.491
v 4.706 2.847 18.842
v 4.679 2.89 18.538
v 4.677 2.893 18.793
v 4.667 2.909 18.566
v 4.666 2.912 18.765
v 4.658 2.924 18.597
v 4.657 2.926 18.734
v 4.652 2.934 18.629
v 4.651 2.935 18.698
v 4.65 2.938 18.663
v 5.462 -0.647 19.724
v 5.451 -0.73 17.742
v 5.462 -0.649 19.716
v 5.461 -0.652 19.708
v 4.738 -2.794 18.455
v 4.738 -2.794 18.88
v 5.067 -2.14 18.126
v 5.121 -2.007 19.263
v 5.306 -1.448 17.887
v 5.374 -1.17 19.516
v 5.427 -0.894 19.587
v 5.448 -0.754 19.638
v 4.707 -2.845 18.491
v 4.706 -2.847 18.842
v 4.679 -2.89 18.538
v 4.677 -2.893 18.793
v 4.667 -2.909 18.566
v 4.666 -2.912 18.765
v 4.658 -2.924 18.597
v 4.657 -2.926 18.734
v 4.652 -2.934 18.629
v 4.651 -2.935 18.698
v 4.65 -2.938 18.663
v 5.456 -0.69 19.672
v 5.46 -0.663 19.694
v 5.462 -0.647 19.733
v 5.441 -0.805 21.995
v 5.462 -0.649 19.742
v 5.461 -0.653 19.75
v 5.46 -0.658 19.757
v 5.459 -0.671 19.77
v 5.457 -0.685 19.782
v 5.449 -0.749 19.816
v 5.428 -0.886 19.866
v 5.374 -1.17 19.94
v 5.264 -1.592 22.171
v 5.033 -2.218 20.281
v 4.975 -2.345 22.461
v 4.49 -3.176 20.824
v 4.578 -3.048 22.858
v 4.191 -3.562 21.03
v 4.083 -3.685 23.353
v 3.835 -3.942 21.116
v 3.5 -4.243 23.936
v 3.648 -4.116 21.108
v 3.449 -4.284 21.06
v 3.253 -4.435 20.965
v 2.841 -4.709 24.595
v 3.076 -4.559 20.824
v 2.598 -4.848 22.592
v 2.592 -4.851 22.651
v 2.496 -4.901 20.244
v 2.592 -4.851 22.533
v 1.516 -5.287 19.188
v 1.394 -5.32 21.264
v 1.879 -5.169 19.627
v 2.51 -4.894 22.38
v 2.546 -4.875 22.423
v 2.575 -4.86 22.475
v 1.233 -5.36 18.664
v 1.057 -5.397 18.088
v 0.212 -5.496 20.082
v 1 -5.408 17.506
v 1 -5.408 13.89
v 1.057 -5.397 13.307
v 0.956 -5.416 8.532
v 0.643 -5.462 8.638
v 0.321 -5.491 8.702
v 0.167 -5.497 20.045
v 0.115 -5.499 20.017
v 1.233 -5.36 12.732
v 1.252 -5.356 8.387
v 1.516 -5.287 12.208
v 1.758 -5.211 8
v 1.879 -5.169 11.768
v 2.643 -4.823 11.004
v 3.347 -4.365 10.301
v 3.972 -3.804 9.675
v 4.505 -3.156 9.143
v 4.932 -2.433 8.715
v 5.245 -1.654 8.402
v 5.436 -0.837 8.211
v 5.5 0 8.147
v 5.436 0.837 8.211
v 5.245 1.654 8.402
v 4.932 2.433 8.715
v 4.505 3.156 9.143
v 3.972 3.804 9.675
v 3.347 4.365 10.301
v 2.643 4.823 11.004
v 1.879 5.169 11.768
v 1.758 5.211 8
v 1.516 5.287 12.208
v 1.252 5.356 8.387
v 1.233 5.36 12.732
v 0.956 5.416 8.532
v 1.057 5.397 13.307
v 1 5.408 13.89
v 1 5.408 17.506
v 0.212 5.496 20.082
v 0.643 5.462 8.638
v 1.057 5.397 18.088
v 1.394 5.32 21.264
v 1.233 5.36 18.664
v 1.516 5.287 19.188
v 1.879 5.169 19.627
v 2.51 4.894 22.38
v 2.546 4.875 22.424
v 1.16 -5.376 25.96
v 1.681 -5.237 25.678
v 1.803 -5.196 23.511
v 2.121 -5.074 25.314
v 2.51 -4.894 22.804
v 2.546 -4.875 22.761
v 2.575 -4.86 22.708
v 1.061 -5.397 24.254
v 0.838 -5.436 24.437
v 0.586 -5.469 26.135
v 0.575 -5.47 24.578
v 0.29 -5.492 24.665
v 0 -5.5 26.193
v 0 -5.5 24.693
v -0.29 -5.492 24.665
v -0.586 -5.469 26.135
v -0.575 -5.47 24.578
v -0.838 -5.436 24.437
v -1.16 -5.376 25.96
v -1.061 -5.397 24.254
v -1.681 -5.237 25.678
v -1.803 -5.196 23.511
v -2.121 -5.074 25.314
v -2.51 -4.894 22.804
v -2.546 -4.875 22.761
v -2.575 -4.86 22.708
v -2.592 -4.851 22.651
v -0.167 -5.497 20.045
v 0 -5.5 8.723
v -0.321 -5.491 8.702
v -0.115 -5.499 20.017
v -0.058 -5.5 20
v 0 -5.5 19.994
v 0.058 -5.5 20
v 2.546 4.875 22.761
v 2.51 4.894 22.804
v 2.121 5.074 25.314
v 1.803 5.196 23.511
v 1.681 5.237 25.678
v 1.061 5.397 24.254
v 1.16 5.376 25.96
v 0.838 5.436 24.437
v 0.586 5.469 26.135
v 0.575 5.47 24.578
v 0.29 5.492 24.665
v 2.575 4.86 22.709
v 2.592 4.851 22.651
v 0.167 5.497 20.045
v 0 5.5 8.723
v 0.321 5.491 8.702
v 0.115 5.499 20.017
v 0.058 5.5 20
v 0 5.5 19.994
v -0.058 5.5 20
v -2.575 4.86 22.708
v -2.546 4.875 22.761
v -2.51 4.894 22.804
v -2.121 5.074 25.314
v -1.803 5.196 23.511
v -1.681 5.237 25.678
v -1.16 5.376 25.96
v -1.061 5.397 24.254
v -0.838 5.436 24.437
v -0.586 5.469 26.135
v -0.575 5.47 24.578
v -0.29 5.492 24.665
v 0 5.5 26.193
v 0 5.5 24.693
v 2.121 15 25.314
v 7.707 15 19.728
v 7.707 -15 19.728
v 2.121 -15 25.314
v 1.5 -15 25.791
v 0.776 -15 26.091
v 0 -15 26.193
v -0.776 -15 26.091
v -1.5 -15 25.791
v -2.121 -15 25.314
v -2.51 15 22.38
v -0.212 15 20.082
v -0.15 15 20.034
v -0.078 15 20.004
v 0 15 19.994
v 0.078 15 20.004
v 0.15 15 20.034
v 0.212 15 20.082
v 2.51 15 22.38
v 2.558 15 22.442
v 2.588 15 22.514
v 2.598 15 22.592
v 2.588 15 22.67
v 2.558 15 22.742
v 2.51 15 22.804
v -0.212 -15 20.082
v -2.51 -15 22.38
v -2.558 -15 22.442
v -2.588 -15 22.514
v -2.598 -15 22.592
v -2.588 -15 22.67
v -2.558 -15 22.742
v -2.51 -15 22.804
v -1.061 -15 24.254
v -0.75 -15 24.492
v -0.388 -15 24.642
v 0 -15 24.693
v 0.388 -15 24.642
v 0.75 -15 24.492
v 1.061 -15 24.254
v 4.738 -15 18.455
v 5.728 -15 17.466
v 5.728 15 17.466
v 4.738 15 18.455
v 4.69 15 18.518
v 4.66 15 18.59
v 4.65 15 18.668
v 4.66 15 18.745
v 4.69 15 18.818
v 4.738 15 18.88
v 4.738 -15 18.88
v 4.69 -15 18.818
v 4.66 -15 18.745
v 4.65 -15 18.668
v 4.66 -15 18.59
v 4.69 -15 18.518
v 5.374 15 19.516
v 5.374 -15 19.516
v 5.422 15 19.578
v 5.452 15 19.651
v 5.462 15 19.728
v 5.452 15 19.806
v 5.422 15 19.878
v 5.374 15 19.94
v 5.374 -15 19.94
v 5.422 -15 19.878
v 5.452 -15 19.806
v 5.462 -15 19.728
v 5.452 -15 19.651
v 5.422 -15 19.578
v 4.49 15 20.824
v 4.49 -15 20.824
v 4.283 15 20.983
v 4.042 15 21.083
v 3.783 15 21.117
v 3.524 15 21.083
v 3.283 15 20.983
v 3.076 15 20.824
v 3.076 -15 20.824
v 3.283 -15 20.983
v 3.524 -15 21.083
v 3.783 -15 21.117
v 4.042 -15 21.083
v 4.283 -15 20.983
v -1.879 -15 11.768
v -5.546 -15 8.101
v -5.546 15 8.101
v -1.879 15 11.768
v -1.402 15 12.39
v -1.102 15 13.113
v -1 15 13.89
v -1 15 17.506
v -1.026 15 17.897
v -1.102 15 18.282
v -1.228 15 18.654
v -1.402 15 19.006
v -1.62 15 19.332
v -1.879 15 19.627
v -3.076 15 20.824
v -3.283 15 20.983
v -3.524 15 21.083
v -3.783 15 21.117
v -4.042 15 21.083
v -4.283 15 20.983
v -4.49 15 20.824
v -5.374 15 19.94
v -5.422 15 19.878
v -5.452 15 19.806
v -5.462 15 19.728
v -5.452 15 19.651
v -5.422 15 19.578
v -5.374 15 19.516
v -4.738 15 18.88
v -4.69 15 18.818
v -4.66 15 18.745
v -4.65 15 18.668
v -4.66 15 18.59
v -4.69 15 18.518
v -4.738 15 18.455
v 0.647 -15 8.637
v 1.25 -15 8.388
v 1.768 -15 7.99
v 0 -15 8.723
v -0.647 -15 8.637
v -1.25 -15 8.388
v -1.768 -15 7.99
v -2.165 -15 7.473
v -2.415 -15 6.87
v -2.48 -2.47 5.908
v -2.5 -2.45 6.24
v -2.5 -15 6.223
v -2.475 -2.474 6.572
v -2.407 -2.541 6.897
v -2.297 -2.641 7.209
v -2.415 -15 5.575
v -2.416 -2.532 5.581
v -2.31 -2.629 5.268
v -2.165 -15 4.973
v -2.166 -2.749 4.974
v -1.768 -15 4.455
v -1.784 -3.011 4.471
v -1.283 -3.256 4.077
v -1.25 -15 4.057
v -0.986 -3.358 3.925
v -0.647 -15 3.808
v -0.667 -3.436 3.813
v -0.334 -3.484 3.745
v 0 -15 3.723
v 0 -3.5 3.723
v 0.334 -3.484 3.745
v 0.647 -15 3.808
v 0.667 -3.436 3.813
v 0.986 -3.358 3.925
v 1.25 -15 4.057
v 1.283 -3.256 4.077
v 1.768 -15 4.455
v 1.784 -3.011 4.471
v 2.165 -15 4.973
v 2.166 -2.749 4.974
v 2.31 -2.629 5.268
v 2.415 -15 5.575
v 2.416 -2.532 5.581
v 2.48 -2.47 5.908
v 2.5 -15 6.223
v 2.5 -2.45 6.24
v 2.475 -2.474 6.572
v 2.415 -15 6.87
v 2.407 -2.541 6.897
v 2.165 -15 7.473
v 2.297 -2.641 7.209
v -2.297 2.641 7.209
v -2.407 2.541 6.897
v -3.031 -1.75 0
v -3.381 -0.906 0
v -3.5 0 0
v -3.381 0.906 0
v -3.031 1.75 0
v -2.48 2.47 5.908
v -2.5 2.45 6.24
v -2.475 -2.475 0
v -1.75 -3.031 0
v -0.906 -3.381 0
v 0 -3.5 0
v 0.906 -3.381 0
v 1.75 -3.031 0
v 2.475 -2.475 0
v 3.031 -1.75 0
v 3.381 -0.906 0
v 3.5 0 0
v 3.381 0.906 0
v 3.031 1.75 0
v 2.48 2.47 5.908
v 2.5 2.45 6.24
v 2.297 2.641 7.209
v 2.407 2.541 6.897
v 2.475 2.474 6.572
v 2.475 2.475 0
v 2.416 2.532 5.581
v 2.31 2.629 5.268
v 2.166 2.749 4.974
v 1.75 3.031 0
v 1.784 3.011 4.471
v 1.283 3.256 4.077
v 0.906 3.381 0
v 0.986 3.358 3.925
v 0.667 3.436 3.813
v 0.334 3.484 3.745
v 0 3.5 0
v 0 3.5 3.723
v -0.334 3.484 3.745
v -0.906 3.381 0
v -0.667 3.436 3.813
v -0.986 3.358 3.925
v -1.283 3.256 4.077
v -1.75 3.031 0
v -1.784 3.011 4.471
v -2.166 2.749 4.974
v -2.475 2.475 0
v -2.31 2.629 5.268
v -2.416 2.532 5.581
v -2.475 2.474 6.572
v -7.707 -15 19.728
v -7.707 15 19.728
v -2.121 15 25.314
v -1.5 15 25.791
v -0.776 15 26.091
v 0 15 26.193
v 0.776 15 26.091
v 1.5 15 25.791
v 1.061 15 24.254
v 2.51 -15 22.804
v 2.558 -15 22.742
v 2.588 -15 22.67
v 2.598 -15 22.592
v 2.588 -15 22.514
v 2.558 -15 22.442
v 2.51 -15 22.38
v 0.75 15 24.492
v 0.388 15 24.642
v 0 15 24.693
v -0.388 15 24.642
v -0.75 15 24.492
v -1.061 15 24.254
v 0.212 -15 20.082
v -2.51 15 22.804
v 0.15 -15 20.034
v 0.078 -15 20.004
v 0 -15 19.994
v -0.078 -15 20.004
v -0.15 -15 20.034
v -2.558 15 22.742
v -2.588 15 22.67
v -2.598 15 22.592
v -2.588 15 22.514
v -2.558 15 22.442
v 1.879 15 19.627
v 1.402 15 19.006
v 1.102 15 18.282
v 1 15 17.506
v 1 15 13.89
v 1.026 15 13.498
v 1.102 15 13.113
v 1.228 15 12.742
v 1.402 15 12.39
v 1.62 15 12.064
v 1.879 15 11.768
v -2.415 15 6.87
v -2.165 15 7.473
v -2.5 15 6.223
v -2.415 15 5.575
v -2.165 15 4.973
v -1.768 15 4.455
v -1.25 15 4.057
v -0.647 15 3.808
v 0 15 3.723
v 0.647 15 3.808
v 1.25 15 4.057
v 1.768 15 4.455
v 2.165 15 4.973
v 2.415 15 5.575
v 2.5 15 6.223
v 2.415 15 6.87
v 1.768 15 7.99
v 2.165 15 7.473
v 1.25 15 8.388
v 0.647 15 8.637
v 0 15 8.723
v -0.647 15 8.637
v -1.25 15 8.388
v -1.768 15 7.99
v -15.869 -15 0.879
v -15.869 15 0.879
v -15.248 -15 0.402
v -15.248 15 0.402
v -14.524 -15 0.102
v -14.524 15 0.102
v -13.748 15 0
v -13.748 -15 0
v -19.092 -15 4.101
v -19.092 15 4.101
v 5.546 -15 8.101
v 1.879 -15 11.768
v 6.167 -15 7.624
v 5.557 -15 4.355
v 6.177 -15 4.831
v 4.066 -15 2.864
v 3.986 -15 2.76
v 3.936 -15 2.64
v 3.919 -15 2.51
v 3.936 -15 2.381
v 3.986 -15 2.26
v 4.066 -15 2.157
v -4.052 -15 2.157
v -4.155 -15 2.077
v -3.972 -15 2.26
v -3.922 -15 2.381
v -3.905 -15 2.51
v -3.922 -15 2.64
v -3.972 -15 2.76
v -4.052 -15 2.864
v -5.548 -15 4.36
v -5.841 -15 7.842
v -6.004 -15 4.734
v -6.167 -15 7.624
v -6.524 -15 5.012
v -6.519 -15 7.451
v -6.891 -15 7.325
v 1.62 -15 12.064
v -1.402 -15 12.39
v 1.402 -15 12.39
v 1.228 -15 12.742
v 16.52 -15 3.665
v 15.869 -15 0.879
v 16.582 -15 3.712
v 19.092 -15 4.101
v 18.031 -15 5.162
v 19.569 -15 4.723
v 18.27 -15 5.473
v 19.868 -15 5.446
v 18.419 -15 5.834
v 19.971 -15 6.223
v 18.471 -15 6.223
v 19.868 -15 6.999
v 18.419 -15 6.611
v 19.569 -15 7.723
v 18.27 -15 6.973
v 19.092 -15 8.344
v 18.031 -15 7.283
v 16.582 -15 8.733
v 16.447 -15 3.635
v 16.37 -15 3.624
v 15.014 -15 2.381
v 15.031 -15 2.51
v 16.292 -15 3.635
v 15.014 -15 2.64
v 16.22 -15 3.665
v 14.964 -15 2.76
v 16.157 -15 3.712
v 14.885 -15 2.864
v 13.389 -15 4.36
v 13.859 -15 6.01
v 12.933 -15 4.734
v 13.812 -15 6.073
v 12.413 -15 5.012
v 13.782 -15 6.145
v 13.771 -15 6.223
v 13.782 -15 6.3
v 12.431 -15 7.451
v 12.06 -15 7.325
v 11.849 -15 5.182
v 13.812 -15 6.373
v 12.783 -15 7.624
v 13.859 -15 6.435
v 13.109 -15 7.842
v 13.405 -15 8.101
v 16.157 -15 8.733
v 14.602 -15 9.298
v 14.761 -15 9.506
v 14.861 -15 9.747
v 16.22 -15 8.78
v 16.292 -15 8.81
v 14.895 -15 10.006
v 16.37 -15 8.821
v 14.861 -15 10.264
v 16.447 -15 8.81
v 14.761 -15 10.506
v 16.52 -15 8.78
v 1.402 -15 19.006
v 1.879 -15 19.627
v 1.102 -15 18.282
v -1.102 -15 18.282
v -1.026 -15 17.897
v -1.228 -15 18.654
v -1.402 -15 19.006
v -1.62 -15 19.332
v -1.879 -15 19.627
v -3.076 -15 20.824
v -3.524 -15 21.083
v -3.283 -15 20.983
v -3.783 -15 21.117
v -4.042 -15 21.083
v -4.283 -15 20.983
v -16.582 -15 8.733
v -19.092 -15 8.344
v -18.031 -15 7.283
v -19.569 -15 7.723
v -18.27 -15 6.973
v -19.868 -15 6.999
v -18.419 -15 6.611
v -19.971 -15 6.223
v -18.471 -15 6.223
v -19.868 -15 5.446
v -18.419 -15 5.834
v -19.569 -15 4.723
v -18.27 -15 5.473
v -18.031 -15 5.162
v -16.52 -15 8.78
v -14.761 -15 10.506
v -13.506 -15 13.93
v -14.602 -15 10.713
v -13.718 -15 11.597
v -16.447 -15 8.81
v -14.861 -15 10.264
v -16.37 -15 8.821
v -14.895 -15 10.006
v -16.292 -15 8.81
v -14.861 -15 9.747
v -16.22 -15 8.78
v -16.157 -15 8.733
v -14.761 -15 9.506
v -14.602 -15 9.298
v -13.405 -15 8.101
v -13.859 -15 6.435
v -12.783 -15 7.624
v -13.812 -15 6.373
v -13.782 -15 6.3
v -12.06 -15 7.325
v -13.771 -15 6.223
v -12.038 -15 5.131
v -13.782 -15 6.145
v -12.76 -15 4.831
v -13.812 -15 6.073
v -13.859 -15 6.01
v -13.38 -15 4.355
v -16.157 -15 3.712
v -14.871 -15 2.864
v -14.951 -15 2.76
v -16.22 -15 3.665
v -15.001 -15 2.64
v -16.292 -15 3.635
v -15.018 -15 2.51
v -16.37 -15 3.624
v -15.001 -15 2.381
v -16.447 -15 3.635
v -16.52 -15 3.665
v -16.582 -15 3.712
v 6.899 -15 5.131
v 7.674 -15 5.234
v 7.667 -15 7.223
v 11.263 -15 5.239
v 11.283 -15 7.223
v 11.675 -15 7.248
v 14.964 -15 2.26
v 14.885 -15 2.157
v 14.781 -15 2.077
v 15.248 -15 0.402
v 14.661 -15 2.027
v 14.531 -15 2.01
v -4.276 -15 2.027
v -4.405 -15 2.01
v 4.419 -15 2.01
v 13.748 -15 0
v 14.524 -15 0.102
v 4.29 -15 2.027
v 4.169 -15 2.077
v 6.891 -15 7.325
v -7.088 -15 5.182
v -7.276 -15 7.248
v -7.674 -15 5.239
v -7.667 -15 7.223
v -11.263 -15 5.234
v -11.283 -15 7.223
v -14.518 -15 2.01
v -14.647 -15 2.027
v -14.768 -15 2.077
v -14.871 -15 2.157
v -14.951 -15 2.26
v 13.506 -15 13.93
v 14.602 -15 10.713
v 13.299 -15 14.089
v 12.092 -15 13.93
v 13.356 -15 11.644
v 13.428 -15 11.674
v 13.057 -15 14.189
v 12.799 -15 14.223
v 12.54 -15 14.189
v 12.299 -15 14.089
v 13.294 -15 11.597
v 11.243 -15 13.081
v 11.243 -15 11.95
v 11.116 -15 12.116
v 11.116 -15 12.916
v 11.036 -15 12.723
v 11.009 -15 12.516
v 11.036 -15 12.309
v 12.233 -15 10.96
v 12.657 -15 10.96
v 12.295 -15 10.912
v 12.367 -15 10.883
v 12.445 -15 10.872
v 12.523 -15 10.883
v 12.595 -15 10.912
v 13.506 -15 11.684
v 13.583 -15 11.674
v 13.656 -15 11.644
v 13.718 -15 11.597
v -1.102 -15 13.113
v 1.102 -15 13.113
v 1.026 -15 13.498
v -1 -15 13.89
v 1 -15 13.89
v 1 -15 17.506
v -1 -15 17.506
v 7.707 -15 18.314
v 6.859 -15 17.466
v 6.693 -15 17.338
v 6.5 -15 17.258
v 5.893 -15 17.338
v 6.086 -15 17.258
v 6.293 -15 17.231
v 7.866 -15 18.521
v 7.966 -15 18.762
v 8 -15 19.021
v 7.966 -15 19.28
v 7.866 -15 19.521
v -7.866 -15 19.521
v -7.966 -15 19.28
v -8 -15 19.021
v -7.966 -15 18.762
v -7.866 -15 18.521
v -7.707 -15 18.314
v -5.422 -15 19.578
v -5.374 -15 19.516
v -6.859 -15 17.466
v -5.728 -15 17.466
v -4.738 -15 18.455
v -6.693 -15 17.338
v -6.5 -15 17.258
v -6.293 -15 17.231
v -6.086 -15 17.258
v -5.893 -15 17.338
v -4.738 -15 18.88
v -4.69 -15 18.518
v -4.66 -15 18.59
v -4.65 -15 18.668
v -4.66 -15 18.745
v -4.69 -15 18.818
v -5.452 -15 19.651
v -5.462 -15 19.728
v -5.452 -15 19.806
v -5.422 -15 19.878
v -5.374 -15 19.94
v -4.49 -15 20.824
v -13.656 -15 11.644
v -13.583 -15 11.674
v -13.506 -15 11.684
v -13.428 -15 11.674
v -13.356 -15 11.644
v -12.092 -15 13.93
v -13.294 -15 11.597
v -11.243 -15 13.081
v -11.243 -15 11.95
v -11.116 -15 12.116
v -12.233 -15 10.96
v -12.657 -15 10.96
v -12.295 -15 10.912
v -12.367 -15 10.883
v -12.595 -15 10.912
v -12.523 -15 10.883
v -12.445 -15 10.872
v -11.036 -15 12.309
v -11.009 -15 12.516
v -11.036 -15 12.723
v -11.116 -15 12.916
v -12.299 -15 14.089
v -12.54 -15 14.189
v -12.799 -15 14.223
v -13.057 -15 14.189
v -13.299 -15 14.089
v 15.869 15 0.879
v 15.248 15 0.402
v 14.524 15 0.102
v 13.748 15 0
v 19.092 15 4.101
v -14.518 15 2.01
v -4.405 15 2.01
v 4.419 15 2.01
v 14.531 15 2.01
v -14.647 15 2.027
v -14.768 15 2.077
v -14.871 15 2.157
v -14.951 15 2.26
v -18.27 15 5.473
v -18.031 15 5.162
v -16.582 15 3.712
v -16.52 15 3.665
v -16.447 15 3.635
v -19.569 15 4.723
v -18.419 15 5.834
v -19.868 15 5.446
v -18.471 15 6.223
v -19.971 15 6.223
v -18.419 15 6.611
v -19.868 15 6.999
v -18.27 15 6.973
v -19.569 15 7.723
v -19.092 15 8.344
v -18.031 15 7.283
v -16.582 15 8.733
v -13.718 15 11.597
v -14.602 15 10.713
v -13.506 15 13.93
v -14.761 15 10.506
v -16.52 15 8.78
v -13.299 15 14.089
v -13.057 15 14.189
v -12.799 15 14.223
v -12.54 15 14.189
v -12.299 15 14.089
v -12.092 15 13.93
v -13.356 15 11.644
v -13.294 15 11.597
v -11.243 15 13.081
v -11.243 15 11.95
v -12.233 15 10.96
v -11.116 15 12.916
v -11.036 15 12.723
v -11.009 15 12.516
v -11.036 15 12.309
v -11.116 15 12.116
v -12.657 15 10.96
v -12.295 15 10.912
v -12.367 15 10.883
v -12.445 15 10.872
v -12.523 15 10.883
v -12.595 15 10.912
v -13.428 15 11.674
v -13.506 15 11.684
v -13.583 15 11.674
v -13.656 15 11.644
v -16.447 15 8.81
v -14.861 15 10.264
v -16.37 15 8.821
v -14.895 15 10.006
v -16.292 15 8.81
v -14.861 15 9.747
v -16.22 15 8.78
v -16.157 15 8.733
v -14.761 15 9.506
v -14.602 15 9.298
v -13.405 15 8.101
v -13.859 15 6.435
v -12.783 15 7.624
v -13.812 15 6.373
v -13.782 15 6.3
v -12.06 15 7.325
v -13.771 15 6.223
v -12.038 15 5.131
v -11.283 15 7.223
v -11.263 15 5.234
v -7.667 15 7.223
v -7.674 15 5.239
v -7.276 15 7.248
v -7.088 15 5.182
v -6.891 15 7.325
v -6.524 15 5.012
v -6.519 15 7.451
v -6.167 15 7.624
v -6.004 15 4.734
v -5.841 15 7.842
v -7.707 15 18.314
v -6.859 15 17.466
v -5.728 15 17.466
v -5.893 15 17.338
v -6.086 15 17.258
v -6.293 15 17.231
v -6.5 15 17.258
v -6.693 15 17.338
v -7.866 15 18.521
v -7.966 15 18.762
v -8 15 19.021
v -7.966 15 19.28
v -7.866 15 19.521
v 7.866 15 19.521
v 7.966 15 19.28
v 8 15 19.021
v 7.966 15 18.762
v 7.866 15 18.521
v 7.707 15 18.314
v 6.859 15 17.466
v 6.693 15 17.338
v 6.5 15 17.258
v 6.293 15 17.231
v 6.086 15 17.258
v 5.893 15 17.338
v 5.546 15 8.101
v 6.167 15 7.624
v 5.557 15 4.355
v 6.177 15 4.831
v 6.891 15 7.325
v 6.899 15 5.131
v 7.667 15 7.223
v 7.674 15 5.234
v 11.263 15 5.239
v 11.283 15 7.223
v 11.675 15 7.248
v 11.849 15 5.182
v 12.06 15 7.325
v 12.413 15 5.012
v 13.771 15 6.223
v 13.782 15 6.145
v 12.431 15 7.451
v 13.782 15 6.3
v 13.812 15 6.373
v 12.783 15 7.624
v 13.859 15 6.435
v 13.109 15 7.842
v 13.405 15 8.101
v 16.157 15 8.733
v 14.602 15 9.298
v 14.761 15 9.506
v 14.861 15 9.747
v 16.22 15 8.78
v 16.292 15 8.81
v 14.895 15 10.006
v 16.37 15 8.821
v 14.861 15 10.264
v 16.447 15 8.81
v 14.761 15 10.506
v 16.52 15 8.78
v 19.092 15 8.344
v 16.582 15 8.733
v 18.031 15 7.283
v 13.506 15 13.93
v 14.602 15 10.713
v 13.718 15 11.597
v 13.656 15 11.644
v 13.583 15 11.674
v 13.506 15 11.684
v 13.428 15 11.674
v 13.356 15 11.644
v 12.092 15 13.93
v 13.294 15 11.597
v 11.243 15 13.081
v 11.243 15 11.95
v 11.116 15 12.116
v 12.233 15 10.96
v 12.657 15 10.96
v 12.595 15 10.912
v 12.523 15 10.883
v 12.445 15 10.872
v 12.367 15 10.883
v 12.295 15 10.912
v 11.036 15 12.309
v 11.009 15 12.516
v 11.036 15 12.723
v 11.116 15 12.916
v 12.299 15 14.089
v 12.54 15 14.189
v 12.799 15 14.223
v 13.057 15 14.189
v 13.299 15 14.089
v 18.27 15 6.973
v 19.569 15 7.723
v 18.419 15 6.611
v 19.868 15 6.999
v 18.471 15 6.223
v 19.971 15 6.223
v 18.419 15 5.834
v 19.868 15 5.446
v 18.27 15 5.473
v 19.569 15 4.723
v 18.031 15 5.162
v 16.582 15 3.712
v 16.52 15 3.665
v 16.447 15 3.635
v 14.661 15 2.027
v 14.781 15 2.077
v 14.885 15 2.157
v 14.964 15 2.26
v -13.782 15 6.145
v -12.76 15 4.831
v -13.812 15 6.073
v -13.859 15 6.01
v -13.38 15 4.355
v -16.157 15 3.712
v -14.871 15 2.864
v -14.951 15 2.76
v -16.22 15 3.665
v -15.001 15 2.64
v -16.292 15 3.635
v -15.018 15 2.51
v -16.37 15 3.624
v -15.001 15 2.381
v -4.276 15 2.027
v 4.29 15 2.027
v 4.169 15 2.077
v -4.155 15 2.077
v 4.066 15 2.157
v -4.052 15 2.157
v -3.972 15 2.26
v -3.922 15 2.381
v -3.905 15 2.51
v -3.922 15 2.64
v -3.972 15 2.76
v -4.052 15 2.864
v -5.548 15 4.36
v 3.986 15 2.76
v 4.066 15 2.864
v 3.936 15 2.64
v 3.919 15 2.51
v 3.936 15 2.381
v 3.986 15 2.26
v 15.014 15 2.381
v 16.37 15 3.624
v 15.031 15 2.51
v 16.292 15 3.635
v 15.014 15 2.64
v 16.22 15 3.665
v 14.964 15 2.76
v 16.157 15 3.712
v 14.885 15 2.864
v 13.389 15 4.36
v 13.859 15 6.01
v 12.933 15 4.734
v 13.812 15 6.073
vn 0 0 1
vn 0.856 0.517 0
vn 0.861 0.508 0
vn 0.921 0.389 0
vn 0.931 0.365 0
vn 0.965 0.263 0
vn 0.977 0.213 0
vn 0.991 0.133 0
vn 0.987 0.161 0
vn 0.991 0.136 0
vn 0.993 -0.118 0
vn 0.989 -0.146 0
vn 1 0 0
vn 0.993 0.118 0
vn 0.993 0.119 0
vn 0.991 -0.133 0
vn 0.993 -0.119 0
vn 0.861 -0.508 0
vn 0.921 -0.389 0
vn 0.931 -0.365 0
vn 0.965 -0.263 0
vn 0.977 -0.213 0
vn 0.987 -0.161 0
vn 0.991 -0.136 0
vn 0.856 -0.517 0
vn 0.856 -0.518 0
vn 0.851 -0.526 0
vn 0.85 -0.526 0
vn 0.849 -0.529 0
vn 0.848 -0.529 0
vn 0.847 -0.532 0
vn 0.846 -0.533 0
vn 0.846 -0.534 0
vn 0.845 -0.534 0
vn 0.992 -0.125 0
vn 0.993 -0.122 0
vn 0.993 -0.12 0
vn 0.992 -0.126 0
vn 0.991 -0.137 0
vn 0.987 -0.163 0
vn 0.957 -0.29 0
vn 0.915 -0.403 0
vn 0.905 -0.426 0
vn 0.816 -0.578 0
vn 0.832 -0.554 0
vn 0.762 -0.647 0
vn 0.742 -0.67 0
vn 0.731 -0.683 0
vn 0.697 -0.717 0
vn 0.636 -0.771 0
vn 0.663 -0.748 0
vn 0.627 -0.779 0
vn 0.591 -0.806 0
vn 0.517 -0.856 0
vn 0.559 -0.829 0
vn 0.472 -0.881 0
vn 0.471 -0.882 0
vn 0.454 -0.891 0
vn 0.276 -0.961 0
vn 0.253 -0.967 0
vn 0.342 -0.94 0
vn 0.456 -0.89 0
vn 0.463 -0.886 0
vn 0.468 -0.884 0
vn 0.224 -0.975 0
vn 0.192 -0.981 0
vn 0.039 -0.999 0
vn 0.182 -0.983 0
vn 0.174 -0.985 0
vn 0.117 -0.993 0
vn 0.058 -0.998 0
vn 0.03 -1 0
vn 0.021 -1 0
vn 0.228 -0.974 0
vn 0.32 -0.948 0
vn 0.391 -0.921 0
vn 0.481 -0.877 0
vn 0.614 -0.789 0
vn 0.608 -0.794 0
vn 0.722 -0.692 0
vn 0.796 -0.605 0
vn 0.819 -0.574 0
vn 0.897 -0.442 0
vn 0.925 -0.38 0
vn 0.954 -0.301 0
vn 0.992 -0.13 0
vn 0.988 -0.152 0
vn 0.992 0.13 0
vn 0.988 0.152 0
vn 0.954 0.301 0
vn 0.925 0.38 0
vn 0.897 0.442 0
vn 0.796 0.605 0
vn 0.819 0.574 0
vn 0.722 0.692 0
vn 0.614 0.789 0
vn 0.608 0.794 0
vn 0.481 0.877 0
vn 0.391 0.921 0
vn 0.342 0.94 0
vn 0.32 0.948 0
vn 0.276 0.961 0
vn 0.228 0.974 0
vn 0.224 0.975 0
vn 0.174 0.985 0
vn 0.192 0.981 0
vn 0.182 0.983 0
vn 0.039 0.999 0
vn 0.117 0.993 0
vn 0.253 0.967 0
vn 0.456 0.89 0
vn 0.454 0.891 0
vn 0.463 0.886 0
vn 0.468 0.884 0
vn 0.627 0.779 0
vn 0.636 0.771 0
vn 0.591 0.806 0
vn 0.517 0.856 0
vn 0.559 0.829 0
vn 0.472 0.881 0
vn 0.471 0.882 0
vn 0.663 0.748 0
vn 0.697 0.717 0
vn 0.742 0.67 0
vn 0.731 0.683 0
vn 0.762 0.647 0
vn 0.816 0.578 0
vn 0.832 0.554 0
vn 0.915 0.403 0
vn 0.905 0.426 0
vn 0.957 0.29 0
vn 0.989 0.146 0
vn 0.987 0.163 0
vn 0.991 0.137 0
vn 0.992 0.126 0
vn 0.993 0.12 0
vn 0.993 0.122 0
vn 0.992 0.125 0
vn 0.856 0.518 0
vn 0.851 0.526 0
vn 0.85 0.526 0
vn 0.849 0.529 0
vn 0.848 0.529 0
vn 0.847 0.532 0
vn 0.846 0.533 0
vn 0.846 0.534 0
vn 0.845 0.534 0
vn -0.627 -0.779 0
vn -0.636 -0.771 0
vn -0.591 -0.806 0
vn -0.517 -0.856 0
vn -0.559 -0.829 0
vn -0.472 -0.881 0
vn -0.454 -0.891 0
vn -0.471 -0.882 0
vn -0.468 -0.884 0
vn -0.663 -0.748 0
vn -0.697 -0.717 0
vn -0.742 -0.67 0
vn -0.762 -0.648 0
vn -0.816 -0.578 0
vn -0.832 -0.554 0
vn -0.915 -0.403 0
vn -0.905 -0.426 0
vn -0.957 -0.29 0
vn -0.977 -0.213 0
vn -0.989 -0.146 0
vn -0.987 -0.161 0
vn -0.991 -0.136 0
vn -0.992 -0.125 0
vn -0.993 -0.122 0
vn -0.993 -0.12 0
vn -0.993 -0.119 0
vn -0.993 -0.118 0
vn -1 0 0
vn -0.991 -0.133 0
vn -0.992 -0.126 0
vn -0.991 -0.137 0
vn -0.987 -0.163 0
vn -0.965 -0.263 0
vn -0.931 -0.365 0
vn -0.921 -0.389 0
vn -0.861 -0.508 0
vn -0.856 -0.517 0
vn -0.856 -0.518 0
vn -0.851 -0.526 0
vn -0.85 -0.526 0
vn -0.849 -0.529 0
vn -0.848 -0.529 0
vn -0.847 -0.532 0
vn -0.846 -0.533 0
vn -0.846 -0.534 0
vn -0.845 -0.534 0
vn -0.993 0.118 0
vn -0.991 0.133 0
vn -0.993 0.119 0
vn -0.861 0.508 0
vn -0.921 0.389 0
vn -0.931 0.365 0
vn -0.965 0.263 0
vn -0.977 0.213 0
vn -0.987 0.163 0
vn -0.991 0.137 0
vn -0.856 0.517 0
vn -0.856 0.518 0
vn -0.851 0.526 0
vn -0.85 0.526 0
vn -0.849 0.529 0
vn -0.848 0.529 0
vn -0.847 0.532 0
vn -0.846 0.533 0
vn -0.846 0.534 0
vn -0.845 0.534 0
vn -0.992 0.126 0
vn -0.993 0.12 0
vn -0.989 0.146 0
vn -0.993 0.122 0
vn -0.992 0.125 0
vn -0.991 0.136 0
vn -0.987 0.161 0
vn -0.957 0.29 0
vn -0.915 0.403 0
vn -0.905 0.426 0
vn -0.816 0.578 0
vn -0.832 0.554 0
vn -0.762 0.648 0
vn -0.742 0.67 0
vn -0.697 0.717 0
vn -0.636 0.771 0
vn -0.663 0.748 0
vn -0.627 0.779 0
vn -0.591 0.806 0
vn -0.517 0.856 0
vn -0.559 0.829 0
vn -0.472 0.881 0
vn -0.471 0.882 0
vn -0.454 0.891 0
vn -0.276 0.961 0
vn -0.253 0.967 0
vn -0.342 0.94 0
vn -0.456 0.89 0
vn -0.463 0.886 0
vn -0.468 0.884 0
vn -0.224 0.975 0
vn -0.192 0.981 0
vn -0.039 0.999 0
vn -0.182 0.983 0
vn -0.174 0.985 0
vn -0.117 0.993 0
vn -0.058 0.998 0
vn -0.03 1 0
vn -0.021 1 0
vn -0.228 0.974 0
vn -0.32 0.948 0
vn -0.391 0.921 0
vn -0.481 0.877 0
vn -0.614 0.789 0
vn -0.608 0.794 0
vn -0.722 0.692 0
vn -0.796 0.605 0
vn -0.819 0.574 0
vn -0.897 0.442 0
vn -0.925 0.38 0
vn -0.954 0.301 0
vn -0.992 0.13 0
vn -0.988 0.152 0
vn -0.988 -0.152 0
vn -0.992 -0.13 0
vn -0.954 -0.301 0
vn -0.925 -0.38 0
vn -0.897 -0.442 0
vn -0.796 -0.605 0
vn -0.819 -0.574 0
vn -0.722 -0.692 0
vn -0.614 -0.789 0
vn -0.608 -0.794 0
vn -0.481 -0.877 0
vn -0.391 -0.921 0
vn -0.342 -0.94 0
vn -0.32 -0.948 0
vn -0.276 -0.961 0
vn -0.228 -0.974 0
vn -0.224 -0.975 0
vn -0.174 -0.985 0
vn -0.192 -0.981 0
vn -0.182 -0.983 0
vn -0.039 -0.999 0
vn -0.117 -0.993 0
vn -0.253 -0.967 0
vn -0.456 -0.89 0
vn -0.463 -0.886 0
vn -0.211 0.978 0
vn -0.306 0.952 0
vn -0.328 0.945 0
vn -0.386 0.923 0
vn -0.193 0.981 0
vn -0.152 0.988 0
vn -0.107 0.994 0
vn -0.105 0.995 0
vn -0.053 0.999 0
vn 0 1 0
vn 0.053 0.999 0
vn 0.107 0.994 0
vn 0.105 0.995 0
vn 0.152 0.988 0
vn 0.211 0.978 0
vn 0.193 0.981 0
vn 0.306 0.952 0
vn 0.328 0.945 0
vn 0.386 0.923 0
vn 0.03 1 0
vn 0.058 0.998 0
vn 0.021 1 0
vn 0.01 1 0
vn -0.01 1 0
vn -0.386 -0.923 0
vn -0.328 -0.945 0
vn -0.306 -0.952 0
vn -0.193 -0.981 0
vn -0.211 -0.978 0
vn -0.152 -0.988 0
vn -0.107 -0.994 0
vn -0.105 -0.995 0
vn -0.053 -0.999 0
vn -0.03 -1 0
vn 0 -1 0
vn -0.058 -0.998 0
vn -0.021 -1 0
vn -0.01 -1 0
vn 0.01 -1 0
vn 0.386 -0.923 0
vn 0.328 -0.945 0
vn 0.306 -0.952 0
vn 0.211 -0.978 0
vn 0.193 -0.981 0
vn 0.152 -0.988 0
vn 0.107 -0.994 0
vn 0.105 -0.995 0
vn 0.053 -0.999 0
vn 0.707 0 0.707
vn 0.56 0 0.828
vn 0.5 0 0.866
vn 0.387 0 0.922
vn 0.259 0 0.966
vn 0.195 0 0.981
vn -0.195 0 0.981
vn -0.259 0 0.966
vn -0.387 0 0.922
vn -0.5 0 0.866
vn -0.56 0 0.828
vn -0.707 0 0.707
vn 0.558 0 0.83
vn 0.383 0 0.924
vn 0.192 0 0.981
vn -0.192 0 0.981
vn -0.383 0 0.924
vn -0.558 0 0.83
vn -0.827 0 0.562
vn -0.866 0 0.5
vn -0.922 0 0.388
vn -0.966 0 0.259
vn -0.981 0 0.196
vn -0.981 0 -0.196
vn -0.966 0 -0.259
vn -0.921 0 -0.389
vn -0.866 0 -0.5
vn -0.827 0 -0.562
vn -0.707 0 -0.707
vn 0.827 0 0.562
vn 0.866 0 0.5
vn 0.921 0 0.389
vn 0.966 0 0.259
vn 0.981 0 0.196
vn 0.981 0 -0.196
vn 0.966 0 -0.259
vn 0.922 0 -0.388
vn 0.866 0 -0.5
vn 0.827 0 -0.562
vn 0.707 0 -0.707
vn 0.558 0 -0.83
vn 0.5 0 -0.866
vn 0.384 0 -0.924
vn 0.259 0 -0.966
vn 0.193 0 -0.981
vn 0 0 -1
vn -0.193 0 -0.981
vn -0.259 0 -0.966
vn -0.384 0 -0.924
vn -0.5 0 -0.866
vn -0.558 0 -0.83
vn -0.809 0 -0.588
vn -0.902 0 -0.432
vn -0.941 0 -0.339
vn -0.972 0 -0.237
vn -0.992 0 -0.128
vn -1 0 -0.015
vn -0.995 0 0.103
vn -0.976 0 0.22
vn -0.945 0 0.326
vn -0.908 0 0.419
vn -0.813 0 0.582
vn -0.883 0 0.469
vn -0.954 0 0.3
vn -0.982 0 0.189
vn -0.994 0 0.113
vn -0.998 0 0.067
vn -0.999 0 0.041
vn -1 0 0.014
vn -0.999 0 -0.044
vn -0.997 0 -0.072
vn -0.995 0 -0.097
vn -0.99 0 -0.14
vn -0.984 0 -0.178
vn -0.956 0 -0.292
vn -0.888 0 -0.461
vn -0.408 0 -0.913
vn -0.052 0 -0.999
vn 0.135 0 -0.991
vn 0.334 0 -0.942
vn 0.531 0 -0.848
vn -0.828 0 0.561
vn -0.922 0 0.386
vn -0.981 0 0.194
vn -0.991 0 -0.131
vn -0.981 0 -0.194
vn -0.922 0 -0.386
vn -0.924 0 -0.383
vn -0.828 0 -0.561
vn -0.793 0 -0.609
vn -0.531 0 -0.847
vn -0.335 0 -0.942
vn -0.135 0 -0.991
vn 0.053 0 -0.999
vn 0.235 0 -0.972
vn 0.41 0 -0.912
vn 0.883 0 -0.469
vn 0.954 0 -0.3
vn 0.982 0 -0.189
vn 0.994 0 -0.113
vn 0.998 0 -0.067
vn 0.999 0 -0.041
vn 1 0 -0.014
vn 1 0 0.015
vn 0.999 0 0.044
vn 0.997 0 0.072
vn 0.995 0 0.097
vn 0.99 0 0.14
vn 0.984 0 0.178
vn 0.956 0 0.292
vn 0.888 0 0.461
vn 0.813 0 0.582
vn 0.908 0 0.419
vn 0.945 0 0.326
vn 0.976 0 0.22
vn 0.995 0 0.103
vn 1 0 -0.015
vn 0.992 0 -0.128
vn 0.972 0 -0.237
vn 0.941 0 -0.339
vn 0.902 0 -0.432
vn 0.809 0 -0.588
vn -0.128 0 -0.992
vn -0.257 0 -0.966
vn -0.383 0 -0.924
vn -0.501 0 -0.866
vn -0.703 0 -0.711
vn -0.86 0 -0.511
vn 0.128 0 -0.992
vn 0.257 0 -0.966
vn 0.383 0 -0.924
vn 0.501 0 -0.866
vn 0.703 0 -0.711
vn 0.86 0 -0.511
vn 0.992 0 0.126
vn 1 0 -0.007
vn 0.99 0 -0.14
vn 0.963 0 -0.27
vn 0.919 0 -0.395
vn 0.967 0 0.257
vn 0.924 0 0.382
vn 0.866 0 0.499
vn 0.714 0 0.701
vn 0.513 0 0.858
vn 0.394 0 0.919
vn 0.267 0 0.964
vn 0.134 0 0.991
vn -0.134 0 0.991
vn -0.267 0 0.964
vn -0.394 0 0.919
vn -0.513 0 0.858
vn -0.714 0 0.701
vn -0.866 0 0.499
vn -0.924 0 0.382
vn -0.967 0 0.257
vn -0.992 0 0.126
vn -1 0 -0.007
vn -0.963 0 -0.27
vn -0.919 0 -0.395
vn 0.656 -0.754 0
vn 0.688 -0.726 0
vn 0.714 0.7 0
vn 0.709 0.706 0
vn 0.866 0.5 0
vn 0.966 0.259 0
vn 0.966 -0.259 0
vn 0.866 -0.5 0
vn 0.709 -0.706 0
vn 0.714 -0.7 0
vn 0.656 0.754 0
vn 0.688 0.726 0
vn 0.707 0.707 0
vn 0.69 0.723 0
vn 0.66 0.751 0
vn 0.619 0.785 0
vn 0.5 0.866 0
vn 0.51 0.86 0
vn 0.367 0.93 0
vn 0.259 0.966 0
vn 0.282 0.959 0
vn 0.19 0.982 0
vn 0.095 0.995 0
vn -0.095 0.995 0
vn -0.259 0.966 0
vn -0.19 0.982 0
vn -0.282 0.959 0
vn -0.367 0.93 0
vn -0.5 0.866 0
vn -0.51 0.86 0
vn -0.619 0.785 0
vn -0.707 0.707 0
vn -0.66 0.751 0
vn -0.69 0.723 0
vn -0.709 0.706 0
vn -0.866 0.5 0
vn -0.714 0.7 0
vn -0.688 0.726 0
vn -0.656 0.754 0
vn -0.966 0.259 0
vn -0.966 -0.259 0
vn -0.866 -0.5 0
vn -0.709 -0.706 0
vn -0.714 -0.7 0
vn -0.656 -0.754 0
vn -0.688 -0.726 0
vn -0.707 -0.707 0
vn -0.69 -0.723 0
vn -0.66 -0.751 0
vn -0.619 -0.785 0
vn -0.5 -0.866 0
vn -0.51 -0.86 0
vn -0.367 -0.93 0
vn -0.259 -0.966 0
vn -0.282 -0.959 0
vn -0.19 -0.982 0
vn -0.095 -0.995 0
vn 0.095 -0.995 0
vn 0.259 -0.966 0
vn 0.19 -0.982 0
vn 0.282 -0.959 0
vn 0.367 -0.93 0
vn 0.5 -0.866 0
vn 0.51 -0.86 0
vn 0.619 -0.785 0
vn 0.707 -0.707 0
vn 0.66 -0.751 0
vn 0.69 -0.723 0
vn -0.922 0 -0.388
vn -0.921 0 0.389
vn 0.828 0 -0.561
vn 0.922 0 -0.386
vn 0.981 0 -0.194
vn 0.991 0 0.131
vn 0.981 0 0.194
vn 0.922 0 0.386
vn 0.924 0 0.383
vn 0.828 0 0.561
vn 0.793 0 0.609
vn 0.001 0 -1
vn -0.194 0 -0.981
vn -0.382 0 -0.924
vn -0.555 0 -0.832
vn 0.26 0 -0.966
vn -0.131 0 0.991
vn -0.609 0 0.793
g item_0045972_angle_element_6_t2-30_details_3_1
usemtl item_0045972_angle_element_6_t2-30_details_3_color_1
f 1//1 2//1 3//1
f 3//1 2//1 4//1
f 3//1 4//1 5//1
f 5//1 4//1 6//1
f 5//1 6//1 7//1
f 7//1 6//1 8//1
f 7//1 8//1 9//1
f 9//1 8//1 10//1
f 9//1 10//1 11//1
f 11//1 10//1 12//1
f 10//1 13//1 12//1
f 12//1 13//1 14//1
f 13//1 15//1 14//1
f 14//1 15//1 16//1
f 15//1 17//1 16//1
f 16//1 17//1 18//1
f 17//1 19//1 18//1
f 18//1 19//1 20//1
f 21//1 22//1 23//1
f 23//1 22//1 24//1
f 22//1 25//1 24//1
f 24//1 25//1 26//1
f 25//1 27//1 26//1
f 26//1 27//1 28//1
f 27//1 29//1 28//1
f 28//1 29//1 30//1
f 28//1 30//1 31//1
f 31//1 30//1 32//1
f 31//1 32//1 33//1
f 33//1 32//1 34//1
f 33//1 34//1 35//1
f 35//1 34//1 36//1
f 35//1 36//1 37//1
f 37//1 36//1 38//1
f 39//2 40//3 41//3
f 41//3 40//3 42//4
f 41//3 42//4 43//5
f 43//5 42//4 44//6
f 43//5 44//6 45//7
f 45//7 44//6 46//8
f 45//7 46//8 47//9
f 47//9 46//8 48//10
f 49//11 50//12 51//11
f 51//11 50//12 52//13
f 51//11 52//13 53//13
f 53//13 52//13 54//14
f 53//13 54//14 46//8
f 46//8 54//14 55//14
f 46//8 55//14 56//15
f 51//11 53//13 57//11
f 57//11 53//13 58//16
f 57//11 58//16 59//11
f 59//11 58//16 60//17
f 61//18 62//18 63//19
f 63//19 62//18 64//20
f 63//19 64//20 65//21
f 65//21 64//20 66//22
f 65//21 66//22 58//16
f 58//16 66//22 67//23
f 58//16 67//23 68//24
f 61//18 69//25 62//18
f 62//18 69//25 70//26
f 69//25 71//27 70//26
f 70//26 71//27 72//28
f 71//27 73//29 72//28
f 72//28 73//29 74//30
f 73//29 75//31 74//30
f 74//30 75//31 76//31
f 75//31 77//32 76//31
f 76//31 77//32 78//33
f 77//32 79//34 78//33
f 68//24 80//35 58//16
f 58//16 80//35 81//36
f 58//16 81//36 82//37
f 82//37 60//17 58//16
f 49//11 83//17 50//12
f 50//12 83//17 84//37
f 50//12 84//37 85//38
f 85//38 86//39 50//12
f 50//12 86//39 87//40
f 50//12 87//40 88//22
f 50//12 88//22 89//41
f 89//41 88//22 90//42
f 89//41 90//42 91//43
f 91//43 90//42 92//44
f 91//43 92//44 93//45
f 93//45 92//44 94//46
f 93//45 94//46 95//47
f 95//47 94//46 96//48
f 95//47 96//48 97//49
f 95//47 97//49 98//50
f 98//50 97//49 99//51
f 98//50 99//51 100//52
f 100//52 101//53 98//50
f 98//50 101//53 102//54
f 101//53 103//55 102//54
f 102//54 103//55 104//56
f 102//54 104//56 105//57
f 103//55 106//58 104//56
f 104//56 106//58 107//57
f 108//59 109//60 110//61
f 110//61 109//60 111//62
f 110//61 111//62 106//58
f 106//58 111//62 112//63
f 106//58 112//63 113//64
f 108//59 114//65 109//60
f 109//60 114//65 115//66
f 109//60 115//66 116//67
f 116//67 115//66 117//68
f 116//67 117//68 118//68
f 119//66 120//69 118//68
f 118//68 120//69 121//70
f 118//68 121//70 116//67
f 116//67 121//70 122//71
f 116//67 122//71 123//72
f 123//72 122//71 124//73
f 119//66 125//65 120//69
f 120//69 125//65 126//74
f 125//65 127//59 126//74
f 126//74 127//59 128//75
f 127//59 129//61 128//75
f 128//75 129//61 21//76
f 129//61 130//77 21//76
f 21//76 130//77 22//78
f 130//77 131//79 22//78
f 22//78 131//79 132//80
f 22//78 132//80 25//81
f 25//81 132//80 133//82
f 25//81 133//82 134//83
f 25//81 134//83 27//84
f 27//84 134//83 135//85
f 27//84 135//85 29//86
f 29//86 135//85 136//87
f 29//86 136//87 137//13
f 29//86 137//13 30//88
f 30//88 137//13 138//89
f 30//88 138//89 139//90
f 30//88 139//90 32//91
f 32//91 139//90 140//92
f 32//91 140//92 34//93
f 34//93 140//92 141//94
f 34//93 141//94 142//95
f 34//93 142//95 36//96
f 36//96 142//95 143//97
f 36//96 143//97 144//98
f 36//96 144//98 38//99
f 38//99 144//98 145//100
f 38//99 145//100 146//101
f 146//101 145//100 147//102
f 146//101 147//102 148//103
f 148//103 147//102 149//104
f 148//103 149//104 150//105
f 150//105 149//104 151//106
f 150//105 151//106 152//107
f 153//107 154//108 152//107
f 152//107 154//108 155//109
f 152//107 155//109 150//105
f 153//107 156//106 154//108
f 154//108 156//106 157//110
f 156//106 158//104 157//110
f 157//110 158//104 159//102
f 157//110 159//102 160//100
f 157//110 160//100 161//111
f 161//111 160//100 162//112
f 161//111 162//112 163//113
f 163//113 162//112 164//114
f 165//115 166//116 167//117
f 167//117 166//116 168//118
f 167//117 168//118 169//119
f 169//119 168//118 170//120
f 169//119 170//120 162//112
f 162//112 170//120 171//121
f 162//112 171//121 164//114
f 165//115 172//122 166//116
f 166//116 172//122 173//123
f 166//116 173//123 174//124
f 174//124 173//123 175//125
f 174//124 175//125 176//126
f 176//126 177//127 174//124
f 174//124 177//127 178//128
f 177//127 179//129 178//128
f 178//128 179//129 180//130
f 180//130 179//129 181//131
f 181//131 179//129 182//7
f 181//131 182//7 183//132
f 183//132 182//7 184//133
f 183//132 184//133 185//134
f 185//134 186//135 183//132
f 183//132 186//135 187//136
f 183//132 187//136 188//15
f 188//15 189//14 183//132
f 183//132 189//14 190//14
f 183//132 190//14 52//13
f 52//13 190//14 54//14
f 56//15 191//136 46//8
f 46//8 191//136 192//137
f 46//8 192//137 193//138
f 193//138 48//10 46//8
f 41//3 194//139 39//2
f 39//2 194//139 195//140
f 194//139 196//141 195//140
f 195//140 196//141 197//142
f 196//141 198//143 197//142
f 197//142 198//143 199//144
f 198//143 200//144 199//144
f 199//144 200//144 201//145
f 200//144 202//146 201//145
f 201//145 202//146 203//147
f 204//148 205//149 206//150
f 206//150 205//149 207//151
f 206//150 207//151 208//152
f 208//152 207//151 209//153
f 208//152 209//153 210//154
f 210//154 209//153 211//155
f 210//154 211//155 212//156
f 204//148 213//157 205//149
f 205//149 213//157 214//158
f 205//149 214//158 215//159
f 215//159 214//158 216//160
f 215//159 216//160 217//161
f 215//159 217//161 218//162
f 218//162 217//161 219//163
f 218//162 219//163 220//164
f 220//164 219//163 221//165
f 219//163 222//166 221//165
f 221//165 222//166 223//167
f 222//166 224//168 223//167
f 223//167 224//168 225//169
f 223//167 225//169 226//170
f 226//170 227//171 223//167
f 223//167 227//171 228//172
f 223//167 228//172 229//173
f 229//173 230//174 223//167
f 223//167 230//174 231//174
f 223//167 231//174 232//175
f 232//175 231//174 233//174
f 232//175 233//174 234//175
f 234//175 233//174 235//176
f 233//174 236//174 235//176
f 235//176 236//174 237//173
f 235//176 237//173 238//172
f 238//172 239//177 235//176
f 235//176 239//177 240//178
f 235//176 240//178 241//179
f 241//179 242//166 235//176
f 235//176 242//166 243//180
f 242//166 244//181 243//180
f 243//180 244//181 245//182
f 244//181 246//183 245//182
f 245//182 246//183 247//183
f 247//183 246//183 248//184
f 248//184 246//183 249//185
f 248//184 249//185 250//186
f 250//186 249//185 251//187
f 250//186 251//187 252//188
f 252//188 251//187 253//189
f 252//188 253//189 254//190
f 254//190 253//189 255//190
f 254//190 255//190 256//191
f 256//191 255//190 257//192
f 256//191 257//192 258//193
f 232//175 234//175 259//194
f 259//194 234//175 260//195
f 259//194 260//195 261//194
f 261//194 260//195 262//196
f 263//197 264//197 265//198
f 265//198 264//197 266//199
f 265//198 266//199 267//200
f 267//200 266//199 268//201
f 267//200 268//201 260//195
f 260//195 268//201 269//202
f 260//195 269//202 270//203
f 263//197 271//204 264//197
f 264//197 271//204 272//205
f 271//204 273//206 272//205
f 272//205 273//206 274//207
f 273//206 275//208 274//207
f 274//207 275//208 276//209
f 275//208 277//210 276//209
f 276//209 277//210 278//210
f 277//210 279//211 278//210
f 278//210 279//211 280//212
f 279//211 281//213 280//212
f 270//203 282//214 260//195
f 260//195 282//214 283//215
f 260//195 283//215 262//196
f 259//194 284//194 232//175
f 232//175 284//194 285//216
f 284//194 286//194 285//216
f 285//216 286//194 287//196
f 285//216 287//196 288//215
f 288//215 289//217 285//216
f 285//216 289//217 290//218
f 285//216 290//218 291//219
f 291//219 292//220 285//216
f 285//216 292//220 293//201
f 285//216 293//201 294//221
f 294//221 293//201 295//222
f 294//221 295//222 296//223
f 296//223 295//222 297//224
f 296//223 297//224 298//225
f 298//225 297//224 299//226
f 298//225 299//226 300//227
f 300//227 299//226 301//228
f 300//227 301//228 302//229
f 302//229 301//228 303//230
f 302//229 303//230 304//231
f 304//231 305//232 302//229
f 302//229 305//232 306//233
f 305//232 307//234 306//233
f 306//233 307//234 308//235
f 306//233 308//235 309//236
f 307//234 310//237 308//235
f 308//235 310//237 311//236
f 312//238 313//239 314//240
f 314//240 313//239 315//241
f 314//240 315//241 310//237
f 310//237 315//241 316//242
f 310//237 316//242 317//243
f 312//238 318//244 313//239
f 313//239 318//244 319//245
f 313//239 319//245 320//246
f 320//246 319//245 321//247
f 320//246 321//247 322//247
f 323//245 324//248 322//247
f 322//247 324//248 325//249
f 322//247 325//249 320//246
f 320//246 325//249 326//250
f 320//246 326//250 327//251
f 327//251 326//250 328//252
f 323//245 329//244 324//248
f 324//248 329//244 330//253
f 329//244 331//238 330//253
f 330//253 331//238 332//254
f 331//238 333//240 332//254
f 332//254 333//240 20//255
f 333//240 334//256 20//255
f 20//255 334//256 18//257
f 334//256 335//258 18//257
f 18//257 335//258 336//259
f 18//257 336//259 16//260
f 16//260 336//259 337//261
f 16//260 337//261 338//262
f 16//260 338//262 14//263
f 14//263 338//262 339//264
f 14//263 339//264 12//265
f 12//265 339//264 340//266
f 12//265 340//266 341//175
f 342//267 9//268 341//175
f 341//175 9//268 11//175
f 341//175 11//175 12//265
f 342//267 343//269 9//268
f 9//268 343//269 7//270
f 343//269 344//271 7//270
f 7//270 344//271 5//272
f 344//271 345//273 5//272
f 5//272 345//273 346//274
f 5//272 346//274 3//275
f 3//275 346//274 347//276
f 3//275 347//276 348//277
f 3//275 348//277 1//278
f 1//278 348//277 349//279
f 1//278 349//279 350//280
f 350//280 349//279 351//281
f 350//280 351//281 352//282
f 352//282 351//281 353//283
f 352//282 353//283 354//284
f 354//284 353//283 355//285
f 354//284 355//285 356//286
f 357//286 358//287 356//286
f 356//286 358//287 359//288
f 356//286 359//288 354//284
f 357//286 360//285 358//287
f 358//287 360//285 361//289
f 360//285 362//283 361//289
f 361//289 362//283 363//281
f 361//289 363//281 364//279
f 361//289 364//279 365//290
f 365//290 364//279 210//154
f 365//290 210//154 366//291
f 366//291 210//154 212//156
f 367//292 368//293 369//294
f 369//294 368//293 370//295
f 369//294 370//295 371//241
f 371//241 370//295 306//233
f 371//241 306//233 372//242
f 372//242 306//233 373//243
f 369//294 374//296 367//292
f 367//292 374//296 375//297
f 367//292 375//297 376//298
f 376//298 375//297 377//299
f 376//298 377//299 378//300
f 376//298 378//300 379//301
f 379//301 378//300 380//301
f 379//301 380//301 381//302
f 379//301 381//302 382//303
f 382//303 381//302 383//304
f 382//303 383//304 384//305
f 382//303 384//305 385//306
f 385//306 384//305 386//307
f 385//306 386//307 387//308
f 387//308 386//307 388//309
f 387//308 388//309 389//310
f 389//310 388//309 390//111
f 389//310 390//111 168//118
f 168//118 390//111 391//113
f 168//118 391//113 392//114
f 392//114 393//121 168//118
f 168//118 393//121 170//120
f 394//311 395//301 154//108
f 154//108 395//301 396//312
f 154//108 396//312 155//109
f 394//311 397//313 395//301
f 395//301 397//313 398//314
f 395//301 398//314 399//301
f 399//301 400//315 395//301
f 395//301 400//315 326//250
f 400//315 328//252 326//250
f 317//243 311//236 310//237
f 309//236 373//243 306//233
f 401//291 207//151 402//290
f 402//290 207//151 403//316
f 402//290 403//316 404//317
f 404//317 403//316 405//318
f 404//317 405//318 406//319
f 406//319 405//318 407//320
f 406//319 407//320 408//321
f 408//321 407//320 409//322
f 408//321 409//322 410//323
f 410//323 409//322 411//324
f 401//291 412//156 207//151
f 207//151 412//156 413//155
f 207//151 413//155 209//153
f 414//325 415//326 358//287
f 358//287 415//326 416//327
f 358//287 416//327 359//288
f 414//325 417//328 415//326
f 415//326 417//328 418//329
f 415//326 418//329 419//326
f 419//326 420//330 415//326
f 415//326 420//330 122//71
f 420//330 124//73 122//71
f 113//64 107//57 106//58
f 105//57 421//64 102//54
f 102//54 421//64 422//63
f 102//54 422//63 423//62
f 102//54 423//62 424//331
f 424//331 423//62 425//332
f 424//331 425//332 426//333
f 426//333 425//332 427//334
f 425//332 428//335 427//334
f 427//334 428//335 429//336
f 427//334 429//336 430//337
f 430//337 429//336 431//338
f 430//337 431//338 432//339
f 430//337 432//339 433//326
f 433//326 432//339 434//326
f 433//326 434//326 411//324
f 409//322 433//326 411//324
usemtl item_0045972_angle_element_6_t2-30_details_3_color_2
f 403//340 207//340 435//340
f 435//340 207//340 436//340
f 207//340 205//340 436//340
f 436//340 205//340 215//340
f 436//340 215//340 218//340
f 218//340 220//340 436//340
f 436//340 220//340 221//340
f 436//340 221//340 223//340
f 223//340 232//340 436//340
f 436//340 232//340 437//340
f 232//340 285//340 437//340
f 437//340 285//340 294//340
f 437//340 294//340 296//340
f 296//340 298//340 437//340
f 437//340 298//340 300//340
f 437//340 300//340 302//340
f 302//340 306//340 437//340
f 437//340 306//340 438//340
f 306//340 370//340 438//340
f 370//340 368//341 438//340
f 438//340 368//341 439//342
f 368//341 367//343 439//342
f 439//342 367//343 440//344
f 367//343 376//345 440//344
f 440//344 376//345 441//1
f 376//345 379//1 441//1
f 441//1 379//1 382//346
f 441//1 382//346 442//347
f 442//347 382//346 385//348
f 442//347 385//348 443//349
f 443//349 385//348 387//350
f 443//349 387//350 444//351
f 444//351 387//350 389//351
f 111//340 109//340 445//340
f 445//340 109//340 446//340
f 109//340 116//340 446//340
f 116//340 123//352 446//340
f 446//340 123//352 447//342
f 123//352 124//353 447//342
f 447//342 124//353 448//344
f 124//353 420//354 448//344
f 448//344 420//354 449//1
f 420//354 419//1 449//1
f 449//1 419//1 418//355
f 449//1 418//355 450//347
f 450//347 418//355 417//356
f 450//347 417//356 451//349
f 451//349 417//356 414//357
f 451//349 414//357 452//351
f 452//351 414//357 358//351
f 358//351 361//351 452//351
f 452//351 361//351 453//351
f 361//351 365//351 453//351
f 365//351 366//358 453//351
f 453//351 366//358 454//359
f 366//358 212//360 454//359
f 454//359 212//360 455//361
f 212//360 211//362 455//361
f 455//361 211//362 456//175
f 211//362 209//175 456//175
f 456//175 209//175 413//363
f 456//175 413//363 457//364
f 457//364 413//363 412//365
f 457//364 412//365 458//366
f 458//366 412//365 401//367
f 458//366 401//367 459//368
f 459//368 401//367 402//368
f 154//340 157//340 460//340
f 460//340 157//340 461//340
f 157//340 161//340 461//340
f 161//340 163//369 461//340
f 461//340 163//369 462//370
f 163//369 164//371 462//370
f 462//370 164//371 463//372
f 164//371 171//373 463//372
f 463//372 171//373 464//13
f 171//373 170//13 464//13
f 464//13 170//13 393//374
f 464//13 393//374 465//375
f 465//375 393//374 392//376
f 465//375 392//376 466//377
f 466//377 392//376 391//378
f 466//377 391//378 467//379
f 467//379 391//378 390//379
f 390//379 388//379 467//379
f 467//379 388//379 386//379
f 467//379 386//379 468//379
f 386//379 384//380 468//379
f 468//379 384//380 469//381
f 384//380 383//382 469//381
f 469//381 383//382 470//383
f 383//382 381//384 470//383
f 470//383 381//384 471//385
f 381//384 380//385 471//385
f 471//385 380//385 378//386
f 471//385 378//386 472//387
f 472//387 378//386 377//388
f 472//387 377//388 473//389
f 473//389 377//388 375//390
f 473//389 375//390 474//368
f 474//368 375//390 374//368
f 475//368 263//368 476//368
f 476//368 263//368 265//368
f 476//368 265//368 267//368
f 267//368 260//368 476//368
f 476//368 260//368 234//368
f 476//368 234//368 477//368
f 477//368 234//368 235//368
f 477//368 235//368 243//368
f 243//368 245//368 477//368
f 477//368 245//368 247//368
f 477//368 247//368 478//368
f 247//368 248//391 478//368
f 478//368 248//391 479//366
f 248//391 250//392 479//366
f 479//366 250//392 252//393
f 479//366 252//393 480//364
f 480//364 252//393 254//394
f 480//364 254//394 256//395
f 480//364 256//395 481//175
f 481//175 256//395 258//396
f 481//175 258//396 257//397
f 481//175 257//397 482//361
f 482//361 257//397 255//398
f 482//361 255//398 253//399
f 482//361 253//399 483//359
f 483//359 253//399 251//400
f 483//359 251//400 249//401
f 246//351 484//351 249//401
f 249//401 484//351 483//359
f 264//351 272//401 485//351
f 485//351 272//401 486//359
f 272//401 274//400 486//359
f 486//359 274//400 276//399
f 486//359 276//399 487//361
f 487//361 276//399 278//398
f 487//361 278//398 280//397
f 487//361 280//397 488//175
f 488//175 280//397 281//396
f 488//175 281//396 279//395
f 488//175 279//395 489//364
f 489//364 279//395 277//394
f 489//364 277//394 275//393
f 275//393 273//392 489//364
f 489//364 273//392 490//366
f 273//392 271//391 490//366
f 490//366 271//391 475//368
f 271//391 263//368 475//368
f 484//351 246//351 491//351
f 491//351 246//351 244//351
f 491//351 244//351 242//351
f 268//351 266//351 492//351
f 492//351 266//351 264//351
f 492//351 264//351 485//351
f 491//351 242//351 493//359
f 493//359 242//351 241//402
f 493//359 241//402 240//403
f 493//359 240//403 494//361
f 494//361 240//403 239//404
f 494//361 239//404 238//405
f 494//361 238//405 495//175
f 495//175 238//405 237//406
f 495//175 237//406 236//407
f 236//407 233//408 495//175
f 495//175 233//408 231//396
f 495//175 231//396 230//409
f 230//409 229//410 495//175
f 495//175 229//410 228//411
f 495//175 228//411 227//412
f 495//175 227//412 496//364
f 496//364 227//412 226//413
f 496//364 226//413 225//414
f 225//414 224//415 496//364
f 496//364 224//415 497//366
f 224//415 222//368 497//366
f 497//366 222//368 498//368
f 499//368 293//368 500//366
f 500//366 293//368 292//415
f 500//366 292//415 291//414
f 500//366 291//414 501//364
f 501//364 291//414 290//413
f 501//364 290//413 289//412
f 501//364 289//412 502//175
f 502//175 289//412 288//411
f 502//175 288//411 287//410
f 287//410 286//409 502//175
f 502//175 286//409 284//396
f 502//175 284//396 259//408
f 259//408 261//407 502//175
f 502//175 261//407 262//406
f 502//175 262//406 283//405
f 502//175 283//405 503//361
f 503//361 283//405 282//404
f 503//361 282//404 270//403
f 270//403 269//402 503//361
f 503//361 269//402 504//359
f 269//402 268//351 504//359
f 504//359 268//351 492//351
f 222//368 219//368 498//368
f 498//368 219//368 217//368
f 498//368 217//368 505//368
f 506//368 297//368 499//368
f 499//368 297//368 295//368
f 499//368 295//368 293//368
f 505//368 217//368 507//389
f 507//389 217//368 216//416
f 507//389 216//416 508//387
f 508//387 216//416 214//417
f 508//387 214//417 509//385
f 509//385 214//417 213//418
f 509//385 213//418 510//383
f 510//383 213//418 204//419
f 510//383 204//419 511//381
f 511//381 204//419 206//420
f 511//381 206//420 512//379
f 512//379 206//420 208//379
f 307//379 305//420 513//379
f 513//379 305//420 514//381
f 305//420 304//419 514//381
f 514//381 304//419 515//383
f 304//419 303//418 515//383
f 515//383 303//418 516//385
f 303//418 301//417 516//385
f 516//385 301//417 517//387
f 301//417 299//416 517//387
f 517//387 299//416 518//389
f 299//416 297//368 518//389
f 518//389 297//368 506//368
f 145//351 144//351 519//351
f 519//351 144//351 520//351
f 144//351 143//351 520//351
f 520//351 143//351 142//351
f 520//351 142//351 141//351
f 141//351 140//351 520//351
f 520//351 140//351 139//351
f 520//351 139//351 138//351
f 138//351 137//351 520//351
f 520//351 137//351 521//351
f 137//351 136//351 521//351
f 521//351 136//351 135//351
f 521//351 135//351 134//351
f 134//351 133//351 521//351
f 521//351 133//351 132//351
f 521//351 132//351 131//351
f 131//351 130//351 521//351
f 521//351 130//351 522//351
f 130//351 129//351 522//351
f 129//351 127//421 522//351
f 522//351 127//421 523//359
f 127//421 125//422 523//359
f 523//359 125//422 524//361
f 125//422 119//423 524//361
f 524//361 119//423 525//175
f 119//423 118//175 525//175
f 118//175 117//175 525//175
f 525//175 117//175 526//175
f 526//175 117//175 527//424
f 527//424 117//175 115//425
f 527//424 115//425 528//364
f 528//364 115//425 114//426
f 528//364 114//426 529//427
f 529//427 114//426 530//366
f 114//426 108//428 530//366
f 530//366 108//428 531//429
f 108//428 110//368 531//429
f 531//429 110//368 532//368
f 532//368 110//368 533//368
f 533//368 110//368 106//368
f 533//368 106//368 103//368
f 103//368 101//430 533//368
f 533//368 101//430 534//389
f 101//430 100//431 534//389
f 534//389 100//431 535//387
f 100//431 99//432 535//387
f 535//387 99//432 536//385
f 99//432 97//433 536//385
f 536//385 97//433 537//383
f 97//433 96//434 537//383
f 537//383 96//434 94//435
f 537//383 94//435 538//381
f 538//381 94//435 92//379
f 538//381 92//379 539//379
f 539//379 92//379 540//379
f 540//379 92//379 90//379
f 540//379 90//379 88//379
f 540//379 88//379 541//377
f 541//377 88//379 87//436
f 541//377 87//436 86//437
f 541//377 86//437 542//375
f 542//375 86//437 85//438
f 542//375 85//438 84//439
f 542//375 84//439 543//13
f 543//13 84//439 83//440
f 543//13 83//440 49//441
f 49//441 51//442 543//13
f 543//13 51//442 57//443
f 543//13 57//443 59//444
f 59//444 60//445 543//13
f 543//13 60//445 82//446
f 543//13 82//446 81//447
f 543//13 81//447 544//372
f 544//372 81//447 80//448
f 544//372 80//448 68//449
f 68//449 67//450 544//372
f 544//372 67//450 545//370
f 67//450 66//340 545//370
f 545//370 66//340 546//340
f 66//340 64//340 546//340
f 546//340 64//340 62//340
f 546//340 62//340 547//340
f 62//340 70//451 547//340
f 547//340 70//451 548//370
f 70//451 72//452 548//370
f 548//370 72//452 74//453
f 548//370 74//453 549//372
f 549//372 74//453 76//454
f 549//372 76//454 78//455
f 549//372 78//455 550//13
f 550//13 78//455 79//456
f 550//13 79//456 77//457
f 550//13 77//457 551//375
f 551//375 77//457 75//458
f 551//375 75//458 73//459
f 73//459 71//460 551//375
f 551//375 71//460 552//377
f 71//460 69//461 552//377
f 552//377 69//461 553//379
f 69//461 61//379 553//379
f 326//462 325//463 554//387
f 554//387 325//463 324//464
f 554//387 324//464 555//389
f 555//389 324//464 330//465
f 555//389 330//465 556//368
f 556//368 330//465 332//466
f 556//368 332//466 20//467
f 554//387 557//385 326//462
f 326//462 557//385 395//385
f 395//385 557//385 396//468
f 396//468 557//385 558//383
f 396//468 558//383 155//469
f 155//469 558//383 150//470
f 558//383 559//381 150//470
f 150//470 559//381 148//471
f 559//381 560//379 148//471
f 148//471 560//379 146//472
f 146//472 560//379 38//473
f 38//473 560//379 561//377
f 38//473 561//377 562//375
f 563//474 564//475 565//13
f 565//13 564//475 566//476
f 565//13 566//476 562//375
f 562//375 566//476 567//477
f 562//375 567//477 568//478
f 565//13 569//372 563//474
f 563//474 569//372 570//479
f 570//479 569//372 571//480
f 571//480 569//372 572//370
f 571//480 572//370 573//481
f 573//481 572//370 574//340
f 573//481 574//340 575//482
f 575//482 574//340 576//483
f 574//340 577//342 576//483
f 576//483 577//342 578//484
f 577//342 579//344 578//484
f 578//484 579//344 580//485
f 580//485 579//344 581//486
f 581//486 579//344 582//1
f 581//486 582//1 583//1
f 583//1 582//1 584//487
f 582//1 585//347 584//487
f 584//487 585//347 586//488
f 586//488 585//347 587//489
f 587//489 585//347 588//349
f 587//489 588//349 589//490
f 589//490 588//349 590//351
f 589//490 590//351 591//491
f 591//491 590//351 592//359
f 591//491 592//359 593//492
f 593//492 592//359 594//493
f 592//359 595//361 594//493
f 594//493 595//361 596//494
f 596//494 595//361 597//495
f 597//495 595//361 598//175
f 597//495 598//175 599//496
f 599//496 598//175 600//412
f 598//175 601//364 600//412
f 600//412 601//364 602//497
f 603//366 20//467 601//364
f 601//364 20//467 604//498
f 601//364 604//498 602//497
f 603//366 556//368 20//467
f 37//473 38//473 568//478
f 568//478 38//473 562//375
f 20//467 19//467 604//498
usemtl item_0045972_angle_element_6_t2-30_details_3_color_1
f 23//78 24//81 605//499
f 605//499 24//81 606//500
f 564//501 563//502 35//93
f 35//93 563//502 607//503
f 35//93 607//503 33//91
f 33//91 607//503 608//504
f 33//91 608//504 31//88
f 31//88 608//504 609//13
f 31//88 609//13 28//86
f 28//86 609//13 610//505
f 28//86 610//505 26//84
f 26//84 610//505 611//506
f 26//84 611//506 24//81
f 24//81 611//506 612//507
f 24//81 612//507 613//508
f 37//96 568//509 35//93
f 35//93 568//509 567//510
f 35//93 567//510 566//511
f 566//511 564//501 35//93
f 607//503 563//502 614//511
f 614//511 563//502 570//512
f 614//511 570//512 571//513
f 571//513 573//514 614//511
f 614//511 573//514 615//515
f 573//514 575//516 615//515
f 615//515 575//516 576//517
f 615//515 576//517 616//518
f 616//518 576//517 578//519
f 616//518 578//519 580//520
f 580//520 581//521 616//518
f 616//518 581//521 617//301
f 581//521 583//301 617//301
f 617//301 583//301 584//522
f 617//301 584//522 618//523
f 618//523 584//522 586//524
f 618//523 586//524 587//525
f 587//525 589//526 618//523
f 618//523 589//526 619//527
f 589//526 591//528 619//527
f 619//527 591//528 593//529
f 619//527 593//529 620//530
f 620//530 593//529 594//531
f 620//530 594//531 596//532
f 596//532 597//533 620//530
f 620//530 597//533 621//534
f 621//534 597//533 17//260
f 17//260 597//533 599//535
f 17//260 599//535 600//530
f 600//530 602//536 17//260
f 17//260 602//536 604//537
f 17//260 604//537 19//257
f 17//260 15//263 621//534
f 621//534 15//263 622//538
f 15//263 13//265 622//538
f 622//538 13//265 623//175
f 13//265 10//175 623//175
f 623//175 10//175 8//268
f 623//175 8//268 624//539
f 624//539 8//268 6//270
f 624//539 6//270 625//540
f 625//540 6//270 4//272
f 625//540 4//272 626//541
f 626//541 4//272 627//542
f 2//275 628//543 4//272
f 4//272 628//543 629//544
f 4//272 629//544 630//545
f 630//545 627//542 4//272
f 625//540 626//541 631//545
f 631//545 626//541 632//546
f 631//545 632//546 633//547
f 633//547 634//548 631//545
f 631//545 634//548 635//549
f 634//548 636//550 635//549
f 635//549 636//550 637//551
f 635//549 637//551 638//552
f 638//552 637//551 639//553
f 638//552 639//553 640//554
f 640//554 641//555 638//552
f 638//552 641//555 642//326
f 641//555 643//326 642//326
f 642//326 643//326 644//556
f 642//326 644//556 645//557
f 645//557 644//556 646//558
f 645//557 646//558 647//559
f 647//559 648//560 645//557
f 645//557 648//560 649//561
f 648//560 650//562 649//561
f 649//561 650//562 651//563
f 649//561 651//563 652//564
f 652//564 651//563 653//565
f 652//564 653//565 654//566
f 654//566 612//507 652//564
f 652//564 612//507 611//506
f 613//508 655//564 24//81
f 24//81 655//564 606//500
usemtl item_0045972_angle_element_6_t2-30_details_3_color_2
f 389//351 168//351 444//351
f 444//351 168//351 656//351
f 168//351 166//351 656//351
f 656//351 166//351 174//351
f 656//351 174//351 178//351
f 178//351 180//351 656//351
f 656//351 180//351 181//351
f 656//351 181//351 183//351
f 183//351 52//351 656//351
f 656//351 52//351 657//351
f 52//351 50//351 657//351
f 657//351 50//351 89//351
f 657//351 89//351 91//351
f 91//351 93//351 657//351
f 657//351 93//351 95//351
f 657//351 95//351 98//351
f 98//351 102//351 657//351
f 657//351 102//351 658//351
f 102//351 424//351 658//351
f 424//351 426//350 658//351
f 658//351 426//350 659//349
f 426//350 427//348 659//349
f 659//349 427//348 660//347
f 427//348 430//346 660//347
f 660//347 430//346 661//1
f 430//346 433//1 661//1
f 661//1 433//1 409//345
f 661//1 409//345 662//344
f 662//344 409//345 407//343
f 662//344 407//343 663//342
f 663//342 407//343 405//341
f 663//342 405//341 435//340
f 435//340 405//341 403//340
f 402//368 404//368 459//368
f 459//368 404//368 406//368
f 459//368 406//368 664//368
f 474//368 374//368 665//368
f 665//368 374//368 369//368
f 665//368 369//368 371//368
f 371//368 372//367 665//368
f 665//368 372//367 666//366
f 372//367 373//567 666//366
f 666//366 373//567 667//364
f 373//567 309//363 667//364
f 667//364 309//363 668//175
f 309//363 308//175 668//175
f 668//175 308//175 311//362
f 668//175 311//362 669//361
f 669//361 311//362 317//568
f 669//361 317//568 670//359
f 670//359 317//568 316//358
f 670//359 316//358 671//351
f 671//351 316//358 315//351
f 406//368 408//390 664//368
f 664//368 408//390 672//389
f 408//390 410//388 672//389
f 672//389 410//388 673//387
f 410//388 411//386 673//387
f 673//387 411//386 674//385
f 411//386 434//385 674//385
f 674//385 434//385 432//384
f 674//385 432//384 675//383
f 675//383 432//384 431//382
f 675//383 431//382 676//381
f 676//381 431//382 429//380
f 676//381 429//380 677//379
f 677//379 429//380 428//379
f 315//351 313//351 671//351
f 671//351 313//351 678//351
f 313//351 320//351 678//351
f 677//379 428//379 679//379
f 679//379 428//379 425//379
f 679//379 425//379 423//379
f 320//351 327//357 678//351
f 678//351 327//357 680//349
f 327//357 328//356 680//349
f 680//349 328//356 681//347
f 328//356 400//355 681//347
f 681//347 400//355 682//1
f 400//355 399//1 682//1
f 682//1 399//1 398//354
f 682//1 398//354 683//344
f 683//344 398//354 397//353
f 683//344 397//353 684//342
f 684//342 397//353 394//352
f 684//342 394//352 460//340
f 460//340 394//352 154//340
f 423//379 422//378 679//379
f 679//379 422//378 685//377
f 422//378 421//376 685//377
f 685//377 421//376 686//375
f 421//376 105//374 686//375
f 686//375 105//374 687//13
f 105//374 104//13 687//13
f 687//13 104//13 107//373
f 687//13 107//373 688//372
f 688//372 107//373 113//371
f 688//372 113//371 689//370
f 689//370 113//371 112//369
f 689//370 112//369 445//340
f 445//340 112//369 111//340
f 208//379 210//379 512//379
f 512//379 210//379 364//379
f 512//379 364//379 690//379
f 364//379 363//569 690//379
f 690//379 363//569 691//377
f 363//569 362//570 691//377
f 691//377 362//570 692//375
f 362//570 360//571 692//375
f 692//375 360//571 693//13
f 360//571 357//13 693//13
f 357//13 356//13 693//13
f 693//13 356//13 694//13
f 694//13 356//13 695//572
f 695//572 356//13 355//573
f 695//572 355//573 696//372
f 696//372 355//573 353//574
f 696//372 353//574 697//575
f 697//575 353//574 698//370
f 353//574 351//576 698//370
f 698//370 351//576 699//577
f 351//576 349//340 699//577
f 699//577 349//340 700//340
f 23//473 605//478 21//473
f 21//473 605//478 701//375
f 21//473 701//375 702//377
f 605//478 606//477 701//375
f 701//375 606//477 655//476
f 701//375 655//476 703//13
f 703//13 655//476 613//475
f 703//13 613//475 612//474
f 703//13 612//474 704//372
f 704//372 612//474 654//479
f 704//372 654//479 653//480
f 704//372 653//480 705//370
f 705//370 653//480 651//481
f 705//370 651//481 650//482
f 705//370 650//482 706//340
f 706//340 650//482 648//483
f 706//340 648//483 707//342
f 707//342 648//483 647//484
f 707//342 647//484 708//344
f 708//344 647//484 646//485
f 708//344 646//485 644//486
f 708//344 644//486 709//1
f 709//1 644//486 643//1
f 709//1 643//1 641//487
f 709//1 641//487 710//347
f 710//347 641//487 640//488
f 710//347 640//488 639//489
f 710//347 639//489 711//349
f 711//349 639//489 637//490
f 711//349 637//490 712//351
f 712//351 637//490 636//491
f 712//351 636//491 634//492
f 712//351 634//492 713//359
f 713//359 634//492 633//493
f 713//359 633//493 714//361
f 714//361 633//493 632//494
f 714//361 632//494 626//495
f 714//361 626//495 715//175
f 715//175 626//495 627//496
f 715//175 627//496 630//412
f 715//175 630//412 716//364
f 716//364 630//412 629//497
f 716//364 629//497 628//498
f 2//467 1//467 628//498
f 628//498 1//467 716//364
f 350//466 717//368 1//467
f 1//467 717//368 718//366
f 1//467 718//366 716//364
f 350//466 352//465 717//368
f 717//368 352//465 719//389
f 352//465 354//464 719//389
f 719//389 354//464 720//387
f 354//464 359//463 720//387
f 720//387 359//463 416//462
f 720//387 416//462 721//385
f 721//385 416//462 415//385
f 721//385 415//385 122//468
f 721//385 122//468 722//383
f 722//383 122//468 121//469
f 722//383 121//469 120//470
f 722//383 120//470 723//381
f 723//381 120//470 126//471
f 723//381 126//471 128//472
f 723//381 128//472 724//379
f 724//379 128//472 21//473
f 724//379 21//473 702//377
f 725//368 726//368 727//389
f 727//389 726//368 728//389
f 727//389 728//389 729//387
f 729//387 728//389 730//387
f 729//387 730//387 731//385
f 731//385 732//385 729//387
f 725//368 733//368 726//368
f 726//368 733//368 734//368
f 603//326 735//326 556//326
f 556//326 735//326 736//326
f 556//326 736//326 555//326
f 555//326 736//326 554//326
f 603//326 601//326 735//326
f 735//326 601//326 598//326
f 735//326 598//326 737//326
f 737//326 598//326 738//326
f 737//326 738//326 739//326
f 598//326 595//326 738//326
f 738//326 595//326 592//326
f 738//326 592//326 740//326
f 740//326 592//326 590//326
f 740//326 590//326 741//326
f 741//326 590//326 742//326
f 590//326 588//326 742//326
f 742//326 588//326 743//326
f 743//326 588//326 744//326
f 744//326 588//326 585//326
f 744//326 585//326 745//326
f 745//326 585//326 582//326
f 745//326 582//326 746//326
f 746//326 582//326 747//326
f 746//326 747//326 748//326
f 747//326 582//326 749//326
f 749//326 582//326 579//326
f 749//326 579//326 750//326
f 750//326 579//326 577//326
f 750//326 577//326 751//326
f 751//326 577//326 752//326
f 577//326 574//326 752//326
f 752//326 574//326 753//326
f 753//326 574//326 754//326
f 754//326 574//326 572//326
f 754//326 572//326 755//326
f 755//326 572//326 569//326
f 755//326 569//326 565//326
f 562//326 520//326 565//326
f 565//326 520//326 756//326
f 565//326 756//326 757//326
f 757//326 756//326 758//326
f 757//326 758//326 759//326
f 759//326 758//326 760//326
f 759//326 760//326 761//326
f 562//326 561//326 520//326
f 520//326 561//326 560//326
f 520//326 560//326 519//326
f 519//326 560//326 559//326
f 519//326 559//326 558//326
f 558//326 557//326 519//326
f 519//326 557//326 762//326
f 519//326 762//326 763//326
f 763//326 762//326 764//326
f 763//326 764//326 765//326
f 762//326 557//326 736//326
f 736//326 557//326 554//326
f 766//326 767//326 768//326
f 768//326 767//326 769//326
f 768//326 769//326 770//326
f 770//326 769//326 771//326
f 770//326 771//326 772//326
f 772//326 771//326 773//326
f 772//326 773//326 774//326
f 774//326 773//326 775//326
f 774//326 775//326 776//326
f 776//326 775//326 777//326
f 776//326 777//326 778//326
f 778//326 777//326 779//326
f 778//326 779//326 780//326
f 780//326 779//326 781//326
f 780//326 781//326 782//326
f 782//326 781//326 783//326
f 766//326 784//326 767//326
f 767//326 784//326 785//326
f 767//326 785//326 786//326
f 786//326 785//326 787//326
f 785//326 788//326 787//326
f 787//326 788//326 789//326
f 788//326 790//326 789//326
f 789//326 790//326 791//326
f 790//326 792//326 791//326
f 791//326 792//326 793//326
f 793//326 792//326 794//326
f 794//326 792//326 795//326
f 794//326 795//326 796//326
f 796//326 795//326 797//326
f 796//326 797//326 798//326
f 798//326 797//326 799//326
f 798//326 799//326 800//326
f 801//326 802//326 800//326
f 800//326 802//326 803//326
f 800//326 803//326 798//326
f 798//326 803//326 804//326
f 801//326 805//326 802//326
f 802//326 805//326 806//326
f 805//326 807//326 806//326
f 806//326 807//326 808//326
f 808//326 807//326 809//326
f 809//326 807//326 810//326
f 809//326 810//326 811//326
f 811//326 810//326 812//326
f 812//326 810//326 813//326
f 813//326 810//326 814//326
f 813//326 814//326 815//326
f 813//326 815//326 816//326
f 816//326 815//326 817//326
f 816//326 817//326 818//326
f 818//326 817//326 819//326
f 818//326 819//326 820//326
f 820//326 819//326 821//326
f 820//326 821//326 781//326
f 781//326 821//326 783//326
f 473//326 474//326 438//326
f 438//326 474//326 665//326
f 438//326 665//326 666//326
f 438//326 666//326 518//326
f 518//326 666//326 667//326
f 518//326 667//326 517//326
f 517//326 667//326 668//326
f 517//326 668//326 516//326
f 516//326 668//326 669//326
f 516//326 669//326 515//326
f 515//326 669//326 670//326
f 515//326 670//326 671//326
f 680//326 822//326 678//326
f 678//326 822//326 823//326
f 678//326 823//326 671//326
f 671//326 823//326 513//326
f 671//326 513//326 514//326
f 680//326 681//326 822//326
f 822//326 681//326 824//326
f 681//326 682//326 824//326
f 824//326 682//326 825//326
f 824//326 825//326 826//326
f 825//326 682//326 827//326
f 827//326 682//326 683//326
f 827//326 683//326 684//326
f 827//326 684//326 828//326
f 828//326 684//326 460//326
f 828//326 460//326 829//326
f 829//326 460//326 830//326
f 460//326 461//326 830//326
f 830//326 461//326 831//326
f 462//326 832//326 461//326
f 461//326 832//326 833//326
f 461//326 833//326 831//326
f 462//326 463//326 832//326
f 832//326 463//326 834//326
f 463//326 464//326 834//326
f 834//326 464//326 835//326
f 464//326 465//326 835//326
f 835//326 465//326 836//326
f 465//326 466//326 836//326
f 836//326 466//326 444//326
f 836//326 444//326 656//326
f 466//326 467//326 444//326
f 444//326 467//326 468//326
f 444//326 468//326 469//326
f 473//326 439//326 472//326
f 472//326 439//326 440//326
f 472//326 440//326 471//326
f 471//326 440//326 441//326
f 471//326 441//326 470//326
f 470//326 441//326 442//326
f 470//326 442//326 469//326
f 469//326 442//326 443//326
f 469//326 443//326 444//326
f 837//326 838//326 839//326
f 839//326 838//326 840//326
f 839//326 840//326 841//326
f 841//326 840//326 842//326
f 841//326 842//326 843//326
f 843//326 842//326 844//326
f 843//326 844//326 845//326
f 845//326 844//326 846//326
f 845//326 846//326 847//326
f 847//326 846//326 848//326
f 847//326 848//326 849//326
f 849//326 848//326 850//326
f 837//326 851//326 838//326
f 838//326 851//326 852//326
f 838//326 852//326 853//326
f 853//326 852//326 854//326
f 853//326 854//326 855//326
f 851//326 856//326 852//326
f 852//326 856//326 857//326
f 856//326 858//326 857//326
f 857//326 858//326 859//326
f 858//326 860//326 859//326
f 859//326 860//326 861//326
f 860//326 862//326 861//326
f 861//326 862//326 863//326
f 861//326 863//326 864//326
f 864//326 863//326 865//326
f 865//326 863//326 866//326
f 866//326 863//326 867//326
f 866//326 867//326 868//326
f 868//326 867//326 869//326
f 868//326 869//326 870//326
f 868//326 870//326 871//326
f 871//326 870//326 872//326
f 871//326 872//326 873//326
f 873//326 872//326 874//326
f 873//326 874//326 875//326
f 875//326 874//326 876//326
f 875//326 876//326 877//326
f 875//326 877//326 878//326
f 878//326 877//326 879//326
f 878//326 879//326 880//326
f 880//326 879//326 881//326
f 879//326 882//326 881//326
f 881//326 882//326 883//326
f 882//326 884//326 883//326
f 883//326 884//326 885//326
f 884//326 886//326 885//326
f 885//326 886//326 887//326
f 887//326 886//326 725//326
f 725//326 886//326 888//326
f 725//326 888//326 889//326
f 889//326 890//326 725//326
f 725//326 890//326 733//326
f 890//326 850//326 733//326
f 733//326 850//326 848//326
f 891//326 892//326 893//326
f 893//326 892//326 894//326
f 893//326 894//326 895//326
f 895//326 894//326 896//326
f 894//326 804//326 896//326
f 896//326 804//326 803//326
f 786//326 897//326 767//326
f 767//326 897//326 898//326
f 767//326 898//326 899//326
f 767//326 899//326 900//326
f 900//326 899//326 901//326
f 900//326 901//326 902//326
f 903//326 904//326 905//326
f 905//326 904//326 906//326
f 905//326 906//326 902//326
f 902//326 906//326 907//326
f 902//326 907//326 900//326
f 905//326 908//326 903//326
f 903//326 908//326 909//326
f 903//326 909//326 748//326
f 748//326 909//326 746//326
f 737//326 739//326 910//326
f 910//326 739//326 891//326
f 910//326 891//326 893//326
f 759//326 761//326 911//326
f 911//326 761//326 912//326
f 911//326 912//326 913//326
f 913//326 912//326 914//326
f 913//326 914//326 915//326
f 915//326 914//326 916//326
f 915//326 916//326 873//326
f 873//326 916//326 871//326
f 757//326 755//326 565//326
f 906//326 904//326 732//326
f 732//326 904//326 917//326
f 732//326 917//326 729//326
f 729//326 917//326 727//326
f 917//326 918//326 727//326
f 727//326 918//326 919//326
f 727//326 919//326 725//326
f 725//326 919//326 920//326
f 725//326 920//326 921//326
f 921//326 887//326 725//326
f 781//326 922//326 820//326
f 820//326 922//326 923//326
f 924//326 925//326 922//326
f 922//326 925//326 926//326
f 922//326 926//326 927//326
f 924//326 928//326 925//326
f 925//326 928//326 929//326
f 925//326 929//326 930//326
f 930//326 931//326 925//326
f 926//326 925//326 932//326
f 932//326 925//326 933//326
f 932//326 933//326 934//326
f 934//326 933//326 935//326
f 936//326 937//326 933//326
f 933//326 937//326 938//326
f 933//326 938//326 939//326
f 939//326 935//326 933//326
f 934//326 940//326 932//326
f 932//326 940//326 941//326
f 942//326 943//326 940//326
f 940//326 943//326 944//326
f 940//326 944//326 945//326
f 945//326 946//326 940//326
f 940//326 946//326 941//326
f 927//326 947//326 922//326
f 922//326 947//326 948//326
f 922//326 948//326 949//326
f 949//326 950//326 922//326
f 922//326 950//326 923//326
f 763//326 765//326 951//326
f 951//326 765//326 952//326
f 951//326 952//326 953//326
f 951//326 953//326 954//326
f 954//326 953//326 955//326
f 954//326 955//326 956//326
f 824//326 826//326 956//326
f 956//326 826//326 957//326
f 956//326 957//326 954//326
f 514//326 515//326 671//326
f 438//326 518//326 437//326
f 437//326 518//326 506//326
f 437//326 506//326 499//326
f 499//326 500//326 437//326
f 437//326 500//326 501//326
f 437//326 501//326 502//326
f 502//326 503//326 437//326
f 437//326 503//326 504//326
f 437//326 504//326 958//326
f 958//326 504//326 492//326
f 958//326 492//326 959//326
f 959//326 492//326 476//326
f 959//326 476//326 960//326
f 960//326 476//326 961//326
f 476//326 492//326 475//326
f 475//326 492//326 485//326
f 475//326 485//326 490//326
f 490//326 485//326 489//326
f 486//326 487//326 485//326
f 485//326 487//326 488//326
f 485//326 488//326 489//326
f 962//326 963//326 476//326
f 476//326 963//326 964//326
f 476//326 964//326 961//326
f 958//326 965//326 437//326
f 437//326 965//326 966//326
f 437//326 966//326 967//326
f 967//326 968//326 437//326
f 437//326 968//326 969//326
f 438//326 439//326 473//326
f 970//326 971//326 656//326
f 656//326 971//326 972//326
f 656//326 972//326 973//326
f 973//326 974//326 656//326
f 656//326 974//326 975//326
f 656//326 975//326 976//326
f 976//326 975//326 977//326
f 975//326 978//326 977//326
f 977//326 978//326 979//326
f 977//326 979//326 980//326
f 981//326 982//326 978//326
f 978//326 982//326 983//326
f 978//326 983//326 984//326
f 984//326 985//326 978//326
f 978//326 985//326 979//326
f 977//326 980//326 986//326
f 986//326 980//326 987//326
f 986//326 987//326 988//326
f 988//326 989//326 986//326
f 986//326 989//326 990//326
f 986//326 990//326 991//326
f 976//326 992//326 656//326
f 656//326 992//326 993//326
f 656//326 993//326 994//326
f 994//326 995//326 656//326
f 656//326 995//326 996//326
f 656//326 996//326 997//326
f 997//326 836//326 656//326
f 855//326 998//326 853//326
f 853//326 998//326 999//326
f 853//326 999//326 1000//326
f 1000//326 1001//326 853//326
f 853//326 1001//326 1002//326
f 853//326 1002//326 1003//326
f 1003//326 1002//326 1004//326
f 1003//326 1004//326 1005//326
f 1005//326 1004//326 1006//326
f 1005//326 1006//326 1007//326
f 1006//326 1004//326 1008//326
f 1008//326 1004//326 1009//326
f 1008//326 1009//326 1010//326
f 1010//326 1009//326 1011//326
f 1012//326 1013//326 1009//326
f 1009//326 1013//326 1014//326
f 1009//326 1014//326 1011//326
f 1007//326 1015//326 1005//326
f 1005//326 1015//326 1016//326
f 1005//326 1016//326 1017//326
f 1017//326 1018//326 1005//326
f 1003//326 1019//326 853//326
f 853//326 1019//326 1020//326
f 853//326 1020//326 1021//326
f 1021//326 1022//326 853//326
f 853//326 1022//326 1023//326
f 1024//379 767//379 1025//381
f 1025//381 767//379 900//381
f 1025//381 900//381 1026//383
f 1026//383 900//381 907//383
f 1026//383 907//383 1027//385
f 1027//385 907//383 906//385
f 1024//379 1028//379 767//379
f 767//379 1028//379 769//379
f 730//301 1029//301 731//301
f 731//301 1029//301 1030//301
f 731//301 1030//301 1027//301
f 1027//301 1030//301 1031//301
f 1027//301 1031//301 1032//301
f 730//301 728//301 1029//301
f 1029//301 728//301 1033//301
f 1033//301 728//301 1034//301
f 1034//301 728//301 726//301
f 1034//301 726//301 1035//301
f 1035//301 726//301 1036//301
f 1037//301 1038//301 734//301
f 734//301 1038//301 1039//301
f 734//301 1039//301 726//301
f 726//301 1039//301 1040//301
f 726//301 1040//301 1041//301
f 734//301 1042//301 1037//301
f 1037//301 1042//301 1043//301
f 1042//301 1044//301 1043//301
f 1043//301 1044//301 1045//301
f 1044//301 1046//301 1045//301
f 1045//301 1046//301 1047//301
f 1046//301 1048//301 1047//301
f 1047//301 1048//301 1049//301
f 1048//301 1050//301 1049//301
f 1049//301 1050//301 1051//301
f 1049//301 1051//301 1052//301
f 1052//301 1051//301 1053//301
f 1054//301 1055//301 1056//301
f 1056//301 1055//301 1057//301
f 1056//301 1057//301 1051//301
f 1051//301 1057//301 1058//301
f 1051//301 1058//301 1053//301
f 1059//301 1060//301 1056//301
f 1056//301 1060//301 1061//301
f 1056//301 1061//301 1062//301
f 1062//301 1063//301 1056//301
f 1056//301 1063//301 1064//301
f 1056//301 1064//301 1065//301
f 1065//301 1064//301 1066//301
f 1064//301 1067//301 1066//301
f 1066//301 1067//301 1068//301
f 1066//301 1068//301 1069//301
f 1070//301 1071//301 1067//301
f 1067//301 1071//301 1072//301
f 1067//301 1072//301 1073//301
f 1073//301 1074//301 1067//301
f 1067//301 1074//301 1068//301
f 1066//301 1069//301 1075//301
f 1075//301 1069//301 1076//301
f 1075//301 1076//301 1077//301
f 1077//301 1078//301 1075//301
f 1075//301 1078//301 1079//301
f 1075//301 1079//301 1080//301
f 1065//301 1081//301 1056//301
f 1056//301 1081//301 1082//301
f 1056//301 1082//301 1083//301
f 1083//301 1084//301 1056//301
f 1056//301 1084//301 1054//301
f 1058//301 1057//301 1085//301
f 1085//301 1057//301 1086//301
f 1085//301 1086//301 1087//301
f 1087//301 1086//301 1088//301
f 1087//301 1088//301 1089//301
f 1089//301 1088//301 1090//301
f 1089//301 1090//301 1091//301
f 1091//301 1090//301 1092//301
f 1090//301 1093//301 1092//301
f 1092//301 1093//301 1094//301
f 1092//301 1094//301 1095//301
f 1092//301 1095//301 1096//301
f 1096//301 1095//301 1097//301
f 1096//301 1097//301 1098//301
f 1098//301 1097//301 1099//301
f 1097//301 1100//301 1099//301
f 1099//301 1100//301 1101//301
f 1101//301 1100//301 1102//301
f 1102//301 1100//301 1103//301
f 1102//301 1103//301 1104//301
f 1104//301 1103//301 1105//301
f 1104//301 1105//301 1106//301
f 1106//301 1105//301 1107//301
f 1106//301 1107//301 1108//301
f 1108//301 1107//301 1109//301
f 1108//301 1109//301 1110//301
f 1110//301 1109//301 1111//301
f 1110//301 1111//301 1112//301
f 1110//301 1112//301 1113//301
f 1113//301 1112//301 1114//301
f 1113//301 1114//301 703//301
f 703//301 1114//301 521//301
f 703//301 521//301 701//301
f 701//301 521//301 702//301
f 702//301 521//301 724//301
f 724//301 521//301 522//301
f 724//301 522//301 723//301
f 723//301 522//301 722//301
f 697//301 698//301 523//301
f 523//301 698//301 699//301
f 523//301 699//301 522//301
f 522//301 699//301 721//301
f 522//301 721//301 722//301
f 523//301 524//301 697//301
f 697//301 524//301 696//301
f 696//301 524//301 695//301
f 695//301 524//301 525//301
f 695//301 525//301 694//301
f 694//301 525//301 693//301
f 525//301 526//301 693//301
f 693//301 526//301 527//301
f 693//301 527//301 692//301
f 692//301 527//301 528//301
f 692//301 528//301 449//301
f 449//301 528//301 529//301
f 449//301 529//301 448//301
f 448//301 529//301 447//301
f 529//301 530//301 447//301
f 447//301 530//301 446//301
f 530//301 531//301 446//301
f 446//301 531//301 532//301
f 446//301 532//301 445//301
f 445//301 532//301 533//301
f 445//301 533//301 534//301
f 534//301 535//301 445//301
f 445//301 535//301 689//301
f 689//301 535//301 688//301
f 688//301 535//301 536//301
f 688//301 536//301 687//301
f 687//301 536//301 537//301
f 687//301 537//301 686//301
f 686//301 537//301 538//301
f 686//301 538//301 685//301
f 685//301 538//301 658//301
f 685//301 658//301 679//301
f 679//301 658//301 677//301
f 658//301 538//301 657//301
f 657//301 538//301 539//301
f 657//301 539//301 540//301
f 540//301 541//301 657//301
f 657//301 541//301 542//301
f 657//301 542//301 543//301
f 543//301 544//301 657//301
f 657//301 544//301 545//301
f 657//301 545//301 1115//301
f 1115//301 545//301 546//301
f 1115//301 546//301 1116//301
f 1116//301 546//301 1117//301
f 1116//301 1117//301 1118//301
f 1117//301 546//301 553//301
f 553//301 546//301 547//301
f 553//301 547//301 552//301
f 552//301 547//301 551//301
f 548//301 549//301 547//301
f 547//301 549//301 550//301
f 547//301 550//301 551//301
f 1118//301 1119//301 1116//301
f 1116//301 1119//301 1120//301
f 1116//301 1120//301 1121//301
f 1121//301 1122//301 1116//301
f 1115//301 1123//301 657//301
f 657//301 1123//301 1124//301
f 657//301 1124//301 1125//301
f 1125//301 1126//301 657//301
f 657//301 1126//301 1127//301
f 658//301 659//301 677//301
f 677//301 659//301 676//301
f 659//301 660//301 676//301
f 676//301 660//301 675//301
f 660//301 661//301 675//301
f 675//301 661//301 674//301
f 661//301 662//301 674//301
f 674//301 662//301 673//301
f 662//301 663//301 673//301
f 673//301 663//301 672//301
f 672//301 663//301 664//301
f 664//301 663//301 435//301
f 664//301 435//301 459//301
f 459//301 435//301 458//301
f 458//301 435//301 507//301
f 507//301 435//301 436//301
f 507//301 436//301 505//301
f 505//301 436//301 498//301
f 1128//301 1129//301 436//301
f 436//301 1129//301 1130//301
f 436//301 1130//301 1131//301
f 1131//301 1132//301 436//301
f 436//301 1132//301 1133//301
f 436//301 1133//301 493//301
f 493//301 1133//301 491//301
f 1133//301 1134//301 491//301
f 491//301 1134//301 477//301
f 491//301 477//301 478//301
f 1134//301 1135//301 477//301
f 477//301 1135//301 1136//301
f 477//301 1136//301 1137//301
f 1137//301 1138//301 477//301
f 477//301 1138//301 1139//301
f 491//301 478//301 484//301
f 484//301 478//301 479//301
f 484//301 479//301 480//301
f 480//301 481//301 484//301
f 484//301 481//301 482//301
f 484//301 482//301 483//301
f 493//301 494//301 436//301
f 436//301 494//301 495//301
f 436//301 495//301 496//301
f 496//301 497//301 436//301
f 436//301 497//301 498//301
f 458//301 507//301 457//301
f 457//301 507//301 508//301
f 457//301 508//301 456//301
f 456//301 508//301 509//301
f 456//301 509//301 455//301
f 455//301 509//301 510//301
f 455//301 510//301 454//301
f 454//301 510//301 453//301
f 510//301 511//301 453//301
f 453//301 511//301 512//301
f 453//301 512//301 690//301
f 453//301 690//301 452//301
f 452//301 690//301 691//301
f 452//301 691//301 451//301
f 451//301 691//301 450//301
f 691//301 692//301 450//301
f 450//301 692//301 449//301
f 699//301 700//301 721//301
f 721//301 700//301 720//301
f 716//301 718//301 1140//301
f 1140//301 718//301 717//301
f 1140//301 717//301 700//301
f 700//301 717//301 719//301
f 700//301 719//301 720//301
f 716//301 1140//301 715//301
f 715//301 1140//301 1141//301
f 715//301 1141//301 1142//301
f 1142//301 1141//301 1143//301
f 1141//301 1144//301 1143//301
f 1143//301 1144//301 1145//301
f 1144//301 1146//301 1145//301
f 1145//301 1146//301 1147//301
f 1147//301 1146//301 1148//301
f 1148//301 1146//301 1149//301
f 1148//301 1149//301 1150//301
f 1148//301 1150//301 1151//301
f 1151//301 1150//301 1152//301
f 1151//301 1152//301 1153//301
f 1153//301 1152//301 1154//301
f 1153//301 1154//301 1155//301
f 1152//301 1156//301 1154//301
f 1154//301 1156//301 1157//301
f 1157//301 1156//301 1158//301
f 1158//301 1156//301 1159//301
f 1158//301 1159//301 1160//301
f 1160//301 1159//301 1161//301
f 1160//301 1161//301 1162//301
f 1160//301 1162//301 1163//301
f 1163//301 1162//301 1164//301
f 1163//301 1164//301 1165//301
f 1165//301 1166//301 1163//301
f 1163//301 1166//301 1167//301
f 1167//301 1166//301 1168//301
f 1168//301 1166//301 1169//301
f 1168//301 1169//301 1170//301
f 1170//301 1169//301 1171//301
f 1170//301 1171//301 1172//301
f 1172//301 1171//301 1173//301
f 1172//301 1173//301 1174//301
f 1174//301 1173//301 1175//301
f 1174//301 1175//301 1176//301
f 1176//301 1175//301 1177//301
f 1175//301 1173//301 1178//301
f 1178//301 1173//301 1179//301
f 1178//301 1179//301 1180//301
f 1180//301 1181//301 1178//301
f 1178//301 1181//301 1182//301
f 1178//301 1182//301 1183//301
f 1183//301 1184//301 1178//301
f 1178//301 1184//301 1185//301
f 1178//301 1185//301 1186//301
f 1186//301 1185//301 1187//301
f 1186//301 1187//301 1188//301
f 1188//301 1187//301 1189//301
f 1188//301 1189//301 1190//301
f 1189//301 1187//301 1191//301
f 1191//301 1187//301 1192//301
f 1191//301 1192//301 1193//301
f 1193//301 1194//301 1191//301
f 1191//301 1194//301 1195//301
f 1191//301 1195//301 1196//301
f 1196//301 1197//301 1191//301
f 1190//301 1198//301 1188//301
f 1188//301 1198//301 1199//301
f 1188//301 1199//301 1200//301
f 1200//301 1201//301 1188//301
f 1202//301 1203//301 1186//301
f 1186//301 1203//301 1204//301
f 1186//301 1204//301 1205//301
f 1205//301 1206//301 1186//301
f 1186//301 1206//301 1178//301
f 1177//301 1175//301 1207//301
f 1207//301 1175//301 1208//301
f 1207//301 1208//301 1209//301
f 1209//301 1208//301 1210//301
f 1209//301 1210//301 1211//301
f 1211//301 1210//301 1212//301
f 1211//301 1212//301 1213//301
f 1213//301 1212//301 1214//301
f 1213//301 1214//301 1215//301
f 1215//301 1214//301 1216//301
f 1215//301 1216//301 1217//301
f 1217//301 1216//301 1028//301
f 1217//301 1028//301 1218//301
f 1218//301 1028//301 1024//301
f 1218//301 1024//301 1219//301
f 1219//301 1024//301 1220//301
f 1032//301 1221//301 1025//301
f 1025//301 1221//301 1222//301
f 1025//301 1222//301 1024//301
f 1024//301 1222//301 1223//301
f 1024//301 1223//301 1224//301
f 1025//301 1026//301 1032//301
f 1032//301 1026//301 1027//301
f 1101//301 1102//301 1225//301
f 1225//301 1102//301 1226//301
f 1225//301 1226//301 1227//301
f 1227//301 1226//301 1228//301
f 1226//301 1229//301 1228//301
f 1228//301 1229//301 1230//301
f 1229//301 1231//301 1230//301
f 1230//301 1231//301 1232//301
f 1230//301 1232//301 1233//301
f 1233//301 1232//301 1234//301
f 1233//301 1234//301 1235//301
f 1235//301 1234//301 1236//301
f 1235//301 1236//301 1237//301
f 1237//301 1236//301 1238//301
f 1237//301 1238//301 726//301
f 726//301 1238//301 1036//301
f 1030//301 1239//301 1031//301
f 1031//301 1239//301 1240//301
f 1240//301 1239//301 1241//301
f 1241//301 1239//301 1242//301
f 1241//301 1242//301 1243//301
f 1243//301 1242//301 1244//301
f 1243//301 1244//301 709//301
f 709//301 1244//301 1245//301
f 709//301 1245//301 708//301
f 708//301 1245//301 1246//301
f 708//301 1246//301 707//301
f 707//301 1246//301 1247//301
f 707//301 1247//301 1248//301
f 707//301 1248//301 706//301
f 706//301 1248//301 1249//301
f 706//301 1249//301 1250//301
f 706//301 1250//301 705//301
f 705//301 1250//301 1251//301
f 705//301 1251//301 704//301
f 704//301 1251//301 703//301
f 1251//301 1113//301 703//301
f 1252//301 712//301 1253//301
f 1253//301 712//301 713//301
f 1253//301 713//301 1142//301
f 1142//301 713//301 714//301
f 1142//301 714//301 715//301
f 1252//301 1254//301 712//301
f 712//301 1254//301 711//301
f 1254//301 1255//301 711//301
f 711//301 1255//301 1256//301
f 711//301 1256//301 710//301
f 710//301 1256//301 1257//301
f 710//301 1257//301 709//301
f 709//301 1257//301 1243//301
f 1224//301 1258//301 1024//301
f 1024//301 1258//301 1259//301
f 1024//301 1259//301 1220//301
f 1258//301 1260//301 1259//301
f 1259//301 1260//301 1261//301
f 1260//301 1262//301 1261//301
f 1261//301 1262//301 1263//301
f 1262//301 1264//301 1263//301
f 1263//301 1264//301 1265//301
f 1264//301 1266//301 1265//301
f 1265//301 1266//301 1267//301
f 1265//301 1267//301 1268//301
f 1268//301 1267//301 1269//301
f 1268//301 1269//301 1270//301
f 1270//301 1269//301 1153//301
f 1270//301 1153//301 1155//301
f 1041//301 1237//301 726//301
f 734//368 733//368 1042//366
f 1042//366 733//368 848//366
f 1042//366 848//366 846//364
f 1042//366 846//364 1044//364
f 1044//364 846//364 844//175
f 1044//364 844//175 1046//175
f 1046//175 844//175 842//361
f 1046//175 842//361 1048//361
f 1048//361 842//361 840//359
f 1048//361 840//359 1050//359
f 1050//359 840//359 1051//351
f 840//359 838//351 1051//351
f 1175//340 781//340 1208//370
f 1208//370 781//340 779//370
f 1208//370 779//370 777//372
f 1208//370 777//372 1210//372
f 1210//372 777//372 775//13
f 1210//372 775//13 1212//13
f 1212//13 775//13 773//375
f 1212//13 773//375 1214//375
f 1214//375 773//375 771//377
f 1214//375 771//377 1216//377
f 1216//377 771//377 1028//379
f 771//377 769//379 1028//379
f 1175//340 1178//340 781//340
f 781//340 1178//340 922//340
f 1030//1 1029//1 904//1
f 904//1 1029//1 917//1
f 754//368 1250//368 753//366
f 753//366 1250//368 1249//366
f 753//366 1249//366 1248//364
f 753//366 1248//364 752//364
f 752//364 1248//364 1247//175
f 752//364 1247//175 751//175
f 751//175 1247//175 750//361
f 1247//175 1246//361 750//361
f 750//361 1246//361 1245//359
f 750//361 1245//359 749//359
f 749//359 1245//359 1244//351
f 749//359 1244//351 747//351
f 747//351 1244//351 748//349
f 1244//351 1242//349 748//349
f 748//349 1242//349 1239//347
f 748//349 1239//347 903//347
f 903//347 1239//347 1030//1
f 903//347 1030//1 904//1
f 1251//368 1250//368 755//368
f 755//368 1250//368 754//368
f 1106//578 1108//579 913//578
f 913//578 1108//579 911//579
f 911//579 1108//579 759//580
f 759//580 1108//579 1110//580
f 759//580 1110//580 1113//581
f 1251//368 755//368 1113//581
f 1113//581 755//368 757//581
f 1113//581 757//581 759//580
f 1104//578 1106//578 915//578
f 915//578 1106//578 913//578
f 1029//1 1033//344 917//1
f 917//1 1033//344 918//344
f 918//344 1033//344 919//342
f 919//342 1033//344 1034//342
f 919//342 1034//342 1035//340
f 919//342 1035//340 920//340
f 920//340 1035//340 1036//370
f 920//340 1036//370 921//370
f 921//370 1036//370 887//372
f 1036//370 1238//372 887//372
f 887//372 1238//372 1236//13
f 887//372 1236//13 885//13
f 885//13 1236//13 1234//375
f 885//13 1234//375 883//375
f 883//375 1234//375 1232//377
f 883//375 1232//377 881//377
f 881//377 1232//377 880//379
f 1232//377 1231//379 880//379
f 1231//379 1229//379 880//379
f 880//379 1229//379 878//379
f 878//379 1229//379 875//381
f 875//381 1229//379 1226//381
f 875//381 1226//381 873//582
f 873//582 1226//381 1102//582
f 873//582 1102//582 915//578
f 915//578 1102//582 1104//578
f 1032//1 1031//1 902//1
f 902//1 1031//1 905//1
f 793//368 1266//368 791//366
f 791//366 1266//368 1264//366
f 791//366 1264//366 1262//364
f 791//366 1262//364 789//364
f 789//364 1262//364 1260//175
f 789//364 1260//175 787//175
f 787//175 1260//175 786//361
f 1260//175 1258//361 786//361
f 786//361 1258//361 1224//359
f 786//361 1224//359 897//359
f 897//359 1224//359 1223//351
f 897//359 1223//351 898//351
f 898//351 1223//351 899//349
f 1223//351 1222//349 899//349
f 899//349 1222//349 1221//347
f 899//349 1221//347 901//347
f 901//347 1221//347 1032//1
f 901//347 1032//1 902//1
f 1267//368 1266//368 794//368
f 794//368 1266//368 793//368
f 1148//578 1151//579 894//578
f 894//578 1151//579 804//579
f 804//579 1151//579 798//580
f 798//580 1151//579 1153//580
f 798//580 1153//580 1269//581
f 1267//368 794//368 1269//581
f 1269//581 794//368 796//581
f 1269//581 796//581 798//580
f 1147//578 1148//578 892//578
f 892//578 1148//578 894//578
f 1031//1 1240//344 905//1
f 905//1 1240//344 908//344
f 908//344 1240//344 909//342
f 909//342 1240//344 1241//342
f 909//342 1241//342 1243//340
f 909//342 1243//340 746//340
f 746//340 1243//340 1257//370
f 746//340 1257//370 745//370
f 745//370 1257//370 744//372
f 1257//370 1256//372 744//372
f 744//372 1256//372 1255//13
f 744//372 1255//13 743//13
f 743//13 1255//13 1254//375
f 743//13 1254//375 742//375
f 742//375 1254//375 1252//377
f 742//375 1252//377 741//377
f 741//377 1252//377 740//379
f 1252//377 1253//379 740//379
f 1253//379 1142//379 740//379
f 740//379 1142//379 738//379
f 738//379 1142//379 739//381
f 739//381 1142//379 1143//381
f 739//381 1143//381 891//582
f 891//582 1143//381 1145//582
f 891//582 1145//582 892//578
f 892//578 1145//582 1147//578
f 1228//351 1230//351 877//351
f 877//351 1230//351 879//351
f 867//368 1096//368 869//366
f 869//366 1096//368 1098//366
f 869//366 1098//366 1099//364
f 869//366 1099//364 870//364
f 870//364 1099//364 1101//175
f 870//364 1101//175 872//175
f 872//175 1101//175 1225//361
f 872//175 1225//361 874//361
f 874//361 1225//361 1227//359
f 874//361 1227//359 876//359
f 876//359 1227//359 877//351
f 1227//359 1228//351 877//351
f 1092//368 1096//368 863//368
f 863//368 1096//368 867//368
f 837//379 1053//379 851//381
f 851//381 1053//379 1058//381
f 851//381 1058//381 1085//383
f 851//381 1085//383 856//383
f 856//383 1085//383 1087//385
f 856//383 1087//385 858//385
f 858//385 1087//385 1089//387
f 858//385 1089//387 860//387
f 860//387 1089//387 1091//389
f 860//387 1091//389 862//389
f 862//389 1091//389 863//368
f 1091//389 1092//368 863//368
f 1052//379 1053//379 839//379
f 839//379 1053//379 837//379
f 879//351 1230//351 882//349
f 882//349 1230//351 1233//349
f 882//349 1233//349 1235//347
f 882//349 1235//347 884//347
f 884//347 1235//347 1237//1
f 884//347 1237//1 886//1
f 886//1 1237//1 1041//344
f 886//1 1041//344 888//344
f 888//344 1041//344 1040//342
f 888//344 1040//342 889//342
f 889//342 1040//342 890//340
f 1040//342 1039//340 890//340
f 1039//340 1038//340 890//340
f 890//340 1038//340 850//340
f 850//340 1038//340 849//370
f 849//370 1038//340 1037//370
f 849//370 1037//370 1043//372
f 849//370 1043//372 847//372
f 847//372 1043//372 1045//13
f 847//372 1045//13 845//13
f 845//13 1045//13 1047//375
f 845//13 1047//375 843//375
f 843//375 1047//375 1049//377
f 843//375 1049//377 841//377
f 841//377 1049//377 839//379
f 1049//377 1052//379 839//379
f 1160//379 1163//379 807//379
f 807//379 1163//379 810//379
f 795//340 1268//340 797//370
f 797//370 1268//340 1270//370
f 797//370 1270//370 1155//372
f 797//370 1155//372 799//372
f 799//372 1155//372 1154//13
f 799//372 1154//13 800//13
f 800//13 1154//13 1157//375
f 800//13 1157//375 801//375
f 801//375 1157//375 1158//377
f 801//375 1158//377 805//377
f 805//377 1158//377 807//379
f 1158//377 1160//379 807//379
f 1265//340 1268//340 792//340
f 792//340 1268//340 795//340
f 768//351 1218//351 766//349
f 766//349 1218//351 1219//349
f 766//349 1219//349 1220//347
f 766//349 1220//347 784//347
f 784//347 1220//347 1259//1
f 784//347 1259//1 785//1
f 785//1 1259//1 788//344
f 1259//1 1261//344 788//344
f 788//344 1261//344 1263//342
f 788//344 1263//342 790//342
f 790//342 1263//342 1265//340
f 790//342 1265//340 792//340
f 1217//351 1218//351 770//351
f 770//351 1218//351 768//351
f 810//379 1163//379 814//381
f 814//381 1163//379 1167//381
f 814//381 1167//381 1168//383
f 814//381 1168//383 815//383
f 815//383 1168//383 1170//385
f 815//383 1170//385 817//385
f 817//385 1170//385 1172//387
f 817//385 1172//387 819//387
f 819//387 1172//387 1174//389
f 819//387 1174//389 821//389
f 821//389 1174//389 783//368
f 1174//389 1176//368 783//368
f 1176//368 1177//368 783//368
f 783//368 1177//368 782//368
f 782//368 1177//368 780//366
f 780//366 1177//368 1207//366
f 780//366 1207//366 1209//364
f 780//366 1209//364 778//364
f 778//364 1209//364 1211//175
f 778//364 1211//175 776//175
f 776//175 1211//175 1213//361
f 776//175 1213//361 774//361
f 774//361 1213//361 1215//359
f 774//361 1215//359 772//359
f 772//359 1215//359 770//351
f 1215//359 1217//351 770//351
f 1186//351 925//351 1202//349
f 1202//349 925//351 931//349
f 1202//349 931//349 930//347
f 1202//349 930//347 1203//347
f 1203//347 930//347 929//1
f 1203//347 929//1 1204//1
f 1204//1 929//1 928//344
f 1204//1 928//344 1205//344
f 1205//344 928//344 924//342
f 1205//344 924//342 1206//342
f 1206//342 924//342 1178//340
f 924//342 922//340 1178//340
f 933//351 925//351 1188//351
f 1188//351 925//351 1186//351
f 1189//368 934//368 1190//366
f 1190//366 934//368 935//366
f 1190//366 935//366 939//364
f 1190//366 939//364 1198//364
f 1198//364 939//364 938//175
f 1198//364 938//175 1199//175
f 1199//175 938//175 937//361
f 1199//175 937//361 1200//361
f 1200//361 937//361 936//359
f 1200//361 936//359 1201//359
f 1201//359 936//359 1188//351
f 936//359 933//351 1188//351
f 940//368 934//368 1191//368
f 1191//368 934//368 1189//368
f 1192//379 941//379 1193//381
f 1193//381 941//379 946//381
f 1193//381 946//381 945//383
f 1193//381 945//383 1194//383
f 1194//383 945//383 944//385
f 1194//383 944//385 1195//385
f 1195//385 944//385 943//387
f 1195//385 943//387 1196//387
f 1196//387 943//387 942//389
f 1196//387 942//389 1197//389
f 1197//389 942//389 1191//368
f 942//389 940//368 1191//368
f 932//379 941//379 1187//379
f 1187//379 941//379 1192//379
f 1180//368 950//368 1181//389
f 1181//389 950//368 949//389
f 1181//389 949//389 948//387
f 1181//389 948//387 1182//387
f 1182//387 948//387 947//385
f 1182//387 947//385 1183//385
f 1183//385 947//385 927//383
f 1183//385 927//383 1184//383
f 1184//383 927//383 926//381
f 1184//383 926//381 1185//381
f 1185//381 926//381 1187//379
f 926//381 932//379 1187//379
f 923//368 950//368 1179//368
f 1179//368 950//368 1180//368
f 1164//351 811//351 1165//359
f 1165//359 811//351 812//359
f 1165//359 812//359 813//361
f 1165//359 813//361 1166//361
f 1166//361 813//361 816//175
f 1166//361 816//175 1169//175
f 1169//175 816//175 818//364
f 1169//175 818//364 1171//364
f 1171//364 818//364 820//366
f 1171//364 820//366 1173//366
f 1173//366 820//366 1179//368
f 820//366 923//368 1179//368
f 809//351 811//351 1162//351
f 1162//351 811//351 1164//351
f 1149//1 895//1 1150//583
f 1150//583 895//1 896//583
f 1150//583 896//583 1152//347
f 1152//347 896//583 803//347
f 1152//347 803//347 1156//356
f 1156//356 803//347 802//356
f 1156//356 802//356 1159//349
f 1159//349 802//356 806//349
f 1159//349 806//349 1161//584
f 1161//584 806//349 808//584
f 1161//584 808//584 1162//351
f 1162//351 808//584 809//351
f 893//1 895//1 1146//1
f 1146//1 895//1 1149//1
f 1140//340 735//340 1141//342
f 1141//342 735//340 737//342
f 1141//342 737//342 1144//344
f 1144//344 737//342 910//344
f 1144//344 910//344 1146//1
f 1146//1 910//344 893//1
f 349//340 348//340 700//340
f 700//340 348//340 1140//340
f 348//340 347//340 1140//340
f 1140//340 347//340 346//340
f 1140//340 346//340 345//340
f 345//340 344//340 1140//340
f 1140//340 344//340 343//340
f 1140//340 343//340 342//340
f 342//340 341//340 1140//340
f 1140//340 341//340 735//340
f 341//340 340//340 735//340
f 735//340 340//340 339//340
f 735//340 339//340 338//340
f 338//340 337//340 735//340
f 735//340 337//340 336//340
f 735//340 336//340 335//340
f 335//340 334//340 735//340
f 735//340 334//340 736//340
f 334//340 333//340 736//340
f 736//340 333//340 762//577
f 762//577 333//340 331//576
f 762//577 331//576 764//370
f 764//370 331//576 329//574
f 764//370 329//574 765//575
f 765//575 329//574 952//372
f 329//574 323//573 952//372
f 952//372 323//573 953//572
f 323//573 322//13 953//572
f 953//572 322//13 955//13
f 322//13 321//13 955//13
f 955//13 321//13 956//13
f 321//13 319//571 956//13
f 956//13 319//571 824//375
f 319//571 318//570 824//375
f 824//375 318//570 822//377
f 318//570 312//569 822//377
f 822//377 312//569 823//379
f 312//569 314//379 823//379
f 823//379 314//379 513//379
f 513//379 314//379 310//379
f 513//379 310//379 307//379
f 1134//379 959//379 1135//381
f 1135//381 959//379 960//381
f 1135//381 960//381 961//383
f 1135//381 961//383 1136//383
f 1136//383 961//383 964//385
f 1136//383 964//385 1137//385
f 1137//385 964//385 963//387
f 1137//385 963//387 1138//387
f 1138//387 963//387 962//389
f 1138//387 962//389 1139//389
f 1139//389 962//389 477//368
f 962//389 476//368 477//368
f 958//379 959//379 1133//379
f 1133//379 959//379 1134//379
f 436//340 437//340 1128//370
f 1128//370 437//340 969//370
f 1128//370 969//370 968//372
f 1128//370 968//372 1129//372
f 1129//372 968//372 967//13
f 1129//372 967//13 1130//13
f 1130//13 967//13 966//375
f 1130//13 966//375 1131//375
f 1131//375 966//375 965//377
f 1131//375 965//377 1132//377
f 1132//377 965//377 1133//379
f 965//377 958//379 1133//379
f 1115//368 975//368 1123//366
f 1123//366 975//368 974//366
f 1123//366 974//366 973//364
f 1123//366 973//364 1124//364
f 1124//364 973//364 972//175
f 1124//364 972//175 1125//175
f 1125//175 972//175 971//361
f 1125//175 971//361 1126//361
f 1126//361 971//361 970//359
f 1126//361 970//359 1127//359
f 1127//359 970//359 657//351
f 970//359 656//351 657//351
f 978//368 975//368 1116//368
f 1116//368 975//368 1115//368
f 1117//379 979//379 1118//381
f 1118//381 979//379 985//381
f 1118//381 985//381 984//383
f 1118//381 984//383 1119//383
f 1119//383 984//383 983//385
f 1119//383 983//385 1120//385
f 1120//385 983//385 982//387
f 1120//385 982//387 1121//387
f 1121//387 982//387 981//389
f 1121//387 981//389 1122//389
f 1122//389 981//389 1116//368
f 981//389 978//368 1116//368
f 553//379 61//379 1117//379
f 1117//379 61//379 63//379
f 1117//379 63//379 65//379
f 65//379 58//379 1117//379
f 1117//379 58//379 53//379
f 1117//379 53//379 979//379
f 979//379 53//379 46//379
f 979//379 46//379 44//379
f 44//379 42//379 979//379
f 979//379 42//379 40//379
f 979//379 40//379 980//379
f 40//379 39//461 980//379
f 980//379 39//461 987//377
f 39//461 195//460 987//377
f 987//377 195//460 197//459
f 987//377 197//459 988//375
f 988//375 197//459 199//458
f 988//375 199//458 201//457
f 988//375 201//457 989//13
f 989//13 201//457 203//456
f 989//13 203//456 202//455
f 989//13 202//455 990//372
f 990//372 202//455 200//454
f 990//372 200//454 198//453
f 198//453 196//452 990//372
f 990//372 196//452 991//370
f 196//452 194//451 991//370
f 991//370 194//451 986//340
f 194//451 41//340 986//340
f 986//340 41//340 977//340
f 977//340 41//340 43//340
f 977//340 43//340 45//340
f 977//340 45//340 976//370
f 976//370 45//340 47//450
f 976//370 47//450 48//449
f 976//370 48//449 992//372
f 992//372 48//449 193//448
f 992//372 193//448 192//447
f 992//372 192//447 993//13
f 993//13 192//447 191//446
f 993//13 191//446 56//445
f 56//445 55//444 993//13
f 993//13 55//444 54//443
f 993//13 54//443 190//442
f 190//442 189//441 993//13
f 993//13 189//441 188//440
f 993//13 188//440 187//439
f 993//13 187//439 994//375
f 994//375 187//439 186//438
f 994//375 186//438 185//437
f 185//437 184//436 994//375
f 994//375 184//436 995//377
f 184//436 182//379 995//377
f 995//377 182//379 996//379
f 182//379 179//379 996//379
f 996//379 179//379 177//379
f 996//379 177//379 997//379
f 997//379 177//379 836//381
f 836//381 177//379 176//435
f 836//381 176//435 835//383
f 835//383 176//435 175//434
f 835//383 175//434 173//433
f 835//383 173//433 834//385
f 834//385 173//433 172//432
f 834//385 172//432 832//387
f 832//387 172//432 165//431
f 832//387 165//431 833//389
f 833//389 165//431 167//430
f 833//389 167//430 831//368
f 831//368 167//430 169//368
f 169//368 162//368 831//368
f 831//368 162//368 160//368
f 831//368 160//368 830//368
f 830//368 160//368 829//429
f 829//429 160//368 159//428
f 829//429 159//428 828//366
f 828//366 159//428 158//426
f 828//366 158//426 827//427
f 827//427 158//426 825//364
f 158//426 156//425 825//364
f 825//364 156//425 826//424
f 156//425 153//175 826//424
f 826//424 153//175 957//175
f 153//175 152//175 957//175
f 957//175 152//175 954//175
f 152//175 151//423 954//175
f 954//175 151//423 951//361
f 151//423 149//422 951//361
f 951//361 149//422 763//359
f 149//422 147//421 763//359
f 763//359 147//421 519//351
f 147//421 145//351 519//351
f 914//1 912//583 1105//1
f 1105//1 912//583 1107//583
f 1107//583 912//583 1109//347
f 1109//347 912//583 761//347
f 1109//347 761//347 1111//356
f 1111//356 761//347 760//356
f 1111//356 760//356 758//349
f 520//351 521//351 756//584
f 756//584 521//351 1114//584
f 756//584 1114//584 758//349
f 758//349 1114//584 1112//349
f 758//349 1112//349 1111//356
f 916//1 914//1 1103//1
f 1103//1 914//1 1105//1
f 1095//340 866//340 1097//342
f 1097//342 866//340 868//342
f 1097//342 868//342 1100//344
f 1100//344 868//342 871//344
f 1100//344 871//344 1103//1
f 1103//1 871//344 916//1
f 865//340 866//340 1094//340
f 1094//340 866//340 1095//340
f 1055//379 854//379 1057//377
f 1057//377 854//379 852//377
f 1057//377 852//377 857//375
f 1057//377 857//375 1086//375
f 1086//375 857//375 859//13
f 1086//375 859//13 1088//13
f 1088//13 859//13 861//372
f 1088//13 861//372 1090//372
f 1090//372 861//372 864//370
f 1090//372 864//370 1093//370
f 1093//370 864//370 1094//340
f 864//370 865//340 1094//340
f 855//379 854//379 1054//379
f 1054//379 854//379 1055//379
f 1066//368 1004//368 1065//389
f 1065//389 1004//368 1002//389
f 1065//389 1002//389 1001//387
f 1065//389 1001//387 1081//387
f 1081//387 1001//387 1000//385
f 1081//387 1000//385 1082//385
f 1082//385 1000//385 999//383
f 1082//385 999//383 1083//383
f 1083//383 999//383 998//381
f 1083//383 998//381 1084//381
f 1084//381 998//381 1054//379
f 998//381 855//379 1054//379
f 1009//368 1004//368 1075//368
f 1075//368 1004//368 1066//368
f 1069//379 1008//379 1076//381
f 1076//381 1008//379 1010//381
f 1076//381 1010//381 1011//383
f 1076//381 1011//383 1077//383
f 1077//383 1011//383 1014//385
f 1077//383 1014//385 1078//385
f 1078//385 1014//385 1013//387
f 1078//385 1013//387 1079//387
f 1079//387 1013//387 1012//389
f 1079//387 1012//389 1080//389
f 1080//389 1012//389 1075//368
f 1012//389 1009//368 1075//368
f 1006//379 1008//379 1068//379
f 1068//379 1008//379 1069//379
f 1067//340 1005//340 1070//370
f 1070//370 1005//340 1018//370
f 1070//370 1018//370 1017//372
f 1070//370 1017//372 1071//372
f 1071//372 1017//372 1016//13
f 1071//372 1016//13 1072//13
f 1072//13 1016//13 1015//375
f 1072//13 1015//375 1073//375
f 1073//375 1015//375 1007//377
f 1073//375 1007//377 1074//377
f 1074//377 1007//377 1068//379
f 1007//377 1006//379 1068//379
f 1003//340 1005//340 1064//340
f 1064//340 1005//340 1067//340
f 1056//351 853//351 1059//349
f 1059//349 853//351 1023//349
f 1059//349 1023//349 1022//347
f 1059//349 1022//347 1060//347
f 1060//347 1022//347 1021//1
f 1060//347 1021//1 1061//1
f 1061//1 1021//1 1020//344
f 1061//1 1020//344 1062//344
f 1062//344 1020//344 1019//342
f 1062//344 1019//342 1063//342
f 1063//342 1019//342 1064//340
f 1019//342 1003//340 1064//340
f 838//351 853//351 1051//351
f 1051//351 853//351 1056//351
f 624//385 1027//385 623//385
f 623//385 1027//385 906//385
f 623//385 906//385 622//385
f 622//385 906//385 621//385
f 624//385 625//385 1027//385
f 1027//385 625//385 631//385
f 1027//385 631//385 635//385
f 635//385 638//385 1027//385
f 1027//385 638//385 642//385
f 1027//385 642//385 731//385
f 731//385 642//385 645//385
f 731//385 645//385 649//385
f 649//385 652//385 731//385
f 731//385 652//385 611//385
f 731//385 611//385 610//385
f 610//385 609//385 731//385
f 731//385 609//385 732//385
f 609//385 608//385 732//385
f 732//385 608//385 607//385
f 732//385 607//385 614//385
f 614//385 615//385 732//385
f 732//385 615//385 616//385
f 732//385 616//385 617//385
f 732//385 617//385 906//385
f 906//385 617//385 618//385
f 906//385 618//385 619//385
f 619//385 620//385 906//385
f 906//385 620//385 621//385
l 2 1
l 19 17
l 17 15
l 15 13
l 13 10
l 10 8
l 8 6
l 6 4
l 4 2
l 20 19
l 1 3
l 3 5
l 5 7
l 7 9
l 9 11
l 11 12
l 12 14
l 14 16
l 16 18
l 18 20
l 21 23
l 38 36
l 36 34
l 34 32
l 32 30
l 30 29
l 29 27
l 27 25
l 25 22
l 22 21
l 37 38
l 23 24
l 24 26
l 26 28
l 28 31
l 31 33
l 33 35
l 35 37
l 61 63
l 63 65
l 65 58
l 58 53
l 53 46
l 46 44
l 44 42
l 42 40
l 62 70
l 70 72
l 72 74
l 74 76
l 76 78
l 78 79
l 79 77
l 77 75
l 75 73
l 73 71
l 71 69
l 69 61
l 66 64
l 64 62
l 88 87
l 87 86
l 86 85
l 85 84
l 84 83
l 83 49
l 49 51
l 51 57
l 57 59
l 59 60
l 60 82
l 82 81
l 81 80
l 80 68
l 68 67
l 67 66
l 92 90
l 90 88
l 103 101
l 101 100
l 100 99
l 99 97
l 97 96
l 96 94
l 94 92
l 110 106
l 106 103
l 117 115
l 115 114
l 114 108
l 108 110
l 118 117
l 129 127
l 127 125
l 125 119
l 119 118
l 145 144
l 144 143
l 143 142
l 142 141
l 141 140
l 140 139
l 139 138
l 138 137
l 137 136
l 136 135
l 135 134
l 134 133
l 133 132
l 132 131
l 131 130
l 130 129
l 152 151
l 151 149
l 149 147
l 147 145
l 153 152
l 160 159
l 159 158
l 158 156
l 156 153
l 169 162
l 162 160
l 177 176
l 176 175
l 175 173
l 173 172
l 172 165
l 165 167
l 167 169
l 182 179
l 179 177
l 45 47
l 47 48
l 48 193
l 193 192
l 192 191
l 191 56
l 56 55
l 55 54
l 54 190
l 190 189
l 189 188
l 188 187
l 187 186
l 186 185
l 185 184
l 184 182
l 41 43
l 43 45
l 40 39
l 39 195
l 195 197
l 197 199
l 199 201
l 201 203
l 203 202
l 202 200
l 200 198
l 198 196
l 196 194
l 194 41
l 217 216
l 216 214
l 214 213
l 213 204
l 204 206
l 206 208
l 222 219
l 219 217
l 242 241
l 241 240
l 240 239
l 239 238
l 238 237
l 237 236
l 236 233
l 233 231
l 231 230
l 230 229
l 229 228
l 228 227
l 227 226
l 226 225
l 225 224
l 224 222
l 246 244
l 244 242
l 247 248
l 248 250
l 250 252
l 252 254
l 254 256
l 256 258
l 258 257
l 257 255
l 255 253
l 253 251
l 251 249
l 249 246
l 263 265
l 265 267
l 267 260
l 260 234
l 234 235
l 235 243
l 243 245
l 245 247
l 264 272
l 272 274
l 274 276
l 276 278
l 278 280
l 280 281
l 281 279
l 279 277
l 277 275
l 275 273
l 273 271
l 271 263
l 268 266
l 266 264
l 293 292
l 292 291
l 291 290
l 290 289
l 289 288
l 288 287
l 287 286
l 286 284
l 284 259
l 259 261
l 261 262
l 262 283
l 283 282
l 282 270
l 270 269
l 269 268
l 297 295
l 295 293
l 307 305
l 305 304
l 304 303
l 303 301
l 301 299
l 299 297
l 314 310
l 310 307
l 321 319
l 319 318
l 318 312
l 312 314
l 322 321
l 333 331
l 331 329
l 329 323
l 323 322
l 349 348
l 348 347
l 347 346
l 346 345
l 345 344
l 344 343
l 343 342
l 342 341
l 341 340
l 340 339
l 339 338
l 338 337
l 337 336
l 336 335
l 335 334
l 334 333
l 356 355
l 355 353
l 353 351
l 351 349
l 357 356
l 364 363
l 363 362
l 362 360
l 360 357
l 208 210
l 210 364
l 374 369
l 369 371
l 386 384
l 384 383
l 383 381
l 381 380
l 380 378
l 378 377
l 377 375
l 375 374
l 390 388
l 388 386
l 161 163
l 163 164
l 164 171
l 171 170
l 170 393
l 393 392
l 392 391
l 391 390
l 154 157
l 157 161
l 320 327
l 327 328
l 328 400
l 400 399
l 399 398
l 398 397
l 397 394
l 394 154
l 315 313
l 313 320
l 371 372
l 372 373
l 373 309
l 309 308
l 308 311
l 311 317
l 317 316
l 316 315
l 402 404
l 404 406
l 365 366
l 366 212
l 212 211
l 211 209
l 209 413
l 413 412
l 412 401
l 401 402
l 358 361
l 361 365
l 116 123
l 123 124
l 124 420
l 420 419
l 419 418
l 418 417
l 417 414
l 414 358
l 111 109
l 109 116
l 423 422
l 422 421
l 421 105
l 105 104
l 104 107
l 107 113
l 113 112
l 112 111
l 428 425
l 425 423
l 406 408
l 408 410
l 410 411
l 411 434
l 434 432
l 432 431
l 431 429
l 429 428
l 389 168
l 168 166
l 166 174
l 174 178
l 178 180
l 180 181
l 181 183
l 183 52
l 52 50
l 50 89
l 89 91
l 91 93
l 93 95
l 95 98
l 98 102
l 102 424
l 370 368
l 368 367
l 367 376
l 376 379
l 379 382
l 382 385
l 385 387
l 387 389
l 403 207
l 207 205
l 205 215
l 215 218
l 218 220
l 220 221
l 221 223
l 223 232
l 232 285
l 285 294
l 294 296
l 296 298
l 298 300
l 300 302
l 302 306
l 306 370
l 424 426
l 426 427
l 427 430
l 430 433
l 433 409
l 409 407
l 407 405
l 405 403
l 1 350
l 350 352
l 352 354
l 354 359
l 359 416
l 416 415
l 415 122
l 122 121
l 121 120
l 120 126
l 126 128
l 128 21
l 38 146
l 146 148
l 148 150
l 150 155
l 155 396
l 396 395
l 395 326
l 326 325
l 325 324
l 324 330
l 330 332
l 332 20
l 370 438
l 438 437
l 437 436
l 436 435
l 435 403
l 444 389
l 438 439
l 439 440
l 440 441
l 441 442
l 442 443
l 443 444
l 446 116
l 445 446
l 445 111
l 452 358
l 446 447
l 447 448
l 448 449
l 449 450
l 450 451
l 451 452
l 453 365
l 452 453
l 459 402
l 453 454
l 454 455
l 455 456
l 456 457
l 457 458
l 458 459
l 161 461
l 460 461
l 154 460
l 390 467
l 461 462
l 462 463
l 463 464
l 464 465
l 465 466
l 466 467
l 386 468
l 467 468
l 374 474
l 468 469
l 469 470
l 470 471
l 471 472
l 472 473
l 473 474
l 478 247
l 477 478
l 477 476
l 475 476
l 263 475
l 484 246
l 478 479
l 479 480
l 480 481
l 481 482
l 482 483
l 483 484
l 485 486
l 486 487
l 487 488
l 488 489
l 489 490
l 490 475
l 264 485
l 491 242
l 484 491
l 492 485
l 268 492
l 498 222
l 491 493
l 493 494
l 494 495
l 495 496
l 496 497
l 497 498
l 499 500
l 500 501
l 501 502
l 502 503
l 503 504
l 504 492
l 293 499
l 505 217
l 498 505
l 506 499
l 297 506
l 512 208
l 505 507
l 507 508
l 508 509
l 509 510
l 510 511
l 511 512
l 513 514
l 514 515
l 515 516
l 516 517
l 517 518
l 518 506
l 307 513
l 522 129
l 521 522
l 521 520
l 519 520
l 145 519
l 525 118
l 522 523
l 523 524
l 524 525
l 526 117
l 525 526
l 532 110
l 526 527
l 527 528
l 528 529
l 529 530
l 530 531
l 531 532
l 533 103
l 532 533
l 539 92
l 533 534
l 534 535
l 535 536
l 536 537
l 537 538
l 538 539
l 540 88
l 539 540
l 546 66
l 540 541
l 541 542
l 542 543
l 543 544
l 544 545
l 545 546
l 547 62
l 546 547
l 553 61
l 547 548
l 548 549
l 549 550
l 550 551
l 551 552
l 552 553
l 556 603
l 603 601
l 601 598
l 598 595
l 595 592
l 592 590
l 590 588
l 588 585
l 585 582
l 582 579
l 579 577
l 577 574
l 574 572
l 572 569
l 569 565
l 565 562
l 562 561
l 561 560
l 560 559
l 559 558
l 558 557
l 557 554
l 554 555
l 555 556
l 19 604
l 604 602
l 602 600
l 600 599
l 599 597
l 597 596
l 596 594
l 594 593
l 593 591
l 591 589
l 589 587
l 587 586
l 586 584
l 584 583
l 583 581
l 581 580
l 580 578
l 578 576
l 576 575
l 575 573
l 573 571
l 571 570
l 570 563
l 563 564
l 564 566
l 566 567
l 567 568
l 568 37
l 23 605
l 605 606
l 606 655
l 655 613
l 613 612
l 612 654
l 654 653
l 653 651
l 651 650
l 650 648
l 648 647
l 647 646
l 646 644
l 644 643
l 643 641
l 641 640
l 640 639
l 639 637
l 637 636
l 636 634
l 634 633
l 633 632
l 632 626
l 626 627
l 627 630
l 630 629
l 629 628
l 628 2
l 623 624
l 624 625
l 625 631
l 631 635
l 635 638
l 638 642
l 642 645
l 645 649
l 649 652
l 652 611
l 611 610
l 610 609
l 609 608
l 608 607
l 607 614
l 614 615
l 615 616
l 616 617
l 617 618
l 618 619
l 619 620
l 620 621
l 621 622
l 622 623
l 424 658
l 658 657
l 657 656
l 656 444
l 658 659
l 659 660
l 660 661
l 661 662
l 662 663
l 663 435
l 664 406
l 459 664
l 371 665
l 474 665
l 315 671
l 665 666
l 666 667
l 667 668
l 668 669
l 669 670
l 670 671
l 677 428
l 664 672
l 672 673
l 673 674
l 674 675
l 675 676
l 676 677
l 320 678
l 671 678
l 679 423
l 677 679
l 678 680
l 680 681
l 681 682
l 682 683
l 683 684
l 684 460
l 679 685
l 685 686
l 686 687
l 687 688
l 688 689
l 689 445
l 690 364
l 512 690
l 693 357
l 690 691
l 691 692
l 692 693
l 694 356
l 693 694
l 700 349
l 694 695
l 695 696
l 696 697
l 697 698
l 698 699
l 699 700
l 717 719
l 719 720
l 720 721
l 721 722
l 722 723
l 723 724
l 724 702
l 702 701
l 701 703
l 703 704
l 704 705
l 705 706
l 706 707
l 707 708
l 708 709
l 709 710
l 710 711
l 711 712
l 712 713
l 713 714
l 714 715
l 715 716
l 716 718
l 718 717
l 731 730
l 730 728
l 728 726
l 732 731
l 725 727
l 727 729
l 729 732
l 726 725
l 725 733
l 733 734
l 734 726
l 770 768
l 768 766
l 766 784
l 784 785
l 785 788
l 788 790
l 790 792
l 792 795
l 795 797
l 797 799
l 799 800
l 800 801
l 801 805
l 805 807
l 807 810
l 810 814
l 814 815
l 815 817
l 817 819
l 819 821
l 821 783
l 783 782
l 782 780
l 780 778
l 778 776
l 776 774
l 774 772
l 772 770
l 839 837
l 837 851
l 851 856
l 856 858
l 858 860
l 860 862
l 862 863
l 863 867
l 867 869
l 869 870
l 870 872
l 872 874
l 874 876
l 876 877
l 877 879
l 879 882
l 882 884
l 884 886
l 886 888
l 888 889
l 889 890
l 890 850
l 850 849
l 849 847
l 847 845
l 845 843
l 843 841
l 841 839
l 892 894
l 894 804
l 804 798
l 798 796
l 796 794
l 794 793
l 793 791
l 791 789
l 789 787
l 787 786
l 786 897
l 897 898
l 898 899
l 899 901
l 901 902
l 902 905
l 905 908
l 908 909
l 909 746
l 746 745
l 745 744
l 744 743
l 743 742
l 742 741
l 741 740
l 740 738
l 738 739
l 739 891
l 891 892
l 915 913
l 913 911
l 911 759
l 759 757
l 757 755
l 755 754
l 754 753
l 753 752
l 752 751
l 751 750
l 750 749
l 749 747
l 747 748
l 748 903
l 903 904
l 904 917
l 917 918
l 918 919
l 919 920
l 920 921
l 921 887
l 887 885
l 885 883
l 883 881
l 881 880
l 880 878
l 878 875
l 875 873
l 873 915
l 906 732
l 906 907
l 907 900
l 900 767
l 769 767
l 769 771
l 771 773
l 773 775
l 775 777
l 777 779
l 779 781
l 922 781
l 922 924
l 924 928
l 928 929
l 929 930
l 930 931
l 931 925
l 925 933
l 933 936
l 936 937
l 937 938
l 938 939
l 939 935
l 935 934
l 934 940
l 940 942
l 942 943
l 943 944
l 944 945
l 945 946
l 946 941
l 941 932
l 932 926
l 926 927
l 927 947
l 947 948
l 948 949
l 949 950
l 950 923
l 923 820
l 820 818
l 818 816
l 816 813
l 813 812
l 812 811
l 811 809
l 809 808
l 808 806
l 806 802
l 802 803
l 803 896
l 896 895
l 895 893
l 893 910
l 910 737
l 737 735
l 735 736
l 736 762
l 762 764
l 764 765
l 765 952
l 952 953
l 953 955
l 955 956
l 956 824
l 824 822
l 822 823
l 823 513
l 476 962
l 962 963
l 963 964
l 964 961
l 961 960
l 960 959
l 959 958
l 958 965
l 965 966
l 966 967
l 967 968
l 968 969
l 969 437
l 656 970
l 970 971
l 971 972
l 972 973
l 973 974
l 974 975
l 975 978
l 978 981
l 981 982
l 982 983
l 983 984
l 984 985
l 985 979
l 979 980
l 980 987
l 987 988
l 988 989
l 989 990
l 990 991
l 991 986
l 986 977
l 977 976
l 976 992
l 992 993
l 993 994
l 994 995
l 995 996
l 996 997
l 997 836
l 836 835
l 835 834
l 834 832
l 832 833
l 833 831
l 831 830
l 830 829
l 829 828
l 828 827
l 827 825
l 825 826
l 826 957
l 957 954
l 954 951
l 951 763
l 763 519
l 520 756
l 756 758
l 758 760
l 760 761
l 761 912
l 912 914
l 914 916
l 916 871
l 871 868
l 868 866
l 866 865
l 865 864
l 864 861
l 861 859
l 859 857
l 857 852
l 852 854
l 854 855
l 855 998
l 998 999
l 999 1000
l 1000 1001
l 1001 1002
l 1002 1004
l 1004 1009
l 1009 1012
l 1012 1013
l 1013 1014
l 1014 1011
l 1011 1010
l 1010 1008
l 1008 1006
l 1006 1007
l 1007 1015
l 1015 1016
l 1016 1017
l 1017 1018
l 1018 1005
l 1005 1003
l 1003 1019
l 1019 1020
l 1020 1021
l 1021 1022
l 1022 1023
l 1023 853
l 838 853
l 838 840
l 840 842
l 842 844
l 844 846
l 846 848
l 848 733
l 1027 906
l 1024 1025
l 1025 1026
l 1026 1027
l 767 1024
l 1024 1028
l 1028 769
l 734 1042
l 1042 1044
l 1044 1046
l 1046 1048
l 1048 1050
l 1050 1051
l 1056 1051
l 1056 1059
l 1059 1060
l 1060 1061
l 1061 1062
l 1062 1063
l 1063 1064
l 1064 1067
l 1067 1070
l 1070 1071
l 1071 1072
l 1072 1073
l 1073 1074
l 1074 1068
l 1068 1069
l 1069 1076
l 1076 1077
l 1077 1078
l 1078 1079
l 1079 1080
l 1080 1075
l 1075 1066
l 1066 1065
l 1065 1081
l 1081 1082
l 1082 1083
l 1083 1084
l 1084 1054
l 1054 1055
l 1055 1057
l 1057 1086
l 1086 1088
l 1088 1090
l 1090 1093
l 1093 1094
l 1094 1095
l 1095 1097
l 1097 1100
l 1100 1103
l 1103 1105
l 1105 1107
l 1107 1109
l 1109 1111
l 1111 1112
l 1112 1114
l 1114 521
l 553 1117
l 1117 1118
l 1118 1119
l 1119 1120
l 1120 1121
l 1121 1122
l 1122 1116
l 1116 1115
l 1115 1123
l 1123 1124
l 1124 1125
l 1125 1126
l 1126 1127
l 1127 657
l 436 1128
l 1128 1129
l 1129 1130
l 1130 1131
l 1131 1132
l 1132 1133
l 1133 1134
l 1134 1135
l 1135 1136
l 1136 1137
l 1137 1138
l 1138 1139
l 1139 477
l 700 1140
l 1140 1141
l 1141 1144
l 1144 1146
l 1146 1149
l 1149 1150
l 1150 1152
l 1152 1156
l 1156 1159
l 1159 1161
l 1161 1162
l 1162 1164
l 1164 1165
l 1165 1166
l 1166 1169
l 1169 1171
l 1171 1173
l 1173 1179
l 1179 1180
l 1180 1181
l 1181 1182
l 1182 1183
l 1183 1184
l 1184 1185
l 1185 1187
l 1187 1192
l 1192 1193
l 1193 1194
l 1194 1195
l 1195 1196
l 1196 1197
l 1197 1191
l 1191 1189
l 1189 1190
l 1190 1198
l 1198 1199
l 1199 1200
l 1200 1201
l 1201 1188
l 1188 1186
l 1186 1202
l 1202 1203
l 1203 1204
l 1204 1205
l 1205 1206
l 1206 1178
l 1175 1178
l 1175 1208
l 1208 1210
l 1210 1212
l 1212 1214
l 1214 1216
l 1216 1028
l 731 1027
l 1106 1104
l 1104 1102
l 1102 1226
l 1226 1229
l 1229 1231
l 1231 1232
l 1232 1234
l 1234 1236
l 1236 1238
l 1238 1036
l 1036 1035
l 1035 1034
l 1034 1033
l 1033 1029
l 1029 1030
l 1030 1239
l 1239 1242
l 1242 1244
l 1244 1245
l 1245 1246
l 1246 1247
l 1247 1248
l 1248 1249
l 1249 1250
l 1250 1251
l 1251 1113
l 1113 1110
l 1110 1108
l 1108 1106
l 1148 1147
l 1147 1145
l 1145 1143
l 1143 1142
l 1142 1253
l 1253 1252
l 1252 1254
l 1254 1255
l 1255 1256
l 1256 1257
l 1257 1243
l 1243 1241
l 1241 1240
l 1240 1031
l 1031 1032
l 1032 1221
l 1221 1222
l 1222 1223
l 1223 1224
l 1224 1258
l 1258 1260
l 1260 1262
l 1262 1264
l 1264 1266
l 1266 1267
l 1267 1269
l 1269 1153
l 1153 1151
l 1151 1148
l 1053 1052
l 1052 1049
l 1049 1047
l 1047 1045
l 1045 1043
l 1043 1037
l 1037 1038
l 1038 1039
l 1039 1040
l 1040 1041
l 1041 1237
l 1237 1235
l 1235 1233
l 1233 1230
l 1230 1228
l 1228 1227
l 1227 1225
l 1225 1101
l 1101 1099
l 1099 1098
l 1098 1096
l 1096 1092
l 1092 1091
l 1091 1089
l 1089 1087
l 1087 1085
l 1085 1058
l 1058 1053
l 1218 1217
l 1217 1215
l 1215 1213
l 1213 1211
l 1211 1209
l 1209 1207
l 1207 1177
l 1177 1176
l 1176 1174
l 1174 1172
l 1172 1170
l 1170 1168
l 1168 1167
l 1167 1163
l 1163 1160
l 1160 1158
l 1158 1157
l 1157 1154
l 1154 1155
l 1155 1270
l 1270 1268
l 1268 1265
l 1265 1263
l 1263 1261
l 1261 1259
l 1259 1220
l 1220 1219
l 1219 1218
l 1051 838
l 781 1175
l 1178 922
l 1029 917
l 1030 904
l 1250 754
l 1251 755
l 1106 913
l 1104 915
l 1231 880
l 1229 878
l 1031 905
l 1032 902
l 1266 793
l 1267 794
l 1148 894
l 1147 892
l 1253 740
l 1142 738
l 1230 879
l 1228 877
l 1096 867
l 1092 863
l 1053 837
l 1052 839
l 1039 890
l 1038 850
l 1163 810
l 1160 807
l 1268 795
l 1265 792
l 1218 768
l 1217 770
l 1176 783
l 1177 782
l 1186 925
l 1188 933
l 1189 934
l 1191 940
l 1192 941
l 1187 932
l 1180 950
l 1179 923
l 1164 811
l 1162 809
l 1149 895
l 1146 893
l 1140 735
l 333 736
l 322 955
l 321 956
l 314 823
l 1134 959
l 1133 958
l 1115 975
l 1116 978
l 1117 979
l 40 980
l 41 986
l 45 977
l 182 996
l 177 997
l 169 831
l 160 830
l 153 957
l 152 954
l 1105 914
l 1103 916
l 1095 866
l 1094 865
l 1055 854
l 1054 855
l 1066 1004
l 1075 1009
l 1069 1008
l 1068 1006
l 1067 1005
l 1064 1003
l 853 1056
