# Created by FreeCAD <http://www.freecadweb.org>
v 25.000000 0.000000 2.000000
v 24.968924 1.246147 2.000000
v 25.000000 0.000000 50.000000
v 24.968924 1.246147 50.000000
v 24.875769 2.489196 2.000000
v 24.875769 2.489196 50.000000
v 24.720770 3.726057 50.000000
v 24.720770 3.726057 2.000000
v 24.504313 4.953654 2.000000
v 24.504313 4.953654 50.000000
v 24.226933 6.168935 50.000000
v 24.226933 6.168935 2.000000
v 23.889320 7.368879 50.000000
v 23.889320 7.368879 2.000000
v 23.492315 8.550504 2.000000
v 23.492315 8.550504 50.000000
v 23.036905 9.710870 2.000000
v 23.036905 9.710870 50.000000
v 22.524221 10.847094 50.000000
v 22.524221 10.847094 2.000000
v 21.955540 11.956349 2.000000
v 21.955540 11.956349 50.000000
v 21.332272 13.035880 2.000000
v 21.332272 13.035880 50.000000
v 20.655970 14.083001 2.000000
v 20.655970 14.083001 50.000000
v 19.928312 15.095110 2.000000
v 19.928312 15.095110 50.000000
v 19.151112 16.069691 2.000000
v 19.151112 16.069691 50.000000
v 18.326296 17.004318 2.000000
v 18.326296 17.004318 50.000000
v 17.455921 17.896671 2.000000
v 17.455921 17.896671 50.000000
v 16.542147 18.744530 2.000000
v 16.542147 18.744530 50.000000
v 15.587245 19.545788 2.000000
v 15.587245 19.545788 50.000000
v 14.593592 20.298450 2.000000
v 14.593592 20.298450 50.000000
v 13.563657 21.000648 2.000000
v 13.563657 21.000648 50.000000
v 12.500000 21.650635 50.000000
v 12.500000 21.650635 2.000000
v 11.405267 22.246796 2.000000
v 11.405267 22.246796 50.000000
v 10.282178 22.787647 50.000000
v 10.282178 22.787647 2.000000
v 9.133526 23.271843 2.000000
v 9.133526 23.271843 50.000000
v 7.962166 23.698183 50.000000
v 7.962166 23.698183 2.000000
v 6.771012 24.065607 2.000000
v 6.771012 24.065607 50.000000
v 5.563024 24.373198 2.000000
v 5.563024 24.373198 50.000000
v 4.341205 24.620193 50.000000
v 4.341205 24.620193 2.000000
v 3.108593 24.805981 50.000000
v 3.108593 24.805981 2.000000
v 1.868252 24.930096 2.000000
v 1.868252 24.930096 50.000000
v 0.623267 24.992229 50.000000
v 0.623267 24.992229 2.000000
v -0.623267 24.992229 2.000000
v -0.623267 24.992229 50.000000
v -1.868252 24.930096 50.000000
v -1.868252 24.930096 2.000000
v -3.108593 24.805981 2.000000
v -3.108593 24.805981 50.000000
v -4.341205 24.620193 50.000000
v -4.341205 24.620193 2.000000
v -5.563024 24.373198 2.000000
v -5.563024 24.373198 50.000000
v -6.771012 24.065607 2.000000
v -6.771012 24.065607 50.000000
v -7.962166 23.698183 2.000000
v -7.962166 23.698183 50.000000
v -9.133526 23.271843 2.000000
v -9.133526 23.271843 50.000000
v -10.282178 22.787647 2.000000
v -10.282178 22.787647 50.000000
v -11.405267 22.246796 50.000000
v -11.405267 22.246796 2.000000
v -12.500000 21.650635 2.000000
v -12.500000 21.650635 50.000000
v -13.563657 21.000648 2.000000
v -13.563657 21.000648 50.000000
v -14.593592 20.298450 2.000000
v -14.593592 20.298450 50.000000
v -15.587245 19.545788 2.000000
v -15.587245 19.545788 50.000000
v -16.542147 18.744530 2.000000
v -16.542147 18.744530 50.000000
v -17.455921 17.896671 2.000000
v -17.455921 17.896671 50.000000
v -18.326296 17.004318 2.000000
v -18.326296 17.004318 50.000000
v -19.151112 16.069691 2.000000
v -19.151112 16.069691 50.000000
v -19.928312 15.095110 2.000000
v -19.928312 15.095110 50.000000
v -20.655970 14.083001 2.000000
v -20.655970 14.083001 50.000000
v -21.332272 13.035880 2.000000
v -21.332272 13.035880 50.000000
v -21.955540 11.956349 2.000000
v -21.955540 11.956349 50.000000
v -22.524221 10.847094 2.000000
v -22.524221 10.847094 50.000000
v -23.036905 9.710870 2.000000
v -23.036905 9.710870 50.000000
v -23.492315 8.550504 2.000000
v -23.492315 8.550504 50.000000
v -23.889320 7.368879 2.000000
v -23.889320 7.368879 50.000000
v -24.226933 6.168935 2.000000
v -24.226933 6.168935 50.000000
v -24.504313 4.953654 2.000000
v -24.504313 4.953654 50.000000
v -24.720770 3.726057 2.000000
v -24.720770 3.726057 50.000000
v -24.875769 2.489196 2.000000
v -24.875769 2.489196 50.000000
v -24.968924 1.246147 2.000000
v -24.968924 1.246147 50.000000
v -25.000000 -0.000000 2.000000
v -25.000000 -0.000000 50.000000
v -24.968924 -1.246147 2.000000
v -24.968924 -1.246147 50.000000
v -24.875769 -2.489196 2.000000
v -24.875769 -2.489196 50.000000
v -24.720770 -3.726057 2.000000
v -24.720770 -3.726057 50.000000
v -24.504313 -4.953654 2.000000
v -24.504313 -4.953654 50.000000
v -24.226933 -6.168935 2.000000
v -24.226933 -6.168935 50.000000
v -23.889320 -7.368879 2.000000
v -23.889320 -7.368879 50.000000
v -23.492315 -8.550504 2.000000
v -23.492315 -8.550504 50.000000
v -23.036905 -9.710870 2.000000
v -23.036905 -9.710870 50.000000
v -22.524221 -10.847094 2.000000
v -22.524221 -10.847094 50.000000
v -21.955540 -11.956349 2.000000
v -21.955540 -11.956349 50.000000
v -21.332272 -13.035880 2.000000
v -21.332272 -13.035880 50.000000
v -20.655970 -14.083001 2.000000
v -20.655970 -14.083001 50.000000
v -19.928312 -15.095110 2.000000
v -19.928312 -15.095110 50.000000
v -19.151112 -16.069691 2.000000
v -19.151112 -16.069691 50.000000
v -18.326296 -17.004318 2.000000
v -18.326296 -17.004318 50.000000
v -17.455921 -17.896671 2.000000
v -17.455921 -17.896671 50.000000
v -16.542147 -18.744530 2.000000
v -16.542147 -18.744530 50.000000
v -15.587245 -19.545788 2.000000
v -15.587245 -19.545788 50.000000
v -14.593592 -20.298450 2.000000
v -14.593592 -20.298450 50.000000
v -13.563657 -21.000648 2.000000
v -13.563657 -21.000648 50.000000
v -12.500000 -21.650635 2.000000
v -12.500000 -21.650635 50.000000
v -11.405267 -22.246796 2.000000
v -11.405267 -22.246796 50.000000
v -10.282178 -22.787647 2.000000
v -10.282178 -22.787647 50.000000
v -9.133526 -23.271843 2.000000
v -9.133526 -23.271843 50.000000
v -7.962166 -23.698183 2.000000
v -7.962166 -23.698183 50.000000
v -6.771012 -24.065607 2.000000
v -6.771012 -24.065607 50.000000
v -5.563024 -24.373198 2.000000
v -5.563024 -24.373198 50.000000
v -4.341205 -24.620193 2.000000
v -4.341205 -24.620193 50.000000
v -3.108593 -24.805981 2.000000
v -3.108593 -24.805981 50.000000
v -1.868252 -24.930096 2.000000
v -1.868252 -24.930096 50.000000
v -0.623267 -24.992229 50.000000
v -0.623267 -24.992229 2.000000
v 0.623267 -24.992229 2.000000
v 0.623267 -24.992229 50.000000
v 1.868252 -24.930096 2.000000
v 1.868252 -24.930096 50.000000
v 3.108593 -24.805981 2.000000
v 3.108593 -24.805981 50.000000
v 4.341205 -24.620193 2.000000
v 4.341205 -24.620193 50.000000
v 5.563024 -24.373198 50.000000
v 5.563024 -24.373198 2.000000
v 6.771012 -24.065607 50.000000
v 6.771012 -24.065607 2.000000
v 7.962166 -23.698183 2.000000
v 7.962166 -23.698183 50.000000
v 9.133526 -23.271843 2.000000
v 9.133526 -23.271843 50.000000
v 10.282178 -22.787647 2.000000
v 10.282178 -22.787647 50.000000
v 11.405267 -22.246796 50.000000
v 11.405267 -22.246796 2.000000
v 12.500000 -21.650635 2.000000
v 12.500000 -21.650635 50.000000
v 13.563657 -21.000648 2.000000
v 13.563657 -21.000648 50.000000
v 14.593592 -20.298450 2.000000
v 14.593592 -20.298450 50.000000
v 15.587245 -19.545788 50.000000
v 15.587245 -19.545788 2.000000
v 16.542147 -18.744530 2.000000
v 16.542147 -18.744530 50.000000
v 17.455921 -17.896671 50.000000
v 17.455921 -17.896671 2.000000
v 18.326296 -17.004318 2.000000
v 18.326296 -17.004318 50.000000
v 19.151112 -16.069691 2.000000
v 19.151112 -16.069691 50.000000
v 19.928312 -15.095110 2.000000
v 19.928312 -15.095110 50.000000
v 20.655970 -14.083001 2.000000
v 20.655970 -14.083001 50.000000
v 21.332272 -13.035880 2.000000
v 21.332272 -13.035880 50.000000
v 21.955540 -11.956349 2.000000
v 21.955540 -11.956349 50.000000
v 22.524221 -10.847094 2.000000
v 22.524221 -10.847094 50.000000
v 23.036905 -9.710870 2.000000
v 23.036905 -9.710870 50.000000
v 23.492315 -8.550504 2.000000
v 23.492315 -8.550504 50.000000
v 23.889320 -7.368879 2.000000
v 23.889320 -7.368879 50.000000
v 24.226933 -6.168935 2.000000
v 24.226933 -6.168935 50.000000
v 24.504313 -4.953654 2.000000
v 24.504313 -4.953654 50.000000
v 24.720770 -3.726057 2.000000
v 24.720770 -3.726057 50.000000
v 24.875769 -2.489196 2.000000
v 24.875769 -2.489196 50.000000
v 24.968924 -1.246147 2.000000
v 24.968924 -1.246147 50.000000
v 24.000000 0.000000 1.000000
v 23.000000 0.000000 0.000000
v 22.971409 1.146455 0.000000
v 22.971409 -1.146455 0.000000
v 23.880739 2.389628 1.000000
v 22.885708 2.290061 0.000000
v 22.743109 3.427972 0.000000
v 23.524139 4.755507 1.000000
v 22.543966 4.557361 0.000000
v 22.288778 5.675420 0.000000
v 22.933748 7.074124 1.000000
v 21.978174 6.779369 0.000000
v 21.612930 7.866463 0.000000
v 22.115429 9.322435 1.000000
v 21.193953 8.934000 0.000000
v 20.722284 9.979326 0.000000
v 21.077318 11.478095 1.000000
v 20.199097 10.999842 0.000000
v 19.625690 11.993010 0.000000
v 19.829731 13.519681 1.000000
v 19.003492 12.956362 0.000000
v 18.334047 13.887502 0.000000
v 18.385067 15.426903 1.000000
v 17.619022 14.784115 0.000000
v 16.860193 15.643973 0.000000
v 16.757683 17.180805 1.000000
v 16.059446 16.464937 0.000000
v 15.218774 17.244968 0.000000
v 14.963756 18.763956 1.000000
v 14.340265 17.982124 0.000000
v 13.426105 18.674574 0.000000
v 13.021111 20.160622 1.000000
v 12.478564 19.320597 0.000000
v 11.500000 19.918585 0.000000
v 10.949056 21.356924 1.000000
v 10.492846 20.467052 0.000000
v 9.459603 20.964634 0.000000
v 8.768185 22.340969 1.000000
v 8.402843 21.410097 0.000000
v 7.325193 21.802328 0.000000
v 6.500171 23.102982 1.000000
v 6.229331 22.140358 0.000000
v 5.117981 22.423342 0.000000
v 4.167556 23.635386 1.000000
v 3.993908 22.650578 0.000000
v 2.859905 22.821503 0.000000
v 1.793522 23.932892 1.000000
v 1.718792 22.935688 0.000000
v 0.573406 22.992851 0.000000
v -0.598337 23.992540 1.000000
v -0.573406 22.992851 0.000000
v -1.718792 22.935688 0.000000
v -2.984249 23.813742 1.000000
v -2.859905 22.821503 0.000000
v -3.993908 22.650578 0.000000
v -5.340502 23.398270 1.000000
v -5.117981 22.423342 0.000000
v -6.229331 22.140358 0.000000
v -7.643680 22.750256 1.000000
v -7.325193 21.802328 0.000000
v -8.402843 21.410097 0.000000
v -9.870891 21.876141 1.000000
v -9.459603 20.964634 0.000000
v -10.492846 20.467052 0.000000
v -12.000000 20.784609 1.000000
v -11.500000 19.918585 0.000000
v -12.478564 19.320597 0.000000
v -14.009849 19.486511 1.000000
v -13.426105 18.674574 0.000000
v -14.340265 17.982124 0.000000
v -15.880460 17.994749 1.000000
v -15.218774 17.244968 0.000000
v -16.059446 16.464937 0.000000
v -17.593245 16.324146 1.000000
v -16.860193 15.643973 0.000000
v -17.619022 14.784115 0.000000
v -19.131180 14.491306 1.000000
v -18.334047 13.887502 0.000000
v -19.003492 12.956362 0.000000
v -20.478981 12.514445 1.000000
v -19.625690 11.993010 0.000000
v -20.199097 10.999842 0.000000
v -21.623253 10.413210 1.000000
v -20.722284 9.979326 0.000000
v -21.193953 8.934000 0.000000
v -22.552624 8.208484 1.000000
v -21.612930 7.866463 0.000000
v -21.978174 6.779369 0.000000
v -23.257854 5.922177 1.000000
v -22.288778 5.675420 0.000000
v -22.543966 4.557361 0.000000
v -23.731939 3.577014 1.000000
v -22.743109 3.427972 0.000000
v -22.885708 2.290061 0.000000
v -23.970165 1.196301 1.000000
v -22.971409 1.146455 0.000000
v -23.000000 -0.000000 0.000000
v -23.970165 -1.196301 1.000000
v -22.971409 -1.146455 0.000000
v -22.885708 -2.290061 0.000000
v -23.731939 -3.577014 1.000000
v -22.743109 -3.427972 0.000000
v -22.543966 -4.557361 0.000000
v -23.257854 -5.922177 1.000000
v -22.288778 -5.675420 0.000000
v -21.978174 -6.779369 0.000000
v -22.552624 -8.208484 1.000000
v -21.612930 -7.866463 0.000000
v -21.193953 -8.934000 0.000000
v -21.623253 -10.413210 1.000000
v -20.722284 -9.979326 0.000000
v -20.199097 -10.999842 0.000000
v -19.625690 -11.993010 0.000000
v -20.478981 -12.514445 1.000000
v -19.003492 -12.956362 0.000000
v -18.334047 -13.887502 0.000000
v -19.131180 -14.491306 1.000000
v -17.619022 -14.784115 0.000000
v -16.860193 -15.643973 0.000000
v -17.593245 -16.324146 1.000000
v -16.059446 -16.464937 0.000000
v -15.218774 -17.244968 0.000000
v -15.880460 -17.994749 1.000000
v -14.340265 -17.982124 0.000000
v -14.009849 -19.486511 1.000000
v -13.426105 -18.674574 0.000000
v -12.478564 -19.320597 0.000000
v -12.000000 -20.784609 1.000000
v -11.500000 -19.918585 0.000000
v -10.492846 -20.467052 0.000000
v -9.870891 -21.876141 1.000000
v -9.459603 -20.964634 0.000000
v -8.402843 -21.410097 0.000000
v -7.325193 -21.802328 0.000000
v -7.643680 -22.750256 1.000000
v -6.229331 -22.140358 0.000000
v -5.117981 -22.423342 0.000000
v -5.340502 -23.398270 1.000000
v -3.993908 -22.650578 0.000000
v -2.859905 -22.821503 0.000000
v -2.984249 -23.813742 1.000000
v -1.718792 -22.935688 0.000000
v -0.573406 -22.992851 0.000000
v -0.598337 -23.992540 1.000000
v 0.573406 -22.992851 0.000000
v 1.718792 -22.935688 0.000000
v 1.793522 -23.932892 1.000000
v 2.859905 -22.821503 0.000000
v 4.167556 -23.635386 1.000000
v 3.993908 -22.650578 0.000000
v 5.117981 -22.423342 0.000000
v 6.500171 -23.102982 1.000000
v 6.229331 -22.140358 0.000000
v 7.325193 -21.802328 0.000000
v 8.768185 -22.340969 1.000000
v 8.402843 -21.410097 0.000000
v 9.459603 -20.964634 0.000000
v 10.949056 -21.356924 1.000000
v 10.492846 -20.467052 0.000000
v 11.500000 -19.918585 0.000000
v 13.021111 -20.160622 1.000000
v 12.478564 -19.320597 0.000000
v 13.426105 -18.674574 0.000000
v 14.963756 -18.763956 1.000000
v 14.340265 -17.982124 0.000000
v 15.218774 -17.244968 0.000000
v 16.757683 -17.180805 1.000000
v 16.059446 -16.464937 0.000000
v 16.860193 -15.643973 0.000000
v 18.385067 -15.426903 1.000000
v 17.619022 -14.784115 0.000000
v 18.334047 -13.887502 0.000000
v 19.829731 -13.519681 1.000000
v 19.003492 -12.956362 0.000000
v 19.625690 -11.993010 0.000000
v 21.077318 -11.478095 1.000000
v 20.199097 -10.999842 0.000000
v 20.722284 -9.979326 0.000000
v 22.115429 -9.322435 1.000000
v 21.193953 -8.934000 0.000000
v 21.612930 -7.866463 0.000000
v 22.933748 -7.074124 1.000000
v 21.978174 -6.779369 0.000000
v 22.288778 -5.675420 0.000000
v 23.524139 -4.755507 1.000000
v 22.543966 -4.557361 0.000000
v 22.743109 -3.427972 0.000000
v 23.880739 -2.389628 1.000000
v 22.885708 -2.290061 0.000000
v -7.384742 -12.790749 50.000000
v -14.769484 -0.000000 50.000000
v 7.384742 -12.790749 50.000000
v -7.384742 12.790749 50.000000
v 14.769484 0.000000 50.000000
v 7.384742 12.790749 50.000000
v 14.769484 0.000000 109.000000
v 7.384742 12.790749 109.000000
v -7.384742 12.790749 109.000000
v -14.769484 -0.000000 109.000000
v -7.384742 -12.790749 109.000000
v 7.384742 -12.790749 109.000000
v 7.384433 12.790213 109.032722
v 14.768866 -0.000000 109.032722
v 7.383506 12.788608 109.065407
v 14.767012 -0.000000 109.065407
v 7.381962 12.785933 109.098015
v 14.763924 -0.000000 109.098015
v 7.379803 12.782193 109.130524
v 14.759605 -0.000000 109.130524
v 7.377030 12.777391 109.162895
v 14.754061 -0.000000 109.162895
v 7.373648 12.771534 109.195091
v 14.747296 -0.000000 109.195091
v 7.369660 12.764626 109.227074
v 14.739320 -0.000000 109.227074
v 7.365069 12.756674 109.258820
v 14.730139 -0.000000 109.258820
v 7.359881 12.747688 109.290283
v 14.719763 -0.000000 109.290283
v 7.354102 12.737679 109.321442
v 14.708204 -0.000000 109.321442
v 7.347737 12.726654 109.352249
v 14.695475 -0.000000 109.352249
v 7.340794 12.714628 109.382683
v 14.681587 -0.000000 109.382683
v 7.333279 12.701612 109.412704
v 14.666558 -0.000000 109.412704
v 7.325202 12.687621 109.442291
v 14.650403 -0.000000 109.442291
v 7.316569 12.672669 109.471397
v 14.633139 -0.000000 109.471397
v 7.307392 12.656774 109.500000
v 14.614783 -0.000000 109.500000
v 7.297679 12.639951 109.528069
v 14.595358 -0.000000 109.528069
v 7.287441 12.622218 109.555573
v 14.574882 -0.000000 109.555573
v 7.276689 12.603595 109.582481
v 14.553378 -0.000000 109.582481
v 7.265434 12.584102 109.608765
v 14.530869 -0.000000 109.608765
v 7.253689 12.563759 109.634392
v 14.507379 -0.000000 109.634392
v 7.241467 12.542588 109.659348
v 14.482933 -0.000000 109.659348
v 7.228779 12.520613 109.683594
v 14.457558 -0.000000 109.683594
v 7.215640 12.497855 109.707108
v 14.431280 -0.000000 109.707108
v 7.202064 12.474340 109.729866
v 14.404128 -0.000000 109.729866
v 7.188065 12.450094 109.751839
v 14.376130 -0.000000 109.751839
v 7.173659 12.425141 109.773010
v 14.347318 -0.000000 109.773010
v 7.158860 12.399509 109.793350
v 14.317720 -0.000000 109.793350
v 7.143685 12.373226 109.812843
v 14.287371 -0.000000 109.812843
v 7.128150 12.346318 109.831467
v 14.256301 -0.000000 109.831467
v 7.112272 12.318816 109.849205
v 14.224544 -0.000000 109.849205
v 7.096067 12.290749 109.866028
v 14.192134 -0.000000 109.866028
v 7.079553 12.262145 109.881920
v 14.159105 -0.000000 109.881920
v 7.062747 12.233037 109.896873
v 14.125494 -0.000000 109.896873
v 7.045668 12.203455 109.910866
v 14.091336 -0.000000 109.910866
v 7.028334 12.173431 109.923882
v 14.056668 -0.000000 109.923882
v 7.010763 12.142999 109.935905
v 14.021526 -0.000000 109.935905
v 6.992975 12.112187 109.946930
v 13.985950 -0.000000 109.946930
v 6.974988 12.081033 109.956940
v 13.949975 -0.000000 109.956940
v 6.956821 12.049567 109.965927
v 13.913642 -0.000000 109.965927
v 6.938494 12.017824 109.973877
v 13.876988 -0.000000 109.973877
v 6.920027 11.985839 109.980782
v 13.840055 -0.000000 109.980782
v 6.901440 11.953644 109.986641
v 13.802879 -0.000000 109.986641
v 6.882751 11.921274 109.991447
v 13.765502 -0.000000 109.991447
v 6.863982 11.888765 109.995186
v 13.727963 -0.000000 109.995186
v 6.845152 11.856152 109.997856
v 13.690305 -0.000000 109.997856
v 6.826282 11.823467 109.999466
v 13.652564 -0.000000 109.999466
v 6.807392 11.790749 110.000000
v 13.614783 -0.000000 110.000000
v -7.384433 12.790213 109.032722
v -7.383506 12.788608 109.065407
v -7.381962 12.785933 109.098015
v -7.379803 12.782193 109.130524
v -7.377030 12.777391 109.162895
v -7.373648 12.771534 109.195091
v -7.369660 12.764626 109.227074
v -7.365069 12.756674 109.258820
v -7.359881 12.747688 109.290283
v -7.354102 12.737679 109.321442
v -7.347737 12.726654 109.352249
v -7.340794 12.714628 109.382683
v -7.333279 12.701612 109.412704
v -7.325202 12.687621 109.442291
v -7.316569 12.672669 109.471397
v -7.307392 12.656774 109.500000
v -7.297679 12.639951 109.528069
v -7.287441 12.622218 109.555573
v -7.276689 12.603595 109.582481
v -7.265434 12.584102 109.608765
v -7.253689 12.563759 109.634392
v -7.241467 12.542588 109.659348
v -7.228779 12.520613 109.683594
v -7.215640 12.497855 109.707108
v -7.202064 12.474340 109.729866
v -7.188065 12.450094 109.751839
v -7.173659 12.425141 109.773010
v -7.158860 12.399509 109.793350
v -7.143685 12.373226 109.812843
v -7.128150 12.346318 109.831467
v -7.112272 12.318816 109.849205
v -7.096067 12.290749 109.866028
v -7.079553 12.262145 109.881920
v -7.062747 12.233037 109.896873
v -7.045668 12.203455 109.910866
v -7.028334 12.173431 109.923882
v -7.010763 12.142999 109.935905
v -6.992975 12.112187 109.946930
v -6.974988 12.081033 109.956940
v -6.956821 12.049567 109.965927
v -6.938494 12.017824 109.973877
v -6.920027 11.985839 109.980782
v -6.901440 11.953644 109.986641
v -6.882751 11.921274 109.991447
v -6.863982 11.888765 109.995186
v -6.845152 11.856152 109.997856
v -6.826282 11.823467 109.999466
v -6.807392 11.790749 110.000000
v -14.768866 -0.000000 109.032722
v -14.767012 -0.000000 109.065407
v -14.763924 -0.000000 109.098015
v -14.759605 -0.000000 109.130524
v -14.754061 -0.000000 109.162895
v -14.747296 -0.000000 109.195091
v -14.739320 -0.000000 109.227074
v -14.730139 -0.000000 109.258820
v -14.719763 -0.000000 109.290283
v -14.708204 -0.000000 109.321442
v -14.695475 -0.000000 109.352249
v -14.681587 -0.000000 109.382683
v -14.666558 -0.000000 109.412704
v -14.650403 -0.000000 109.442291
v -14.633139 -0.000000 109.471397
v -14.614783 -0.000000 109.500000
v -14.595358 -0.000000 109.528069
v -14.574882 -0.000000 109.555573
v -14.553378 -0.000000 109.582481
v -14.530869 -0.000000 109.608765
v -14.507379 -0.000000 109.634392
v -14.482933 -0.000000 109.659348
v -14.457558 -0.000000 109.683594
v -14.431280 -0.000000 109.707108
v -14.404128 -0.000000 109.729866
v -14.376130 -0.000000 109.751839
v -14.347318 -0.000000 109.773010
v -14.317720 -0.000000 109.793350
v -14.287371 -0.000000 109.812843
v -14.256301 -0.000000 109.831467
v -14.224544 -0.000000 109.849205
v -14.192134 -0.000000 109.866028
v -14.159105 -0.000000 109.881920
v -14.125494 -0.000000 109.896873
v -14.091336 -0.000000 109.910866
v -14.056668 -0.000000 109.923882
v -14.021526 -0.000000 109.935905
v -13.985950 -0.000000 109.946930
v -13.949975 -0.000000 109.956940
v -13.913642 -0.000000 109.965927
v -13.876988 -0.000000 109.973877
v -13.840055 -0.000000 109.980782
v -13.802879 -0.000000 109.986641
v -13.765502 -0.000000 109.991447
v -13.727963 -0.000000 109.995186
v -13.690305 -0.000000 109.997856
v -13.652564 -0.000000 109.999466
v -13.614783 -0.000000 110.000000
v -7.384433 -12.790213 109.032722
v -7.383506 -12.788608 109.065407
v -7.381962 -12.785933 109.098015
v -7.379803 -12.782193 109.130524
v -7.377030 -12.777391 109.162895
v -7.373648 -12.771534 109.195091
v -7.369660 -12.764626 109.227074
v -7.365069 -12.756674 109.258820
v -7.359881 -12.747688 109.290283
v -7.354102 -12.737679 109.321442
v -7.347737 -12.726654 109.352249
v -7.340794 -12.714628 109.382683
v -7.333279 -12.701612 109.412704
v -7.325202 -12.687621 109.442291
v -7.316569 -12.672669 109.471397
v -7.307392 -12.656774 109.500000
v -7.297679 -12.639951 109.528069
v -7.287441 -12.622218 109.555573
v -7.276689 -12.603595 109.582481
v -7.265434 -12.584102 109.608765
v -7.253689 -12.563759 109.634392
v -7.241467 -12.542588 109.659348
v -7.228779 -12.520613 109.683594
v -7.215640 -12.497855 109.707108
v -7.202064 -12.474340 109.729866
v -7.188065 -12.450094 109.751839
v -7.173659 -12.425141 109.773010
v -7.158860 -12.399509 109.793350
v -7.143685 -12.373226 109.812843
v -7.128150 -12.346318 109.831467
v -7.112272 -12.318816 109.849205
v -7.096067 -12.290749 109.866028
v -7.079553 -12.262145 109.881920
v -7.062747 -12.233037 109.896873
v -7.045668 -12.203455 109.910866
v -7.028334 -12.173431 109.923882
v -7.010763 -12.142999 109.935905
v -6.992975 -12.112187 109.946930
v -6.974988 -12.081033 109.956940
v -6.956821 -12.049567 109.965927
v -6.938494 -12.017824 109.973877
v -6.920027 -11.985839 109.980782
v -6.901440 -11.953644 109.986641
v -6.882751 -11.921274 109.991447
v -6.863982 -11.888765 109.995186
v -6.845152 -11.856152 109.997856
v -6.826282 -11.823467 109.999466
v -6.807392 -11.790749 110.000000
v 7.384433 -12.790213 109.032722
v 7.383506 -12.788608 109.065407
v 7.381962 -12.785933 109.098015
v 7.379803 -12.782193 109.130524
v 7.377030 -12.777391 109.162895
v 7.373648 -12.771534 109.195091
v 7.369660 -12.764626 109.227074
v 7.365069 -12.756674 109.258820
v 7.359881 -12.747688 109.290283
v 7.354102 -12.737679 109.321442
v 7.347737 -12.726654 109.352249
v 7.340794 -12.714628 109.382683
v 7.333279 -12.701612 109.412704
v 7.325202 -12.687621 109.442291
v 7.316569 -12.672669 109.471397
v 7.307392 -12.656774 109.500000
v 7.297679 -12.639951 109.528069
v 7.287441 -12.622218 109.555573
v 7.276689 -12.603595 109.582481
v 7.265434 -12.584102 109.608765
v 7.253689 -12.563759 109.634392
v 7.241467 -12.542588 109.659348
v 7.228779 -12.520613 109.683594
v 7.215640 -12.497855 109.707108
v 7.202064 -12.474340 109.729866
v 7.188065 -12.450094 109.751839
v 7.173659 -12.425141 109.773010
v 7.158860 -12.399509 109.793350
v 7.143685 -12.373226 109.812843
v 7.128150 -12.346318 109.831467
v 7.112272 -12.318816 109.849205
v 7.096067 -12.290749 109.866028
v 7.079553 -12.262145 109.881920
v 7.062747 -12.233037 109.896873
v 7.045668 -12.203455 109.910866
v 7.028334 -12.173431 109.923882
v 7.010763 -12.142999 109.935905
v 6.992975 -12.112187 109.946930
v 6.974988 -12.081033 109.956940
v 6.956821 -12.049567 109.965927
v 6.938494 -12.017824 109.973877
v 6.920027 -11.985839 109.980782
v 6.901440 -11.953644 109.986641
v 6.882751 -11.921274 109.991447
v 6.863982 -11.888765 109.995186
v 6.845152 -11.856152 109.997856
v 6.826282 -11.823467 109.999466
v 6.807392 -11.790749 110.000000
vn 0.999689 0.024930 -0.000000
vn 0.999689 0.024930 0.000000
vn 0.997204 0.074731 0.000000
vn 0.992239 0.124344 0.000000
vn 0.997204 0.074731 -0.000000
vn 0.992239 0.124344 0.000000
vn 0.984808 0.173647 0.000000
vn 0.974928 0.222521 0.000000
vn 0.984808 0.173647 -0.000000
vn 0.962624 0.270841 0.000000
vn 0.974928 0.222521 0.000000
vn 0.962624 0.270841 0.000000
vn 0.947927 0.318487 0.000000
vn 0.947927 0.318487 -0.000000
vn 0.930874 0.365341 0.000000
vn 0.911506 0.411287 0.000000
vn 0.930874 0.365341 -0.000000
vn 0.911506 0.411287 0.000000
vn 0.889872 0.456210 0.000000
vn 0.889872 0.456210 -0.000000
vn 0.866025 0.500000 -0.000000
vn 0.866025 0.500000 0.000000
vn 0.840026 0.542546 -0.000000
vn 0.840026 0.542546 0.000000
vn 0.811938 0.583744 -0.000000
vn 0.811938 0.583744 0.000000
vn 0.781832 0.623489 -0.000000
vn 0.781832 0.623489 0.000000
vn 0.749780 0.661687 0.000000
vn 0.749780 0.661687 -0.000000
vn 0.715868 0.698236 0.000000
vn 0.715868 0.698236 -0.000000
vn 0.680173 0.733052 0.000000
vn 0.680173 0.733052 -0.000000
vn 0.642788 0.766044 0.000000
vn 0.642788 0.766044 -0.000000
vn 0.603804 0.797133 0.000000
vn 0.603804 0.797133 -0.000000
vn 0.563320 0.826239 0.000000
vn 0.521435 0.853291 0.000000
vn 0.563320 0.826239 -0.000000
vn 0.521435 0.853291 0.000000
vn 0.478255 0.878221 0.000000
vn 0.433884 0.900969 0.000000
vn 0.478255 0.878221 -0.000000
vn 0.433884 0.900969 0.000000
vn 0.388434 0.921477 0.000000
vn 0.342020 0.939693 0.000000
vn 0.388434 0.921477 -0.000000
vn 0.342020 0.939693 0.000000
vn 0.294756 0.955572 0.000000
vn 0.294756 0.955572 -0.000000
vn 0.246757 0.969078 0.000000
vn 0.198146 0.980173 0.000000
vn 0.246757 0.969078 -0.000000
vn 0.149043 0.988831 0.000000
vn 0.198146 0.980173 0.000000
vn 0.149043 0.988831 0.000000
vn 0.099568 0.995031 0.000000
vn 0.049845 0.998757 0.000000
vn 0.099568 0.995031 -0.000000
vn 0.049845 0.998757 0.000000
vn 0.000000 1.000000 0.000000
vn -0.049845 0.998757 0.000000
vn 0.000000 1.000000 -0.000000
vn -0.049845 0.998757 0.000000
vn -0.099568 0.995031 0.000000
vn -0.149043 0.988831 0.000000
vn -0.099568 0.995031 0.000000
vn -0.149043 0.988831 0.000000
vn -0.198146 0.980173 0.000000
vn -0.198146 0.980173 0.000000
vn -0.246757 0.969078 0.000000
vn -0.246757 0.969078 0.000000
vn -0.294756 0.955572 0.000000
vn -0.294756 0.955572 0.000000
vn -0.342020 0.939693 0.000000
vn -0.342020 0.939693 0.000000
vn -0.388434 0.921477 0.000000
vn -0.388434 0.921477 0.000000
vn -0.433884 0.900969 0.000000
vn -0.433884 0.900969 0.000000
vn -0.478255 0.878221 0.000000
vn -0.478255 0.878221 0.000000
vn -0.521435 0.853291 0.000000
vn -0.521435 0.853291 0.000000
vn -0.563320 0.826239 0.000000
vn -0.563320 0.826239 0.000000
vn -0.603804 0.797133 0.000000
vn -0.603804 0.797133 0.000000
vn -0.642788 0.766044 0.000000
vn -0.642788 0.766044 0.000000
vn -0.680173 0.733052 0.000000
vn -0.680173 0.733052 0.000000
vn -0.715868 0.698236 0.000000
vn -0.715868 0.698236 0.000000
vn -0.749780 0.661687 0.000000
vn -0.749780 0.661687 0.000000
vn -0.781832 0.623489 0.000000
vn -0.781832 0.623489 0.000000
vn -0.811938 0.583744 0.000000
vn -0.811938 0.583744 0.000000
vn -0.840026 0.542546 0.000000
vn -0.840026 0.542546 0.000000
vn -0.866025 0.500000 0.000000
vn -0.866025 0.500000 0.000000
vn -0.889872 0.456210 0.000000
vn -0.889872 0.456210 0.000000
vn -0.911506 0.411287 0.000000
vn -0.911506 0.411287 0.000000
vn -0.930874 0.365341 0.000000
vn -0.930874 0.365341 0.000000
vn -0.947927 0.318487 0.000000
vn -0.947927 0.318487 0.000000
vn -0.962624 0.270841 0.000000
vn -0.962624 0.270841 0.000000
vn -0.974928 0.222521 0.000000
vn -0.974928 0.222521 0.000000
vn -0.984808 0.173647 0.000000
vn -0.984808 0.173647 0.000000
vn -0.992239 0.124344 0.000000
vn -0.992239 0.124344 0.000000
vn -0.997204 0.074731 0.000000
vn -0.997204 0.074731 0.000000
vn -0.999689 0.024930 0.000000
vn -0.999689 0.024930 0.000000
vn -0.999689 -0.024930 0.000000
vn -0.999689 -0.024930 0.000000
vn -0.997204 -0.074731 0.000000
vn -0.997204 -0.074731 0.000000
vn -0.992239 -0.124344 0.000000
vn -0.992239 -0.124344 0.000000
vn -0.984808 -0.173647 0.000000
vn -0.984808 -0.173647 0.000000
vn -0.974928 -0.222521 0.000000
vn -0.974928 -0.222521 0.000000
vn -0.962624 -0.270841 0.000000
vn -0.962624 -0.270841 0.000000
vn -0.947927 -0.318487 0.000000
vn -0.947927 -0.318487 0.000000
vn -0.930874 -0.365341 0.000000
vn -0.930874 -0.365341 0.000000
vn -0.911506 -0.411287 0.000000
vn -0.911506 -0.411287 0.000000
vn -0.889872 -0.456210 0.000000
vn -0.889872 -0.456210 0.000000
vn -0.866025 -0.500000 0.000000
vn -0.866025 -0.500000 0.000000
vn -0.840026 -0.542546 0.000000
vn -0.840026 -0.542546 0.000000
vn -0.811938 -0.583744 0.000000
vn -0.811938 -0.583744 0.000000
vn -0.781832 -0.623489 0.000000
vn -0.781832 -0.623489 0.000000
vn -0.749780 -0.661687 0.000000
vn -0.749780 -0.661687 0.000000
vn -0.715868 -0.698236 0.000000
vn -0.715868 -0.698236 0.000000
vn -0.680173 -0.733052 0.000000
vn -0.680173 -0.733052 0.000000
vn -0.642788 -0.766044 0.000000
vn -0.642788 -0.766044 0.000000
vn -0.603804 -0.797133 0.000000
vn -0.603804 -0.797133 0.000000
vn -0.563320 -0.826239 0.000000
vn -0.563320 -0.826239 0.000000
vn -0.521435 -0.853291 0.000000
vn -0.521435 -0.853291 0.000000
vn -0.478255 -0.878221 0.000000
vn -0.478255 -0.878221 0.000000
vn -0.433884 -0.900969 0.000000
vn -0.433884 -0.900969 0.000000
vn -0.388434 -0.921477 0.000000
vn -0.388434 -0.921477 0.000000
vn -0.342020 -0.939693 0.000000
vn -0.342020 -0.939693 0.000000
vn -0.294756 -0.955572 0.000000
vn -0.294756 -0.955572 0.000000
vn -0.246757 -0.969078 0.000000
vn -0.246757 -0.969078 0.000000
vn -0.198146 -0.980173 0.000000
vn -0.198146 -0.980173 0.000000
vn -0.149043 -0.988831 0.000000
vn -0.149043 -0.988831 0.000000
vn -0.099568 -0.995031 0.000000
vn -0.099568 -0.995031 0.000000
vn -0.049845 -0.998757 -0.000000
vn -0.049845 -0.998757 0.000000
vn 0.000000 -1.000000 0.000000
vn 0.000000 -1.000000 0.000000
vn 0.049845 -0.998757 0.000000
vn 0.049845 -0.998757 0.000000
vn 0.099568 -0.995031 0.000000
vn 0.099568 -0.995031 0.000000
vn 0.149043 -0.988831 0.000000
vn 0.149043 -0.988831 0.000000
vn 0.246757 -0.969078 0.000000
vn 0.198146 -0.980173 0.000000
vn 0.198146 -0.980173 0.000000
vn 0.246757 -0.969078 0.000000
vn 0.294756 -0.955572 0.000000
vn 0.294756 -0.955572 0.000000
vn 0.342020 -0.939693 0.000000
vn 0.342020 -0.939693 0.000000
vn 0.388434 -0.921477 0.000000
vn 0.433884 -0.900969 0.000000
vn 0.388434 -0.921477 0.000000
vn 0.433884 -0.900969 0.000000
vn 0.478255 -0.878221 0.000000
vn 0.478255 -0.878221 0.000000
vn 0.521435 -0.853291 0.000000
vn 0.521435 -0.853291 0.000000
vn 0.563320 -0.826239 0.000000
vn 0.603804 -0.797133 0.000000
vn 0.563320 -0.826239 0.000000
vn 0.603804 -0.797133 0.000000
vn 0.642788 -0.766044 0.000000
vn 0.680173 -0.733052 0.000000
vn 0.642788 -0.766044 0.000000
vn 0.680173 -0.733052 0.000000
vn 0.715868 -0.698236 0.000000
vn 0.715868 -0.698236 0.000000
vn 0.749780 -0.661687 0.000000
vn 0.749780 -0.661687 0.000000
vn 0.781832 -0.623489 0.000000
vn 0.781832 -0.623489 0.000000
vn 0.811938 -0.583744 0.000000
vn 0.811938 -0.583744 0.000000
vn 0.840026 -0.542546 0.000000
vn 0.840026 -0.542546 0.000000
vn 0.866025 -0.500000 0.000000
vn 0.866025 -0.500000 0.000000
vn 0.889872 -0.456210 0.000000
vn 0.889872 -0.456210 0.000000
vn 0.911506 -0.411287 0.000000
vn 0.911506 -0.411287 0.000000
vn 0.930874 -0.365341 0.000000
vn 0.930874 -0.365341 0.000000
vn 0.947927 -0.318487 0.000000
vn 0.947927 -0.318487 0.000000
vn 0.962624 -0.270841 0.000000
vn 0.962624 -0.270841 0.000000
vn 0.974928 -0.222521 0.000000
vn 0.974928 -0.222521 0.000000
vn 0.984808 -0.173647 0.000000
vn 0.984808 -0.173647 0.000000
vn 0.992239 -0.124344 0.000000
vn 0.992239 -0.124344 0.000000
vn 0.997204 -0.074731 0.000000
vn 0.997204 -0.074731 0.000000
vn 0.999689 -0.024930 0.000000
vn 0.999689 -0.024930 0.000000
vn 0.706997 0.017631 -0.706997
vn 0.706997 0.017632 -0.706997
vn 0.706997 -0.017631 -0.706997
vn 0.706997 -0.017632 -0.706997
vn 0.705240 0.052851 -0.706996
vn 0.701729 0.087938 -0.706996
vn 0.705239 0.052850 -0.706997
vn 0.701728 0.087938 -0.706997
vn 0.695773 0.034724 -0.717422
vn 0.716840 0.035776 -0.696320
vn 0.696472 0.122806 -0.706997
vn 0.689485 0.157370 -0.706997
vn 0.696472 0.122807 -0.706997
vn 0.689485 0.157369 -0.706997
vn 0.688858 0.103829 -0.717422
vn 0.709715 0.106973 -0.696320
vn 0.680784 0.191543 -0.706997
vn 0.670390 0.225239 -0.706997
vn 0.680783 0.191543 -0.706997
vn 0.670390 0.225239 -0.706997
vn 0.675097 0.171900 -0.717422
vn 0.695538 0.177105 -0.696319
vn 0.658329 0.258375 -0.706997
vn 0.644632 0.290869 -0.706997
vn 0.654626 0.238265 -0.717422
vn 0.674447 0.245479 -0.696320
vn 0.658329 0.258375 -0.706997
vn 0.644632 0.290869 -0.706997
vn 0.629332 0.322640 -0.706997
vn 0.612467 0.353609 -0.706997
vn 0.627650 0.302260 -0.717422
vn 0.646654 0.311412 -0.696319
vn 0.629332 0.322640 -0.706997
vn 0.612468 0.353609 -0.706997
vn 0.594081 0.383698 -0.706997
vn 0.574216 0.412834 -0.706997
vn 0.594081 0.383698 -0.706997
vn 0.574216 0.412834 -0.706997
vn 0.594436 0.363252 -0.717422
vn 0.612434 0.374251 -0.696319
vn 0.572128 0.433370 -0.696319
vn 0.552925 0.440942 -0.706997
vn 0.530257 0.467956 -0.706997
vn 0.552924 0.440942 -0.706997
vn 0.530258 0.467955 -0.706997
vn 0.555314 0.420634 -0.717422
vn 0.506273 0.493804 -0.706997
vn 0.481029 0.518426 -0.706997
vn 0.510673 0.473835 -0.717422
vn 0.526135 0.488182 -0.696319
vn 0.506272 0.493805 -0.706997
vn 0.481030 0.518426 -0.706997
vn 0.454590 0.541759 -0.706997
vn 0.427020 0.563745 -0.706997
vn 0.454590 0.541759 -0.706997
vn 0.427020 0.563745 -0.706997
vn 0.460956 0.522327 -0.717422
vn 0.474913 0.538142 -0.696319
vn 0.398389 0.584330 -0.706997
vn 0.368767 0.603462 -0.706997
vn 0.398390 0.584330 -0.706997
vn 0.368768 0.603462 -0.706997
vn 0.406658 0.565628 -0.717422
vn 0.418971 0.582754 -0.696320
vn 0.348320 0.603307 -0.717422
vn 0.358866 0.621574 -0.696319
vn 0.338230 0.621093 -0.706997
vn 0.306850 0.637180 -0.706997
vn 0.338230 0.621093 -0.706997
vn 0.306849 0.637181 -0.706997
vn 0.274707 0.651684 -0.706997
vn 0.241882 0.664566 -0.706997
vn 0.286518 0.634990 -0.717422
vn 0.274709 0.651684 -0.706996
vn 0.241882 0.664567 -0.706996
vn 0.295194 0.654217 -0.696320
vn 0.208456 0.675796 -0.706997
vn 0.174510 0.685347 -0.706997
vn 0.208456 0.675797 -0.706997
vn 0.174511 0.685348 -0.706997
vn 0.221870 0.660363 -0.717422
vn 0.228588 0.680358 -0.696319
vn 0.159710 0.699737 -0.696319
vn 0.140132 0.693194 -0.706997
vn 0.105406 0.699318 -0.706997
vn 0.140132 0.693194 -0.706997
vn 0.105406 0.699317 -0.706997
vn 0.155017 0.679172 -0.717422
vn 0.070416 0.703702 -0.706997
vn 0.035251 0.706338 -0.706997
vn 0.086623 0.691232 -0.717422
vn 0.089246 0.712162 -0.696319
vn 0.070416 0.703702 -0.706997
vn 0.035251 0.706338 -0.706997
vn 0.000000 0.707217 -0.706997
vn -0.035251 0.706338 -0.706997
vn 0.017367 0.696422 -0.717422
vn 0.000000 0.707217 -0.706997
vn -0.035251 0.706338 -0.706997
vn 0.017893 0.717509 -0.696319
vn -0.070416 0.703702 -0.706997
vn -0.105406 0.699318 -0.706997
vn -0.070416 0.703702 -0.706997
vn -0.105406 0.699318 -0.706997
vn -0.052060 0.694691 -0.717422
vn -0.053636 0.715725 -0.696319
vn -0.120970 0.686055 -0.717422
vn -0.124633 0.706828 -0.696320
vn -0.140132 0.693194 -0.706997
vn -0.174510 0.685348 -0.706997
vn -0.140132 0.693194 -0.706997
vn -0.174511 0.685348 -0.706997
vn -0.208457 0.675797 -0.706997
vn -0.188678 0.670601 -0.717423
vn -0.241882 0.664566 -0.706997
vn -0.194391 0.690907 -0.696319
vn -0.208456 0.675797 -0.706997
vn -0.241881 0.664567 -0.706997
vn -0.274707 0.651683 -0.706997
vn -0.306850 0.637180 -0.706997
vn -0.254510 0.648483 -0.717422
vn -0.262217 0.668118 -0.696319
vn -0.274708 0.651683 -0.706997
vn -0.306849 0.637180 -0.706997
vn -0.338230 0.621093 -0.706997
vn -0.368767 0.603462 -0.706997
vn -0.338230 0.621093 -0.706996
vn -0.368768 0.603462 -0.706996
vn -0.317814 0.619919 -0.717422
vn -0.327437 0.638690 -0.696319
vn -0.377958 0.585194 -0.717422
vn -0.389403 0.602914 -0.696319
vn -0.398389 0.584330 -0.706997
vn -0.427020 0.563745 -0.706997
vn -0.398390 0.584330 -0.706997
vn -0.427021 0.563746 -0.706997
vn -0.454590 0.541759 -0.706997
vn -0.481029 0.518427 -0.706997
vn -0.434347 0.544654 -0.717422
vn -0.447499 0.561146 -0.696319
vn -0.454590 0.541760 -0.706997
vn -0.481030 0.518426 -0.706997
vn -0.506274 0.493804 -0.706997
vn -0.530257 0.467956 -0.706997
vn -0.506273 0.493805 -0.706997
vn -0.530258 0.467955 -0.706997
vn -0.486419 0.498700 -0.717422
vn -0.501147 0.513801 -0.696320
vn -0.533656 0.447791 -0.717422
vn -0.549815 0.461349 -0.696319
vn -0.552925 0.440942 -0.706997
vn -0.574216 0.412834 -0.706997
vn -0.552924 0.440942 -0.706997
vn -0.574216 0.412834 -0.706997
vn -0.575590 0.392431 -0.717422
vn -0.593018 0.404313 -0.696319
vn -0.594081 0.383698 -0.706997
vn -0.612468 0.353609 -0.706997
vn -0.594081 0.383697 -0.706997
vn -0.612467 0.353609 -0.706997
vn -0.629332 0.322640 -0.706997
vn -0.644632 0.290869 -0.706997
vn -0.611803 0.333170 -0.717422
vn -0.630328 0.343258 -0.696319
vn -0.629332 0.322640 -0.706997
vn -0.644633 0.290869 -0.706997
vn -0.658330 0.258375 -0.706997
vn -0.670390 0.225239 -0.706996
vn -0.658329 0.258375 -0.706997
vn -0.670390 0.225239 -0.706997
vn -0.641936 0.270599 -0.717422
vn -0.661373 0.278792 -0.696320
vn -0.665689 0.205337 -0.717422
vn -0.685845 0.211555 -0.696320
vn -0.680784 0.191543 -0.706997
vn -0.689485 0.157370 -0.706997
vn -0.680784 0.191544 -0.706996
vn -0.689486 0.157370 -0.706996
vn -0.682826 0.138036 -0.717422
vn -0.703501 0.142216 -0.696320
vn -0.696473 0.122806 -0.706997
vn -0.701728 0.087938 -0.706997
vn -0.696472 0.122807 -0.706997
vn -0.701728 0.087938 -0.706997
vn -0.705239 0.052851 -0.706997
vn -0.706996 0.017631 -0.706997
vn -0.693177 0.069363 -0.717422
vn -0.714166 0.071463 -0.696319
vn -0.705239 0.052850 -0.706997
vn -0.706997 0.017632 -0.706997
vn -0.706996 -0.017631 -0.706997
vn -0.705239 -0.052851 -0.706997
vn -0.706997 -0.017632 -0.706997
vn -0.696638 -0.000000 -0.717422
vn -0.705239 -0.052850 -0.706997
vn -0.717732 0.000000 -0.696319
vn -0.693177 -0.069363 -0.717422
vn -0.714166 -0.071463 -0.696319
vn -0.701728 -0.087938 -0.706997
vn -0.696473 -0.122806 -0.706997
vn -0.701728 -0.087938 -0.706997
vn -0.696472 -0.122807 -0.706997
vn -0.682826 -0.138036 -0.717422
vn -0.703501 -0.142216 -0.696320
vn -0.689485 -0.157370 -0.706997
vn -0.680784 -0.191543 -0.706997
vn -0.689486 -0.157370 -0.706997
vn -0.680784 -0.191544 -0.706996
vn -0.670390 -0.225239 -0.706997
vn -0.658330 -0.258375 -0.706997
vn -0.665689 -0.205337 -0.717422
vn -0.685845 -0.211555 -0.696320
vn -0.670390 -0.225239 -0.706997
vn -0.658329 -0.258375 -0.706997
vn -0.641936 -0.270599 -0.717422
vn -0.644632 -0.290869 -0.706997
vn -0.629332 -0.322640 -0.706997
vn -0.644632 -0.290869 -0.706997
vn -0.629332 -0.322640 -0.706997
vn -0.661373 -0.278792 -0.696320
vn -0.612467 -0.353609 -0.706997
vn -0.594081 -0.383697 -0.706997
vn -0.630328 -0.343258 -0.696319
vn -0.611803 -0.333170 -0.717422
vn -0.612468 -0.353609 -0.706997
vn -0.594081 -0.383698 -0.706997
vn -0.574216 -0.412834 -0.706997
vn -0.552924 -0.440942 -0.706997
vn -0.593018 -0.404313 -0.696319
vn -0.575590 -0.392431 -0.717422
vn -0.574216 -0.412834 -0.706997
vn -0.552925 -0.440942 -0.706997
vn -0.530258 -0.467955 -0.706997
vn -0.506273 -0.493805 -0.706997
vn -0.549815 -0.461349 -0.696319
vn -0.533656 -0.447791 -0.717422
vn -0.530257 -0.467956 -0.706997
vn -0.506274 -0.493804 -0.706997
vn -0.481030 -0.518426 -0.706997
vn -0.454590 -0.541760 -0.706997
vn -0.501147 -0.513801 -0.696320
vn -0.481029 -0.518427 -0.706997
vn -0.454590 -0.541759 -0.706997
vn -0.486419 -0.498700 -0.717422
vn -0.434347 -0.544654 -0.717422
vn -0.427021 -0.563746 -0.706997
vn -0.398390 -0.584330 -0.706997
vn -0.427020 -0.563745 -0.706997
vn -0.398389 -0.584330 -0.706997
vn -0.447499 -0.561146 -0.696319
vn -0.389403 -0.602914 -0.696319
vn -0.368768 -0.603462 -0.706996
vn -0.338230 -0.621093 -0.706996
vn -0.377958 -0.585194 -0.717422
vn -0.368767 -0.603462 -0.706997
vn -0.338230 -0.621093 -0.706997
vn -0.327437 -0.638690 -0.696319
vn -0.306849 -0.637180 -0.706997
vn -0.274708 -0.651683 -0.706997
vn -0.317814 -0.619919 -0.717422
vn -0.306850 -0.637180 -0.706997
vn -0.274707 -0.651683 -0.706997
vn -0.241881 -0.664567 -0.706997
vn -0.208456 -0.675797 -0.706997
vn -0.262217 -0.668118 -0.696319
vn -0.254510 -0.648483 -0.717422
vn -0.241882 -0.664566 -0.706997
vn -0.208457 -0.675797 -0.706997
vn -0.174511 -0.685348 -0.706997
vn -0.140132 -0.693194 -0.706997
vn -0.188678 -0.670601 -0.717423
vn -0.194391 -0.690907 -0.696319
vn -0.174510 -0.685348 -0.706997
vn -0.140132 -0.693194 -0.706997
vn -0.105406 -0.699318 -0.706997
vn -0.070416 -0.703702 -0.706997
vn -0.120970 -0.686055 -0.717422
vn -0.124633 -0.706828 -0.696320
vn -0.105406 -0.699318 -0.706997
vn -0.070416 -0.703702 -0.706997
vn -0.035251 -0.706338 -0.706997
vn -0.000000 -0.707217 -0.706997
vn -0.053636 -0.715725 -0.696319
vn -0.052060 -0.694691 -0.717422
vn -0.035251 -0.706338 -0.706997
vn 0.000000 -0.707217 -0.706997
vn 0.035251 -0.706338 -0.706997
vn 0.070416 -0.703702 -0.706997
vn 0.017893 -0.717509 -0.696319
vn 0.017367 -0.696422 -0.717422
vn 0.035251 -0.706338 -0.706997
vn 0.070416 -0.703702 -0.706997
vn 0.140132 -0.693194 -0.706997
vn 0.086623 -0.691232 -0.717422
vn 0.089246 -0.712162 -0.696319
vn 0.105406 -0.699317 -0.706997
vn 0.140132 -0.693194 -0.706997
vn 0.105406 -0.699318 -0.706997
vn 0.174510 -0.685347 -0.706997
vn 0.208456 -0.675796 -0.706997
vn 0.155017 -0.679172 -0.717422
vn 0.174511 -0.685348 -0.706997
vn 0.208456 -0.675797 -0.706997
vn 0.159710 -0.699737 -0.696319
vn 0.241882 -0.664566 -0.706997
vn 0.274707 -0.651684 -0.706997
vn 0.221870 -0.660363 -0.717422
vn 0.241882 -0.664567 -0.706996
vn 0.274709 -0.651684 -0.706996
vn 0.228588 -0.680358 -0.696319
vn 0.306850 -0.637180 -0.706997
vn 0.338230 -0.621093 -0.706997
vn 0.306849 -0.637181 -0.706997
vn 0.338230 -0.621093 -0.706997
vn 0.286518 -0.634990 -0.717422
vn 0.295194 -0.654217 -0.696320
vn 0.368767 -0.603462 -0.706997
vn 0.398389 -0.584330 -0.706997
vn 0.368768 -0.603462 -0.706997
vn 0.398390 -0.584330 -0.706997
vn 0.348320 -0.603307 -0.717422
vn 0.358866 -0.621574 -0.696319
vn 0.427020 -0.563745 -0.706997
vn 0.454590 -0.541759 -0.706997
vn 0.427020 -0.563745 -0.706997
vn 0.454590 -0.541759 -0.706997
vn 0.418971 -0.582754 -0.696320
vn 0.406658 -0.565628 -0.717422
vn 0.481029 -0.518426 -0.706997
vn 0.506273 -0.493804 -0.706997
vn 0.481030 -0.518426 -0.706997
vn 0.506272 -0.493805 -0.706997
vn 0.460956 -0.522327 -0.717422
vn 0.474913 -0.538142 -0.696319
vn 0.510673 -0.473835 -0.717422
vn 0.530257 -0.467956 -0.706997
vn 0.552925 -0.440942 -0.706997
vn 0.530258 -0.467955 -0.706997
vn 0.552924 -0.440942 -0.706997
vn 0.526135 -0.488182 -0.696319
vn 0.572128 -0.433370 -0.696319
vn 0.574216 -0.412834 -0.706997
vn 0.594081 -0.383698 -0.706997
vn 0.555314 -0.420634 -0.717422
vn 0.574216 -0.412834 -0.706997
vn 0.594081 -0.383698 -0.706997
vn 0.612467 -0.353609 -0.706997
vn 0.629332 -0.322640 -0.706997
vn 0.612434 -0.374251 -0.696319
vn 0.594436 -0.363252 -0.717422
vn 0.612468 -0.353609 -0.706997
vn 0.629332 -0.322640 -0.706997
vn 0.644632 -0.290869 -0.706997
vn 0.658329 -0.258375 -0.706997
vn 0.627650 -0.302260 -0.717422
vn 0.644632 -0.290869 -0.706997
vn 0.658329 -0.258375 -0.706997
vn 0.646654 -0.311412 -0.696319
vn 0.670390 -0.225239 -0.706997
vn 0.680784 -0.191543 -0.706997
vn 0.670390 -0.225239 -0.706997
vn 0.680783 -0.191543 -0.706997
vn 0.674447 -0.245479 -0.696320
vn 0.654626 -0.238265 -0.717422
vn 0.689485 -0.157370 -0.706997
vn 0.696472 -0.122806 -0.706997
vn 0.689485 -0.157369 -0.706997
vn 0.696472 -0.122807 -0.706997
vn 0.695538 -0.177105 -0.696319
vn 0.675097 -0.171900 -0.717422
vn 0.716840 -0.035776 -0.696320
vn 0.701729 -0.087938 -0.706996
vn 0.705240 -0.052851 -0.706996
vn 0.695773 -0.034724 -0.717422
vn 0.701728 -0.087938 -0.706997
vn 0.705239 -0.052850 -0.706997
vn 0.709715 -0.106973 -0.696320
vn 0.688858 -0.103829 -0.717422
vn 0.000000 0.000000 1.000000
vn 0.000000 0.000000 1.000000
vn 0.000000 0.000000 1.000000
vn 0.000000 0.000000 1.000000
vn 0.000000 0.000000 1.000000
vn 0.000000 0.000000 1.000000
vn 0.000000 0.000000 1.000000
vn 0.000000 0.000000 1.000000
vn 0.000000 0.000000 1.000000
vn 0.000000 0.000000 1.000000
vn 0.000000 0.000000 1.000000
vn 0.000000 0.000000 1.000000
vn 0.000000 0.000000 1.000000
vn 0.000000 0.000000 1.000000
vn 0.000000 0.000000 1.000000
vn 0.000000 0.000000 1.000000
vn 0.000000 0.000000 1.000000
vn 0.000000 0.000000 1.000000
vn 0.000000 0.000000 1.000000
vn 0.000000 0.000000 1.000000
vn 0.000000 0.000000 1.000000
vn 0.000000 0.000000 1.000000
vn 0.000000 0.000000 1.000000
vn 0.000000 0.000000 1.000000
vn 0.000000 0.000000 1.000000
vn 0.000000 0.000000 1.000000
vn 0.000000 0.000000 1.000000
vn 0.000000 0.000000 1.000000
vn 0.000000 0.000000 1.000000
vn 0.000000 0.000000 1.000000
vn 0.000000 0.000000 1.000000
vn 0.000000 0.000000 1.000000
vn 0.000000 0.000000 1.000000
vn 0.000000 0.000000 1.000000
vn 0.000000 0.000000 1.000000
vn 0.000000 0.000000 1.000000
vn 0.000000 0.000000 1.000000
vn 0.000000 0.000000 1.000000
vn 0.000000 0.000000 1.000000
vn 0.000000 0.000000 1.000000
vn 0.000000 0.000000 1.000000
vn 0.000000 0.000000 1.000000
vn 0.000000 0.000000 1.000000
vn 0.000000 0.000000 1.000000
vn 0.000000 0.000000 1.000000
vn 0.000000 0.000000 1.000000
vn 0.000000 0.000000 1.000000
vn 0.000000 0.000000 1.000000
vn 0.000000 0.000000 1.000000
vn 0.000000 0.000000 1.000000
vn 0.000000 0.000000 1.000000
vn 0.000000 0.000000 1.000000
vn 0.000000 0.000000 1.000000
vn 0.000000 0.000000 1.000000
vn 0.000000 0.000000 1.000000
vn 0.000000 0.000000 1.000000
vn 0.000000 0.000000 1.000000
vn 0.000000 0.000000 1.000000
vn 0.000000 0.000000 1.000000
vn 0.000000 0.000000 1.000000
vn 0.000000 0.000000 1.000000
vn 0.000000 0.000000 1.000000
vn 0.000000 0.000000 1.000000
vn 0.000000 0.000000 1.000000
vn 0.000000 0.000000 1.000000
vn 0.000000 0.000000 1.000000
vn 0.000000 0.000000 1.000000
vn 0.000000 0.000000 1.000000
vn 0.000000 0.000000 1.000000
vn 0.000000 0.000000 1.000000
vn 0.000000 0.000000 1.000000
vn 0.000000 0.000000 1.000000
vn 0.000000 0.000000 1.000000
vn 0.000000 0.000000 1.000000
vn 0.000000 0.000000 1.000000
vn 0.000000 0.000000 1.000000
vn 0.000000 0.000000 1.000000
vn 0.000000 0.000000 1.000000
vn 0.000000 0.000000 1.000000
vn 0.000000 0.000000 1.000000
vn 0.000000 0.000000 1.000000
vn 0.000000 0.000000 1.000000
vn 0.000000 0.000000 1.000000
vn 0.000000 0.000000 1.000000
vn 0.000000 0.000000 1.000000
vn 0.000000 0.000000 1.000000
vn 0.000000 0.000000 1.000000
vn 0.000000 0.000000 1.000000
vn 0.000000 0.000000 1.000000
vn 0.000000 0.000000 1.000000
vn 0.000000 0.000000 1.000000
vn 0.000000 0.000000 1.000000
vn 0.000000 0.000000 1.000000
vn 0.000000 0.000000 1.000000
vn 0.000000 0.000000 1.000000
vn 0.000000 0.000000 1.000000
vn 0.000000 0.000000 1.000000
vn 0.000000 0.000000 1.000000
vn 0.000000 0.000000 1.000000
vn 0.000000 0.000000 1.000000
vn 0.000000 0.000000 1.000000
vn 0.000000 0.000000 1.000000
vn 0.000000 0.000000 1.000000
vn 0.000000 0.000000 1.000000
vn 0.000000 0.000000 1.000000
vn 0.000000 0.000000 1.000000
vn 0.000000 0.000000 1.000000
vn 0.000000 0.000000 1.000000
vn 0.000000 0.000000 1.000000
vn 0.000000 0.000000 1.000000
vn 0.000000 0.000000 1.000000
vn 0.000000 0.000000 1.000000
vn 0.000000 0.000000 1.000000
vn 0.000000 0.000000 1.000000
vn 0.000000 0.000000 1.000000
vn 0.000000 0.000000 1.000000
vn 0.000000 0.000000 1.000000
vn 0.000000 0.000000 1.000000
vn 0.000000 0.000000 1.000000
vn 0.000000 0.000000 1.000000
vn 0.000000 0.000000 1.000000
vn 0.000000 0.000000 1.000000
vn 0.000000 0.000000 1.000000
vn 0.000000 0.000000 1.000000
vn 0.000000 0.000000 1.000000
vn 0.000000 0.000000 1.000000
vn 0.000000 0.000000 1.000000
vn 0.000000 0.000000 1.000000
vn 0.000000 0.000000 1.000000
vn 0.000000 0.000000 1.000000
vn 0.000000 0.000000 1.000000
vn 0.000000 0.000000 1.000000
vn 0.000000 0.000000 -1.000000
vn 0.000000 0.000000 -1.000000
vn 0.000000 0.000000 -1.000000
vn 0.000000 0.000000 -1.000000
vn 0.000000 0.000000 -1.000000
vn 0.000000 0.000000 -1.000000
vn 0.000000 0.000000 -1.000000
vn 0.000000 0.000000 -1.000000
vn 0.000000 0.000000 -1.000000
vn 0.000000 0.000000 -1.000000
vn 0.000000 0.000000 -1.000000
vn 0.000000 0.000000 -1.000000
vn 0.000000 0.000000 -1.000000
vn 0.000000 0.000000 -1.000000
vn 0.000000 0.000000 -1.000000
vn 0.000000 0.000000 -1.000000
vn 0.000000 0.000000 -1.000000
vn 0.000000 0.000000 -1.000000
vn 0.000000 0.000000 -1.000000
vn 0.000000 0.000000 -1.000000
vn 0.000000 0.000000 -1.000000
vn 0.000000 0.000000 -1.000000
vn 0.000000 0.000000 -1.000000
vn 0.000000 0.000000 -1.000000
vn 0.000000 -0.000000 -1.000000
vn 0.000000 0.000000 -1.000000
vn 0.000000 0.000000 -1.000000
vn 0.000000 0.000000 -1.000000
vn 0.000000 0.000000 -1.000000
vn 0.000000 -0.000000 -1.000000
vn 0.000000 0.000000 -1.000000
vn 0.000000 0.000000 -1.000000
vn 0.000000 0.000000 -1.000000
vn 0.000000 0.000000 -1.000000
vn 0.000000 0.000000 -1.000000
vn 0.000000 0.000000 -1.000000
vn 0.000000 0.000000 -1.000000
vn 0.000000 0.000000 -1.000000
vn 0.000000 0.000000 -1.000000
vn 0.000000 0.000000 -1.000000
vn 0.000000 -0.000000 -1.000000
vn 0.000000 -0.000000 -1.000000
vn 0.000000 -0.000000 -1.000000
vn 0.000000 0.000000 -1.000000
vn 0.000000 0.000000 -1.000000
vn 0.000000 0.000000 -1.000000
vn 0.000000 0.000000 -1.000000
vn 0.000000 -0.000000 -1.000000
vn 0.000000 -0.000000 -1.000000
vn 0.000000 -0.000000 -1.000000
vn 0.000000 0.000000 -1.000000
vn 0.000000 -0.000000 -1.000000
vn 0.000000 -0.000000 -1.000000
vn 0.000000 0.000000 -1.000000
vn 0.000000 0.000000 -1.000000
vn 0.000000 -0.000000 -1.000000
vn 0.000000 0.000000 -1.000000
vn 0.000000 0.000000 -1.000000
vn 0.000000 0.000000 -1.000000
vn 0.000000 -0.000000 -1.000000
vn 0.000000 0.000000 -1.000000
vn 0.000000 0.000000 -1.000000
vn 0.000000 -0.000000 -1.000000
vn 0.000000 -0.000000 -1.000000
vn 0.000000 -0.000000 -1.000000
vn 0.000000 -0.000000 -1.000000
vn 0.000000 0.000000 -1.000000
vn 0.000000 0.000000 -1.000000
vn 0.000000 0.000000 -1.000000
vn 0.000000 0.000000 -1.000000
vn 0.000000 0.000000 -1.000000
vn 0.000000 -0.000000 -1.000000
vn 0.000000 -0.000000 -1.000000
vn 0.000000 0.000000 -1.000000
vn 0.000000 -0.000000 -1.000000
vn 0.000000 -0.000000 -1.000000
vn 0.000000 -0.000000 -1.000000
vn 0.000000 0.000000 -1.000000
vn 0.000000 0.000000 -1.000000
vn 0.000000 -0.000000 -1.000000
vn 0.000000 -0.000000 -1.000000
vn 0.000000 0.000000 -1.000000
vn 0.000000 -0.000000 -1.000000
vn 0.000000 0.000000 -1.000000
vn 0.000000 0.000000 -1.000000
vn 0.000000 -0.000000 -1.000000
vn 0.000000 -0.000000 -1.000000
vn 0.000000 0.000000 -1.000000
vn 0.000000 0.000000 -1.000000
vn 0.000000 -0.000000 -1.000000
vn 0.000000 0.000000 -1.000000
vn 0.000000 0.000000 -1.000000
vn 0.000000 0.000000 -1.000000
vn 0.000000 0.000000 -1.000000
vn -0.000000 -0.000000 -1.000000
vn 0.000000 0.000000 -1.000000
vn 0.000000 0.000000 -1.000000
vn 0.000000 0.000000 -1.000000
vn 0.000000 0.000000 -1.000000
vn -0.000000 -0.000000 -1.000000
vn -0.000000 -0.000000 -1.000000
vn 0.000000 0.000000 -1.000000
vn 0.000000 0.000000 -1.000000
vn 0.000000 0.000000 -1.000000
vn -0.000000 -0.000000 -1.000000
vn -0.000000 -0.000000 -1.000000
vn 0.000000 0.000000 -1.000000
vn -0.000000 -0.000000 -1.000000
vn 0.000000 0.000000 -1.000000
vn -0.000000 -0.000000 -1.000000
vn -0.000000 -0.000000 -1.000000
vn -0.000000 -0.000000 -1.000000
vn 0.000000 0.000000 -1.000000
vn 0.000000 0.000000 -1.000000
vn 0.000000 0.000000 -1.000000
vn -0.000000 -0.000000 -1.000000
vn 0.000000 0.000000 -1.000000
vn -0.000000 -0.000000 -1.000000
vn 0.000000 0.000000 -1.000000
vn 0.000000 0.000000 -1.000000
vn -0.000000 -0.000000 -1.000000
vn 0.000000 0.000000 -1.000000
vn 0.000000 0.000000 -1.000000
vn 0.000000 0.000000 -1.000000
vn 0.866025 0.500000 -0.000000
vn 0.866025 0.500000 0.000000
vn 0.000000 1.000000 -0.000000
vn 0.000000 1.000000 0.000000
vn -0.866025 0.500000 0.000000
vn -0.866025 0.500000 0.000000
vn -0.866025 -0.500000 0.000000
vn -0.866025 -0.500000 0.000000
vn 0.000000 -1.000000 0.000000
vn 0.000000 -1.000000 0.000000
vn 0.866025 -0.500000 0.000000
vn 0.866025 -0.500000 0.000000
vn 0.865910 0.499933 0.016353
vn 0.865909 0.499933 0.016365
vn 0.864982 0.499398 0.049064
vn 0.864983 0.499398 0.049056
vn 0.863127 0.498327 0.081739
vn 0.863128 0.498327 0.081736
vn 0.860351 0.496724 0.114283
vn 0.860351 0.496724 0.114292
vn 0.856652 0.494588 0.146729
vn 0.856652 0.494588 0.146728
vn 0.852036 0.491923 0.179013
vn 0.852038 0.491924 0.179003
vn 0.846505 0.488730 0.211121
vn 0.846504 0.488729 0.211129
vn 0.840078 0.485019 0.242953
vn 0.840075 0.485018 0.242964
vn 0.832730 0.480777 0.274615
vn 0.832732 0.480778 0.274610
vn 0.824521 0.476038 0.305864
vn 0.824522 0.476038 0.305861
vn 0.815392 0.470767 0.336920
vn 0.815391 0.470766 0.336923
vn 0.805415 0.465007 0.367525
vn 0.805420 0.465009 0.367512
vn 0.794568 0.458744 0.397764
vn 0.794567 0.458743 0.397767
vn 0.782905 0.452010 0.427489
vn 0.782902 0.452009 0.427495
vn 0.770334 0.444753 0.456925
vn 0.770332 0.444752 0.456929
vn 0.756976 0.437040 0.485780
vn 0.756978 0.437042 0.485776
vn 0.742824 0.428869 0.514086
vn 0.742824 0.428870 0.514085
vn 0.727856 0.420228 0.541880
vn 0.727859 0.420229 0.541875
vn 0.712122 0.411144 0.569072
vn 0.712117 0.411141 0.569080
vn 0.695587 0.401597 0.595716
vn 0.695592 0.401600 0.595709
vn 0.678298 0.391615 0.621731
vn 0.678298 0.391616 0.621730
vn 0.660406 0.381286 0.646904
vn 0.660405 0.381285 0.646906
vn 0.641680 0.370474 0.671563
vn 0.641681 0.370475 0.671561
vn 0.622305 0.359288 0.695449
vn 0.622301 0.359286 0.695453
vn 0.602289 0.347732 0.718562
vn 0.602286 0.347730 0.718565
vn 0.581541 0.335753 0.740999
vn 0.581536 0.335750 0.741004
vn 0.560294 0.323486 0.762514
vn 0.560298 0.323488 0.762510
vn 0.538325 0.310802 0.783331
vn 0.538325 0.310802 0.783332
vn 0.515890 0.297849 0.803208
vn 0.515888 0.297848 0.803210
vn 0.492862 0.284554 0.822263
vn 0.492866 0.284556 0.822259
vn 0.469400 0.271008 0.840368
vn 0.469396 0.271006 0.840371
vn 0.445221 0.257049 0.857732
vn 0.445221 0.257049 0.857732
vn 0.420602 0.242835 0.874143
vn 0.420602 0.242835 0.874142
vn 0.395733 0.228477 0.889491
vn 0.395734 0.228477 0.889490
vn 0.370302 0.213794 0.903974
vn 0.370299 0.213792 0.903975
vn 0.344464 0.198876 0.917493
vn 0.344462 0.198876 0.917493
vn 0.318218 0.183723 0.930045
vn 0.318223 0.183726 0.930043
vn 0.291763 0.168449 0.941541
vn 0.291759 0.168447 0.941542
vn 0.264909 0.152945 0.952067
vn 0.264910 0.152946 0.952066
vn 0.237850 0.137323 0.961546
vn 0.237849 0.137322 0.961546
vn 0.210393 0.121471 0.970041
vn 0.210393 0.121470 0.970041
vn 0.182736 0.105503 0.977485
vn 0.182737 0.105503 0.977485
vn 0.155068 0.089529 0.983839
vn 0.155067 0.089528 0.983839
vn 0.127200 0.073439 0.989155
vn 0.127200 0.073439 0.989155
vn 0.098936 0.057121 0.993453
vn 0.098937 0.057121 0.993453
vn 0.070671 0.040802 0.996665
vn 0.070671 0.040802 0.996665
vn 0.042603 0.024597 0.998789
vn 0.042603 0.024597 0.998789
vn 0.014134 0.008160 0.999867
vn 0.014134 0.008160 0.999867
vn 0.000000 0.999866 0.016377
vn -0.000000 0.999866 0.016377
vn 0.000000 0.998796 0.049048
vn -0.000000 0.998796 0.049048
vn 0.000000 0.996654 0.081733
vn -0.000000 0.996654 0.081733
vn 0.000000 0.993446 0.114301
vn -0.000000 0.993446 0.114301
vn 0.000000 0.989177 0.146727
vn -0.000000 0.989177 0.146727
vn 0.000000 0.983850 0.178993
vn -0.000000 0.983850 0.178993
vn 0.000000 0.977456 0.211137
vn -0.000000 0.977456 0.211137
vn 0.000000 0.970033 0.242974
vn -0.000000 0.970033 0.242974
vn 0.000000 0.961557 0.274606
vn -0.000000 0.961557 0.274606
vn 0.000000 0.952077 0.305858
vn 0.000000 0.941531 0.336927
vn -0.000000 0.952077 0.305858
vn 0.000000 0.930024 0.367498
vn 0.000000 0.941531 0.336927
vn 0.000000 0.917485 0.397771
vn 0.000000 0.930024 0.367498
vn 0.000000 0.904015 0.427501
vn 0.000000 0.917485 0.397771
vn 0.000000 0.889501 0.456933
vn 0.000000 0.904015 0.427501
vn 0.000000 0.874086 0.485772
vn 0.000000 0.889501 0.456933
vn 0.000000 0.857740 0.514084
vn 0.000000 0.874086 0.485772
vn 0.000000 0.840462 0.541871
vn 0.000000 0.857740 0.514084
vn 0.000000 0.822276 0.569089
vn 0.000000 0.840462 0.541871
vn 0.000000 0.803206 0.595701
vn 0.000000 0.822276 0.569089
vn 0.000000 0.783232 0.621730
vn 0.000000 0.803206 0.595701
vn 0.000000 0.762569 0.646907
vn 0.000000 0.783232 0.621730
vn 0.000000 0.740951 0.671559
vn 0.000000 0.762569 0.646907
vn 0.000000 0.718568 0.695457
vn 0.000000 0.740951 0.671559
vn 0.000000 0.695457 0.718567
vn 0.000000 0.718568 0.695457
vn 0.000000 0.695457 0.718567
vn 0.000000 0.671511 0.740994
vn 0.000000 0.671511 0.740994
vn 0.000000 0.646967 0.762518
vn 0.000000 0.646967 0.762518
vn 0.000000 0.621605 0.783331
vn 0.000000 0.621605 0.783331
vn 0.000000 0.595701 0.803206
vn 0.000000 0.595701 0.803206
vn 0.000000 0.569102 0.822267
vn 0.000000 0.569102 0.822267
vn 0.000000 0.542021 0.840365
vn 0.000000 0.542021 0.840365
vn 0.000000 0.514097 0.857732
vn 0.000000 0.514097 0.857732
vn 0.000000 0.485670 0.874142
vn 0.000000 0.456955 0.889490
vn 0.000000 0.485670 0.874142
vn 0.000000 0.427581 0.903977
vn 0.000000 0.456956 0.889490
vn 0.000000 0.397750 0.917494
vn 0.000000 0.427581 0.903977
vn 0.000000 0.367458 0.930040
vn 0.000000 0.397750 0.917494
vn 0.000000 0.336890 0.941544
vn 0.000000 0.367458 0.930040
vn 0.000000 0.305892 0.952066
vn 0.000000 0.336890 0.941544
vn 0.000000 0.274644 0.961546
vn 0.000000 0.305892 0.952066
vn 0.000000 0.242940 0.970041
vn 0.000000 0.274644 0.961546
vn 0.000000 0.211008 0.977484
vn 0.000000 0.242940 0.970041
vn 0.000000 0.179055 0.983839
vn 0.000000 0.211008 0.977484
vn 0.000000 0.146878 0.989155
vn 0.000000 0.179055 0.983839
vn 0.000000 0.114244 0.993453
vn 0.000000 0.146878 0.989155
vn 0.000000 0.081603 0.996665
vn 0.000000 0.114244 0.993453
vn 0.000000 0.081603 0.996665
vn 0.000000 0.049193 0.998789
vn -0.000000 0.049193 0.998789
vn 0.000000 0.016321 0.999867
vn -0.000000 0.016321 0.999867
vn -0.865909 0.499933 0.016365
vn -0.865910 0.499933 0.016353
vn -0.864983 0.499398 0.049056
vn -0.864982 0.499398 0.049064
vn -0.863128 0.498327 0.081736
vn -0.863128 0.498327 0.081739
vn -0.860351 0.496724 0.114292
vn -0.860352 0.496724 0.114283
vn -0.856652 0.494588 0.146728
vn -0.856652 0.494588 0.146729
vn -0.852038 0.491924 0.179003
vn -0.852036 0.491923 0.179013
vn -0.846504 0.488729 0.211129
vn -0.846505 0.488730 0.211121
vn -0.840075 0.485018 0.242964
vn -0.840078 0.485019 0.242953
vn -0.832732 0.480778 0.274610
vn -0.832730 0.480777 0.274615
vn -0.824522 0.476038 0.305861
vn -0.824521 0.476038 0.305864
vn -0.815391 0.470766 0.336923
vn -0.815392 0.470767 0.336920
vn -0.805420 0.465009 0.367512
vn -0.805415 0.465007 0.367525
vn -0.794566 0.458743 0.397767
vn -0.794568 0.458744 0.397764
vn -0.782902 0.452009 0.427495
vn -0.782905 0.452010 0.427489
vn -0.770332 0.444752 0.456929
vn -0.770334 0.444753 0.456925
vn -0.756978 0.437042 0.485776
vn -0.756976 0.437040 0.485780
vn -0.742824 0.428870 0.514085
vn -0.742824 0.428869 0.514086
vn -0.727859 0.420229 0.541875
vn -0.727856 0.420228 0.541880
vn -0.712117 0.411141 0.569080
vn -0.712122 0.411144 0.569072
vn -0.695592 0.401600 0.595709
vn -0.695587 0.401597 0.595716
vn -0.678298 0.391616 0.621730
vn -0.678298 0.391615 0.621731
vn -0.660405 0.381285 0.646906
vn -0.660406 0.381286 0.646904
vn -0.641681 0.370475 0.671561
vn -0.641680 0.370474 0.671563
vn -0.622301 0.359286 0.695453
vn -0.622305 0.359288 0.695449
vn -0.602286 0.347730 0.718565
vn -0.602289 0.347732 0.718562
vn -0.581536 0.335750 0.741004
vn -0.581541 0.335753 0.740999
vn -0.560298 0.323488 0.762510
vn -0.560294 0.323486 0.762514
vn -0.538325 0.310802 0.783332
vn -0.538325 0.310802 0.783331
vn -0.515888 0.297848 0.803210
vn -0.515890 0.297849 0.803208
vn -0.492866 0.284556 0.822260
vn -0.492862 0.284554 0.822263
vn -0.469396 0.271006 0.840371
vn -0.469400 0.271008 0.840368
vn -0.445221 0.257049 0.857732
vn -0.445221 0.257049 0.857732
vn -0.420602 0.242835 0.874142
vn -0.420602 0.242835 0.874143
vn -0.395734 0.228477 0.889490
vn -0.395733 0.228477 0.889491
vn -0.370299 0.213792 0.903975
vn -0.370302 0.213794 0.903974
vn -0.344462 0.198876 0.917493
vn -0.344464 0.198876 0.917493
vn -0.318223 0.183726 0.930042
vn -0.318218 0.183723 0.930045
vn -0.291759 0.168447 0.941542
vn -0.291763 0.168449 0.941541
vn -0.264910 0.152946 0.952066
vn -0.264909 0.152945 0.952067
vn -0.237849 0.137322 0.961546
vn -0.237850 0.137323 0.961546
vn -0.210393 0.121470 0.970041
vn -0.210393 0.121471 0.970041
vn -0.182737 0.105503 0.977485
vn -0.182736 0.105503 0.977485
vn -0.155067 0.089528 0.983839
vn -0.155068 0.089529 0.983839
vn -0.127200 0.073439 0.989155
vn -0.127200 0.073439 0.989155
vn -0.098937 0.057121 0.993453
vn -0.098936 0.057121 0.993453
vn -0.070671 0.040802 0.996665
vn -0.070671 0.040802 0.996665
vn -0.042603 0.024597 0.998789
vn -0.042603 0.024597 0.998789
vn -0.014134 0.008160 0.999867
vn -0.014134 0.008160 0.999867
vn -0.865910 -0.499933 0.016353
vn -0.865909 -0.499933 0.016365
vn -0.864982 -0.499398 0.049064
vn -0.863128 -0.498327 0.081739
vn -0.864983 -0.499398 0.049056
vn -0.860352 -0.496724 0.114283
vn -0.863128 -0.498327 0.081736
vn -0.856652 -0.494588 0.146729
vn -0.860351 -0.496724 0.114292
vn -0.852036 -0.491923 0.179013
vn -0.856652 -0.494588 0.146728
vn -0.846505 -0.488730 0.211121
vn -0.852038 -0.491924 0.179003
vn -0.840078 -0.485019 0.242953
vn -0.846504 -0.488729 0.211129
vn -0.832730 -0.480777 0.274615
vn -0.840075 -0.485018 0.242964
vn -0.824521 -0.476038 0.305864
vn -0.832732 -0.480778 0.274610
vn -0.815392 -0.470767 0.336920
vn -0.824522 -0.476038 0.305861
vn -0.815391 -0.470766 0.336923
vn -0.805415 -0.465007 0.367525
vn -0.805420 -0.465009 0.367512
vn -0.794568 -0.458744 0.397764
vn -0.794567 -0.458743 0.397767
vn -0.782905 -0.452010 0.427489
vn -0.782902 -0.452009 0.427495
vn -0.770334 -0.444753 0.456925
vn -0.770332 -0.444752 0.456929
vn -0.756976 -0.437040 0.485780
vn -0.756978 -0.437042 0.485776
vn -0.742824 -0.428869 0.514086
vn -0.742824 -0.428870 0.514085
vn -0.727856 -0.420228 0.541880
vn -0.727859 -0.420229 0.541875
vn -0.712122 -0.411144 0.569072
vn -0.712117 -0.411141 0.569080
vn -0.695587 -0.401597 0.595716
vn -0.695592 -0.401600 0.595709
vn -0.678298 -0.391615 0.621731
vn -0.678298 -0.391616 0.621730
vn -0.660406 -0.381286 0.646904
vn -0.660405 -0.381285 0.646906
vn -0.641680 -0.370474 0.671563
vn -0.641681 -0.370475 0.671561
vn -0.622305 -0.359288 0.695449
vn -0.622301 -0.359286 0.695453
vn -0.602289 -0.347732 0.718562
vn -0.602286 -0.347730 0.718565
vn -0.581541 -0.335753 0.740999
vn -0.581536 -0.335750 0.741004
vn -0.560294 -0.323486 0.762514
vn -0.560298 -0.323488 0.762510
vn -0.538325 -0.310802 0.783331
vn -0.538325 -0.310802 0.783332
vn -0.515890 -0.297849 0.803208
vn -0.515888 -0.297848 0.803210
vn -0.492862 -0.284554 0.822263
vn -0.492866 -0.284556 0.822259
vn -0.469400 -0.271008 0.840368
vn -0.469396 -0.271006 0.840371
vn -0.445221 -0.257049 0.857732
vn -0.445221 -0.257049 0.857732
vn -0.420602 -0.242835 0.874143
vn -0.420602 -0.242835 0.874142
vn -0.395733 -0.228477 0.889491
vn -0.370302 -0.213794 0.903974
vn -0.395734 -0.228477 0.889490
vn -0.344464 -0.198876 0.917493
vn -0.370299 -0.213792 0.903975
vn -0.318218 -0.183723 0.930045
vn -0.344462 -0.198876 0.917493
vn -0.291763 -0.168449 0.941541
vn -0.318223 -0.183726 0.930042
vn -0.264909 -0.152945 0.952067
vn -0.291759 -0.168447 0.941542
vn -0.237850 -0.137323 0.961546
vn -0.264910 -0.152946 0.952066
vn -0.210393 -0.121471 0.970041
vn -0.237849 -0.137322 0.961546
vn -0.182736 -0.105503 0.977485
vn -0.210393 -0.121470 0.970041
vn -0.155068 -0.089529 0.983839
vn -0.182737 -0.105503 0.977485
vn -0.127200 -0.073439 0.989155
vn -0.155067 -0.089528 0.983839
vn -0.098936 -0.057121 0.993453
vn -0.127200 -0.073439 0.989155
vn -0.098937 -0.057121 0.993453
vn -0.070671 -0.040802 0.996665
vn -0.070671 -0.040802 0.996665
vn -0.042603 -0.024597 0.998789
vn -0.042603 -0.024597 0.998789
vn -0.014134 -0.008160 0.999867
vn -0.014134 -0.008160 0.999867
vn 0.000000 -0.999866 0.016377
vn 0.000000 -0.999866 0.016377
vn 0.000000 -0.998796 0.049048
vn 0.000000 -0.996654 0.081733
vn 0.000000 -0.998796 0.049048
vn 0.000000 -0.993446 0.114301
vn 0.000000 -0.996654 0.081733
vn 0.000000 -0.993446 0.114301
vn 0.000000 -0.989177 0.146727
vn 0.000000 -0.989177 0.146727
vn 0.000000 -0.983850 0.178993
vn 0.000000 -0.983850 0.178993
vn 0.000000 -0.977456 0.211137
vn 0.000000 -0.977456 0.211137
vn 0.000000 -0.970033 0.242974
vn 0.000000 -0.970033 0.242974
vn 0.000000 -0.961557 0.274606
vn 0.000000 -0.961557 0.274606
vn 0.000000 -0.952077 0.305858
vn 0.000000 -0.941531 0.336927
vn 0.000000 -0.952077 0.305858
vn 0.000000 -0.930024 0.367498
vn 0.000000 -0.941531 0.336927
vn 0.000000 -0.930024 0.367498
vn 0.000000 -0.917485 0.397771
vn 0.000000 -0.904015 0.427501
vn 0.000000 -0.917485 0.397771
vn 0.000000 -0.889501 0.456933
vn 0.000000 -0.904015 0.427501
vn 0.000000 -0.889501 0.456933
vn 0.000000 -0.874086 0.485772
vn 0.000000 -0.857740 0.514084
vn 0.000000 -0.874086 0.485772
vn 0.000000 -0.857740 0.514084
vn 0.000000 -0.840462 0.541871
vn 0.000000 -0.822276 0.569089
vn 0.000000 -0.840462 0.541871
vn 0.000000 -0.803206 0.595701
vn 0.000000 -0.822276 0.569089
vn 0.000000 -0.783232 0.621730
vn 0.000000 -0.803206 0.595701
vn 0.000000 -0.762569 0.646907
vn 0.000000 -0.783232 0.621730
vn 0.000000 -0.740951 0.671559
vn 0.000000 -0.762569 0.646907
vn 0.000000 -0.718568 0.695457
vn 0.000000 -0.740951 0.671559
vn 0.000000 -0.695457 0.718567
vn 0.000000 -0.718568 0.695457
vn 0.000000 -0.695457 0.718567
vn 0.000000 -0.671511 0.740994
vn 0.000000 -0.671511 0.740994
vn 0.000000 -0.646967 0.762518
vn 0.000000 -0.646967 0.762518
vn 0.000000 -0.621605 0.783331
vn 0.000000 -0.621605 0.783331
vn 0.000000 -0.595701 0.803206
vn 0.000000 -0.595701 0.803206
vn 0.000000 -0.569102 0.822267
vn 0.000000 -0.569102 0.822267
vn 0.000000 -0.542021 0.840365
vn 0.000000 -0.542021 0.840365
vn 0.000000 -0.514097 0.857732
vn 0.000000 -0.514097 0.857732
vn 0.000000 -0.485670 0.874142
vn 0.000000 -0.485670 0.874142
vn 0.000000 -0.456956 0.889490
vn 0.000000 -0.456955 0.889490
vn 0.000000 -0.427581 0.903977
vn 0.000000 -0.427581 0.903977
vn 0.000000 -0.397750 0.917494
vn 0.000000 -0.397750 0.917494
vn 0.000000 -0.367458 0.930040
vn 0.000000 -0.336890 0.941544
vn 0.000000 -0.367458 0.930040
vn 0.000000 -0.336890 0.941544
vn 0.000000 -0.305892 0.952066
vn 0.000000 -0.305892 0.952066
vn 0.000000 -0.274644 0.961546
vn 0.000000 -0.274644 0.961546
vn 0.000000 -0.242940 0.970041
vn 0.000000 -0.242940 0.970041
vn 0.000000 -0.211008 0.977484
vn 0.000000 -0.211008 0.977484
vn 0.000000 -0.179055 0.983839
vn 0.000000 -0.179055 0.983839
vn 0.000000 -0.146878 0.989155
vn 0.000000 -0.146878 0.989155
vn 0.000000 -0.114244 0.993453
vn 0.000000 -0.081603 0.996665
vn 0.000000 -0.114244 0.993453
vn 0.000000 -0.081603 0.996665
vn 0.000000 -0.049193 0.998789
vn 0.000000 -0.049193 0.998789
vn 0.000000 -0.016321 0.999867
vn 0.000000 -0.016321 0.999867
vn 0.865909 -0.499933 0.016365
vn 0.865910 -0.499933 0.016353
vn 0.864983 -0.499398 0.049056
vn 0.864982 -0.499398 0.049064
vn 0.863128 -0.498327 0.081736
vn 0.863128 -0.498327 0.081739
vn 0.860351 -0.496724 0.114292
vn 0.860352 -0.496724 0.114283
vn 0.856652 -0.494588 0.146728
vn 0.856652 -0.494588 0.146729
vn 0.852038 -0.491924 0.179003
vn 0.852036 -0.491923 0.179013
vn 0.846504 -0.488729 0.211129
vn 0.846505 -0.488730 0.211121
vn 0.840075 -0.485018 0.242964
vn 0.840078 -0.485019 0.242953
vn 0.832732 -0.480778 0.274610
vn 0.832730 -0.480777 0.274615
vn 0.824522 -0.476038 0.305861
vn 0.824521 -0.476038 0.305864
vn 0.815391 -0.470766 0.336923
vn 0.805420 -0.465009 0.367512
vn 0.815392 -0.470767 0.336920
vn 0.794567 -0.458743 0.397767
vn 0.805415 -0.465007 0.367525
vn 0.782902 -0.452009 0.427495
vn 0.794568 -0.458744 0.397764
vn 0.770332 -0.444752 0.456929
vn 0.782905 -0.452010 0.427489
vn 0.756978 -0.437042 0.485776
vn 0.770334 -0.444753 0.456925
vn 0.742824 -0.428870 0.514085
vn 0.756976 -0.437040 0.485780
vn 0.727859 -0.420229 0.541875
vn 0.742824 -0.428869 0.514086
vn 0.712117 -0.411141 0.569080
vn 0.727856 -0.420228 0.541880
vn 0.695592 -0.401600 0.595709
vn 0.712122 -0.411144 0.569072
vn 0.678298 -0.391616 0.621730
vn 0.695587 -0.401597 0.595716
vn 0.660405 -0.381285 0.646906
vn 0.678298 -0.391615 0.621731
vn 0.641681 -0.370475 0.671561
vn 0.660406 -0.381286 0.646904
vn 0.622301 -0.359286 0.695453
vn 0.641680 -0.370474 0.671563
vn 0.602286 -0.347730 0.718565
vn 0.622305 -0.359288 0.695449
vn 0.602289 -0.347732 0.718562
vn 0.581541 -0.335753 0.740999
vn 0.581536 -0.335750 0.741004
vn 0.560294 -0.323486 0.762514
vn 0.560298 -0.323488 0.762510
vn 0.538325 -0.310802 0.783331
vn 0.538325 -0.310802 0.783332
vn 0.515890 -0.297849 0.803208
vn 0.515888 -0.297848 0.803210
vn 0.492862 -0.284554 0.822263
vn 0.492866 -0.284556 0.822259
vn 0.469400 -0.271008 0.840368
vn 0.469396 -0.271006 0.840371
vn 0.445221 -0.257049 0.857732
vn 0.445221 -0.257049 0.857732
vn 0.420602 -0.242835 0.874142
vn 0.395734 -0.228477 0.889490
vn 0.420602 -0.242835 0.874143
vn 0.370299 -0.213792 0.903975
vn 0.395733 -0.228477 0.889491
vn 0.344462 -0.198876 0.917493
vn 0.370302 -0.213794 0.903974
vn 0.318223 -0.183726 0.930043
vn 0.344464 -0.198876 0.917493
vn 0.291759 -0.168447 0.941542
vn 0.318218 -0.183723 0.930045
vn 0.264910 -0.152946 0.952066
vn 0.291763 -0.168449 0.941541
vn 0.237849 -0.137322 0.961546
vn 0.264909 -0.152945 0.952067
vn 0.210393 -0.121470 0.970041
vn 0.237850 -0.137323 0.961546
vn 0.182737 -0.105503 0.977485
vn 0.210393 -0.121471 0.970041
vn 0.155067 -0.089528 0.983839
vn 0.182736 -0.105503 0.977485
vn 0.127200 -0.073439 0.989155
vn 0.155068 -0.089529 0.983839
vn 0.098937 -0.057121 0.993453
vn 0.127200 -0.073439 0.989155
vn 0.070671 -0.040802 0.996665
vn 0.098936 -0.057121 0.993453
vn 0.070671 -0.040802 0.996665
vn 0.042603 -0.024597 0.998789
vn 0.014134 -0.008160 0.999867
vn 0.042603 -0.024597 0.998789
vn 0.014134 -0.008160 0.999867
vn 0.000000 0.000000 1.000000
vn 0.000000 0.000000 1.000000
vn 0.000000 0.000000 1.000000
vn 0.000000 0.000000 1.000000
f 1//1 2//1 3//1
f 3//2 2//2 4//2
f 4//3 5//3 6//3
f 6//4 5//4 7//4
f 2//5 5//5 4//5
f 5//6 8//6 7//6
f 7//7 9//7 10//7
f 10//8 9//8 11//8
f 8//9 9//9 7//9
f 11//10 12//10 13//10
f 9//11 12//11 11//11
f 12//12 14//12 13//12
f 13//13 15//13 16//13
f 14//14 15//14 13//14
f 16//15 17//15 18//15
f 18//16 17//16 19//16
f 15//17 17//17 16//17
f 17//18 20//18 19//18
f 19//19 21//19 22//19
f 20//20 21//20 19//20
f 21//21 23//21 22//21
f 22//22 23//22 24//22
f 23//23 25//23 24//23
f 24//24 25//24 26//24
f 25//25 27//25 26//25
f 26//26 27//26 28//26
f 27//27 29//27 28//27
f 28//28 29//28 30//28
f 30//29 31//29 32//29
f 29//30 31//30 30//30
f 32//31 33//31 34//31
f 31//32 33//32 32//32
f 34//33 35//33 36//33
f 33//34 35//34 34//34
f 36//35 37//35 38//35
f 35//36 37//36 36//36
f 38//37 39//37 40//37
f 37//38 39//38 38//38
f 40//39 41//39 42//39
f 42//40 41//40 43//40
f 39//41 41//41 40//41
f 41//42 44//42 43//42
f 43//43 45//43 46//43
f 46//44 45//44 47//44
f 44//45 45//45 43//45
f 45//46 48//46 47//46
f 47//47 49//47 50//47
f 50//48 49//48 51//48
f 48//49 49//49 47//49
f 49//50 52//50 51//50
f 51//51 53//51 54//51
f 52//52 53//52 51//52
f 54//53 55//53 56//53
f 56//54 55//54 57//54
f 53//55 55//55 54//55
f 57//56 58//56 59//56
f 55//57 58//57 57//57
f 58//58 60//58 59//58
f 59//59 61//59 62//59
f 62//60 61//60 63//60
f 60//61 61//61 59//61
f 61//62 64//62 63//62
f 63//63 65//63 66//63
f 66//64 65//64 67//64
f 64//65 65//65 63//65
f 65//66 68//66 67//66
f 67//67 69//67 70//67
f 70//68 69//68 71//68
f 68//69 69//69 67//69
f 69//70 72//70 71//70
f 72//71 73//71 71//71
f 71//72 73//72 74//72
f 74//73 75//73 76//73
f 73//74 75//74 74//74
f 75//75 77//75 76//75
f 76//76 77//76 78//76
f 77//77 79//77 78//77
f 78//78 79//78 80//78
f 79//79 81//79 80//79
f 80//80 81//80 82//80
f 82//81 81//81 83//81
f 81//82 84//82 83//82
f 84//83 85//83 83//83
f 83//84 85//84 86//84
f 85//85 87//85 86//85
f 86//86 87//86 88//86
f 87//87 89//87 88//87
f 88//88 89//88 90//88
f 89//89 91//89 90//89
f 90//90 91//90 92//90
f 91//91 93//91 92//91
f 92//92 93//92 94//92
f 93//93 95//93 94//93
f 94//94 95//94 96//94
f 95//95 97//95 96//95
f 96//96 97//96 98//96
f 97//97 99//97 98//97
f 98//98 99//98 100//98
f 100//99 101//99 102//99
f 99//100 101//100 100//100
f 102//101 103//101 104//101
f 101//102 103//102 102//102
f 104//103 105//103 106//103
f 103//104 105//104 104//104
f 106//105 107//105 108//105
f 105//106 107//106 106//106
f 108//107 109//107 110//107
f 107//108 109//108 108//108
f 110//109 111//109 112//109
f 109//110 111//110 110//110
f 112//111 113//111 114//111
f 111//112 113//112 112//112
f 114//113 115//113 116//113
f 113//114 115//114 114//114
f 116//115 117//115 118//115
f 115//116 117//116 116//116
f 118//117 119//117 120//117
f 117//118 119//118 118//118
f 120//119 121//119 122//119
f 119//120 121//120 120//120
f 122//121 123//121 124//121
f 121//122 123//122 122//122
f 123//123 125//123 124//123
f 124//124 125//124 126//124
f 125//125 127//125 126//125
f 126//126 127//126 128//126
f 127//127 129//127 128//127
f 128//128 129//128 130//128
f 129//129 131//129 130//129
f 130//130 131//130 132//130
f 131//131 133//131 132//131
f 132//132 133//132 134//132
f 133//133 135//133 134//133
f 134//134 135//134 136//134
f 135//135 137//135 136//135
f 136//136 137//136 138//136
f 137//137 139//137 138//137
f 138//138 139//138 140//138
f 139//139 141//139 140//139
f 140//140 141//140 142//140
f 141//141 143//141 142//141
f 142//142 143//142 144//142
f 143//143 145//143 144//143
f 144//144 145//144 146//144
f 145//145 147//145 146//145
f 146//146 147//146 148//146
f 147//147 149//147 148//147
f 148//148 149//148 150//148
f 149//149 151//149 150//149
f 150//150 151//150 152//150
f 151//151 153//151 152//151
f 152//152 153//152 154//152
f 153//153 155//153 154//153
f 154//154 155//154 156//154
f 155//155 157//155 156//155
f 156//156 157//156 158//156
f 157//157 159//157 158//157
f 158//158 159//158 160//158
f 159//159 161//159 160//159
f 160//160 161//160 162//160
f 161//161 163//161 162//161
f 162//162 163//162 164//162
f 163//163 165//163 164//163
f 164//164 165//164 166//164
f 166//165 167//165 168//165
f 165//166 167//166 166//166
f 168//167 169//167 170//167
f 167//168 169//168 168//168
f 170//169 171//169 172//169
f 169//170 171//170 170//170
f 172//171 173//171 174//171
f 171//172 173//172 172//172
f 174//173 175//173 176//173
f 173//174 175//174 174//174
f 175//175 177//175 176//175
f 176//176 177//176 178//176
f 177//177 179//177 178//177
f 178//178 179//178 180//178
f 179//179 181//179 180//179
f 180//180 181//180 182//180
f 181//181 183//181 182//181
f 182//182 183//182 184//182
f 183//183 185//183 184//183
f 184//184 185//184 186//184
f 185//185 187//185 186//185
f 186//186 187//186 188//186
f 188//187 187//187 189//187
f 187//188 190//188 189//188
f 190//189 191//189 189//189
f 189//190 191//190 192//190
f 191//191 193//191 192//191
f 192//192 193//192 194//192
f 193//193 195//193 194//193
f 194//194 195//194 196//194
f 195//195 197//195 196//195
f 196//196 197//196 198//196
f 199//197 200//197 201//197
f 197//198 200//198 198//198
f 198//199 200//199 199//199
f 200//200 202//200 201//200
f 201//201 203//201 204//201
f 202//202 203//202 201//202
f 204//203 205//203 206//203
f 203//204 205//204 204//204
f 206//205 207//205 208//205
f 208//206 207//206 209//206
f 205//207 207//207 206//207
f 207//208 210//208 209//208
f 209//209 211//209 212//209
f 210//210 211//210 209//210
f 212//211 213//211 214//211
f 211//212 213//212 212//212
f 214//213 215//213 216//213
f 216//214 215//214 217//214
f 213//215 215//215 214//215
f 215//216 218//216 217//216
f 217//217 219//217 220//217
f 220//218 219//218 221//218
f 218//219 219//219 217//219
f 219//220 222//220 221//220
f 221//221 223//221 224//221
f 222//222 223//222 221//222
f 223//223 225//223 224//223
f 224//224 225//224 226//224
f 225//225 227//225 226//225
f 226//226 227//226 228//226
f 227//227 229//227 228//227
f 228//228 229//228 230//228
f 229//229 231//229 230//229
f 230//230 231//230 232//230
f 232//231 233//231 234//231
f 231//232 233//232 232//232
f 234//233 235//233 236//233
f 233//234 235//234 234//234
f 236//235 237//235 238//235
f 235//236 237//236 236//236
f 238//237 239//237 240//237
f 237//238 239//238 238//238
f 240//239 241//239 242//239
f 239//240 241//240 240//240
f 242//241 243//241 244//241
f 241//242 243//242 242//242
f 244//243 245//243 246//243
f 243//244 245//244 244//244
f 246//245 247//245 248//245
f 245//246 247//246 246//246
f 248//247 249//247 250//247
f 247//248 249//248 248//248
f 250//249 251//249 252//249
f 249//250 251//250 250//250
f 252//251 1//251 3//251
f 251//252 1//252 252//252
f 1//253 253//253 2//253
f 254//254 255//254 253//254
f 251//255 253//255 1//255
f 256//256 254//256 253//256
f 2//257 257//257 5//257
f 5//258 257//258 8//258
f 258//259 257//259 255//259
f 259//260 257//260 258//260
f 253//261 257//261 2//261
f 255//262 257//262 253//262
f 8//263 260//263 9//263
f 9//264 260//264 12//264
f 261//265 260//265 259//265
f 262//266 260//266 261//266
f 257//267 260//267 8//267
f 259//268 260//268 257//268
f 12//269 263//269 14//269
f 14//270 263//270 15//270
f 264//271 263//271 262//271
f 265//272 263//272 264//272
f 260//273 263//273 12//273
f 262//274 263//274 260//274
f 15//275 266//275 17//275
f 17//276 266//276 20//276
f 263//277 266//277 15//277
f 265//278 266//278 263//278
f 267//279 266//279 265//279
f 268//280 266//280 267//280
f 20//281 269//281 21//281
f 21//282 269//282 23//282
f 266//283 269//283 20//283
f 268//284 269//284 266//284
f 270//285 269//285 268//285
f 271//286 269//286 270//286
f 23//287 272//287 25//287
f 25//288 272//288 27//288
f 273//289 272//289 271//289
f 274//290 272//290 273//290
f 269//291 272//291 23//291
f 271//292 272//292 269//292
f 274//293 275//293 272//293
f 27//294 275//294 29//294
f 29//295 275//295 31//295
f 276//296 275//296 274//296
f 277//297 275//297 276//297
f 272//298 275//298 27//298
f 31//299 278//299 33//299
f 33//300 278//300 35//300
f 275//301 278//301 31//301
f 277//302 278//302 275//302
f 279//303 278//303 277//303
f 280//304 278//304 279//304
f 35//305 281//305 37//305
f 37//306 281//306 39//306
f 282//307 281//307 280//307
f 283//308 281//308 282//308
f 278//309 281//309 35//309
f 280//310 281//310 278//310
f 39//311 284//311 41//311
f 41//312 284//312 44//312
f 285//313 284//313 283//313
f 286//314 284//314 285//314
f 281//315 284//315 39//315
f 283//316 284//316 281//316
f 284//317 287//317 44//317
f 286//318 287//318 284//318
f 44//319 287//319 45//319
f 45//320 287//320 48//320
f 288//321 287//321 286//321
f 289//322 287//322 288//322
f 48//323 290//323 49//323
f 49//324 290//324 52//324
f 287//325 290//325 48//325
f 291//326 290//326 289//326
f 292//327 290//327 291//327
f 289//328 290//328 287//328
f 52//329 293//329 53//329
f 53//330 293//330 55//330
f 294//331 293//331 292//331
f 295//332 293//332 294//332
f 290//333 293//333 52//333
f 292//334 293//334 290//334
f 295//335 296//335 293//335
f 55//336 296//336 58//336
f 58//337 296//337 60//337
f 297//338 296//338 295//338
f 298//339 296//339 297//339
f 293//340 296//340 55//340
f 60//341 299//341 61//341
f 61//342 299//342 64//342
f 296//343 299//343 60//343
f 298//344 299//344 296//344
f 300//345 299//345 298//345
f 301//346 299//346 300//346
f 64//347 302//347 65//347
f 65//348 302//348 68//348
f 299//349 302//349 64//349
f 303//350 302//350 301//350
f 304//351 302//351 303//351
f 301//352 302//352 299//352
f 68//353 305//353 69//353
f 69//354 305//354 72//354
f 306//355 305//355 304//355
f 307//356 305//356 306//356
f 302//357 305//357 68//357
f 304//358 305//358 302//358
f 305//359 308//359 72//359
f 307//360 308//360 305//360
f 72//361 308//361 73//361
f 73//362 308//362 75//362
f 309//363 308//363 307//363
f 310//364 308//364 309//364
f 75//365 311//365 77//365
f 308//366 311//366 75//366
f 77//367 311//367 79//367
f 310//368 311//368 308//368
f 312//369 311//369 310//369
f 313//370 311//370 312//370
f 79//371 314//371 81//371
f 81//372 314//372 84//372
f 311//373 314//373 79//373
f 313//374 314//374 311//374
f 315//375 314//375 313//375
f 316//376 314//376 315//376
f 84//377 317//377 85//377
f 85//378 317//378 87//378
f 318//379 317//379 316//379
f 319//380 317//380 318//380
f 314//381 317//381 84//381
f 316//382 317//382 314//382
f 317//383 320//383 87//383
f 319//384 320//384 317//384
f 87//385 320//385 89//385
f 89//386 320//386 91//386
f 321//387 320//387 319//387
f 322//388 320//388 321//388
f 91//389 323//389 93//389
f 93//390 323//390 95//390
f 320//391 323//391 91//391
f 322//392 323//392 320//392
f 324//393 323//393 322//393
f 325//394 323//394 324//394
f 95//395 326//395 97//395
f 97//396 326//396 99//396
f 327//397 326//397 325//397
f 328//398 326//398 327//398
f 323//399 326//399 95//399
f 325//400 326//400 323//400
f 326//401 329//401 99//401
f 328//402 329//402 326//402
f 99//403 329//403 101//403
f 101//404 329//404 103//404
f 330//405 329//405 328//405
f 331//406 329//406 330//406
f 329//407 332//407 103//407
f 331//408 332//408 329//408
f 103//409 332//409 105//409
f 105//410 332//410 107//410
f 333//411 332//411 331//411
f 334//412 332//412 333//412
f 107//413 335//413 109//413
f 109//414 335//414 111//414
f 332//415 335//415 107//415
f 334//416 335//416 332//416
f 336//417 335//417 334//417
f 337//418 335//418 336//418
f 111//419 338//419 113//419
f 113//420 338//420 115//420
f 339//421 338//421 337//421
f 340//422 338//422 339//422
f 335//423 338//423 111//423
f 337//424 338//424 335//424
f 338//425 341//425 115//425
f 340//426 341//426 338//426
f 115//427 341//427 117//427
f 117//428 341//428 119//428
f 342//429 341//429 340//429
f 343//430 341//430 342//430
f 341//431 344//431 119//431
f 343//432 344//432 341//432
f 119//433 344//433 121//433
f 121//434 344//434 123//434
f 345//435 344//435 343//435
f 346//436 344//436 345//436
f 123//437 347//437 125//437
f 125//438 347//438 127//438
f 344//439 347//439 123//439
f 346//440 347//440 344//440
f 348//441 347//441 346//441
f 349//442 347//442 348//442
f 127//443 350//443 129//443
f 129//444 350//444 131//444
f 351//445 350//445 349//445
f 347//446 350//446 127//446
f 352//447 350//447 351//447
f 349//448 350//448 347//448
f 350//449 353//449 131//449
f 352//450 353//450 350//450
f 131//451 353//451 133//451
f 133//452 353//452 135//452
f 354//453 353//453 352//453
f 355//454 353//454 354//454
f 353//455 356//455 135//455
f 355//456 356//456 353//456
f 135//457 356//457 137//457
f 137//458 356//458 139//458
f 357//459 356//459 355//459
f 358//460 356//460 357//460
f 139//461 359//461 141//461
f 141//462 359//462 143//462
f 356//463 359//463 139//463
f 358//464 359//464 356//464
f 360//465 359//465 358//465
f 361//466 359//466 360//466
f 359//467 362//467 143//467
f 363//468 362//468 361//468
f 364//469 362//469 363//469
f 143//470 362//470 145//470
f 145//471 362//471 147//471
f 361//472 362//472 359//472
f 365//473 366//473 364//473
f 367//474 366//474 365//474
f 364//475 366//475 362//475
f 362//476 366//476 147//476
f 147//477 366//477 149//477
f 149//478 366//478 151//478
f 368//479 369//479 367//479
f 370//480 369//480 368//480
f 367//481 369//481 366//481
f 366//482 369//482 151//482
f 151//483 369//483 153//483
f 153//484 369//484 155//484
f 371//485 372//485 370//485
f 373//486 372//486 371//486
f 370//487 372//487 369//487
f 369//488 372//488 155//488
f 155//489 372//489 157//489
f 157//490 372//490 159//490
f 374//491 375//491 373//491
f 376//492 375//492 374//492
f 373//493 375//493 372//493
f 159//494 375//494 161//494
f 161//495 375//495 163//495
f 372//496 375//496 159//496
f 375//497 377//497 163//497
f 378//498 377//498 376//498
f 379//499 377//499 378//499
f 163//500 377//500 165//500
f 165//501 377//501 167//501
f 376//502 377//502 375//502
f 379//503 380//503 377//503
f 381//504 380//504 379//504
f 382//505 380//505 381//505
f 377//506 380//506 167//506
f 167//507 380//507 169//507
f 169//508 380//508 171//508
f 382//509 383//509 380//509
f 384//510 383//510 382//510
f 385//511 383//511 384//511
f 380//512 383//512 171//512
f 171//513 383//513 173//513
f 173//514 383//514 175//514
f 386//515 387//515 385//515
f 388//516 387//516 386//516
f 385//517 387//517 383//517
f 383//518 387//518 175//518
f 175//519 387//519 177//519
f 177//520 387//520 179//520
f 389//521 390//521 388//521
f 391//522 390//522 389//522
f 387//523 390//523 179//523
f 388//524 390//524 387//524
f 179//525 390//525 181//525
f 181//526 390//526 183//526
f 392//527 393//527 391//527
f 394//528 393//528 392//528
f 390//529 393//529 183//529
f 391//530 393//530 390//530
f 183//531 393//531 185//531
f 185//532 393//532 187//532
f 395//533 396//533 394//533
f 397//534 396//534 395//534
f 394//535 396//535 393//535
f 393//536 396//536 187//536
f 187//537 396//537 190//537
f 190//538 396//538 191//538
f 398//539 399//539 397//539
f 400//540 399//540 398//540
f 397//541 399//541 396//541
f 396//542 399//542 191//542
f 191//543 399//543 193//543
f 193//544 399//544 195//544
f 197//545 401//545 200//545
f 399//546 401//546 195//546
f 400//547 401//547 399//547
f 402//548 401//548 400//548
f 403//549 401//549 402//549
f 195//550 401//550 197//550
f 200//551 404//551 202//551
f 202//552 404//552 203//552
f 401//553 404//553 200//553
f 405//554 404//554 403//554
f 406//555 404//555 405//555
f 403//556 404//556 401//556
f 203//557 407//557 205//557
f 205//558 407//558 207//558
f 404//559 407//559 203//559
f 408//560 407//560 406//560
f 409//561 407//561 408//561
f 406//562 407//562 404//562
f 207//563 410//563 210//563
f 210//564 410//564 211//564
f 411//565 410//565 409//565
f 412//566 410//566 411//566
f 407//567 410//567 207//567
f 409//568 410//568 407//568
f 211//569 413//569 213//569
f 213//570 413//570 215//570
f 414//571 413//571 412//571
f 415//572 413//572 414//572
f 410//573 413//573 211//573
f 412//574 413//574 410//574
f 215//575 416//575 218//575
f 218//576 416//576 219//576
f 417//577 416//577 415//577
f 418//578 416//578 417//578
f 415//579 416//579 413//579
f 413//580 416//580 215//580
f 219//581 419//581 222//581
f 222//582 419//582 223//582
f 420//583 419//583 418//583
f 421//584 419//584 420//584
f 416//585 419//585 219//585
f 418//586 419//586 416//586
f 419//587 422//587 223//587
f 223//588 422//588 225//588
f 225//589 422//589 227//589
f 423//590 422//590 421//590
f 424//591 422//591 423//591
f 421//592 422//592 419//592
f 424//593 425//593 422//593
f 227//594 425//594 229//594
f 229//595 425//595 231//595
f 422//596 425//596 227//596
f 426//597 425//597 424//597
f 427//598 425//598 426//598
f 231//599 428//599 233//599
f 233//600 428//600 235//600
f 427//601 428//601 425//601
f 425//602 428//602 231//602
f 429//603 428//603 427//603
f 430//604 428//604 429//604
f 235//605 431//605 237//605
f 237//606 431//606 239//606
f 428//607 431//607 235//607
f 432//608 431//608 430//608
f 433//609 431//609 432//609
f 430//610 431//610 428//610
f 239//611 434//611 241//611
f 241//612 434//612 243//612
f 435//613 434//613 433//613
f 436//614 434//614 435//614
f 433//615 434//615 431//615
f 431//616 434//616 239//616
f 243//617 437//617 245//617
f 245//618 437//618 247//618
f 438//619 437//619 436//619
f 439//620 437//620 438//620
f 436//621 437//621 434//621
f 434//622 437//622 243//622
f 253//623 440//623 256//623
f 247//624 440//624 249//624
f 249//625 440//625 251//625
f 251//626 440//626 253//626
f 441//627 440//627 439//627
f 256//628 440//628 441//628
f 439//629 440//629 437//629
f 437//630 440//630 247//630
f 442//631 148//631 150//631
f 442//632 150//632 152//632
f 442//633 152//633 154//633
f 442//634 154//634 156//634
f 442//635 156//635 158//635
f 442//636 158//636 160//636
f 442//637 160//637 162//637
f 442//638 162//638 164//638
f 442//639 164//639 166//639
f 442//640 166//640 168//640
f 442//641 168//641 170//641
f 442//642 170//642 172//642
f 442//643 172//643 174//643
f 442//644 174//644 176//644
f 442//645 176//645 178//645
f 442//646 178//646 180//646
f 442//647 180//647 182//647
f 442//648 182//648 184//648
f 442//649 184//649 186//649
f 442//650 186//650 188//650
f 442//651 188//651 189//651
f 443//652 114//652 116//652
f 443//653 116//653 118//653
f 443//654 118//654 120//654
f 443//655 120//655 122//655
f 443//656 122//656 124//656
f 443//657 124//657 126//657
f 443//658 126//658 128//658
f 443//659 128//659 130//659
f 443//660 130//660 132//660
f 443//661 132//661 134//661
f 443//662 134//662 136//662
f 443//663 136//663 138//663
f 443//664 138//664 140//664
f 443//665 140//665 142//665
f 443//666 142//666 144//666
f 443//667 144//667 146//667
f 443//668 146//668 148//668
f 443//669 148//669 442//669
f 112//670 114//670 443//670
f 110//671 112//671 443//671
f 108//672 110//672 443//672
f 444//673 201//673 204//673
f 444//674 204//674 206//674
f 444//675 206//675 208//675
f 444//676 208//676 209//676
f 444//677 209//677 212//677
f 444//678 212//678 214//678
f 444//679 214//679 216//679
f 444//680 442//680 189//680
f 444//681 189//681 192//681
f 444//682 192//682 194//682
f 444//683 194//683 196//683
f 444//684 196//684 198//684
f 444//685 198//685 199//685
f 444//686 199//686 201//686
f 217//687 444//687 216//687
f 220//688 444//688 217//688
f 221//689 444//689 220//689
f 224//690 444//690 221//690
f 226//691 444//691 224//691
f 228//692 444//692 226//692
f 445//693 108//693 443//693
f 445//694 92//694 94//694
f 445//695 94//695 96//695
f 445//696 96//696 98//696
f 445//697 98//697 100//697
f 445//698 100//698 102//698
f 445//699 102//699 104//699
f 445//700 104//700 106//700
f 445//701 106//701 108//701
f 90//702 92//702 445//702
f 230//703 444//703 228//703
f 88//704 90//704 445//704
f 232//705 444//705 230//705
f 86//706 88//706 445//706
f 83//707 86//707 445//707
f 82//708 83//708 445//708
f 80//709 82//709 445//709
f 446//710 232//710 234//710
f 446//711 234//711 236//711
f 446//712 236//712 238//712
f 446//713 444//713 232//713
f 240//714 446//714 238//714
f 78//715 80//715 445//715
f 242//716 446//716 240//716
f 76//717 78//717 445//717
f 244//718 446//718 242//718
f 74//719 76//719 445//719
f 246//720 446//720 244//720
f 71//721 74//721 445//721
f 248//722 446//722 246//722
f 70//723 71//723 445//723
f 250//724 446//724 248//724
f 67//725 70//725 445//725
f 252//726 446//726 250//726
f 66//727 67//727 445//727
f 3//728 446//728 252//728
f 63//729 445//729 447//729
f 63//730 66//730 445//730
f 4//731 446//731 3//731
f 62//732 63//732 447//732
f 6//733 446//733 4//733
f 59//734 62//734 447//734
f 7//735 446//735 6//735
f 57//736 59//736 447//736
f 10//737 446//737 7//737
f 56//738 57//738 447//738
f 11//739 446//739 10//739
f 54//740 56//740 447//740
f 13//741 446//741 11//741
f 51//742 54//742 447//742
f 16//743 446//743 13//743
f 50//744 51//744 447//744
f 18//745 446//745 16//745
f 47//746 50//746 447//746
f 19//747 446//747 18//747
f 46//748 47//748 447//748
f 22//749 446//749 19//749
f 43//750 46//750 447//750
f 24//751 447//751 446//751
f 24//752 446//752 22//752
f 42//753 43//753 447//753
f 26//754 447//754 24//754
f 40//755 42//755 447//755
f 28//756 447//756 26//756
f 38//757 40//757 447//757
f 30//758 447//758 28//758
f 36//759 38//759 447//759
f 32//760 447//760 30//760
f 34//761 36//761 447//761
f 34//762 447//762 32//762
f 370//763 376//763 371//763
f 371//764 376//764 373//764
f 373//765 376//765 374//765
f 376//766 381//766 378//766
f 378//767 381//767 379//767
f 376//768 382//768 381//768
f 364//769 363//769 365//769
f 363//770 361//770 365//770
f 376//771 385//771 382//771
f 382//772 385//772 384//772
f 376//773 386//773 385//773
f 361//774 358//774 365//774
f 360//775 358//775 361//775
f 355//776 354//776 357//776
f 357//777 354//777 358//777
f 370//778 392//778 376//778
f 376//779 392//779 386//779
f 365//780 392//780 367//780
f 367//781 392//781 368//781
f 368//782 392//782 370//782
f 386//783 392//783 388//783
f 388//784 392//784 389//784
f 389//785 392//785 391//785
f 352//786 351//786 354//786
f 348//787 346//787 349//787
f 349//788 346//788 351//788
f 395//789 400//789 397//789
f 397//790 400//790 398//790
f 351//791 345//791 354//791
f 346//792 345//792 351//792
f 395//793 402//793 400//793
f 392//794 402//794 394//794
f 394//795 402//795 395//795
f 358//796 343//796 365//796
f 365//797 343//797 392//797
f 354//798 343//798 358//798
f 345//799 343//799 354//799
f 392//800 343//800 402//800
f 343//801 403//801 402//801
f 406//802 409//802 408//802
f 337//803 336//803 339//803
f 339//804 336//804 340//804
f 336//805 334//805 340//805
f 405//806 412//806 406//806
f 409//807 412//807 411//807
f 406//808 412//808 409//808
f 403//809 412//809 405//809
f 334//810 333//810 340//810
f 340//811 333//811 342//811
f 342//812 333//812 343//812
f 403//813 414//813 412//813
f 330//814 328//814 331//814
f 331//815 328//815 333//815
f 414//816 418//816 415//816
f 415//817 418//817 417//817
f 327//818 325//818 328//818
f 418//819 421//819 420//819
f 403//820 421//820 414//820
f 414//821 421//821 418//821
f 325//822 324//822 328//822
f 421//823 424//823 423//823
f 343//824 321//824 403//824
f 328//825 321//825 333//825
f 333//826 321//826 343//826
f 322//827 321//827 324//827
f 324//828 321//828 328//828
f 421//829 426//829 424//829
f 426//830 432//830 427//830
f 427//831 432//831 429//831
f 429//832 432//832 430//832
f 421//833 432//833 426//833
f 315//834 313//834 316//834
f 316//835 313//835 318//835
f 421//836 433//836 432//836
f 318//837 312//837 319//837
f 319//838 312//838 321//838
f 313//839 312//839 318//839
f 433//840 438//840 435//840
f 435//841 438//841 436//841
f 309//842 307//842 310//842
f 310//843 307//843 312//843
f 321//844 307//844 403//844
f 312//845 307//845 321//845
f 433//846 439//846 438//846
f 439//847 256//847 441//847
f 304//848 303//848 306//848
f 306//849 303//849 307//849
f 439//850 254//850 256//850
f 403//851 301//851 421//851
f 303//852 301//852 307//852
f 307//853 301//853 403//853
f 439//854 255//854 254//854
f 433//855 255//855 439//855
f 301//856 298//856 421//856
f 300//857 298//857 301//857
f 255//858 259//858 258//858
f 433//859 259//859 255//859
f 421//860 259//860 433//860
f 259//861 262//861 261//861
f 295//862 294//862 297//862
f 297//863 294//863 298//863
f 262//864 265//864 264//864
f 259//865 265//865 262//865
f 259//866 267//866 265//866
f 291//867 289//867 292//867
f 292//868 289//868 294//868
f 259//869 268//869 267//869
f 289//870 288//870 294//870
f 259//871 270//871 268//871
f 288//872 286//872 294//872
f 294//873 285//873 298//873
f 286//874 285//874 294//874
f 270//875 273//875 271//875
f 421//876 273//876 259//876
f 259//877 273//877 270//877
f 283//878 282//878 285//878
f 298//879 282//879 421//879
f 285//880 282//880 298//880
f 274//881 277//881 276//881
f 273//882 279//882 274//882
f 280//883 279//883 282//883
f 421//884 279//884 273//884
f 282//885 279//885 421//885
f 274//886 279//886 277//886
f 446//887 447//887 448//887
f 448//888 447//888 449//888
f 447//889 445//889 449//889
f 449//890 445//890 450//890
f 450//891 445//891 451//891
f 445//892 443//892 451//892
f 443//893 442//893 451//893
f 451//894 442//894 452//894
f 442//895 444//895 452//895
f 452//896 444//896 453//896
f 444//897 446//897 453//897
f 453//898 446//898 448//898
f 448//899 454//899 455//899
f 449//900 454//900 448//900
f 455//901 456//901 457//901
f 454//902 456//902 455//902
f 457//903 458//903 459//903
f 456//904 458//904 457//904
f 459//905 460//905 461//905
f 458//906 460//906 459//906
f 461//907 462//907 463//907
f 460//908 462//908 461//908
f 463//909 464//909 465//909
f 462//910 464//910 463//910
f 465//911 466//911 467//911
f 464//912 466//912 465//912
f 467//913 468//913 469//913
f 466//914 468//914 467//914
f 469//915 470//915 471//915
f 468//916 470//916 469//916
f 471//917 472//917 473//917
f 470//918 472//918 471//918
f 473//919 474//919 475//919
f 472//920 474//920 473//920
f 475//921 476//921 477//921
f 474//922 476//922 475//922
f 477//923 478//923 479//923
f 476//924 478//924 477//924
f 479//925 480//925 481//925
f 478//926 480//926 479//926
f 481//927 482//927 483//927
f 480//928 482//928 481//928
f 483//929 484//929 485//929
f 482//930 484//930 483//930
f 485//931 486//931 487//931
f 484//932 486//932 485//932
f 487//933 488//933 489//933
f 486//934 488//934 487//934
f 489//935 490//935 491//935
f 488//936 490//936 489//936
f 491//937 492//937 493//937
f 490//938 492//938 491//938
f 493//939 494//939 495//939
f 492//940 494//940 493//940
f 495//941 496//941 497//941
f 494//942 496//942 495//942
f 497//943 498//943 499//943
f 496//944 498//944 497//944
f 499//945 500//945 501//945
f 498//946 500//946 499//946
f 501//947 502//947 503//947
f 500//948 502//948 501//948
f 502//949 504//949 503//949
f 503//950 504//950 505//950
f 504//951 506//951 505//951
f 505//952 506//952 507//952
f 506//953 508//953 507//953
f 507//954 508//954 509//954
f 508//955 510//955 509//955
f 509//956 510//956 511//956
f 510//957 512//957 511//957
f 511//958 512//958 513//958
f 512//959 514//959 513//959
f 513//960 514//960 515//960
f 514//961 516//961 515//961
f 515//962 516//962 517//962
f 517//963 518//963 519//963
f 516//964 518//964 517//964
f 519//965 520//965 521//965
f 518//966 520//966 519//966
f 521//967 522//967 523//967
f 520//968 522//968 521//968
f 523//969 524//969 525//969
f 522//970 524//970 523//970
f 525//971 526//971 527//971
f 524//972 526//972 525//972
f 527//973 528//973 529//973
f 526//974 528//974 527//974
f 529//975 530//975 531//975
f 528//976 530//976 529//976
f 531//977 532//977 533//977
f 530//978 532//978 531//978
f 533//979 534//979 535//979
f 532//980 534//980 533//980
f 535//981 536//981 537//981
f 534//982 536//982 535//982
f 537//983 538//983 539//983
f 536//984 538//984 537//984
f 539//985 540//985 541//985
f 538//986 540//986 539//986
f 541//987 542//987 543//987
f 540//988 542//988 541//988
f 543//989 544//989 545//989
f 542//990 544//990 543//990
f 545//991 546//991 547//991
f 544//992 546//992 545//992
f 547//993 548//993 549//993
f 546//994 548//994 547//994
f 449//995 550//995 454//995
f 450//996 550//996 449//996
f 454//997 551//997 456//997
f 550//998 551//998 454//998
f 456//999 552//999 458//999
f 551//1000 552//1000 456//1000
f 458//1001 553//1001 460//1001
f 552//1002 553//1002 458//1002
f 460//1003 554//1003 462//1003
f 553//1004 554//1004 460//1004
f 462//1005 555//1005 464//1005
f 554//1006 555//1006 462//1006
f 464//1007 556//1007 466//1007
f 555//1008 556//1008 464//1008
f 466//1009 557//1009 468//1009
f 556//1010 557//1010 466//1010
f 468//1011 558//1011 470//1011
f 557//1012 558//1012 468//1012
f 470//1013 559//1013 472//1013
f 472//1014 559//1014 474//1014
f 558//1015 559//1015 470//1015
f 474//1016 560//1016 476//1016
f 559//1017 560//1017 474//1017
f 476//1018 561//1018 478//1018
f 560//1019 561//1019 476//1019
f 478//1020 562//1020 480//1020
f 561//1021 562//1021 478//1021
f 480//1022 563//1022 482//1022
f 562//1023 563//1023 480//1023
f 482//1024 564//1024 484//1024
f 563//1025 564//1025 482//1025
f 484//1026 565//1026 486//1026
f 564//1027 565//1027 484//1027
f 486//1028 566//1028 488//1028
f 565//1029 566//1029 486//1029
f 488//1030 567//1030 490//1030
f 566//1031 567//1031 488//1031
f 490//1032 568//1032 492//1032
f 567//1033 568//1033 490//1033
f 492//1034 569//1034 494//1034
f 568//1035 569//1035 492//1035
f 494//1036 570//1036 496//1036
f 569//1037 570//1037 494//1037
f 496//1038 571//1038 498//1038
f 570//1039 571//1039 496//1039
f 498//1040 572//1040 500//1040
f 571//1041 572//1041 498//1041
f 500//1042 573//1042 502//1042
f 572//1043 573//1043 500//1043
f 573//1044 574//1044 502//1044
f 502//1045 574//1045 504//1045
f 574//1046 575//1046 504//1046
f 504//1047 575//1047 506//1047
f 575//1048 576//1048 506//1048
f 506//1049 576//1049 508//1049
f 576//1050 577//1050 508//1050
f 508//1051 577//1051 510//1051
f 577//1052 578//1052 510//1052
f 510//1053 578//1053 512//1053
f 578//1054 579//1054 512//1054
f 512//1055 579//1055 514//1055
f 579//1056 580//1056 514//1056
f 514//1057 580//1057 516//1057
f 580//1058 581//1058 516//1058
f 516//1059 581//1059 518//1059
f 518//1060 582//1060 520//1060
f 581//1061 582//1061 518//1061
f 520//1062 583//1062 522//1062
f 582//1063 583//1063 520//1063
f 522//1064 584//1064 524//1064
f 583//1065 584//1065 522//1065
f 524//1066 585//1066 526//1066
f 584//1067 585//1067 524//1067
f 526//1068 586//1068 528//1068
f 585//1069 586//1069 526//1069
f 528//1070 587//1070 530//1070
f 586//1071 587//1071 528//1071
f 530//1072 588//1072 532//1072
f 587//1073 588//1073 530//1073
f 532//1074 589//1074 534//1074
f 588//1075 589//1075 532//1075
f 534//1076 590//1076 536//1076
f 589//1077 590//1077 534//1077
f 536//1078 591//1078 538//1078
f 590//1079 591//1079 536//1079
f 538//1080 592//1080 540//1080
f 591//1081 592//1081 538//1081
f 540//1082 593//1082 542//1082
f 592//1083 593//1083 540//1083
f 542//1084 594//1084 544//1084
f 593//1085 594//1085 542//1085
f 594//1086 595//1086 544//1086
f 544//1087 596//1087 546//1087
f 595//1088 596//1088 544//1088
f 546//1089 597//1089 548//1089
f 596//1090 597//1090 546//1090
f 450//1091 598//1091 550//1091
f 451//1092 598//1092 450//1092
f 550//1093 599//1093 551//1093
f 598//1094 599//1094 550//1094
f 551//1095 600//1095 552//1095
f 599//1096 600//1096 551//1096
f 552//1097 601//1097 553//1097
f 600//1098 601//1098 552//1098
f 553//1099 602//1099 554//1099
f 601//1100 602//1100 553//1100
f 554//1101 603//1101 555//1101
f 602//1102 603//1102 554//1102
f 555//1103 604//1103 556//1103
f 603//1104 604//1104 555//1104
f 556//1105 605//1105 557//1105
f 604//1106 605//1106 556//1106
f 557//1107 606//1107 558//1107
f 605//1108 606//1108 557//1108
f 558//1109 607//1109 559//1109
f 606//1110 607//1110 558//1110
f 559//1111 608//1111 560//1111
f 607//1112 608//1112 559//1112
f 560//1113 609//1113 561//1113
f 608//1114 609//1114 560//1114
f 561//1115 610//1115 562//1115
f 609//1116 610//1116 561//1116
f 562//1117 611//1117 563//1117
f 610//1118 611//1118 562//1118
f 563//1119 612//1119 564//1119
f 611//1120 612//1120 563//1120
f 564//1121 613//1121 565//1121
f 612//1122 613//1122 564//1122
f 565//1123 614//1123 566//1123
f 613//1124 614//1124 565//1124
f 566//1125 615//1125 567//1125
f 614//1126 615//1126 566//1126
f 567//1127 616//1127 568//1127
f 615//1128 616//1128 567//1128
f 568//1129 617//1129 569//1129
f 616//1130 617//1130 568//1130
f 569//1131 618//1131 570//1131
f 617//1132 618//1132 569//1132
f 570//1133 619//1133 571//1133
f 618//1134 619//1134 570//1134
f 571//1135 620//1135 572//1135
f 619//1136 620//1136 571//1136
f 572//1137 621//1137 573//1137
f 620//1138 621//1138 572//1138
f 573//1139 622//1139 574//1139
f 621//1140 622//1140 573//1140
f 622//1141 623//1141 574//1141
f 574//1142 623//1142 575//1142
f 623//1143 624//1143 575//1143
f 575//1144 624//1144 576//1144
f 624//1145 625//1145 576//1145
f 576//1146 625//1146 577//1146
f 625//1147 626//1147 577//1147
f 577//1148 626//1148 578//1148
f 626//1149 627//1149 578//1149
f 578//1150 627//1150 579//1150
f 627//1151 628//1151 579//1151
f 579//1152 628//1152 580//1152
f 628//1153 629//1153 580//1153
f 580//1154 629//1154 581//1154
f 581//1155 630//1155 582//1155
f 629//1156 630//1156 581//1156
f 582//1157 631//1157 583//1157
f 630//1158 631//1158 582//1158
f 583//1159 632//1159 584//1159
f 631//1160 632//1160 583//1160
f 584//1161 633//1161 585//1161
f 632//1162 633//1162 584//1162
f 585//1163 634//1163 586//1163
f 633//1164 634//1164 585//1164
f 586//1165 635//1165 587//1165
f 634//1166 635//1166 586//1166
f 587//1167 636//1167 588//1167
f 635//1168 636//1168 587//1168
f 588//1169 637//1169 589//1169
f 636//1170 637//1170 588//1170
f 589//1171 638//1171 590//1171
f 637//1172 638//1172 589//1172
f 590//1173 639//1173 591//1173
f 638//1174 639//1174 590//1174
f 591//1175 640//1175 592//1175
f 639//1176 640//1176 591//1176
f 592//1177 641//1177 593//1177
f 640//1178 641//1178 592//1178
f 593//1179 642//1179 594//1179
f 641//1180 642//1180 593//1180
f 594//1181 643//1181 595//1181
f 642//1182 643//1182 594//1182
f 595//1183 644//1183 596//1183
f 643//1184 644//1184 595//1184
f 596//1185 645//1185 597//1185
f 644//1186 645//1186 596//1186
f 451//1187 452//1187 598//1187
f 452//1188 646//1188 598//1188
f 598//1189 646//1189 599//1189
f 599//1190 647//1190 600//1190
f 646//1191 647//1191 599//1191
f 600//1192 648//1192 601//1192
f 647//1193 648//1193 600//1193
f 601//1194 649//1194 602//1194
f 648//1195 649//1195 601//1195
f 602//1196 650//1196 603//1196
f 649//1197 650//1197 602//1197
f 603//1198 651//1198 604//1198
f 650//1199 651//1199 603//1199
f 604//1200 652//1200 605//1200
f 651//1201 652//1201 604//1201
f 605//1202 653//1202 606//1202
f 652//1203 653//1203 605//1203
f 606//1204 654//1204 607//1204
f 653//1205 654//1205 606//1205
f 607//1206 655//1206 608//1206
f 654//1207 655//1207 607//1207
f 655//1208 656//1208 608//1208
f 608//1209 657//1209 609//1209
f 656//1210 657//1210 608//1210
f 609//1211 658//1211 610//1211
f 657//1212 658//1212 609//1212
f 610//1213 659//1213 611//1213
f 658//1214 659//1214 610//1214
f 611//1215 660//1215 612//1215
f 659//1216 660//1216 611//1216
f 612//1217 661//1217 613//1217
f 660//1218 661//1218 612//1218
f 613//1219 662//1219 614//1219
f 661//1220 662//1220 613//1220
f 614//1221 663//1221 615//1221
f 662//1222 663//1222 614//1222
f 615//1223 664//1223 616//1223
f 663//1224 664//1224 615//1224
f 616//1225 665//1225 617//1225
f 664//1226 665//1226 616//1226
f 617//1227 666//1227 618//1227
f 665//1228 666//1228 617//1228
f 618//1229 667//1229 619//1229
f 666//1230 667//1230 618//1230
f 619//1231 668//1231 620//1231
f 667//1232 668//1232 619//1232
f 620//1233 669//1233 621//1233
f 668//1234 669//1234 620//1234
f 621//1235 670//1235 622//1235
f 669//1236 670//1236 621//1236
f 670//1237 671//1237 622//1237
f 622//1238 671//1238 623//1238
f 671//1239 672//1239 623//1239
f 623//1240 672//1240 624//1240
f 672//1241 673//1241 624//1241
f 624//1242 673//1242 625//1242
f 673//1243 674//1243 625//1243
f 625//1244 674//1244 626//1244
f 674//1245 675//1245 626//1245
f 626//1246 675//1246 627//1246
f 675//1247 676//1247 627//1247
f 627//1248 676//1248 628//1248
f 676//1249 677//1249 628//1249
f 628//1250 677//1250 629//1250
f 629//1251 678//1251 630//1251
f 677//1252 678//1252 629//1252
f 630//1253 679//1253 631//1253
f 631//1254 679//1254 632//1254
f 678//1255 679//1255 630//1255
f 632//1256 680//1256 633//1256
f 679//1257 680//1257 632//1257
f 633//1258 681//1258 634//1258
f 680//1259 681//1259 633//1259
f 634//1260 682//1260 635//1260
f 681//1261 682//1261 634//1261
f 635//1262 683//1262 636//1262
f 682//1263 683//1263 635//1263
f 636//1264 684//1264 637//1264
f 683//1265 684//1265 636//1265
f 637//1266 685//1266 638//1266
f 684//1267 685//1267 637//1267
f 638//1268 686//1268 639//1268
f 685//1269 686//1269 638//1269
f 639//1270 687//1270 640//1270
f 686//1271 687//1271 639//1271
f 640//1272 688//1272 641//1272
f 687//1273 688//1273 640//1273
f 641//1274 689//1274 642//1274
f 688//1275 689//1275 641//1275
f 689//1276 690//1276 642//1276
f 642//1277 691//1277 643//1277
f 690//1278 691//1278 642//1278
f 643//1279 692//1279 644//1279
f 691//1280 692//1280 643//1280
f 644//1281 693//1281 645//1281
f 692//1282 693//1282 644//1282
f 452//1283 453//1283 646//1283
f 453//1284 694//1284 646//1284
f 646//1285 694//1285 647//1285
f 647//1286 695//1286 648//1286
f 694//1287 695//1287 647//1287
f 648//1288 696//1288 649//1288
f 695//1289 696//1289 648//1289
f 696//1290 697//1290 649//1290
f 649//1291 698//1291 650//1291
f 697//1292 698//1292 649//1292
f 650//1293 699//1293 651//1293
f 698//1294 699//1294 650//1294
f 651//1295 700//1295 652//1295
f 699//1296 700//1296 651//1296
f 652//1297 701//1297 653//1297
f 700//1298 701//1298 652//1298
f 653//1299 702//1299 654//1299
f 701//1300 702//1300 653//1300
f 654//1301 703//1301 655//1301
f 655//1302 703//1302 656//1302
f 702//1303 703//1303 654//1303
f 656//1304 704//1304 657//1304
f 703//1305 704//1305 656//1305
f 704//1306 705//1306 657//1306
f 657//1307 706//1307 658//1307
f 658//1308 706//1308 659//1308
f 705//1309 706//1309 657//1309
f 659//1310 707//1310 660//1310
f 706//1311 707//1311 659//1311
f 707//1312 708//1312 660//1312
f 660//1313 709//1313 661//1313
f 661//1314 709//1314 662//1314
f 708//1315 709//1315 660//1315
f 709//1316 710//1316 662//1316
f 662//1317 711//1317 663//1317
f 663//1318 711//1318 664//1318
f 710//1319 711//1319 662//1319
f 664//1320 712//1320 665//1320
f 711//1321 712//1321 664//1321
f 665//1322 713//1322 666//1322
f 712//1323 713//1323 665//1323
f 666//1324 714//1324 667//1324
f 713//1325 714//1325 666//1325
f 667//1326 715//1326 668//1326
f 714//1327 715//1327 667//1327
f 668//1328 716//1328 669//1328
f 715//1329 716//1329 668//1329
f 669//1330 717//1330 670//1330
f 716//1331 717//1331 669//1331
f 717//1332 718//1332 670//1332
f 718//1333 719//1333 670//1333
f 670//1334 719//1334 671//1334
f 671//1335 719//1335 672//1335
f 719//1336 720//1336 672//1336
f 720//1337 721//1337 672//1337
f 672//1338 721//1338 673//1338
f 721//1339 722//1339 673//1339
f 673//1340 722//1340 674//1340
f 674//1341 722//1341 675//1341
f 722//1342 723//1342 675//1342
f 723//1343 724//1343 675//1343
f 675//1344 724//1344 676//1344
f 676//1345 724//1345 677//1345
f 724//1346 725//1346 677//1346
f 677//1347 726//1347 678//1347
f 725//1348 726//1348 677//1348
f 678//1349 727//1349 679//1349
f 726//1350 727//1350 678//1350
f 679//1351 728//1351 680//1351
f 727//1352 728//1352 679//1352
f 680//1353 729//1353 681//1353
f 728//1354 729//1354 680//1354
f 681//1355 730//1355 682//1355
f 682//1356 730//1356 683//1356
f 729//1357 730//1357 681//1357
f 730//1358 731//1358 683//1358
f 683//1359 732//1359 684//1359
f 731//1360 732//1360 683//1360
f 684//1361 733//1361 685//1361
f 732//1362 733//1362 684//1362
f 685//1363 734//1363 686//1363
f 733//1364 734//1364 685//1364
f 686//1365 735//1365 687//1365
f 734//1366 735//1366 686//1366
f 687//1367 736//1367 688//1367
f 735//1368 736//1368 687//1368
f 688//1369 737//1369 689//1369
f 736//1370 737//1370 688//1370
f 689//1371 738//1371 690//1371
f 690//1372 738//1372 691//1372
f 737//1373 738//1373 689//1373
f 738//1374 739//1374 691//1374
f 691//1375 740//1375 692//1375
f 739//1376 740//1376 691//1376
f 692//1377 741//1377 693//1377
f 740//1378 741//1378 692//1378
f 453//1379 455//1379 694//1379
f 448//1380 455//1380 453//1380
f 694//1381 457//1381 695//1381
f 455//1382 457//1382 694//1382
f 695//1383 459//1383 696//1383
f 457//1384 459//1384 695//1384
f 696//1385 461//1385 697//1385
f 459//1386 461//1386 696//1386
f 697//1387 463//1387 698//1387
f 461//1388 463//1388 697//1388
f 698//1389 465//1389 699//1389
f 463//1390 465//1390 698//1390
f 699//1391 467//1391 700//1391
f 465//1392 467//1392 699//1392
f 700//1393 469//1393 701//1393
f 467//1394 469//1394 700//1394
f 701//1395 471//1395 702//1395
f 469//1396 471//1396 701//1396
f 702//1397 473//1397 703//1397
f 471//1398 473//1398 702//1398
f 703//1399 475//1399 704//1399
f 704//1400 475//1400 705//1400
f 473//1401 475//1401 703//1401
f 705//1402 477//1402 706//1402
f 475//1403 477//1403 705//1403
f 706//1404 479//1404 707//1404
f 477//1405 479//1405 706//1405
f 707//1406 481//1406 708//1406
f 479//1407 481//1407 707//1407
f 708//1408 483//1408 709//1408
f 481//1409 483//1409 708//1409
f 709//1410 485//1410 710//1410
f 483//1411 485//1411 709//1411
f 710//1412 487//1412 711//1412
f 485//1413 487//1413 710//1413
f 711//1414 489//1414 712//1414
f 487//1415 489//1415 711//1415
f 712//1416 491//1416 713//1416
f 489//1417 491//1417 712//1417
f 713//1418 493//1418 714//1418
f 491//1419 493//1419 713//1419
f 714//1420 495//1420 715//1420
f 493//1421 495//1421 714//1421
f 715//1422 497//1422 716//1422
f 495//1423 497//1423 715//1423
f 716//1424 499//1424 717//1424
f 497//1425 499//1425 716//1425
f 717//1426 501//1426 718//1426
f 499//1427 501//1427 717//1427
f 501//1428 503//1428 718//1428
f 718//1429 503//1429 719//1429
f 503//1430 505//1430 719//1430
f 719//1431 505//1431 720//1431
f 505//1432 507//1432 720//1432
f 720//1433 507//1433 721//1433
f 507//1434 509//1434 721//1434
f 721//1435 509//1435 722//1435
f 509//1436 511//1436 722//1436
f 722//1437 511//1437 723//1437
f 511//1438 513//1438 723//1438
f 723//1439 513//1439 724//1439
f 513//1440 515//1440 724//1440
f 724//1441 515//1441 725//1441
f 515//1442 517//1442 725//1442
f 725//1443 517//1443 726//1443
f 726//1444 519//1444 727//1444
f 517//1445 519//1445 726//1445
f 727//1446 521//1446 728//1446
f 519//1447 521//1447 727//1447
f 728//1448 523//1448 729//1448
f 521//1449 523//1449 728//1449
f 729//1450 525//1450 730//1450
f 523//1451 525//1451 729//1451
f 730//1452 527//1452 731//1452
f 525//1453 527//1453 730//1453
f 731//1454 529//1454 732//1454
f 527//1455 529//1455 731//1455
f 732//1456 531//1456 733//1456
f 529//1457 531//1457 732//1457
f 733//1458 533//1458 734//1458
f 531//1459 533//1459 733//1459
f 734//1460 535//1460 735//1460
f 533//1461 535//1461 734//1461
f 735//1462 537//1462 736//1462
f 535//1463 537//1463 735//1463
f 736//1464 539//1464 737//1464
f 537//1465 539//1465 736//1465
f 737//1466 541//1466 738//1466
f 539//1467 541//1467 737//1467
f 738//1468 543//1468 739//1468
f 541//1469 543//1469 738//1469
f 543//1470 545//1470 739//1470
f 739//1471 547//1471 740//1471
f 740//1472 547//1472 741//1472
f 545//1473 547//1473 739//1473
f 547//1474 549//1474 741//1474
f 548//1475 597//1475 645//1475
f 548//1476 645//1476 693//1476
f 548//1477 693//1477 741//1477
f 548//1478 741//1478 549//1478
