# Created by FreeCAD <http://www.freecadweb.org>
v -22.760155 -0.000000 78.000000
v -22.760155 -0.000000 45.000000
v -11.380077 -19.710873 78.000000
v -11.380077 -19.710873 45.000000
v -11.380077 19.710873 45.000000
v -11.380077 19.710873 78.000000
v -20.450754 -0.000000 80.000000
v -10.225377 -17.710873 80.000000
v 22.760155 0.000000 45.000000
v 11.380077 -19.710873 45.000000
v 29.708220 -27.635910 45.000000
v 29.708220 27.635910 45.000000
v -29.708220 -27.635910 45.000000
v 11.380077 19.710873 45.000000
v -29.708220 27.635910 45.000000
v 11.380077 -19.710873 78.000000
v 11.380077 19.710873 78.000000
v -10.225377 17.710873 80.000000
v 10.225377 -17.710873 80.000000
v 20.450754 0.000000 80.000000
v 10.225377 17.710873 80.000000
v 29.708220 -27.635910 35.000000
v 29.708220 27.635910 35.000000
v -29.708220 -27.635910 35.000000
v -29.708220 27.635910 35.000000
v 22.760155 0.000000 78.000000
v 17.455921 -17.896671 35.000000
v 18.326296 -17.004318 35.000000
v 16.542147 -18.744530 35.000000
v 19.151112 -16.069691 35.000000
v 15.587245 -19.545788 35.000000
v 19.928312 -15.095110 35.000000
v 14.593592 -20.298450 35.000000
v 20.655970 -14.083001 35.000000
v 13.563657 -21.000648 35.000000
v 21.332272 -13.035880 35.000000
v 12.500000 -21.650635 35.000000
v 21.955540 -11.956349 35.000000
v 11.405267 -22.246796 35.000000
v 22.524221 -10.847094 35.000000
v 10.282178 -22.787647 35.000000
v 23.036905 -9.710870 35.000000
v 9.133526 -23.271843 35.000000
v 23.492315 -8.550504 35.000000
v 7.962166 -23.698183 35.000000
v 23.889320 -7.368879 35.000000
v 6.771012 -24.065607 35.000000
v 24.226933 -6.168935 35.000000
v 5.563024 -24.373198 35.000000
v 24.504313 -4.953654 35.000000
v 4.341205 -24.620193 35.000000
v 24.720770 -3.726057 35.000000
v 3.108593 -24.805981 35.000000
v 24.875769 -2.489196 35.000000
v 1.868252 -24.930096 35.000000
v 24.968924 -1.246147 35.000000
v 25.000000 0.000000 35.000000
v 24.968924 1.246147 35.000000
v 24.875769 2.489196 35.000000
v 24.720770 3.726057 35.000000
v 24.504313 4.953654 35.000000
v 24.226933 6.168935 35.000000
v 23.889320 7.368879 35.000000
v 23.492315 8.550504 35.000000
v 23.036905 9.710870 35.000000
v 22.524221 10.847094 35.000000
v 21.955540 11.956349 35.000000
v 21.332272 13.035880 35.000000
v 20.655970 14.083001 35.000000
v 19.928312 15.095110 35.000000
v 19.151112 16.069691 35.000000
v 18.326296 17.004318 35.000000
v 17.455921 17.896671 35.000000
v -17.455921 -17.896671 35.000000
v -18.326296 -17.004318 35.000000
v -16.542147 -18.744530 35.000000
v -15.587245 -19.545788 35.000000
v -14.593592 -20.298450 35.000000
v -13.563657 -21.000648 35.000000
v -12.500000 -21.650635 35.000000
v -11.405267 -22.246796 35.000000
v -10.282178 -22.787647 35.000000
v -9.133526 -23.271843 35.000000
v -7.962166 -23.698183 35.000000
v -6.771012 -24.065607 35.000000
v -5.563024 -24.373198 35.000000
v -4.341205 -24.620193 35.000000
v -3.108593 -24.805981 35.000000
v -1.868252 -24.930096 35.000000
v 16.542147 18.744530 35.000000
v -19.151112 -16.069691 35.000000
v 15.587245 19.545788 35.000000
v -19.928312 -15.095110 35.000000
v 14.593592 20.298450 35.000000
v -20.655970 -14.083001 35.000000
v 13.563657 21.000648 35.000000
v -21.332272 -13.035880 35.000000
v 12.500000 21.650635 35.000000
v -21.955540 -11.956349 35.000000
v 11.405267 22.246796 35.000000
v -22.524221 -10.847094 35.000000
v 10.282178 22.787647 35.000000
v -23.036905 -9.710870 35.000000
v 9.133526 23.271843 35.000000
v -23.492315 -8.550504 35.000000
v 7.962166 23.698183 35.000000
v -23.889320 -7.368879 35.000000
v 6.771012 24.065607 35.000000
v -24.226933 -6.168935 35.000000
v 5.563024 24.373198 35.000000
v -24.504313 -4.953654 35.000000
v 4.341205 24.620193 35.000000
v -24.720770 -3.726057 35.000000
v 3.108593 24.805981 35.000000
v 1.868252 24.930096 35.000000
v -3.108593 24.805981 35.000000
v -1.868252 24.930096 35.000000
v -4.341205 24.620193 35.000000
v -5.563024 24.373198 35.000000
v -6.771012 24.065607 35.000000
v -7.962166 23.698183 35.000000
v -9.133526 23.271843 35.000000
v -10.282178 22.787647 35.000000
v -11.405267 22.246796 35.000000
v -12.500000 21.650635 35.000000
v -13.563657 21.000648 35.000000
v -14.593592 20.298450 35.000000
v -15.587245 19.545788 35.000000
v -16.542147 18.744530 35.000000
v -17.455921 17.896671 35.000000
v -18.326296 17.004318 35.000000
v -19.151112 16.069691 35.000000
v -19.928312 15.095110 35.000000
v -20.655970 14.083001 35.000000
v -21.332272 13.035880 35.000000
v -21.955540 11.956349 35.000000
v -22.524221 10.847094 35.000000
v -23.036905 9.710870 35.000000
v -23.492315 8.550504 35.000000
v -23.889320 7.368879 35.000000
v -24.226933 6.168935 35.000000
v -24.504313 4.953654 35.000000
v -24.720770 3.726057 35.000000
v -0.623267 24.992229 35.000000
v 0.623267 24.992229 35.000000
v -25.000000 -0.000000 35.000000
v -24.968924 -1.246147 35.000000
v -24.875769 -2.489196 35.000000
v -24.968924 1.246147 35.000000
v -24.875769 2.489196 35.000000
v -0.623267 -24.992229 35.000000
v 0.623267 -24.992229 35.000000
v 25.000000 0.000000 3.000000
v 24.968924 1.246147 3.000000
v 24.875769 2.489196 3.000000
v 24.720770 3.726057 3.000000
v 24.504313 4.953654 3.000000
v 24.226933 6.168935 3.000000
v 23.889320 7.368879 3.000000
v 23.492315 8.550504 3.000000
v 23.036905 9.710870 3.000000
v 22.524221 10.847094 3.000000
v 21.955540 11.956349 3.000000
v 21.332272 13.035880 3.000000
v 20.655970 14.083001 3.000000
v 19.928312 15.095110 3.000000
v 19.151112 16.069691 3.000000
v 18.326296 17.004318 3.000000
v 17.455921 17.896671 3.000000
v 16.542147 18.744530 3.000000
v 15.587245 19.545788 3.000000
v 14.593592 20.298450 3.000000
v 13.563657 21.000648 3.000000
v 12.500000 21.650635 3.000000
v 11.405267 22.246796 3.000000
v 10.282178 22.787647 3.000000
v 9.133526 23.271843 3.000000
v 7.962166 23.698183 3.000000
v 6.771012 24.065607 3.000000
v 5.563024 24.373198 3.000000
v 4.341205 24.620193 3.000000
v 3.108593 24.805981 3.000000
v 1.868252 24.930096 3.000000
v 0.623267 24.992229 3.000000
v -0.623267 24.992229 3.000000
v -1.868252 24.930096 3.000000
v -3.108593 24.805981 3.000000
v -4.341205 24.620193 3.000000
v -5.563024 24.373198 3.000000
v -6.771012 24.065607 3.000000
v -7.962166 23.698183 3.000000
v -9.133526 23.271843 3.000000
v -10.282178 22.787647 3.000000
v -11.405267 22.246796 3.000000
v -12.500000 21.650635 3.000000
v -13.563657 21.000648 3.000000
v -14.593592 20.298450 3.000000
v -15.587245 19.545788 3.000000
v -16.542147 18.744530 3.000000
v -17.455921 17.896671 3.000000
v -18.326296 17.004318 3.000000
v -19.151112 16.069691 3.000000
v -19.928312 15.095110 3.000000
v -20.655970 14.083001 3.000000
v -21.332272 13.035880 3.000000
v -21.955540 11.956349 3.000000
v -22.524221 10.847094 3.000000
v -23.036905 9.710870 3.000000
v -23.492315 8.550504 3.000000
v -23.889320 7.368879 3.000000
v -24.226933 6.168935 3.000000
v -24.504313 4.953654 3.000000
v -24.720770 3.726057 3.000000
v -24.875769 2.489196 3.000000
v -24.968924 1.246147 3.000000
v -25.000000 -0.000000 3.000000
v -24.968924 -1.246147 3.000000
v -24.875769 -2.489196 3.000000
v -24.720770 -3.726057 3.000000
v -24.504313 -4.953654 3.000000
v -24.226933 -6.168935 3.000000
v -23.889320 -7.368879 3.000000
v -23.492315 -8.550504 3.000000
v -23.036905 -9.710870 3.000000
v -22.524221 -10.847094 3.000000
v -21.955540 -11.956349 3.000000
v -21.332272 -13.035880 3.000000
v -20.655970 -14.083001 3.000000
v -19.928312 -15.095110 3.000000
v -19.151112 -16.069691 3.000000
v -18.326296 -17.004318 3.000000
v -17.455921 -17.896671 3.000000
v -16.542147 -18.744530 3.000000
v -15.587245 -19.545788 3.000000
v -14.593592 -20.298450 3.000000
v -13.563657 -21.000648 3.000000
v -12.500000 -21.650635 3.000000
v -11.405267 -22.246796 3.000000
v -10.282178 -22.787647 3.000000
v -9.133526 -23.271843 3.000000
v -7.962166 -23.698183 3.000000
v -6.771012 -24.065607 3.000000
v -5.563024 -24.373198 3.000000
v -4.341205 -24.620193 3.000000
v -3.108593 -24.805981 3.000000
v -1.868252 -24.930096 3.000000
v -0.623267 -24.992229 3.000000
v 0.623267 -24.992229 3.000000
v 1.868252 -24.930096 3.000000
v 3.108593 -24.805981 3.000000
v 4.341205 -24.620193 3.000000
v 5.563024 -24.373198 3.000000
v 6.771012 -24.065607 3.000000
v 7.962166 -23.698183 3.000000
v 9.133526 -23.271843 3.000000
v 10.282178 -22.787647 3.000000
v 11.405267 -22.246796 3.000000
v 12.500000 -21.650635 3.000000
v 13.563657 -21.000648 3.000000
v 14.593592 -20.298450 3.000000
v 15.587245 -19.545788 3.000000
v 16.542147 -18.744530 3.000000
v 17.455921 -17.896671 3.000000
v 18.326296 -17.004318 3.000000
v 19.151112 -16.069691 3.000000
v 19.928312 -15.095110 3.000000
v 20.655970 -14.083001 3.000000
v 21.332272 -13.035880 3.000000
v 21.955540 -11.956349 3.000000
v 22.524221 -10.847094 3.000000
v 23.036905 -9.710870 3.000000
v 23.492315 -8.550504 3.000000
v 23.889320 -7.368879 3.000000
v 24.226933 -6.168935 3.000000
v 24.504313 -4.953654 3.000000
v 24.720770 -3.726057 3.000000
v 24.875769 -2.489196 3.000000
v 24.968924 -1.246147 3.000000
v 22.000000 0.000000 0.000000
v 21.972652 1.096609 0.000000
v 22.147203 0.000000 0.003614
v 24.996386 0.000000 2.852797
v 21.972652 -1.096609 0.000000
v 24.965313 1.245967 2.852797
v 24.985554 0.000000 2.705949
v 24.954494 1.245427 2.705949
v 24.967529 0.000000 2.559808
v 24.936493 1.244529 2.559808
v 24.942356 0.000000 2.414729
v 24.911350 1.243274 2.414729
v 24.910093 0.000000 2.271060
v 24.879129 1.241666 2.271060
v 24.870821 0.000000 2.129146
v 24.839905 1.239708 2.129146
v 24.824633 0.000000 1.989330
v 24.793774 1.237406 1.989330
v 24.771639 0.000000 1.851950
v 24.740845 1.234764 1.851950
v 24.872173 2.488836 2.852797
v 24.711967 0.000000 1.717335
v 24.681250 1.231790 1.717335
v 24.861395 2.487758 2.705949
v 24.645763 0.000000 1.585810
v 24.615128 1.228490 1.585810
v 24.843460 2.485963 2.559808
v 24.573185 0.000000 1.457692
v 24.542639 1.224872 1.457692
v 24.818411 2.483457 2.414729
v 24.494410 0.000000 1.333289
v 24.463961 1.220945 1.333289
v 24.786310 2.480244 2.271060
v 24.409622 0.000000 1.212902
v 24.379280 1.216719 1.212902
v 24.747232 2.476334 2.129146
v 24.319031 0.000000 1.096820
v 24.288801 1.212204 1.096820
v 24.701273 2.471735 1.989330
v 24.192743 1.207410 0.985323
v 24.222853 0.000000 0.985323
v 24.648542 2.466459 1.851950
v 24.121321 0.000000 0.878680
v 24.091335 1.202349 0.878680
v 24.717197 3.725518 2.852797
v 24.589169 2.460517 1.717335
v 23.984825 1.197033 0.777147
v 24.014677 0.000000 0.777147
v 24.706486 3.723904 2.705949
v 24.523293 2.453926 1.585810
v 23.903179 0.000000 0.680969
v 23.873466 1.191475 0.680969
v 24.688663 3.721217 2.559808
v 24.451077 2.446699 1.457692
v 23.787098 0.000000 0.590377
v 23.757528 1.185689 0.590377
v 24.663771 3.717465 2.414729
v 24.372690 2.438856 1.333289
v 23.666710 0.000000 0.505591
v 23.637291 1.179688 0.505591
v 24.631868 3.712657 2.271060
v 24.288326 2.430413 1.212902
v 23.542309 0.000000 0.426814
v 23.513042 1.173487 0.426814
v 24.593035 3.706804 2.129146
v 24.198185 2.421394 1.096820
v 23.414190 0.000000 0.354236
v 23.385084 1.167101 0.354236
v 24.547361 3.699919 1.989330
v 24.102484 2.411817 0.985323
v 23.253723 1.160545 0.288032
v 23.282665 0.000000 0.288032
v 24.494961 3.692021 1.851950
v 24.001455 2.401708 0.878680
v 23.148050 0.000000 0.228361
v 23.119276 1.153835 0.228361
v 24.500771 4.952938 2.852797
v 24.435955 3.683128 1.717335
v 23.895342 2.391090 0.777147
v 23.010670 0.000000 0.175368
v 22.982065 1.146987 0.175368
v 24.490152 4.950791 2.705949
v 24.370491 3.673260 1.585810
v 23.784399 2.379988 0.680969
v 22.870853 0.000000 0.129179
v 22.842424 1.140018 0.129179
v 24.472485 4.947220 2.559808
v 24.298723 3.662443 1.457692
v 23.668894 2.368430 0.590377
v 22.728941 0.000000 0.089906
v 22.700687 1.132944 0.089906
v 24.447811 4.942232 2.414729
v 24.220827 3.650702 1.333289
v 23.549105 2.356443 0.505591
v 22.585272 0.000000 0.057644
v 22.557196 1.125783 0.057644
v 24.416189 4.935839 2.271060
v 24.136988 3.638066 1.212902
v 23.425322 2.344057 0.426814
v 22.440191 0.000000 0.032470
v 22.412296 1.118551 0.032470
v 24.377695 4.928057 2.129146
v 24.047407 3.624563 1.096820
v 23.297840 2.331300 0.354236
v 22.266338 1.111267 0.014446
v 22.294052 0.000000 0.014446
v 24.332422 4.918905 1.989330
v 23.952305 3.610229 0.985323
v 23.166969 2.318205 0.288032
v 22.119673 1.103947 0.003614
v 24.280479 4.908405 1.851950
v 23.851906 3.595096 0.878680
v 23.033022 2.304801 0.228361
v 24.223431 6.168043 2.852797
v 24.221991 4.896581 1.717335
v 23.746452 3.579202 0.777147
v 22.896324 2.291123 0.175368
v 24.212933 6.165370 2.705949
v 24.157099 4.883463 1.585810
v 23.636202 3.562584 0.680969
v 22.757204 2.277202 0.129179
v 24.195465 6.160923 2.559808
v 24.085960 4.869082 1.457692
v 23.521416 3.545283 0.590377
v 22.615995 2.263072 0.089906
v 24.171070 6.154711 2.414729
v 24.008745 4.853473 1.333289
v 23.402372 3.527340 0.505591
v 22.473040 2.248767 0.057644
v 24.139807 6.146750 2.271060
v 23.925640 4.836673 1.212902
v 23.279360 3.508799 0.426814
v 22.328682 2.234322 0.032470
v 24.101748 6.137059 2.129146
v 23.836845 4.818722 1.096820
v 23.152674 3.489704 0.354236
v 22.183268 2.219771 0.014446
v 24.056988 6.125662 1.989330
v 23.742575 4.799665 0.985323
v 23.022617 3.470101 0.288032
v 22.037149 2.205149 0.003614
v 21.890676 2.190493 0.000000
v 24.005632 6.112585 1.851950
v 23.643055 4.779547 0.878680
v 22.889505 3.450038 0.228361
v 23.885866 7.367814 2.852797
v 23.947807 6.097861 1.717335
v 23.538525 4.758416 0.777147
v 22.753660 3.429562 0.175368
v 23.875517 7.364621 2.705949
v 23.883650 6.081524 1.585810
v 23.429239 4.736323 0.680969
v 22.615406 3.408724 0.129179
v 23.858292 7.359309 2.559808
v 23.813316 6.063615 1.457692
v 23.315458 4.713322 0.590377
v 22.475077 3.387573 0.089906
v 23.834236 7.351889 2.414729
v 23.736975 6.044177 1.333289
v 23.197458 4.689467 0.505591
v 22.333012 3.366160 0.057644
v 23.803408 7.342379 2.271060
v 23.654810 6.023255 1.212902
v 23.075523 4.664818 0.426814
v 22.189552 3.344537 0.032470
v 23.765881 7.330803 2.129146
v 23.567020 6.000901 1.096820
v 22.949945 4.639431 0.354236
v 22.045046 3.322756 0.014446
v 23.721743 7.317189 1.989330
v 23.473818 5.977168 0.985323
v 22.821028 4.613370 0.288032
v 21.899837 3.300869 0.003614
v 21.754278 3.278930 0.000000
v 23.671104 7.301569 1.851950
v 23.375423 5.952114 0.878680
v 22.689081 4.586697 0.228361
v 23.488920 8.549268 2.852797
v 23.614084 7.283980 1.717335
v 23.272078 5.925799 0.777147
v 22.554424 4.559475 0.175368
v 23.478741 8.545563 2.705949
v 23.550821 7.264466 1.585810
v 23.164028 5.898286 0.680969
v 22.417381 4.531772 0.129179
v 23.461803 8.539398 2.559808
v 23.481468 7.243073 1.457692
v 23.051537 5.869642 0.590377
v 22.278282 4.503652 0.089906
v 23.438148 8.530788 2.414729
v 23.406191 7.219854 1.333289
v 22.934872 5.839936 0.505591
v 22.137461 4.475184 0.057644
v 23.407831 8.519753 2.271060
v 23.325172 7.194862 1.212902
v 22.814316 5.809239 0.426814
v 21.995258 4.446437 0.032470
v 23.370928 8.506322 2.129146
v 23.238605 7.168160 1.096820
v 22.690161 5.777625 0.354236
v 21.852016 4.417480 0.014446
v 23.327524 8.490524 1.989330
v 23.146700 7.139812 0.985323
v 22.562702 5.745170 0.288032
v 21.708078 4.388383 0.003614
v 21.563795 4.359215 0.000000
v 23.277725 8.472400 1.851950
v 23.049677 7.109884 0.878680
v 22.432249 5.711953 0.228361
v 23.033575 9.709466 2.852797
v 23.221653 8.451991 1.717335
v 22.947773 7.078450 0.777147
v 22.299118 5.678053 0.175368
v 23.023594 9.705258 2.705949
v 23.159443 8.429348 1.585810
v 22.841228 7.045586 0.680969
v 22.163626 5.643552 0.129179
v 23.006985 9.698257 2.559808
v 23.091242 8.404525 1.457692
v 22.730305 7.011370 0.590377
v 22.026100 5.608534 0.089906
v 22.983788 9.688478 2.414729
v 23.017216 8.377582 1.333289
v 22.615265 6.975885 0.505591
v 21.886873 5.573083 0.057644
v 22.954060 9.675947 2.271060
v 22.937542 8.348582 1.212902
v 22.496389 6.939217 0.426814
v 21.746281 5.537283 0.032470
v 22.917870 9.660692 2.129146
v 22.852415 8.317598 1.096820
v 22.373964 6.901453 0.354236
v 21.604658 5.501222 0.014446
v 22.875307 9.642751 1.989330
v 22.762037 8.284704 0.985323
v 22.248281 6.862686 0.288032
v 21.462351 5.464986 0.003614
v 21.319700 5.428663 0.000000
v 22.826475 9.622167 1.851950
v 22.666626 8.249977 0.878680
v 22.119648 6.823008 0.228361
v 22.520966 10.845526 2.852797
v 22.771490 9.598989 1.717335
v 22.566414 8.213503 0.777147
v 21.988371 6.782514 0.175368
v 22.511206 10.840826 2.705949
v 22.710485 9.573273 1.585810
v 22.461641 8.175369 0.680969
v 21.854767 6.741302 0.129179
v 22.494967 10.833005 2.559808
v 22.643606 9.545080 1.457692
v 22.352560 8.135667 0.590377
v 21.719158 6.699473 0.089906
v 22.472286 10.822083 2.414729
v 22.571014 9.514481 1.333289
v 22.239433 8.094492 0.505591
v 21.581871 6.657125 0.057644
v 22.443218 10.808084 2.271060
v 22.492887 9.481546 1.212902
v 22.122534 8.051944 0.426814
v 21.443237 6.614363 0.032470
v 22.407835 10.791045 2.129146
v 22.409409 9.446358 1.096820
v 22.002142 8.008124 0.354236
v 21.303589 6.571287 0.014446
v 22.366220 10.771005 1.989330
v 22.320784 9.408999 0.985323
v 21.878550 7.963140 0.288032
v 21.163265 6.528003 0.003614
v 21.022602 6.484614 0.000000
v 22.318476 10.748012 1.851950
v 22.227222 9.369560 0.878680
v 21.752052 7.917099 0.228361
v 21.952366 11.954621 2.852797
v 22.264713 10.722121 1.717335
v 22.128954 9.328136 0.777147
v 21.622957 7.870112 0.175368
v 21.942852 11.949441 2.705949
v 22.205067 10.693397 1.585810
v 22.026211 9.284827 0.680969
v 21.491573 7.822293 0.129179
v 21.927023 11.940821 2.559808
v 22.139675 10.661905 1.457692
v 21.919245 9.239737 0.590377
v 21.358217 7.773756 0.089906
v 21.904915 11.928781 2.414729
v 22.068699 10.627726 1.333289
v 21.808311 9.192974 0.505591
v 21.223213 7.724617 0.057644
v 21.876581 11.913351 2.271060
v 21.992310 10.590939 1.212902
v 21.693678 9.144651 0.426814
v 21.086882 7.674997 0.032470
v 21.842091 11.894569 2.129146
v 21.910690 10.551632 1.096820
v 21.575619 9.094886 0.354236
v 20.949556 7.625015 0.014446
v 21.801527 11.872479 1.989330
v 21.824038 10.509902 0.985323
v 21.454422 9.043797 0.288032
v 20.811563 7.574790 0.003614
v 20.673237 7.524443 0.000000
v 20.272476 8.545566 0.000000
v 21.754988 11.847135 1.851950
v 21.732559 10.465849 0.878680
v 21.330378 8.991508 0.228361
v 21.329189 13.033996 2.852797
v 21.702583 11.818597 1.717335
v 21.636477 10.419578 0.777147
v 21.203785 8.938145 0.175368
v 21.319946 13.028348 2.705949
v 21.644442 11.786935 1.585810
v 21.536020 10.371202 0.680969
v 21.074947 8.883836 0.129179
v 21.304565 13.018949 2.559808
v 21.580702 11.752224 1.457692
v 21.431435 10.320835 0.590377
v 20.944178 8.828712 0.089906
v 21.283085 13.005822 2.414729
v 21.511518 11.714548 1.333289
v 21.322969 10.268600 0.505591
v 20.811790 8.772905 0.057644
v 21.255556 12.988999 2.271060
v 21.437057 11.673999 1.212902
v 21.210886 10.214624 0.426814
v 20.678102 8.716551 0.032470
v 21.222044 12.968522 2.129146
v 21.357498 11.630673 1.096820
v 21.095457 10.159037 0.354236
v 20.543438 8.659785 0.014446
v 21.182632 12.944437 1.989330
v 21.273033 11.584676 0.985323
v 20.976957 10.101970 0.288032
v 20.408121 8.602744 0.003614
v 21.137413 12.916804 1.851950
v 21.183865 11.536118 0.878680
v 20.855673 10.043563 0.228361
v 20.652983 14.080966 2.852797
v 21.086496 12.885690 1.717335
v 21.090208 11.485115 0.777147
v 20.731897 9.983955 0.175368
v 20.644033 14.074863 2.705949
v 21.030006 12.851169 1.585810
v 20.992289 11.431791 0.680969
v 20.605927 9.923291 0.129179
v 20.629141 14.064711 2.559808
v 20.968075 12.813324 1.457692
v 20.890343 11.376274 0.590377
v 20.478067 9.861718 0.089906
v 20.608341 14.050529 2.414729
v 20.900856 12.772247 1.333289
v 20.784616 11.318699 0.505591
v 20.348625 9.799382 0.057644
v 20.581686 14.032355 2.271060
v 20.828508 12.728037 1.212902
v 20.675364 11.259203 0.426814
v 20.217915 9.736434 0.032470
v 20.549236 14.010232 2.129146
v 20.751207 12.680799 1.096820
v 20.562847 11.197929 0.354236
v 20.086246 9.673026 0.014446
v 20.511074 13.984213 1.989330
v 20.669140 12.630649 0.985323
v 20.447338 11.135027 0.288032
v 19.953941 9.609311 0.003614
v 19.821316 9.545443 0.000000
v 20.467289 13.954361 1.851950
v 20.582502 12.577705 0.878680
v 20.329117 11.070647 0.228361
v 19.925432 15.092928 2.852797
v 20.417986 13.920747 1.717335
v 20.491505 12.522098 0.777147
v 20.208466 11.004944 0.175368
v 19.916798 15.086388 2.705949
v 20.363285 13.883453 1.585810
v 20.396366 12.463960 0.680969
v 20.085678 10.938077 0.129179
v 19.902430 15.075504 2.559808
v 20.303318 13.842568 1.457692
v 20.297314 12.403430 0.590377
v 19.961046 10.870206 0.089906
v 19.882362 15.060305 2.414729
v 20.238230 13.798192 1.333289
v 20.194588 12.340656 0.505591
v 19.834871 10.801496 0.057644
v 19.856646 15.040825 2.271060
v 20.168177 13.750430 1.212902
v 20.088436 12.275788 0.426814
v 19.707460 10.732111 0.032470
v 19.825340 15.017112 2.129146
v 20.093327 13.699398 1.096820
v 19.979115 12.208983 0.354236
v 19.579117 10.662219 0.014446
v 19.788521 14.989223 1.989330
v 20.013861 13.645219 0.985323
v 19.866886 12.140401 0.288032
v 19.450151 10.591988 0.003614
v 19.320875 10.521587 0.000000
v 19.746279 14.957225 1.851950
v 19.929970 13.588023 0.878680
v 19.752020 12.070209 0.228361
v 19.148342 16.067368 2.852797
v 19.698713 14.921195 1.717335
v 19.841858 13.527949 0.777147
v 19.634794 11.998573 0.175368
v 19.140045 16.060404 2.705949
v 19.645939 14.881221 1.585810
v 19.749735 13.465140 0.680969
v 19.515491 11.925669 0.129179
v 19.126238 16.048819 2.559808
v 19.588085 14.837398 1.457692
v 19.653822 13.399750 0.590377
v 19.394398 11.851669 0.089906
v 19.106953 16.032637 2.414729
v 19.525290 14.789832 1.333289
v 19.554354 13.331933 0.505591
v 19.271807 11.776755 0.057644
v 19.082239 16.011900 2.271060
v 19.457705 14.738638 1.212902
v 19.451569 13.261854 0.426814
v 19.148010 11.701106 0.032470
v 19.052155 15.986655 2.129146
v 19.385490 14.683938 1.096820
v 19.345713 13.189683 0.354236
v 19.023312 11.624904 0.014446
v 19.016771 15.956966 1.989330
v 19.308825 14.625866 0.985323
v 19.237041 13.115592 0.288032
v 18.898006 11.548331 0.003614
v 18.772400 11.471575 0.000000
v 18.976175 15.922902 1.851950
v 19.227888 14.564560 0.878680
v 19.125816 13.039761 0.228361
v 18.323648 17.001860 2.852797
v 18.930466 15.884547 1.717335
v 19.142879 14.500168 0.777147
v 19.012308 12.962372 0.175368
v 18.315708 16.994493 2.705949
v 18.879751 15.841991 1.585810
v 19.054001 14.432845 0.680969
v 18.896786 12.883611 0.129179
v 18.302494 16.982233 2.559808
v 18.824152 15.795340 1.457692
v 18.961470 14.362755 0.590377
v 18.779531 12.803668 0.089906
v 18.284040 16.965111 2.414729
v 18.763805 15.744702 1.333289
v 18.865505 14.290064 0.505591
v 18.660826 12.722736 0.057644
v 18.260391 16.943167 2.271060
v 18.698856 15.690203 1.212902
v 18.766338 14.214950 0.426814
v 18.540956 12.641010 0.032470
v 18.231602 16.916454 2.129146
v 18.629459 15.631972 1.096820
v 18.664211 14.137591 0.354236
v 18.420210 12.558686 0.014446
v 18.197742 16.885038 1.989330
v 18.555782 15.570150 0.985323
v 18.559370 14.058176 0.288032
v 18.177254 12.393042 0.000000
v 18.298878 12.475964 0.003614
v 18.158895 16.848993 1.851950
v 18.478003 15.504886 0.878680
v 18.452063 13.976895 0.228361
v 17.453398 17.894085 2.852797
v 18.115154 16.808407 1.717335
v 18.396309 15.436337 0.777147
v 18.342552 13.893944 0.175368
v 17.445833 17.886330 2.705949
v 18.066624 16.763376 1.585810
v 18.310898 15.364668 0.680969
v 18.231102 13.809523 0.129179
v 17.433249 17.873426 2.559808
v 18.013420 16.714010 1.457692
v 18.221973 15.290051 0.590377
v 18.117977 13.723835 0.089906
v 17.415670 17.855406 2.414729
v 17.955671 16.660429 1.333289
v 18.129753 15.212668 0.505591
v 18.003454 13.637086 0.057644
v 17.393145 17.832310 2.271060
v 17.893520 16.602760 1.212902
v 18.034454 15.132704 0.426814
v 17.887806 13.549486 0.032470
v 17.365723 17.804195 2.129146
v 17.827112 16.541142 1.096820
v 17.936310 15.050351 0.354236
v 17.771313 13.461246 0.014446
v 17.333471 17.771132 1.989330
v 17.756607 16.475725 0.985323
v 17.835556 14.965809 0.288032
v 17.536915 13.283697 0.000000
v 17.654255 13.372579 0.003614
v 17.296471 17.733194 1.851950
v 17.682178 16.406664 0.878680
v 17.732435 14.879280 0.228361
v 16.539755 18.741821 2.852797
v 17.254807 17.690479 1.717335
v 17.604004 16.334129 0.777147
v 17.627195 14.790974 0.175368
v 16.532587 18.733700 2.705949
v 17.208580 17.643085 1.585810
v 17.522270 16.258291 0.680969
v 17.520090 14.701101 0.129179
v 16.520660 18.720184 2.559808
v 17.157904 17.591129 1.457692
v 17.437176 16.179335 0.590377
v 17.411379 14.609881 0.089906
v 16.504004 18.701309 2.414729
v 17.102898 17.534735 1.333289
v 17.348927 16.097452 0.505591
v 17.301321 14.517532 0.057644
v 16.482656 18.677120 2.271060
v 17.043697 17.474039 1.212902
v 17.257732 16.012836 0.426814
v 17.190184 14.424277 0.032470
v 16.456671 18.647675 2.129146
v 16.980444 17.409189 1.096820
v 17.163816 15.925694 0.354236
v 17.078234 14.330340 0.014446
v 16.426107 18.613043 1.989330
v 16.913288 17.340338 0.985323
v 17.067402 15.836234 0.288032
v 16.852978 14.141328 0.000000
v 16.965742 14.235948 0.003614
v 16.391043 18.573309 1.851950
v 16.842394 17.267654 0.878680
v 16.968721 15.744673 0.228361
v 15.584992 19.542961 2.852797
v 16.351559 18.528568 1.717335
v 16.767931 17.191311 0.777147
v 16.868015 15.651230 0.175368
v 15.578238 19.534492 2.705949
v 16.307753 18.478930 1.585810
v 16.690081 17.111494 0.680969
v 16.765522 15.556131 0.129179
v 15.567000 19.520401 2.559808
v 16.259729 18.424513 1.457692
v 16.609028 17.028395 0.590377
v 16.661493 15.459606 0.089906
v 15.551305 19.500719 2.414729
v 16.207603 18.365448 1.333289
v 16.524969 16.942213 0.505591
v 16.556175 15.361886 0.057644
v 15.531189 19.475496 2.271060
v 16.151501 18.301876 1.212902
v 16.438107 16.853159 0.426814
v 16.449823 15.263206 0.032470
v 15.506703 19.444792 2.129146
v 16.091558 18.233953 1.096820
v 16.348650 16.761442 0.354236
v 16.342695 15.163806 0.014446
v 15.477905 19.408678 1.989330
v 16.027920 18.161840 0.985323
v 16.256815 16.667288 0.288032
v 16.127142 14.963800 0.000000
v 16.235048 15.063924 0.003614
v 15.444864 19.367247 1.851950
v 15.960736 18.085712 0.878680
v 16.162821 16.570921 0.228361
v 14.591482 20.295517 2.852797
v 15.407660 19.320595 1.717335
v 15.890172 18.005753 0.777147
v 16.066896 16.472576 0.175368
v 14.585159 20.286720 2.705949
v 15.366383 19.268833 1.585810
v 15.816396 17.922155 0.680969
v 15.969273 16.372486 0.129179
v 14.574637 20.272085 2.559808
v 15.321131 19.212090 1.457692
v 15.739586 17.835119 0.590377
v 15.870183 16.270895 0.089906
v 14.559942 20.251646 2.414729
v 15.272014 19.150499 1.333289
v 15.659927 17.744854 0.505591
v 15.769868 16.168047 0.057644
v 14.541110 20.225452 2.271060
v 15.219151 19.084211 1.212902
v 15.577612 17.651581 0.426814
v 15.668568 16.064190 0.032470
v 14.518185 20.193565 2.129146
v 15.162668 19.013384 1.096820
v 15.492838 17.555519 0.354236
v 15.566527 15.959573 0.014446
v 14.491222 20.156063 1.989330
v 15.102702 18.938189 0.985323
v 15.405809 17.456905 0.288032
v 15.463992 15.854448 0.003614
v 15.361210 15.749071 0.000000
v 14.460287 20.113035 1.851950
v 15.039397 18.858809 0.878680
v 15.316737 17.355972 0.228361
v 13.561696 20.997612 2.852797
v 14.425455 20.064587 1.717335
v 14.972906 18.775431 0.777147
v 15.225834 17.252968 0.175368
v 13.555820 20.988514 2.705949
v 14.386808 20.010832 1.585810
v 14.903389 18.688259 0.680969
v 15.133320 17.148136 0.129179
v 13.546040 20.973372 2.559808
v 14.344441 19.951904 1.457692
v 14.831013 18.597502 0.590377
v 15.039418 17.041733 0.089906
v 13.532382 20.952225 2.414729
v 14.298456 19.887941 1.333289
v 14.755953 18.503380 0.505591
v 14.944354 16.934011 0.057644
v 13.514878 20.925125 2.271060
v 14.248962 19.819099 1.212902
v 14.678390 18.406118 0.426814
v 14.848357 16.825233 0.032470
v 13.493571 20.892134 2.129146
v 14.196080 19.745546 1.096820
v 14.598509 18.305950 0.354236
v 14.751658 16.715660 0.014446
v 13.468512 20.853334 1.989330
v 14.139937 19.667456 0.985323
v 14.516504 18.203121 0.288032
v 14.557089 16.495186 0.000000
v 14.654490 16.605556 0.003614
v 13.439760 20.808819 1.851950
v 14.080668 19.585016 0.878680
v 14.432573 18.097874 0.228361
v 12.498193 21.647505 2.852797
v 13.407386 20.758694 1.717335
v 14.018415 19.498428 0.777147
v 14.346918 17.990465 0.175368
v 12.492777 21.638124 2.705949
v 13.371467 20.703081 1.585810
v 13.953330 19.407900 0.680969
v 14.259745 17.881153 0.129179
v 12.483765 21.622515 2.559808
v 13.332090 20.642113 1.457692
v 13.885568 19.313648 0.590377
v 14.171263 17.770201 0.089906
v 12.471178 21.600714 2.414729
v 13.289350 20.575939 1.333289
v 13.815292 19.215902 0.505591
v 14.081686 17.657875 0.057644
v 12.455047 21.572775 2.271060
v 13.243349 20.504715 1.212902
v 13.742674 19.114895 0.426814
v 13.991231 17.544449 0.032470
v 12.435410 21.538763 2.129146
v 13.194200 20.428617 1.096820
v 13.667886 19.010870 0.354236
v 13.900114 17.430191 0.014446
v 12.412316 21.498762 1.989330
v 13.142018 20.347824 0.985323
v 13.591108 18.904081 0.288032
v 13.808556 17.315380 0.003614
v 13.716776 17.200293 0.000000
v 12.385819 21.452868 1.851950
v 13.086932 20.262535 0.878680
v 13.512527 18.794783 0.228361
v 11.403618 22.243580 2.852797
v 12.355984 21.401192 1.717335
v 13.029073 20.172951 0.777147
v 13.432333 18.683237 0.175368
v 11.398676 22.233940 2.705949
v 12.322882 21.343857 1.585810
v 12.968581 20.079290 0.680969
v 13.350717 18.569715 0.129179
v 11.390453 22.217901 2.559808
v 12.286592 21.281004 1.457692
v 12.905602 19.981779 0.590377
v 13.267876 18.454491 0.089906
v 11.378968 22.195499 2.414729
v 12.247205 21.212780 1.333289
v 12.840285 19.880650 0.505591
v 13.184009 18.337839 0.057644
v 11.364250 22.166790 2.271060
v 12.204811 21.139353 1.212902
v 12.772791 19.776150 0.426814
v 13.099319 18.220045 0.032470
v 11.346334 22.131842 2.129146
v 12.159515 21.060900 1.096820
v 12.703281 19.668528 0.354236
v 13.014011 18.101387 0.014446
v 11.325262 22.090740 1.989330
v 12.111426 20.977606 0.985323
v 12.631923 19.558043 0.288032
v 12.842360 17.862637 0.000000
v 12.928289 17.982157 0.003614
v 11.936018 18.480570 0.000000
v 11.301085 22.043583 1.851950
v 12.060660 20.889677 0.878680
v 12.558888 19.444962 0.228361
v 10.280691 22.784353 2.852797
v 11.273863 21.990484 1.717335
v 12.007339 20.797319 0.777147
v 12.484353 19.329559 0.175368
v 10.276237 22.774479 2.705949
v 11.243660 21.931570 1.585810
v 11.951590 20.700762 0.680969
v 12.408497 19.212111 0.129179
v 10.268823 22.758049 2.559808
v 11.210549 21.866985 1.457692
v 11.893549 20.600231 0.590377
v 12.331502 19.092899 0.089906
v 10.258470 22.735104 2.414729
v 11.174610 21.796885 1.333289
v 11.833355 20.495974 0.505591
v 12.253554 18.972214 0.057644
v 10.245200 22.705696 2.271060
v 11.135930 21.721436 1.212902
v 11.771154 20.388237 0.426814
v 12.174842 18.850342 0.032470
v 10.229048 22.669899 2.129146
v 11.094602 21.640820 1.096820
v 11.707095 20.277283 0.354236
v 12.095554 18.727581 0.014446
v 10.210052 22.627798 1.989330
v 11.050724 21.555235 0.985323
v 11.641333 20.163380 0.288032
v 12.015882 18.604225 0.003614
v 11.000000 19.052559 0.000000
v 10.188255 22.579494 1.851950
v 11.004403 21.464884 0.878680
v 11.574025 20.046799 0.228361
v 9.132205 23.268480 2.852797
v 10.163713 22.525103 1.717335
v 10.955751 21.369984 0.777147
v 11.505335 19.927824 0.175368
v 9.128248 23.258396 2.705949
v 10.136485 22.464758 1.585810
v 10.904885 21.270765 0.680969
v 11.435427 19.806740 0.129179
v 9.121663 23.241617 2.559808
v 10.106634 22.398603 1.457692
v 10.851928 21.167467 0.590377
v 11.364470 19.683840 0.089906
v 9.112466 23.218184 2.414729
v 10.074234 22.326797 1.333289
v 10.797006 21.060339 0.505591
v 11.292636 19.559418 0.057644
v 9.100679 23.188152 2.271060
v 10.039363 22.249514 1.212902
v 10.740252 20.949636 0.426814
v 11.220096 19.433775 0.032470
v 9.086331 23.151594 2.129146
v 10.002104 22.166939 1.096820
v 10.681803 20.835629 0.354236
v 11.147026 19.307215 0.014446
v 9.069456 23.108599 1.989330
v 9.962547 22.079273 0.985323
v 10.621800 20.718588 0.288032
v 10.036634 19.577179 0.000000
v 11.073602 19.180040 0.003614
v 9.050096 23.059269 1.851950
v 9.920788 21.986725 0.878680
v 10.560388 20.598797 0.228361
v 7.961015 23.694757 2.852797
v 9.028296 23.003721 1.717335
v 9.876926 21.889519 0.777147
v 10.497713 20.476545 0.175368
v 7.957565 23.684490 2.705949
v 9.004108 22.942095 1.585810
v 9.831070 21.787888 0.680969
v 10.433928 20.352129 0.129179
v 7.951825 23.667404 2.559808
v 8.977592 22.874533 1.457692
v 9.783326 21.682079 0.590377
v 10.369184 20.225843 0.089906
v 7.943807 23.643541 2.414729
v 8.948812 22.801203 1.333289
v 9.733813 21.572346 0.505591
v 10.303641 20.097996 0.057644
v 7.933532 23.612959 2.271060
v 8.917836 22.722277 1.212902
v 9.682648 21.458952 0.426814
v 10.237454 19.968893 0.032470
v 7.921024 23.575731 2.129146
v 8.884740 22.637947 1.096820
v 9.629954 21.342171 0.354236
v 10.170784 19.838848 0.014446
v 7.906314 23.531948 1.989330
v 8.849602 22.548418 0.985323
v 9.575860 21.222286 0.288032
v 10.103790 19.708172 0.003614
v 7.889436 23.481714 1.851950
v 8.812508 22.453903 0.878680
v 9.520494 21.099583 0.228361
v 6.770033 24.062128 2.852797
v 7.870432 23.425150 1.717335
v 8.773546 22.354631 0.777147
v 9.463991 20.974360 0.175368
v 6.767099 24.051701 2.705949
v 7.849347 23.362394 1.585810
v 8.732812 22.250843 0.680969
v 9.406487 20.846918 0.129179
v 6.762218 24.034349 2.559808
v 7.826231 23.293594 1.457692
v 8.690403 22.142784 0.590377
v 9.348120 20.717562 0.089906
v 6.755399 24.010117 2.414729
v 7.801142 23.218920 1.333289
v 8.646420 22.030720 0.505591
v 9.289031 20.586607 0.057644
v 6.746662 23.979061 2.271060
v 7.774139 23.138548 1.212902
v 8.600971 21.914917 0.426814
v 9.229362 20.454367 0.032470
v 6.736025 23.941256 2.129146
v 7.745287 23.052675 1.096820
v 8.554164 21.795654 0.354236
v 9.169256 20.321157 0.014446
v 6.723515 23.896793 1.989330
v 7.714655 22.961506 0.985323
v 8.506113 21.673222 0.288032
v 9.048316 20.053129 0.000000
v 9.108859 20.187305 0.003614
v 8.037502 20.479223 0.000000
v 6.709162 23.845779 1.851950
v 7.682319 22.865259 0.878680
v 8.456932 21.547913 0.228361
v 5.562219 24.369675 2.852797
v 6.693001 23.788340 1.717335
v 7.648354 22.764170 0.777147
v 8.406741 21.420029 0.175368
v 5.559809 24.359114 2.705949
v 6.675070 23.724609 1.585810
v 7.612844 22.658478 0.680969
v 8.355661 21.289877 0.129179
v 5.555798 24.341541 2.559808
v 6.655413 23.654745 1.457692
v 7.575873 22.548441 0.590377
v 8.303815 21.157774 0.089906
v 5.550196 24.316999 2.414729
v 6.634077 23.578913 1.333289
v 7.537531 22.434322 0.505591
v 8.251326 21.024036 0.057644
v 5.543017 24.285545 2.271060
v 6.611114 23.497295 1.212902
v 7.497911 22.316399 0.426814
v 8.198322 20.888985 0.032470
v 5.534278 24.247257 2.129146
v 6.586578 23.410089 1.096820
v 7.457107 22.194952 0.354236
v 8.144932 20.752947 0.014446
v 5.524000 24.202227 1.989330
v 6.560529 23.317507 0.985323
v 7.415218 22.070274 0.288032
v 8.091282 20.616249 0.003614
v 5.512208 24.150562 1.851950
v 6.533030 23.219769 0.878680
v 7.372345 21.942671 0.228361
v 4.340577 24.616634 2.852797
v 5.498930 24.092388 1.717335
v 6.504146 23.117109 0.777147
v 7.328591 21.812443 0.175368
v 4.338696 24.605967 2.705949
v 5.484199 24.027843 1.585810
v 6.473948 23.009781 0.680969
v 7.284062 21.679909 0.129179
v 4.335566 24.588217 2.559808
v 5.468048 23.957085 1.457692
v 6.442509 22.898037 0.590377
v 7.238864 21.545383 0.089906
v 4.331194 24.563425 2.414729
v 5.450519 23.880283 1.333289
v 6.409903 22.782150 0.505591
v 7.193107 21.409197 0.057644
v 4.325593 24.531654 2.271060
v 5.431652 23.797623 1.212902
v 6.376210 22.662397 0.426814
v 7.146902 21.271671 0.032470
v 4.318773 24.492977 2.129146
v 5.411494 23.709303 1.096820
v 6.341510 22.539066 0.354236
v 7.100358 21.133141 0.014446
v 4.310752 24.447491 1.989330
v 5.390092 23.615536 0.985323
v 6.305888 22.412458 0.288032
v 7.006706 20.854403 0.000000
v 7.053588 20.993938 0.003614
v 5.958490 21.177734 0.000000
v 4.301550 24.395302 1.851950
v 5.367499 23.516548 0.878680
v 6.269429 22.282875 0.228361
v 3.108143 24.802395 2.852797
v 4.291188 24.336538 1.717335
v 5.343768 23.412579 0.777147
v 6.232221 22.150629 0.175368
v 3.106796 24.791647 2.705949
v 4.279692 24.271339 1.585810
v 5.318958 23.303877 0.680969
v 6.194353 22.016039 0.129179
v 3.104555 24.773762 2.559808
v 4.267089 24.199863 1.457692
v 5.293127 23.190706 0.590377
v 6.155917 21.879429 0.089906
v 3.101425 24.748783 2.414729
v 4.253409 24.122284 1.333289
v 5.266338 23.073338 0.505591
v 6.117005 21.741129 0.057644
v 3.097413 24.716772 2.271060
v 4.238687 24.038786 1.212902
v 5.238657 22.952053 0.426814
v 6.077712 21.601473 0.032470
v 3.092530 24.677803 2.129146
v 4.222956 23.949570 1.096820
v 5.210147 22.827148 0.354236
v 6.038131 21.460794 0.014446
v 3.086787 24.631973 1.989330
v 4.206254 23.854855 0.985323
v 5.180881 22.698921 0.288032
v 5.998359 21.319435 0.003614
v 3.080197 24.579391 1.851950
v 4.188623 23.754864 0.878680
v 5.150926 22.567680 0.228361
v 1.867982 24.926491 2.852797
v 3.072778 24.520184 1.717335
v 4.170105 23.649839 0.777147
v 5.120356 22.433744 0.175368
v 1.867173 24.915689 2.705949
v 3.064546 24.454493 1.585810
v 4.150743 23.540037 0.680969
v 5.089244 22.297434 0.129179
v 1.865826 24.897715 2.559808
v 3.055521 24.382479 1.457692
v 4.130586 23.425718 0.590377
v 5.057665 22.159079 0.089906
v 1.863945 24.872612 2.414729
v 3.045726 24.304314 1.333289
v 4.109681 23.307159 0.505591
v 5.025696 22.019011 0.057644
v 1.861534 24.840441 2.271060
v 3.035183 24.220184 1.212902
v 4.088079 23.184649 0.426814
v 4.993412 21.877569 0.032470
v 1.858599 24.801277 2.129146
v 3.023918 24.130297 1.096820
v 4.065832 23.058475 0.354236
v 4.960893 21.735092 0.014446
v 1.855147 24.755217 1.989330
v 3.011959 24.034864 0.985323
v 4.042993 22.928949 0.288032
v 4.895461 21.448414 0.000000
v 4.928216 21.591927 0.003614
v 1.851187 24.702372 1.851950
v 2.999334 23.934120 0.878680
v 4.019617 22.796379 0.228361
v 0.623177 24.988617 2.852797
v 1.846728 24.642868 1.717335
v 2.986074 23.828304 0.777147
v 3.995761 22.661085 0.175368
v 0.622907 24.977789 2.705949
v 1.841780 24.576849 1.585810
v 2.972210 23.717672 0.680969
v 3.971482 22.523394 0.129179
v 0.622458 24.959768 2.559808
v 1.836357 24.504475 1.457692
v 2.957776 23.602491 0.590377
v 3.946839 22.383636 0.089906
v 0.621830 24.934603 2.414729
v 1.830469 24.425917 1.333289
v 2.942806 23.483038 0.505591
v 3.921891 22.242149 0.057644
v 0.621026 24.902351 2.271060
v 1.824133 24.341368 1.212902
v 2.927338 23.359602 0.426814
v 3.896698 22.099274 0.032470
v 0.620047 24.863091 2.129146
v 1.817364 24.251030 1.096820
v 2.911407 23.232477 0.354236
v 3.871321 21.955355 0.014446
v 0.618895 24.816916 1.989330
v 1.810176 24.155121 0.985323
v 2.895053 23.101973 0.288032
v 3.820260 21.665771 0.000000
v 3.845821 21.810738 0.003614
v 0.617574 24.763939 1.851950
v 1.802589 24.053873 0.878680
v 2.878314 22.968403 0.228361
v -0.623177 24.988617 2.852797
v 0.616086 24.704287 1.717335
v 1.794619 23.947527 0.777147
v 2.861232 22.832088 0.175368
v -0.622907 24.977789 2.705949
v 0.614436 24.638103 1.585810
v 1.786287 23.836342 0.680969
v 2.843847 22.693357 0.129179
v -0.622458 24.959768 2.559808
v 0.612626 24.565548 1.457692
v 1.777612 23.720585 0.590377
v 2.826201 22.552546 0.089906
v -0.621830 24.934603 2.414729
v 0.610663 24.486795 1.333289
v 1.768615 23.600534 0.505591
v 2.808336 22.409992 0.057644
v -0.621026 24.902351 2.271060
v 0.608549 24.402035 1.212902
v 1.759319 23.476479 0.426814
v 2.790297 22.266037 0.032470
v -0.620047 24.863091 2.129146
v 0.606290 24.311472 1.096820
v 1.749745 23.348719 0.354236
v 2.772125 22.121033 0.014446
v -0.618895 24.816916 1.989330
v 0.603893 24.215324 0.985323
v 1.739916 23.217562 0.288032
v 2.753865 21.975323 0.003614
v 2.735562 21.829262 0.000000
v -0.617574 24.763939 1.851950
v 0.601361 24.113823 0.878680
v 1.729856 23.083324 0.228361
v -1.867982 24.926491 2.852797
v -0.616086 24.704287 1.717335
v 0.598702 24.007214 0.777147
v 1.719589 22.946327 0.175368
v -1.867173 24.915689 2.705949
v -0.614436 24.638103 1.585810
v 0.595923 23.895750 0.680969
v 1.709141 22.806902 0.129179
v -1.865826 24.897715 2.559808
v -0.612626 24.565548 1.457692
v 0.593029 23.779705 0.590377
v 1.698536 22.665386 0.089906
v -1.863945 24.872612 2.414729
v -0.610663 24.486795 1.333289
v 0.590027 23.659355 0.505591
v 1.687799 22.522118 0.057644
v -1.861534 24.840441 2.271060
v -0.608549 24.402035 1.212902
v 0.586926 23.534990 0.426814
v 1.676958 22.377443 0.032470
v -1.858599 24.801277 2.129146
v -0.606290 24.311472 1.096820
v 0.583732 23.406912 0.354236
v 1.666037 22.231712 0.014446
v -1.855147 24.755217 1.989330
v -0.603893 24.215324 0.985323
v 0.580453 23.275429 0.288032
v 1.655063 22.085276 0.003614
v 1.644062 21.938484 0.000000
v -1.851187 24.702372 1.851950
v -0.601361 24.113823 0.878680
v 0.577097 23.140856 0.228361
v -3.108143 24.802395 2.852797
v -1.846728 24.642868 1.717335
v -0.598702 24.007214 0.777147
v 0.573672 23.003517 0.175368
v -3.106796 24.791647 2.705949
v -1.841780 24.576849 1.585810
v -0.595923 23.895750 0.680969
v 0.570186 22.863745 0.129179
v -3.104555 24.773762 2.559808
v -1.836357 24.504475 1.457692
v -0.593029 23.779705 0.590377
v 0.566648 22.721876 0.089906
v -3.101425 24.748783 2.414729
v -1.830469 24.425917 1.333289
v -0.590027 23.659355 0.505591
v 0.563066 22.578251 0.057644
v -3.097413 24.716772 2.271060
v -1.824133 24.341368 1.212902
v -0.586926 23.534990 0.426814
v 0.559449 22.433216 0.032470
v -3.092530 24.677803 2.129146
v -1.817364 24.251030 1.096820
v -0.583732 23.406912 0.354236
v 0.555806 22.287123 0.014446
v -3.086787 24.631973 1.989330
v -1.810176 24.155121 0.985323
v -0.580453 23.275429 0.288032
v 0.552145 22.140320 0.003614
v 0.548475 21.993162 0.000000
v -3.080197 24.579391 1.851950
v -1.802589 24.053873 0.878680
v -0.577097 23.140856 0.228361
v -4.340577 24.616634 2.852797
v -3.072778 24.520184 1.717335
v -1.794619 23.947527 0.777147
v -0.573672 23.003517 0.175368
v -4.338696 24.605967 2.705949
v -3.064546 24.454493 1.585810
v -1.786287 23.836342 0.680969
v -0.570186 22.863745 0.129179
v -4.335566 24.588217 2.559808
v -3.055521 24.382479 1.457692
v -1.777612 23.720585 0.590377
v -0.566648 22.721876 0.089906
v -4.331194 24.563425 2.414729
v -3.045726 24.304314 1.333289
v -1.768615 23.600534 0.505591
v -0.563066 22.578251 0.057644
v -4.325593 24.531654 2.271060
v -3.035183 24.220184 1.212902
v -1.759319 23.476479 0.426814
v -0.559449 22.433216 0.032470
v -4.318773 24.492977 2.129146
v -3.023918 24.130297 1.096820
v -1.749745 23.348719 0.354236
v -0.555806 22.287123 0.014446
v -4.310752 24.447491 1.989330
v -3.011959 24.034864 0.985323
v -1.739916 23.217562 0.288032
v -0.552145 22.140320 0.003614
v -0.548475 21.993162 0.000000
v -4.301550 24.395302 1.851950
v -2.999334 23.934120 0.878680
v -1.729856 23.083324 0.228361
v -5.562219 24.369675 2.852797
v -4.291188 24.336538 1.717335
v -2.986074 23.828304 0.777147
v -1.719589 22.946327 0.175368
v -5.559809 24.359114 2.705949
v -4.279692 24.271339 1.585810
v -2.972210 23.717672 0.680969
v -1.709141 22.806902 0.129179
v -5.555798 24.341541 2.559808
v -4.267089 24.199863 1.457692
v -2.957776 23.602491 0.590377
v -1.698536 22.665386 0.089906
v -5.550196 24.316999 2.414729
v -4.253409 24.122284 1.333289
v -2.942806 23.483038 0.505591
v -1.687799 22.522118 0.057644
v -5.543017 24.285545 2.271060
v -4.238687 24.038786 1.212902
v -2.927338 23.359602 0.426814
v -1.676958 22.377443 0.032470
v -5.534278 24.247257 2.129146
v -4.222956 23.949570 1.096820
v -2.911407 23.232477 0.354236
v -1.666037 22.231712 0.014446
v -5.524000 24.202227 1.989330
v -4.206254 23.854855 0.985323
v -2.895053 23.101973 0.288032
v -1.655063 22.085276 0.003614
v -1.644062 21.938484 0.000000
v -5.512208 24.150562 1.851950
v -4.188623 23.754864 0.878680
v -2.878314 22.968403 0.228361
v -6.770033 24.062128 2.852797
v -5.498930 24.092388 1.717335
v -4.170105 23.649839 0.777147
v -2.861232 22.832088 0.175368
v -6.767099 24.051701 2.705949
v -5.484199 24.027843 1.585810
v -4.150743 23.540037 0.680969
v -2.843847 22.693357 0.129179
v -6.762218 24.034349 2.559808
v -5.468048 23.957085 1.457692
v -4.130586 23.425718 0.590377
v -2.826201 22.552546 0.089906
v -6.755399 24.010117 2.414729
v -5.450519 23.880283 1.333289
v -4.109681 23.307159 0.505591
v -2.808336 22.409992 0.057644
v -6.746662 23.979061 2.271060
v -5.431652 23.797623 1.212902
v -4.088079 23.184649 0.426814
v -2.790297 22.266037 0.032470
v -6.736025 23.941256 2.129146
v -5.411494 23.709303 1.096820
v -4.065832 23.058475 0.354236
v -2.772125 22.121033 0.014446
v -6.723515 23.896793 1.989330
v -5.390092 23.615536 0.985323
v -4.042993 22.928949 0.288032
v -2.735562 21.829262 0.000000
v -2.753865 21.975323 0.003614
v -6.709162 23.845779 1.851950
v -5.367499 23.516548 0.878680
v -4.019617 22.796379 0.228361
v -7.961015 23.694757 2.852797
v -6.693001 23.788340 1.717335
v -5.343768 23.412579 0.777147
v -3.995761 22.661085 0.175368
v -7.957565 23.684490 2.705949
v -6.675070 23.724609 1.585810
v -5.318958 23.303877 0.680969
v -3.971482 22.523394 0.129179
v -7.951825 23.667404 2.559808
v -6.655413 23.654745 1.457692
v -5.293127 23.190706 0.590377
v -3.946839 22.383636 0.089906
v -7.943807 23.643541 2.414729
v -6.634077 23.578913 1.333289
v -5.266338 23.073338 0.505591
v -3.921891 22.242149 0.057644
v -7.933532 23.612959 2.271060
v -6.611114 23.497295 1.212902
v -5.238657 22.952053 0.426814
v -3.896698 22.099274 0.032470
v -7.921024 23.575731 2.129146
v -6.586578 23.410089 1.096820
v -5.210147 22.827148 0.354236
v -3.871321 21.955355 0.014446
v -7.906314 23.531948 1.989330
v -6.560529 23.317507 0.985323
v -5.180881 22.698921 0.288032
v -3.820260 21.665771 0.000000
v -3.845821 21.810738 0.003614
v -7.889436 23.481714 1.851950
v -6.533030 23.219769 0.878680
v -5.150926 22.567680 0.228361
v -9.132205 23.268480 2.852797
v -7.870432 23.425150 1.717335
v -6.504146 23.117109 0.777147
v -5.120356 22.433744 0.175368
v -9.128248 23.258396 2.705949
v -7.849347 23.362394 1.585810
v -6.473948 23.009781 0.680969
v -5.089244 22.297434 0.129179
v -9.121663 23.241617 2.559808
v -7.826231 23.293594 1.457692
v -6.442509 22.898037 0.590377
v -5.057665 22.159079 0.089906
v -9.112466 23.218184 2.414729
v -7.801142 23.218920 1.333289
v -6.409903 22.782150 0.505591
v -5.025696 22.019011 0.057644
v -9.100679 23.188152 2.271060
v -7.774139 23.138548 1.212902
v -6.376210 22.662397 0.426814
v -4.993412 21.877569 0.032470
v -9.086331 23.151594 2.129146
v -7.745287 23.052675 1.096820
v -6.341510 22.539066 0.354236
v -4.960893 21.735092 0.014446
v -9.069456 23.108599 1.989330
v -7.714655 22.961506 0.985323
v -6.305888 22.412458 0.288032
v -4.895461 21.448414 0.000000
v -4.928216 21.591927 0.003614
v -9.050096 23.059269 1.851950
v -7.682319 22.865259 0.878680
v -6.269429 22.282875 0.228361
v -10.280691 22.784353 2.852797
v -9.028296 23.003721 1.717335
v -7.648354 22.764170 0.777147
v -6.232221 22.150629 0.175368
v -10.276237 22.774479 2.705949
v -9.004108 22.942095 1.585810
v -7.612844 22.658478 0.680969
v -6.194353 22.016039 0.129179
v -10.268823 22.758049 2.559808
v -8.977592 22.874533 1.457692
v -7.575873 22.548441 0.590377
v -6.155917 21.879429 0.089906
v -10.258470 22.735104 2.414729
v -8.948812 22.801203 1.333289
v -7.537531 22.434322 0.505591
v -6.117005 21.741129 0.057644
v -10.245200 22.705696 2.271060
v -8.917836 22.722277 1.212902
v -7.497911 22.316399 0.426814
v -6.077712 21.601473 0.032470
v -10.229048 22.669899 2.129146
v -8.884740 22.637947 1.096820
v -7.457107 22.194952 0.354236
v -6.038131 21.460794 0.014446
v -10.210052 22.627798 1.989330
v -8.849602 22.548418 0.985323
v -7.415218 22.070274 0.288032
v -5.958490 21.177734 0.000000
v -5.998359 21.319435 0.003614
v -10.188255 22.579494 1.851950
v -8.812508 22.453903 0.878680
v -7.372345 21.942671 0.228361
v -11.403618 22.243580 2.852797
v -10.163713 22.525103 1.717335
v -8.773546 22.354631 0.777147
v -7.328591 21.812443 0.175368
v -11.398676 22.233940 2.705949
v -10.136485 22.464758 1.585810
v -8.732812 22.250843 0.680969
v -7.284062 21.679909 0.129179
v -11.390453 22.217901 2.559808
v -10.106634 22.398603 1.457692
v -8.690403 22.142784 0.590377
v -7.238864 21.545383 0.089906
v -11.378968 22.195499 2.414729
v -10.074234 22.326797 1.333289
v -8.646420 22.030720 0.505591
v -7.193107 21.409197 0.057644
v -11.364250 22.166790 2.271060
v -10.039363 22.249514 1.212902
v -8.600971 21.914917 0.426814
v -7.146902 21.271671 0.032470
v -11.346334 22.131842 2.129146
v -10.002104 22.166939 1.096820
v -8.554164 21.795654 0.354236
v -7.100358 21.133141 0.014446
v -11.325262 22.090740 1.989330
v -9.962547 22.079273 0.985323
v -8.506113 21.673222 0.288032
v -7.006706 20.854403 0.000000
v -7.053588 20.993938 0.003614
v -11.301085 22.043583 1.851950
v -9.920788 21.986725 0.878680
v -8.456932 21.547913 0.228361
v -12.498193 21.647505 2.852797
v -11.273863 21.990484 1.717335
v -9.876926 21.889519 0.777147
v -8.406741 21.420029 0.175368
v -12.492777 21.638124 2.705949
v -11.243660 21.931570 1.585810
v -9.831070 21.787888 0.680969
v -8.355661 21.289877 0.129179
v -12.483765 21.622515 2.559808
v -11.210549 21.866985 1.457692
v -9.783326 21.682079 0.590377
v -8.303815 21.157774 0.089906
v -12.471178 21.600714 2.414729
v -11.174610 21.796885 1.333289
v -9.733813 21.572346 0.505591
v -8.251326 21.024036 0.057644
v -12.455047 21.572775 2.271060
v -11.135930 21.721436 1.212902
v -9.682648 21.458952 0.426814
v -8.198322 20.888985 0.032470
v -12.435410 21.538763 2.129146
v -11.094602 21.640820 1.096820
v -9.629954 21.342171 0.354236
v -8.144932 20.752947 0.014446
v -12.412316 21.498762 1.989330
v -11.050724 21.555235 0.985323
v -9.575860 21.222286 0.288032
v -8.037502 20.479223 0.000000
v -8.091282 20.616249 0.003614
v -12.385819 21.452868 1.851950
v -11.004403 21.464884 0.878680
v -9.520494 21.099583 0.228361
v -13.561696 20.997612 2.852797
v -12.355984 21.401192 1.717335
v -10.955751 21.369984 0.777147
v -9.463991 20.974360 0.175368
v -13.555820 20.988514 2.705949
v -12.322882 21.343857 1.585810
v -10.904885 21.270765 0.680969
v -9.406487 20.846918 0.129179
v -13.546040 20.973372 2.559808
v -12.286592 21.281004 1.457692
v -10.851928 21.167467 0.590377
v -9.348120 20.717562 0.089906
v -13.532382 20.952225 2.414729
v -12.247205 21.212780 1.333289
v -10.797006 21.060339 0.505591
v -9.289031 20.586607 0.057644
v -13.514878 20.925125 2.271060
v -12.204811 21.139353 1.212902
v -10.740252 20.949636 0.426814
v -9.229362 20.454367 0.032470
v -13.493571 20.892134 2.129146
v -12.159515 21.060900 1.096820
v -10.681803 20.835629 0.354236
v -9.169256 20.321157 0.014446
v -13.468512 20.853334 1.989330
v -12.111426 20.977606 0.985323
v -10.621800 20.718588 0.288032
v -9.108859 20.187305 0.003614
v -9.048316 20.053129 0.000000
v -13.439760 20.808819 1.851950
v -12.060660 20.889677 0.878680
v -10.560388 20.598797 0.228361
v -14.591482 20.295517 2.852797
v -13.407386 20.758694 1.717335
v -12.007339 20.797319 0.777147
v -10.497713 20.476545 0.175368
v -14.585159 20.286720 2.705949
v -13.371467 20.703081 1.585810
v -11.951590 20.700762 0.680969
v -10.433928 20.352129 0.129179
v -14.574637 20.272085 2.559808
v -13.332090 20.642113 1.457692
v -11.893549 20.600231 0.590377
v -10.369184 20.225843 0.089906
v -14.559942 20.251646 2.414729
v -13.289350 20.575939 1.333289
v -11.833355 20.495974 0.505591
v -10.303641 20.097996 0.057644
v -14.541110 20.225452 2.271060
v -13.243349 20.504715 1.212902
v -11.771154 20.388237 0.426814
v -10.237454 19.968893 0.032470
v -14.518185 20.193565 2.129146
v -13.194200 20.428617 1.096820
v -11.707095 20.277283 0.354236
v -10.170784 19.838848 0.014446
v -14.491222 20.156063 1.989330
v -13.142018 20.347824 0.985323
v -11.641333 20.163380 0.288032
v -10.103790 19.708172 0.003614
v -10.036634 19.577179 0.000000
v -14.460287 20.113035 1.851950
v -13.086932 20.262535 0.878680
v -11.574025 20.046799 0.228361
v -15.584992 19.542961 2.852797
v -14.425455 20.064587 1.717335
v -13.029073 20.172951 0.777147
v -11.505335 19.927824 0.175368
v -15.578238 19.534492 2.705949
v -14.386808 20.010832 1.585810
v -12.968581 20.079290 0.680969
v -11.435427 19.806740 0.129179
v -15.567000 19.520401 2.559808
v -14.344441 19.951904 1.457692
v -12.905602 19.981779 0.590377
v -11.364470 19.683840 0.089906
v -15.551305 19.500719 2.414729
v -14.298456 19.887941 1.333289
v -12.840285 19.880650 0.505591
v -11.292636 19.559418 0.057644
v -15.531189 19.475496 2.271060
v -14.248962 19.819099 1.212902
v -12.772791 19.776150 0.426814
v -11.220096 19.433775 0.032470
v -15.506703 19.444792 2.129146
v -14.196080 19.745546 1.096820
v -12.703281 19.668528 0.354236
v -11.147026 19.307215 0.014446
v -15.477905 19.408678 1.989330
v -14.139937 19.667456 0.985323
v -12.631923 19.558043 0.288032
v -11.073602 19.180040 0.003614
v -11.000000 19.052559 0.000000
v -15.444864 19.367247 1.851950
v -14.080668 19.585016 0.878680
v -12.558888 19.444962 0.228361
v -16.539755 18.741821 2.852797
v -15.407660 19.320595 1.717335
v -14.018415 19.498428 0.777147
v -12.484353 19.329559 0.175368
v -16.532587 18.733700 2.705949
v -15.366383 19.268833 1.585810
v -13.953330 19.407900 0.680969
v -12.408497 19.212111 0.129179
v -16.520660 18.720184 2.559808
v -15.321131 19.212090 1.457692
v -13.885568 19.313648 0.590377
v -12.331502 19.092899 0.089906
v -16.504004 18.701309 2.414729
v -15.272014 19.150499 1.333289
v -13.815292 19.215902 0.505591
v -12.253554 18.972214 0.057644
v -16.482656 18.677120 2.271060
v -15.219151 19.084211 1.212902
v -13.742674 19.114895 0.426814
v -12.174842 18.850342 0.032470
v -16.456671 18.647675 2.129146
v -15.162668 19.013384 1.096820
v -13.667886 19.010870 0.354236
v -12.095554 18.727581 0.014446
v -16.426107 18.613043 1.989330
v -15.102702 18.938189 0.985323
v -13.591108 18.904081 0.288032
v -12.015882 18.604225 0.003614
v -11.936018 18.480570 0.000000
v -16.391043 18.573309 1.851950
v -15.039397 18.858809 0.878680
v -13.512527 18.794783 0.228361
v -17.453398 17.894085 2.852797
v -16.351559 18.528568 1.717335
v -14.972906 18.775431 0.777147
v -13.432333 18.683237 0.175368
v -17.445833 17.886330 2.705949
v -16.307753 18.478930 1.585810
v -14.903389 18.688259 0.680969
v -13.350717 18.569715 0.129179
v -17.433249 17.873426 2.559808
v -16.259729 18.424513 1.457692
v -14.831013 18.597502 0.590377
v -13.267876 18.454491 0.089906
v -17.415670 17.855406 2.414729
v -16.207603 18.365448 1.333289
v -14.755953 18.503380 0.505591
v -13.184009 18.337839 0.057644
v -17.393145 17.832310 2.271060
v -16.151501 18.301876 1.212902
v -14.678390 18.406118 0.426814
v -13.099319 18.220045 0.032470
v -17.365723 17.804195 2.129146
v -16.091558 18.233953 1.096820
v -14.598509 18.305950 0.354236
v -13.014011 18.101387 0.014446
v -17.333471 17.771132 1.989330
v -16.027920 18.161840 0.985323
v -14.516504 18.203121 0.288032
v -12.928289 17.982157 0.003614
v -12.842360 17.862637 0.000000
v -17.296471 17.733194 1.851950
v -15.960736 18.085712 0.878680
v -14.432573 18.097874 0.228361
v -18.323648 17.001860 2.852797
v -17.254807 17.690479 1.717335
v -15.890172 18.005753 0.777147
v -14.346918 17.990465 0.175368
v -18.315708 16.994493 2.705949
v -17.208580 17.643085 1.585810
v -15.816396 17.922155 0.680969
v -14.259745 17.881153 0.129179
v -18.302494 16.982233 2.559808
v -17.157904 17.591129 1.457692
v -15.739586 17.835119 0.590377
v -14.171263 17.770201 0.089906
v -18.284040 16.965111 2.414729
v -17.102898 17.534735 1.333289
v -15.659927 17.744854 0.505591
v -14.081686 17.657875 0.057644
v -18.260391 16.943167 2.271060
v -17.043697 17.474039 1.212902
v -15.577612 17.651581 0.426814
v -13.991231 17.544449 0.032470
v -18.231602 16.916454 2.129146
v -16.980444 17.409189 1.096820
v -15.492838 17.555519 0.354236
v -13.900114 17.430191 0.014446
v -18.197742 16.885038 1.989330
v -16.913288 17.340338 0.985323
v -15.405809 17.456905 0.288032
v -13.808556 17.315380 0.003614
v -13.716776 17.200293 0.000000
v -18.158895 16.848993 1.851950
v -16.842394 17.267654 0.878680
v -15.316737 17.355972 0.228361
v -19.148342 16.067368 2.852797
v -18.115154 16.808407 1.717335
v -16.767931 17.191311 0.777147
v -15.225834 17.252968 0.175368
v -19.140045 16.060404 2.705949
v -18.066624 16.763376 1.585810
v -16.690081 17.111494 0.680969
v -15.133320 17.148136 0.129179
v -19.126238 16.048819 2.559808
v -18.013420 16.714010 1.457692
v -16.609028 17.028395 0.590377
v -15.039418 17.041733 0.089906
v -19.106953 16.032637 2.414729
v -17.955671 16.660429 1.333289
v -16.524969 16.942213 0.505591
v -14.944354 16.934011 0.057644
v -19.082239 16.011900 2.271060
v -17.893520 16.602760 1.212902
v -16.438107 16.853159 0.426814
v -14.848357 16.825233 0.032470
v -19.052155 15.986655 2.129146
v -17.827112 16.541142 1.096820
v -16.348650 16.761442 0.354236
v -14.751658 16.715660 0.014446
v -19.016771 15.956966 1.989330
v -17.756607 16.475725 0.985323
v -16.256815 16.667288 0.288032
v -14.654490 16.605556 0.003614
v -14.557089 16.495186 0.000000
v -18.976175 15.922902 1.851950
v -17.682178 16.406664 0.878680
v -16.162821 16.570921 0.228361
v -19.925432 15.092928 2.852797
v -18.930466 15.884547 1.717335
v -17.604004 16.334129 0.777147
v -16.066896 16.472576 0.175368
v -19.916798 15.086388 2.705949
v -18.879751 15.841991 1.585810
v -17.522270 16.258291 0.680969
v -15.969273 16.372486 0.129179
v -19.902430 15.075504 2.559808
v -18.824152 15.795340 1.457692
v -17.437176 16.179335 0.590377
v -15.870183 16.270895 0.089906
v -19.882362 15.060305 2.414729
v -18.763805 15.744702 1.333289
v -17.348927 16.097452 0.505591
v -15.769868 16.168047 0.057644
v -19.856646 15.040825 2.271060
v -18.698856 15.690203 1.212902
v -17.257732 16.012836 0.426814
v -15.668568 16.064190 0.032470
v -19.825340 15.017112 2.129146
v -18.629459 15.631972 1.096820
v -17.163816 15.925694 0.354236
v -15.566527 15.959573 0.014446
v -19.788521 14.989223 1.989330
v -18.555782 15.570150 0.985323
v -17.067402 15.836234 0.288032
v -15.361210 15.749071 0.000000
v -15.463992 15.854448 0.003614
v -19.746279 14.957225 1.851950
v -18.478003 15.504886 0.878680
v -16.968721 15.744673 0.228361
v -20.652983 14.080966 2.852797
v -19.698713 14.921195 1.717335
v -18.396309 15.436337 0.777147
v -16.868015 15.651230 0.175368
v -20.644033 14.074863 2.705949
v -19.645939 14.881221 1.585810
v -18.310898 15.364668 0.680969
v -16.765522 15.556131 0.129179
v -20.629141 14.064711 2.559808
v -19.588085 14.837398 1.457692
v -18.221973 15.290051 0.590377
v -16.661493 15.459606 0.089906
v -20.608341 14.050529 2.414729
v -19.525290 14.789832 1.333289
v -18.129753 15.212668 0.505591
v -16.556175 15.361886 0.057644
v -20.581686 14.032355 2.271060
v -19.457705 14.738638 1.212902
v -18.034454 15.132704 0.426814
v -16.449823 15.263206 0.032470
v -20.549236 14.010232 2.129146
v -19.385490 14.683938 1.096820
v -17.936310 15.050351 0.354236
v -16.342695 15.163806 0.014446
v -20.511074 13.984213 1.989330
v -19.308825 14.625866 0.985323
v -17.835556 14.965809 0.288032
v -16.127142 14.963800 0.000000
v -16.235048 15.063924 0.003614
v -20.467289 13.954361 1.851950
v -19.227888 14.564560 0.878680
v -17.732435 14.879280 0.228361
v -21.329189 13.033996 2.852797
v -20.417986 13.920747 1.717335
v -19.142879 14.500168 0.777147
v -17.627195 14.790974 0.175368
v -21.319946 13.028348 2.705949
v -20.363285 13.883453 1.585810
v -19.054001 14.432845 0.680969
v -17.520090 14.701101 0.129179
v -21.304565 13.018949 2.559808
v -20.303318 13.842568 1.457692
v -18.961470 14.362755 0.590377
v -17.411379 14.609881 0.089906
v -21.283085 13.005822 2.414729
v -20.238230 13.798192 1.333289
v -18.865505 14.290064 0.505591
v -17.301321 14.517532 0.057644
v -21.255556 12.988999 2.271060
v -20.168177 13.750430 1.212902
v -18.766338 14.214950 0.426814
v -17.190184 14.424277 0.032470
v -21.222044 12.968522 2.129146
v -20.093327 13.699398 1.096820
v -18.664211 14.137591 0.354236
v -17.078234 14.330340 0.014446
v -21.182632 12.944437 1.989330
v -20.013861 13.645219 0.985323
v -18.559370 14.058176 0.288032
v -16.852978 14.141328 0.000000
v -16.965742 14.235948 0.003614
v -21.137413 12.916804 1.851950
v -19.929970 13.588023 0.878680
v -18.452063 13.976895 0.228361
v -21.952366 11.954621 2.852797
v -21.086496 12.885690 1.717335
v -19.841858 13.527949 0.777147
v -18.342552 13.893944 0.175368
v -21.942852 11.949441 2.705949
v -21.030006 12.851169 1.585810
v -19.749735 13.465140 0.680969
v -18.231102 13.809523 0.129179
v -21.927023 11.940821 2.559808
v -20.968075 12.813324 1.457692
v -19.653822 13.399750 0.590377
v -18.117977 13.723835 0.089906
v -21.904915 11.928781 2.414729
v -20.900856 12.772247 1.333289
v -19.554354 13.331933 0.505591
v -18.003454 13.637086 0.057644
v -21.876581 11.913351 2.271060
v -20.828508 12.728037 1.212902
v -19.451569 13.261854 0.426814
v -17.887806 13.549486 0.032470
v -21.842091 11.894569 2.129146
v -20.751207 12.680799 1.096820
v -19.345713 13.189683 0.354236
v -17.771313 13.461246 0.014446
v -21.801527 11.872479 1.989330
v -20.669140 12.630649 0.985323
v -19.237041 13.115592 0.288032
v -17.536915 13.283697 0.000000
v -17.654255 13.372579 0.003614
v -21.754988 11.847135 1.851950
v -20.582502 12.577705 0.878680
v -19.125816 13.039761 0.228361
v -22.520966 10.845526 2.852797
v -21.702583 11.818597 1.717335
v -20.491505 12.522098 0.777147
v -19.012308 12.962372 0.175368
v -22.511206 10.840826 2.705949
v -21.644442 11.786935 1.585810
v -20.396366 12.463960 0.680969
v -18.896786 12.883611 0.129179
v -22.494967 10.833005 2.559808
v -21.580702 11.752224 1.457692
v -20.297314 12.403430 0.590377
v -18.779531 12.803668 0.089906
v -22.472286 10.822083 2.414729
v -21.511518 11.714548 1.333289
v -20.194588 12.340656 0.505591
v -18.660826 12.722736 0.057644
v -22.443218 10.808084 2.271060
v -21.437057 11.673999 1.212902
v -20.088436 12.275788 0.426814
v -18.540956 12.641010 0.032470
v -22.407835 10.791045 2.129146
v -21.357498 11.630673 1.096820
v -19.979115 12.208983 0.354236
v -18.420210 12.558686 0.014446
v -22.366220 10.771005 1.989330
v -21.273033 11.584676 0.985323
v -19.866886 12.140401 0.288032
v -18.177254 12.393042 0.000000
v -18.298878 12.475964 0.003614
v -18.772400 11.471575 0.000000
v -22.318476 10.748012 1.851950
v -21.183865 11.536118 0.878680
v -19.752020 12.070209 0.228361
v -23.033575 9.709466 2.852797
v -22.264713 10.722121 1.717335
v -21.090208 11.485115 0.777147
v -19.634794 11.998573 0.175368
v -23.023594 9.705258 2.705949
v -22.205067 10.693397 1.585810
v -20.992289 11.431791 0.680969
v -19.515491 11.925669 0.129179
v -23.006985 9.698257 2.559808
v -22.139675 10.661905 1.457692
v -20.890343 11.376274 0.590377
v -19.394398 11.851669 0.089906
v -22.983788 9.688478 2.414729
v -22.068699 10.627726 1.333289
v -20.784616 11.318699 0.505591
v -19.271807 11.776755 0.057644
v -22.954060 9.675947 2.271060
v -21.992310 10.590939 1.212902
v -20.675364 11.259203 0.426814
v -19.148010 11.701106 0.032470
v -22.917870 9.660692 2.129146
v -21.910690 10.551632 1.096820
v -20.562847 11.197929 0.354236
v -19.023312 11.624904 0.014446
v -22.875307 9.642751 1.989330
v -21.824038 10.509902 0.985323
v -20.447338 11.135027 0.288032
v -18.898006 11.548331 0.003614
v -22.826475 9.622167 1.851950
v -21.732559 10.465849 0.878680
v -20.329117 11.070647 0.228361
v -23.488920 8.549268 2.852797
v -22.771490 9.598989 1.717335
v -21.636477 10.419578 0.777147
v -20.208466 11.004944 0.175368
v -23.478741 8.545563 2.705949
v -22.710485 9.573273 1.585810
v -21.536020 10.371202 0.680969
v -20.085678 10.938077 0.129179
v -23.461803 8.539398 2.559808
v -22.643606 9.545080 1.457692
v -21.431435 10.320835 0.590377
v -19.961046 10.870206 0.089906
v -23.438148 8.530788 2.414729
v -22.571014 9.514481 1.333289
v -21.322969 10.268600 0.505591
v -19.834871 10.801496 0.057644
v -23.407831 8.519753 2.271060
v -22.492887 9.481546 1.212902
v -21.210886 10.214624 0.426814
v -19.707460 10.732111 0.032470
v -23.370928 8.506322 2.129146
v -22.409409 9.446358 1.096820
v -21.095457 10.159037 0.354236
v -19.579117 10.662219 0.014446
v -23.327524 8.490524 1.989330
v -22.320784 9.408999 0.985323
v -20.976957 10.101970 0.288032
v -19.450151 10.591988 0.003614
v -19.320875 10.521587 0.000000
v -23.277725 8.472400 1.851950
v -22.227222 9.369560 0.878680
v -20.855673 10.043563 0.228361
v -23.885866 7.367814 2.852797
v -23.221653 8.451991 1.717335
v -22.128954 9.328136 0.777147
v -20.731897 9.983955 0.175368
v -23.875517 7.364621 2.705949
v -23.159443 8.429348 1.585810
v -22.026211 9.284827 0.680969
v -20.605927 9.923291 0.129179
v -23.858292 7.359309 2.559808
v -23.091242 8.404525 1.457692
v -21.919245 9.239737 0.590377
v -20.478067 9.861718 0.089906
v -23.834236 7.351889 2.414729
v -23.017216 8.377582 1.333289
v -21.808311 9.192974 0.505591
v -20.348625 9.799382 0.057644
v -23.803408 7.342379 2.271060
v -22.937542 8.348582 1.212902
v -21.693678 9.144651 0.426814
v -20.217915 9.736434 0.032470
v -23.765881 7.330803 2.129146
v -22.852415 8.317598 1.096820
v -21.575619 9.094886 0.354236
v -20.086246 9.673026 0.014446
v -23.721743 7.317189 1.989330
v -22.762037 8.284704 0.985323
v -21.454422 9.043797 0.288032
v -19.953941 9.609311 0.003614
v -19.821316 9.545443 0.000000
v -23.671104 7.301569 1.851950
v -22.666626 8.249977 0.878680
v -21.330378 8.991508 0.228361
v -24.223431 6.168043 2.852797
v -23.614084 7.283980 1.717335
v -22.566414 8.213503 0.777147
v -21.203785 8.938145 0.175368
v -24.212933 6.165370 2.705949
v -23.550821 7.264466 1.585810
v -22.461641 8.175369 0.680969
v -21.074947 8.883836 0.129179
v -24.195465 6.160923 2.559808
v -23.481468 7.243073 1.457692
v -22.352560 8.135667 0.590377
v -20.944178 8.828712 0.089906
v -24.171070 6.154711 2.414729
v -23.406191 7.219854 1.333289
v -22.239433 8.094492 0.505591
v -20.811790 8.772905 0.057644
v -24.139807 6.146750 2.271060
v -23.325172 7.194862 1.212902
v -22.122534 8.051944 0.426814
v -20.678102 8.716551 0.032470
v -24.101748 6.137059 2.129146
v -23.238605 7.168160 1.096820
v -22.002142 8.008124 0.354236
v -20.543438 8.659785 0.014446
v -24.056988 6.125662 1.989330
v -23.146700 7.139812 0.985323
v -21.878550 7.963140 0.288032
v -20.408121 8.602744 0.003614
v -20.272476 8.545566 0.000000
v -24.005632 6.112585 1.851950
v -23.049677 7.109884 0.878680
v -21.752052 7.917099 0.228361
v -24.500771 4.952938 2.852797
v -23.947807 6.097861 1.717335
v -22.947773 7.078450 0.777147
v -21.622957 7.870112 0.175368
v -24.490152 4.950791 2.705949
v -23.883650 6.081524 1.585810
v -22.841228 7.045586 0.680969
v -21.491573 7.822293 0.129179
v -24.472485 4.947220 2.559808
v -23.813316 6.063615 1.457692
v -22.730305 7.011370 0.590377
v -21.358217 7.773756 0.089906
v -24.447811 4.942232 2.414729
v -23.736975 6.044177 1.333289
v -22.615265 6.975885 0.505591
v -21.223213 7.724617 0.057644
v -24.416189 4.935839 2.271060
v -23.654810 6.023255 1.212902
v -22.496389 6.939217 0.426814
v -21.086882 7.674997 0.032470
v -24.377695 4.928057 2.129146
v -23.567020 6.000901 1.096820
v -22.373964 6.901453 0.354236
v -20.949556 7.625015 0.014446
v -24.332422 4.918905 1.989330
v -23.473818 5.977168 0.985323
v -22.248281 6.862686 0.288032
v -20.811563 7.574790 0.003614
v -20.673237 7.524443 0.000000
v -24.280479 4.908405 1.851950
v -23.375423 5.952114 0.878680
v -22.119648 6.823008 0.228361
v -24.717197 3.725518 2.852797
v -24.221991 4.896581 1.717335
v -23.272078 5.925799 0.777147
v -21.988371 6.782514 0.175368
v -24.706486 3.723904 2.705949
v -24.157099 4.883463 1.585810
v -23.164028 5.898286 0.680969
v -21.854767 6.741302 0.129179
v -24.688663 3.721217 2.559808
v -24.085960 4.869082 1.457692
v -23.051537 5.869642 0.590377
v -21.719158 6.699473 0.089906
v -24.663771 3.717465 2.414729
v -24.008745 4.853473 1.333289
v -22.934872 5.839936 0.505591
v -21.581871 6.657125 0.057644
v -24.631868 3.712657 2.271060
v -23.925640 4.836673 1.212902
v -22.814316 5.809239 0.426814
v -21.443237 6.614363 0.032470
v -24.593035 3.706804 2.129146
v -23.836845 4.818722 1.096820
v -22.690161 5.777625 0.354236
v -21.303589 6.571287 0.014446
v -24.547361 3.699919 1.989330
v -23.742575 4.799665 0.985323
v -22.562702 5.745170 0.288032
v -21.163265 6.528003 0.003614
v -21.022602 6.484614 0.000000
v -21.319700 5.428663 0.000000
v -24.494961 3.692021 1.851950
v -23.643055 4.779547 0.878680
v -22.432249 5.711953 0.228361
v -24.872173 2.488836 2.852797
v -24.435955 3.683128 1.717335
v -23.538525 4.758416 0.777147
v -22.299118 5.678053 0.175368
v -24.861395 2.487758 2.705949
v -24.370491 3.673260 1.585810
v -23.429239 4.736323 0.680969
v -22.163626 5.643552 0.129179
v -24.843460 2.485963 2.559808
v -24.298723 3.662443 1.457692
v -23.315458 4.713322 0.590377
v -22.026100 5.608534 0.089906
v -24.818411 2.483457 2.414729
v -24.220827 3.650702 1.333289
v -23.197458 4.689467 0.505591
v -21.886873 5.573083 0.057644
v -24.786310 2.480244 2.271060
v -24.136988 3.638066 1.212902
v -23.075523 4.664818 0.426814
v -21.746281 5.537283 0.032470
v -24.747232 2.476334 2.129146
v -24.047407 3.624563 1.096820
v -22.949945 4.639431 0.354236
v -21.604658 5.501222 0.014446
v -24.701273 2.471735 1.989330
v -23.952305 3.610229 0.985323
v -22.821028 4.613370 0.288032
v -21.462351 5.464986 0.003614
v -24.648542 2.466459 1.851950
v -23.851906 3.595096 0.878680
v -22.689081 4.586697 0.228361
v -24.965313 1.245967 2.852797
v -24.589169 2.460517 1.717335
v -23.746452 3.579202 0.777147
v -22.554424 4.559475 0.175368
v -24.954494 1.245427 2.705949
v -24.523293 2.453926 1.585810
v -23.636202 3.562584 0.680969
v -22.417381 4.531772 0.129179
v -24.936493 1.244529 2.559808
v -24.451077 2.446699 1.457692
v -23.521416 3.545283 0.590377
v -22.278282 4.503652 0.089906
v -24.911350 1.243274 2.414729
v -24.372690 2.438856 1.333289
v -23.402372 3.527340 0.505591
v -22.137461 4.475184 0.057644
v -24.879129 1.241666 2.271060
v -24.288326 2.430413 1.212902
v -23.279360 3.508799 0.426814
v -21.995258 4.446437 0.032470
v -24.839905 1.239708 2.129146
v -24.198185 2.421394 1.096820
v -23.152674 3.489704 0.354236
v -21.852016 4.417480 0.014446
v -24.793774 1.237406 1.989330
v -24.102484 2.411817 0.985323
v -23.022617 3.470101 0.288032
v -21.563795 4.359215 0.000000
v -21.708078 4.388383 0.003614
v -21.754278 3.278930 0.000000
v -24.740845 1.234764 1.851950
v -24.001455 2.401708 0.878680
v -22.889505 3.450038 0.228361
v -24.996386 -0.000000 2.852797
v -24.681250 1.231790 1.717335
v -23.895342 2.391090 0.777147
v -22.753660 3.429562 0.175368
v -24.985554 -0.000000 2.705949
v -24.615128 1.228490 1.585810
v -23.784399 2.379988 0.680969
v -22.615406 3.408724 0.129179
v -24.967529 -0.000000 2.559808
v -24.542639 1.224872 1.457692
v -23.668894 2.368430 0.590377
v -22.475077 3.387573 0.089906
v -24.942356 -0.000000 2.414729
v -24.463961 1.220945 1.333289
v -23.549105 2.356443 0.505591
v -22.333012 3.366160 0.057644
v -24.910093 -0.000000 2.271060
v -24.379280 1.216719 1.212902
v -23.425322 2.344057 0.426814
v -22.189552 3.344537 0.032470
v -24.870821 -0.000000 2.129146
v -24.288801 1.212204 1.096820
v -23.297840 2.331300 0.354236
v -22.045046 3.322756 0.014446
v -24.824633 -0.000000 1.989330
v -24.192743 1.207410 0.985323
v -23.166969 2.318205 0.288032
v -21.899837 3.300869 0.003614
v -24.771639 -0.000000 1.851950
v -24.091335 1.202349 0.878680
v -23.033022 2.304801 0.228361
v -24.965313 -1.245967 2.852797
v -24.711967 -0.000000 1.717335
v -23.984825 1.197033 0.777147
v -22.896324 2.291123 0.175368
v -24.954494 -1.245427 2.705949
v -24.645763 -0.000000 1.585810
v -23.873466 1.191475 0.680969
v -22.757204 2.277202 0.129179
v -24.936493 -1.244529 2.559808
v -24.573185 -0.000000 1.457692
v -23.757528 1.185689 0.590377
v -22.615995 2.263072 0.089906
v -24.911350 -1.243274 2.414729
v -24.494410 -0.000000 1.333289
v -23.637291 1.179688 0.505591
v -22.473040 2.248767 0.057644
v -24.879129 -1.241666 2.271060
v -24.409622 -0.000000 1.212902
v -23.513042 1.173487 0.426814
v -22.328682 2.234322 0.032470
v -24.839905 -1.239708 2.129146
v -24.319031 -0.000000 1.096820
v -23.385084 1.167101 0.354236
v -22.183268 2.219771 0.014446
v -24.793774 -1.237406 1.989330
v -24.222853 -0.000000 0.985323
v -23.253723 1.160545 0.288032
v -21.890676 2.190493 0.000000
v -22.037149 2.205149 0.003614
v -24.740845 -1.234764 1.851950
v -24.121321 -0.000000 0.878680
v -23.119276 1.153835 0.228361
v -24.872173 -2.488836 2.852797
v -24.681250 -1.231790 1.717335
v -24.014677 -0.000000 0.777147
v -22.982065 1.146987 0.175368
v -24.861395 -2.487758 2.705949
v -24.615128 -1.228490 1.585810
v -23.903179 -0.000000 0.680969
v -22.842424 1.140018 0.129179
v -24.843460 -2.485963 2.559808
v -24.542639 -1.224872 1.457692
v -23.787098 -0.000000 0.590377
v -22.700687 1.132944 0.089906
v -24.818411 -2.483457 2.414729
v -24.463961 -1.220945 1.333289
v -23.666710 -0.000000 0.505591
v -22.557196 1.125783 0.057644
v -24.786310 -2.480244 2.271060
v -24.379280 -1.216719 1.212902
v -23.542309 -0.000000 0.426814
v -22.412296 1.118551 0.032470
v -24.747232 -2.476334 2.129146
v -24.288801 -1.212204 1.096820
v -23.414190 -0.000000 0.354236
v -22.266338 1.111267 0.014446
v -24.701273 -2.471735 1.989330
v -24.192743 -1.207410 0.985323
v -23.282665 -0.000000 0.288032
v -22.119673 1.103947 0.003614
v -21.972652 1.096609 0.000000
v -24.648542 -2.466459 1.851950
v -24.091335 -1.202349 0.878680
v -23.148050 -0.000000 0.228361
v -24.717197 -3.725518 2.852797
v -24.589169 -2.460517 1.717335
v -23.984825 -1.197033 0.777147
v -23.010670 -0.000000 0.175368
v -24.706486 -3.723904 2.705949
v -24.523293 -2.453926 1.585810
v -23.873466 -1.191475 0.680969
v -22.870853 -0.000000 0.129179
v -24.688663 -3.721217 2.559808
v -24.451077 -2.446699 1.457692
v -23.757528 -1.185689 0.590377
v -22.728941 -0.000000 0.089906
v -24.663771 -3.717465 2.414729
v -24.372690 -2.438856 1.333289
v -23.637291 -1.179688 0.505591
v -22.585272 -0.000000 0.057644
v -24.631868 -3.712657 2.271060
v -24.288326 -2.430413 1.212902
v -23.513042 -1.173487 0.426814
v -22.440191 -0.000000 0.032470
v -24.593035 -3.706804 2.129146
v -24.198185 -2.421394 1.096820
v -23.385084 -1.167101 0.354236
v -22.294052 -0.000000 0.014446
v -24.547361 -3.699919 1.989330
v -24.102484 -2.411817 0.985323
v -23.253723 -1.160545 0.288032
v -22.147203 -0.000000 0.003614
v -22.000000 -0.000000 0.000000
v -24.494961 -3.692021 1.851950
v -24.001455 -2.401708 0.878680
v -23.119276 -1.153835 0.228361
v -24.500771 -4.952938 2.852797
v -24.435955 -3.683128 1.717335
v -23.895342 -2.391090 0.777147
v -22.982065 -1.146987 0.175368
v -24.490152 -4.950791 2.705949
v -24.370491 -3.673260 1.585810
v -23.784399 -2.379988 0.680969
v -22.842424 -1.140018 0.129179
v -24.472485 -4.947220 2.559808
v -24.298723 -3.662443 1.457692
v -23.668894 -2.368430 0.590377
v -22.700687 -1.132944 0.089906
v -24.447811 -4.942232 2.414729
v -24.220827 -3.650702 1.333289
v -23.549105 -2.356443 0.505591
v -22.557196 -1.125783 0.057644
v -24.416189 -4.935839 2.271060
v -24.136988 -3.638066 1.212902
v -23.425322 -2.344057 0.426814
v -22.412296 -1.118551 0.032470
v -24.377695 -4.928057 2.129146
v -24.047407 -3.624563 1.096820
v -23.297840 -2.331300 0.354236
v -22.266338 -1.111267 0.014446
v -24.332422 -4.918905 1.989330
v -23.952305 -3.610229 0.985323
v -23.166969 -2.318205 0.288032
v -22.119673 -1.103947 0.003614
v -21.972652 -1.096609 0.000000
v -24.280479 -4.908405 1.851950
v -23.851906 -3.595096 0.878680
v -23.033022 -2.304801 0.228361
v -24.223431 -6.168043 2.852797
v -24.221991 -4.896581 1.717335
v -23.746452 -3.579202 0.777147
v -22.896324 -2.291123 0.175368
v -24.212933 -6.165370 2.705949
v -24.157099 -4.883463 1.585810
v -23.636202 -3.562584 0.680969
v -22.757204 -2.277202 0.129179
v -24.195465 -6.160923 2.559808
v -24.085960 -4.869082 1.457692
v -23.521416 -3.545283 0.590377
v -22.615995 -2.263072 0.089906
v -24.171070 -6.154711 2.414729
v -24.008745 -4.853473 1.333289
v -23.402372 -3.527340 0.505591
v -22.473040 -2.248767 0.057644
v -24.139807 -6.146750 2.271060
v -23.925640 -4.836673 1.212902
v -23.279360 -3.508799 0.426814
v -22.328682 -2.234322 0.032470
v -24.101748 -6.137059 2.129146
v -23.836845 -4.818722 1.096820
v -23.152674 -3.489704 0.354236
v -22.183268 -2.219771 0.014446
v -24.056988 -6.125662 1.989330
v -23.742575 -4.799665 0.985323
v -23.022617 -3.470101 0.288032
v -22.037149 -2.205149 0.003614
v -21.890676 -2.190493 0.000000
v -24.005632 -6.112585 1.851950
v -23.643055 -4.779547 0.878680
v -22.889505 -3.450038 0.228361
v -23.885866 -7.367814 2.852797
v -23.947807 -6.097861 1.717335
v -23.538525 -4.758416 0.777147
v -22.753660 -3.429562 0.175368
v -23.875517 -7.364621 2.705949
v -23.883650 -6.081524 1.585810
v -23.429239 -4.736323 0.680969
v -22.615406 -3.408724 0.129179
v -23.858292 -7.359309 2.559808
v -23.813316 -6.063615 1.457692
v -23.315458 -4.713322 0.590377
v -22.475077 -3.387573 0.089906
v -23.834236 -7.351889 2.414729
v -23.736975 -6.044177 1.333289
v -23.197458 -4.689467 0.505591
v -22.333012 -3.366160 0.057644
v -23.803408 -7.342379 2.271060
v -23.654810 -6.023255 1.212902
v -23.075523 -4.664818 0.426814
v -22.189552 -3.344537 0.032470
v -23.765881 -7.330803 2.129146
v -23.567020 -6.000901 1.096820
v -22.949945 -4.639431 0.354236
v -22.045046 -3.322756 0.014446
v -23.721743 -7.317189 1.989330
v -23.473818 -5.977168 0.985323
v -22.821028 -4.613370 0.288032
v -21.899837 -3.300869 0.003614
v -21.754278 -3.278930 0.000000
v -23.671104 -7.301569 1.851950
v -23.375423 -5.952114 0.878680
v -22.689081 -4.586697 0.228361
v -23.488920 -8.549268 2.852797
v -23.614084 -7.283980 1.717335
v -23.272078 -5.925799 0.777147
v -22.554424 -4.559475 0.175368
v -23.478741 -8.545563 2.705949
v -23.550821 -7.264466 1.585810
v -23.164028 -5.898286 0.680969
v -22.417381 -4.531772 0.129179
v -23.461803 -8.539398 2.559808
v -23.481468 -7.243073 1.457692
v -23.051537 -5.869642 0.590377
v -22.278282 -4.503652 0.089906
v -23.438148 -8.530788 2.414729
v -23.406191 -7.219854 1.333289
v -22.934872 -5.839936 0.505591
v -22.137461 -4.475184 0.057644
v -23.407831 -8.519753 2.271060
v -23.325172 -7.194862 1.212902
v -22.814316 -5.809239 0.426814
v -21.995258 -4.446437 0.032470
v -23.370928 -8.506322 2.129146
v -23.238605 -7.168160 1.096820
v -22.690161 -5.777625 0.354236
v -21.852016 -4.417480 0.014446
v -23.327524 -8.490524 1.989330
v -23.146700 -7.139812 0.985323
v -22.562702 -5.745170 0.288032
v -21.708078 -4.388383 0.003614
v -21.563795 -4.359215 0.000000
v -23.277725 -8.472400 1.851950
v -23.049677 -7.109884 0.878680
v -22.432249 -5.711953 0.228361
v -23.033575 -9.709466 2.852797
v -23.221653 -8.451991 1.717335
v -22.947773 -7.078450 0.777147
v -22.299118 -5.678053 0.175368
v -23.023594 -9.705258 2.705949
v -23.159443 -8.429348 1.585810
v -22.841228 -7.045586 0.680969
v -22.163626 -5.643552 0.129179
v -23.006985 -9.698257 2.559808
v -23.091242 -8.404525 1.457692
v -22.730305 -7.011370 0.590377
v -22.026100 -5.608534 0.089906
v -22.983788 -9.688478 2.414729
v -23.017216 -8.377582 1.333289
v -22.615265 -6.975885 0.505591
v -21.886873 -5.573083 0.057644
v -22.954060 -9.675947 2.271060
v -22.937542 -8.348582 1.212902
v -22.496389 -6.939217 0.426814
v -21.746281 -5.537283 0.032470
v -22.917870 -9.660692 2.129146
v -22.852415 -8.317598 1.096820
v -22.373964 -6.901453 0.354236
v -21.604658 -5.501222 0.014446
v -22.875307 -9.642751 1.989330
v -22.762037 -8.284704 0.985323
v -22.248281 -6.862686 0.288032
v -21.462351 -5.464986 0.003614
v -21.319700 -5.428663 0.000000
v -22.826475 -9.622167 1.851950
v -22.666626 -8.249977 0.878680
v -22.119648 -6.823008 0.228361
v -22.520966 -10.845526 2.852797
v -22.771490 -9.598989 1.717335
v -22.566414 -8.213503 0.777147
v -21.988371 -6.782514 0.175368
v -22.511206 -10.840826 2.705949
v -22.710485 -9.573273 1.585810
v -22.461641 -8.175369 0.680969
v -21.854767 -6.741302 0.129179
v -22.494967 -10.833005 2.559808
v -22.643606 -9.545080 1.457692
v -22.352560 -8.135667 0.590377
v -21.719158 -6.699473 0.089906
v -22.472286 -10.822083 2.414729
v -22.571014 -9.514481 1.333289
v -22.239433 -8.094492 0.505591
v -21.581871 -6.657125 0.057644
v -22.443218 -10.808084 2.271060
v -22.492887 -9.481546 1.212902
v -22.122534 -8.051944 0.426814
v -21.443237 -6.614363 0.032470
v -22.407835 -10.791045 2.129146
v -22.409409 -9.446358 1.096820
v -22.002142 -8.008124 0.354236
v -21.303589 -6.571287 0.014446
v -22.366220 -10.771005 1.989330
v -22.320784 -9.408999 0.985323
v -21.878550 -7.963140 0.288032
v -21.163265 -6.528003 0.003614
v -21.022602 -6.484614 0.000000
v -22.318476 -10.748012 1.851950
v -22.227222 -9.369560 0.878680
v -21.752052 -7.917099 0.228361
v -21.952366 -11.954621 2.852797
v -22.264713 -10.722121 1.717335
v -22.128954 -9.328136 0.777147
v -21.622957 -7.870112 0.175368
v -21.942852 -11.949441 2.705949
v -22.205067 -10.693397 1.585810
v -22.026211 -9.284827 0.680969
v -21.491573 -7.822293 0.129179
v -21.927023 -11.940821 2.559808
v -22.139675 -10.661905 1.457692
v -21.919245 -9.239737 0.590377
v -21.358217 -7.773756 0.089906
v -21.904915 -11.928781 2.414729
v -22.068699 -10.627726 1.333289
v -21.808311 -9.192974 0.505591
v -21.223213 -7.724617 0.057644
v -21.876581 -11.913351 2.271060
v -21.992310 -10.590939 1.212902
v -21.693678 -9.144651 0.426814
v -21.086882 -7.674997 0.032470
v -21.842091 -11.894569 2.129146
v -21.910690 -10.551632 1.096820
v -21.575619 -9.094886 0.354236
v -20.949556 -7.625015 0.014446
v -21.801527 -11.872479 1.989330
v -21.824038 -10.509902 0.985323
v -21.454422 -9.043797 0.288032
v -20.811563 -7.574790 0.003614
v -20.673237 -7.524443 0.000000
v -20.272476 -8.545566 0.000000
v -21.754988 -11.847135 1.851950
v -21.732559 -10.465849 0.878680
v -21.330378 -8.991508 0.228361
v -21.329189 -13.033996 2.852797
v -21.702583 -11.818597 1.717335
v -21.636477 -10.419578 0.777147
v -21.203785 -8.938145 0.175368
v -21.319946 -13.028348 2.705949
v -21.644442 -11.786935 1.585810
v -21.536020 -10.371202 0.680969
v -21.074947 -8.883836 0.129179
v -21.304565 -13.018949 2.559808
v -21.580702 -11.752224 1.457692
v -21.431435 -10.320835 0.590377
v -20.944178 -8.828712 0.089906
v -21.283085 -13.005822 2.414729
v -21.511518 -11.714548 1.333289
v -21.322969 -10.268600 0.505591
v -20.811790 -8.772905 0.057644
v -21.255556 -12.988999 2.271060
v -21.437057 -11.673999 1.212902
v -21.210886 -10.214624 0.426814
v -20.678102 -8.716551 0.032470
v -21.222044 -12.968522 2.129146
v -21.357498 -11.630673 1.096820
v -21.095457 -10.159037 0.354236
v -20.543438 -8.659785 0.014446
v -21.182632 -12.944437 1.989330
v -21.273033 -11.584676 0.985323
v -20.976957 -10.101970 0.288032
v -20.408121 -8.602744 0.003614
v -21.137413 -12.916804 1.851950
v -21.183865 -11.536118 0.878680
v -20.855673 -10.043563 0.228361
v -20.652983 -14.080966 2.852797
v -21.086496 -12.885690 1.717335
v -21.090208 -11.485115 0.777147
v -20.731897 -9.983955 0.175368
v -20.644033 -14.074863 2.705949
v -21.030006 -12.851169 1.585810
v -20.992289 -11.431791 0.680969
v -20.605927 -9.923291 0.129179
v -20.629141 -14.064711 2.559808
v -20.968075 -12.813324 1.457692
v -20.890343 -11.376274 0.590377
v -20.478067 -9.861718 0.089906
v -20.608341 -14.050529 2.414729
v -20.900856 -12.772247 1.333289
v -20.784616 -11.318699 0.505591
v -20.348625 -9.799382 0.057644
v -20.581686 -14.032355 2.271060
v -20.828508 -12.728037 1.212902
v -20.675364 -11.259203 0.426814
v -20.217915 -9.736434 0.032470
v -20.549236 -14.010232 2.129146
v -20.751207 -12.680799 1.096820
v -20.562847 -11.197929 0.354236
v -20.086246 -9.673026 0.014446
v -20.511074 -13.984213 1.989330
v -20.669140 -12.630649 0.985323
v -20.447338 -11.135027 0.288032
v -19.821316 -9.545443 0.000000
v -19.953941 -9.609311 0.003614
v -20.467289 -13.954361 1.851950
v -20.582502 -12.577705 0.878680
v -20.329117 -11.070647 0.228361
v -19.925432 -15.092928 2.852797
v -20.417986 -13.920747 1.717335
v -20.491505 -12.522098 0.777147
v -20.208466 -11.004944 0.175368
v -19.916798 -15.086388 2.705949
v -20.363285 -13.883453 1.585810
v -20.396366 -12.463960 0.680969
v -20.085678 -10.938077 0.129179
v -19.902430 -15.075504 2.559808
v -20.303318 -13.842568 1.457692
v -20.297314 -12.403430 0.590377
v -19.961046 -10.870206 0.089906
v -19.882362 -15.060305 2.414729
v -20.238230 -13.798192 1.333289
v -20.194588 -12.340656 0.505591
v -19.834871 -10.801496 0.057644
v -19.856646 -15.040825 2.271060
v -20.168177 -13.750430 1.212902
v -20.088436 -12.275788 0.426814
v -19.707460 -10.732111 0.032470
v -19.825340 -15.017112 2.129146
v -20.093327 -13.699398 1.096820
v -19.979115 -12.208983 0.354236
v -19.579117 -10.662219 0.014446
v -19.788521 -14.989223 1.989330
v -20.013861 -13.645219 0.985323
v -19.866886 -12.140401 0.288032
v -19.320875 -10.521587 0.000000
v -19.450151 -10.591988 0.003614
v -19.746279 -14.957225 1.851950
v -19.929970 -13.588023 0.878680
v -19.752020 -12.070209 0.228361
v -19.148342 -16.067368 2.852797
v -19.698713 -14.921195 1.717335
v -19.841858 -13.527949 0.777147
v -19.634794 -11.998573 0.175368
v -19.140045 -16.060404 2.705949
v -19.645939 -14.881221 1.585810
v -19.749735 -13.465140 0.680969
v -19.515491 -11.925669 0.129179
v -19.126238 -16.048819 2.559808
v -19.588085 -14.837398 1.457692
v -19.653822 -13.399750 0.590377
v -19.394398 -11.851669 0.089906
v -19.106953 -16.032637 2.414729
v -19.525290 -14.789832 1.333289
v -19.554354 -13.331933 0.505591
v -19.271807 -11.776755 0.057644
v -19.082239 -16.011900 2.271060
v -19.457705 -14.738638 1.212902
v -19.451569 -13.261854 0.426814
v -19.148010 -11.701106 0.032470
v -19.052155 -15.986655 2.129146
v -19.385490 -14.683938 1.096820
v -19.345713 -13.189683 0.354236
v -19.023312 -11.624904 0.014446
v -19.016771 -15.956966 1.989330
v -19.308825 -14.625866 0.985323
v -19.237041 -13.115592 0.288032
v -18.898006 -11.548331 0.003614
v -18.772400 -11.471575 0.000000
v -18.976175 -15.922902 1.851950
v -19.227888 -14.564560 0.878680
v -19.125816 -13.039761 0.228361
v -18.323648 -17.001860 2.852797
v -18.930466 -15.884547 1.717335
v -19.142879 -14.500168 0.777147
v -19.012308 -12.962372 0.175368
v -18.315708 -16.994493 2.705949
v -18.879751 -15.841991 1.585810
v -19.054001 -14.432845 0.680969
v -18.896786 -12.883611 0.129179
v -18.302494 -16.982233 2.559808
v -18.824152 -15.795340 1.457692
v -18.961470 -14.362755 0.590377
v -18.779531 -12.803668 0.089906
v -18.284040 -16.965111 2.414729
v -18.763805 -15.744702 1.333289
v -18.865505 -14.290064 0.505591
v -18.660826 -12.722736 0.057644
v -18.260391 -16.943167 2.271060
v -18.698856 -15.690203 1.212902
v -18.766338 -14.214950 0.426814
v -18.540956 -12.641010 0.032470
v -18.231602 -16.916454 2.129146
v -18.629459 -15.631972 1.096820
v -18.664211 -14.137591 0.354236
v -18.420210 -12.558686 0.014446
v -18.197742 -16.885038 1.989330
v -18.555782 -15.570150 0.985323
v -18.559370 -14.058176 0.288032
v -18.298878 -12.475964 0.003614
v -18.177254 -12.393042 0.000000
v -18.158895 -16.848993 1.851950
v -18.478003 -15.504886 0.878680
v -18.452063 -13.976895 0.228361
v -17.453398 -17.894085 2.852797
v -18.115154 -16.808407 1.717335
v -18.396309 -15.436337 0.777147
v -18.342552 -13.893944 0.175368
v -17.445833 -17.886330 2.705949
v -18.066624 -16.763376 1.585810
v -18.310898 -15.364668 0.680969
v -18.231102 -13.809523 0.129179
v -17.433249 -17.873426 2.559808
v -18.013420 -16.714010 1.457692
v -18.221973 -15.290051 0.590377
v -18.117977 -13.723835 0.089906
v -17.415670 -17.855406 2.414729
v -17.955671 -16.660429 1.333289
v -18.129753 -15.212668 0.505591
v -18.003454 -13.637086 0.057644
v -17.393145 -17.832310 2.271060
v -17.893520 -16.602760 1.212902
v -18.034454 -15.132704 0.426814
v -17.887806 -13.549486 0.032470
v -17.365723 -17.804195 2.129146
v -17.827112 -16.541142 1.096820
v -17.936310 -15.050351 0.354236
v -17.771313 -13.461246 0.014446
v -17.333471 -17.771132 1.989330
v -17.756607 -16.475725 0.985323
v -17.835556 -14.965809 0.288032
v -17.654255 -13.372579 0.003614
v -17.536915 -13.283697 0.000000
v -17.296471 -17.733194 1.851950
v -17.682178 -16.406664 0.878680
v -17.732435 -14.879280 0.228361
v -16.539755 -18.741821 2.852797
v -17.254807 -17.690479 1.717335
v -17.604004 -16.334129 0.777147
v -17.627195 -14.790974 0.175368
v -16.532587 -18.733700 2.705949
v -17.208580 -17.643085 1.585810
v -17.522270 -16.258291 0.680969
v -17.520090 -14.701101 0.129179
v -16.520660 -18.720184 2.559808
v -17.157904 -17.591129 1.457692
v -17.437176 -16.179335 0.590377
v -17.411379 -14.609881 0.089906
v -16.504004 -18.701309 2.414729
v -17.102898 -17.534735 1.333289
v -17.348927 -16.097452 0.505591
v -17.301321 -14.517532 0.057644
v -16.482656 -18.677120 2.271060
v -17.043697 -17.474039 1.212902
v -17.257732 -16.012836 0.426814
v -17.190184 -14.424277 0.032470
v -16.456671 -18.647675 2.129146
v -16.980444 -17.409189 1.096820
v -17.163816 -15.925694 0.354236
v -17.078234 -14.330340 0.014446
v -16.426107 -18.613043 1.989330
v -16.913288 -17.340338 0.985323
v -17.067402 -15.836234 0.288032
v -16.965742 -14.235948 0.003614
v -16.852978 -14.141328 0.000000
v -16.127142 -14.963800 0.000000
v -16.391043 -18.573309 1.851950
v -16.842394 -17.267654 0.878680
v -16.968721 -15.744673 0.228361
v -15.584992 -19.542961 2.852797
v -16.351559 -18.528568 1.717335
v -16.767931 -17.191311 0.777147
v -16.868015 -15.651230 0.175368
v -15.578238 -19.534492 2.705949
v -16.307753 -18.478930 1.585810
v -16.690081 -17.111494 0.680969
v -16.765522 -15.556131 0.129179
v -15.567000 -19.520401 2.559808
v -16.259729 -18.424513 1.457692
v -16.609028 -17.028395 0.590377
v -16.661493 -15.459606 0.089906
v -15.551305 -19.500719 2.414729
v -16.207603 -18.365448 1.333289
v -16.524969 -16.942213 0.505591
v -16.556175 -15.361886 0.057644
v -15.531189 -19.475496 2.271060
v -16.151501 -18.301876 1.212902
v -16.438107 -16.853159 0.426814
v -16.449823 -15.263206 0.032470
v -15.506703 -19.444792 2.129146
v -16.091558 -18.233953 1.096820
v -16.348650 -16.761442 0.354236
v -16.342695 -15.163806 0.014446
v -15.477905 -19.408678 1.989330
v -16.027920 -18.161840 0.985323
v -16.256815 -16.667288 0.288032
v -16.235048 -15.063924 0.003614
v -15.444864 -19.367247 1.851950
v -15.960736 -18.085712 0.878680
v -16.162821 -16.570921 0.228361
v -14.591482 -20.295517 2.852797
v -15.407660 -19.320595 1.717335
v -15.890172 -18.005753 0.777147
v -16.066896 -16.472576 0.175368
v -14.585159 -20.286720 2.705949
v -15.366383 -19.268833 1.585810
v -15.816396 -17.922155 0.680969
v -15.969273 -16.372486 0.129179
v -14.574637 -20.272085 2.559808
v -15.321131 -19.212090 1.457692
v -15.739586 -17.835119 0.590377
v -15.870183 -16.270895 0.089906
v -14.559942 -20.251646 2.414729
v -15.272014 -19.150499 1.333289
v -15.659927 -17.744854 0.505591
v -15.769868 -16.168047 0.057644
v -14.541110 -20.225452 2.271060
v -15.219151 -19.084211 1.212902
v -15.577612 -17.651581 0.426814
v -15.668568 -16.064190 0.032470
v -14.518185 -20.193565 2.129146
v -15.162668 -19.013384 1.096820
v -15.492838 -17.555519 0.354236
v -15.566527 -15.959573 0.014446
v -14.491222 -20.156063 1.989330
v -15.102702 -18.938189 0.985323
v -15.405809 -17.456905 0.288032
v -15.463992 -15.854448 0.003614
v -15.361210 -15.749071 0.000000
v -14.460287 -20.113035 1.851950
v -15.039397 -18.858809 0.878680
v -15.316737 -17.355972 0.228361
v -13.561696 -20.997612 2.852797
v -14.425455 -20.064587 1.717335
v -14.972906 -18.775431 0.777147
v -15.225834 -17.252968 0.175368
v -13.555820 -20.988514 2.705949
v -14.386808 -20.010832 1.585810
v -14.903389 -18.688259 0.680969
v -15.133320 -17.148136 0.129179
v -13.546040 -20.973372 2.559808
v -14.344441 -19.951904 1.457692
v -14.831013 -18.597502 0.590377
v -15.039418 -17.041733 0.089906
v -13.532382 -20.952225 2.414729
v -14.298456 -19.887941 1.333289
v -14.755953 -18.503380 0.505591
v -14.944354 -16.934011 0.057644
v -13.514878 -20.925125 2.271060
v -14.248962 -19.819099 1.212902
v -14.678390 -18.406118 0.426814
v -14.848357 -16.825233 0.032470
v -13.493571 -20.892134 2.129146
v -14.196080 -19.745546 1.096820
v -14.598509 -18.305950 0.354236
v -14.751658 -16.715660 0.014446
v -13.468512 -20.853334 1.989330
v -14.139937 -19.667456 0.985323
v -14.516504 -18.203121 0.288032
v -14.654490 -16.605556 0.003614
v -14.557089 -16.495186 0.000000
v -13.439760 -20.808819 1.851950
v -14.080668 -19.585016 0.878680
v -14.432573 -18.097874 0.228361
v -12.498193 -21.647505 2.852797
v -13.407386 -20.758694 1.717335
v -14.018415 -19.498428 0.777147
v -14.346918 -17.990465 0.175368
v -12.492777 -21.638124 2.705949
v -13.371467 -20.703081 1.585810
v -13.953330 -19.407900 0.680969
v -14.259745 -17.881153 0.129179
v -12.483765 -21.622515 2.559808
v -13.332090 -20.642113 1.457692
v -13.885568 -19.313648 0.590377
v -14.171263 -17.770201 0.089906
v -12.471178 -21.600714 2.414729
v -13.289350 -20.575939 1.333289
v -13.815292 -19.215902 0.505591
v -14.081686 -17.657875 0.057644
v -12.455047 -21.572775 2.271060
v -13.243349 -20.504715 1.212902
v -13.742674 -19.114895 0.426814
v -13.991231 -17.544449 0.032470
v -12.435410 -21.538763 2.129146
v -13.194200 -20.428617 1.096820
v -13.667886 -19.010870 0.354236
v -13.900114 -17.430191 0.014446
v -12.412316 -21.498762 1.989330
v -13.142018 -20.347824 0.985323
v -13.591108 -18.904081 0.288032
v -13.808556 -17.315380 0.003614
v -13.716776 -17.200293 0.000000
v -12.842360 -17.862637 0.000000
v -12.385819 -21.452868 1.851950
v -13.086932 -20.262535 0.878680
v -13.512527 -18.794783 0.228361
v -11.403618 -22.243580 2.852797
v -12.355984 -21.401192 1.717335
v -13.029073 -20.172951 0.777147
v -13.432333 -18.683237 0.175368
v -11.398676 -22.233940 2.705949
v -12.322882 -21.343857 1.585810
v -12.968581 -20.079290 0.680969
v -13.350717 -18.569715 0.129179
v -11.390453 -22.217901 2.559808
v -12.286592 -21.281004 1.457692
v -12.905602 -19.981779 0.590377
v -13.267876 -18.454491 0.089906
v -11.378968 -22.195499 2.414729
v -12.247205 -21.212780 1.333289
v -12.840285 -19.880650 0.505591
v -13.184009 -18.337839 0.057644
v -11.364250 -22.166790 2.271060
v -12.204811 -21.139353 1.212902
v -12.772791 -19.776150 0.426814
v -13.099319 -18.220045 0.032470
v -11.346334 -22.131842 2.129146
v -12.159515 -21.060900 1.096820
v -12.703281 -19.668528 0.354236
v -13.014011 -18.101387 0.014446
v -11.325262 -22.090740 1.989330
v -12.111426 -20.977606 0.985323
v -12.631923 -19.558043 0.288032
v -12.928289 -17.982157 0.003614
v -11.301085 -22.043583 1.851950
v -12.060660 -20.889677 0.878680
v -12.558888 -19.444962 0.228361
v -10.280691 -22.784353 2.852797
v -11.273863 -21.990484 1.717335
v -12.007339 -20.797319 0.777147
v -12.484353 -19.329559 0.175368
v -10.276237 -22.774479 2.705949
v -11.243660 -21.931570 1.585810
v -11.951590 -20.700762 0.680969
v -12.408497 -19.212111 0.129179
v -10.268823 -22.758049 2.559808
v -11.210549 -21.866985 1.457692
v -11.893549 -20.600231 0.590377
v -12.331502 -19.092899 0.089906
v -10.258470 -22.735104 2.414729
v -11.174610 -21.796885 1.333289
v -11.833355 -20.495974 0.505591
v -12.253554 -18.972214 0.057644
v -10.245200 -22.705696 2.271060
v -11.135930 -21.721436 1.212902
v -11.771154 -20.388237 0.426814
v -12.174842 -18.850342 0.032470
v -10.229048 -22.669899 2.129146
v -11.094602 -21.640820 1.096820
v -11.707095 -20.277283 0.354236
v -12.095554 -18.727581 0.014446
v -10.210052 -22.627798 1.989330
v -11.050724 -21.555235 0.985323
v -11.641333 -20.163380 0.288032
v -12.015882 -18.604225 0.003614
v -11.936018 -18.480570 0.000000
v -11.000000 -19.052559 0.000000
v -10.188255 -22.579494 1.851950
v -11.004403 -21.464884 0.878680
v -11.574025 -20.046799 0.228361
v -9.132205 -23.268480 2.852797
v -10.163713 -22.525103 1.717335
v -10.955751 -21.369984 0.777147
v -11.505335 -19.927824 0.175368
v -9.128248 -23.258396 2.705949
v -10.136485 -22.464758 1.585810
v -10.904885 -21.270765 0.680969
v -11.435427 -19.806740 0.129179
v -9.121663 -23.241617 2.559808
v -10.106634 -22.398603 1.457692
v -10.851928 -21.167467 0.590377
v -11.364470 -19.683840 0.089906
v -9.112466 -23.218184 2.414729
v -10.074234 -22.326797 1.333289
v -10.797006 -21.060339 0.505591
v -11.292636 -19.559418 0.057644
v -9.100679 -23.188152 2.271060
v -10.039363 -22.249514 1.212902
v -10.740252 -20.949636 0.426814
v -11.220096 -19.433775 0.032470
v -9.086331 -23.151594 2.129146
v -10.002104 -22.166939 1.096820
v -10.681803 -20.835629 0.354236
v -11.147026 -19.307215 0.014446
v -9.069456 -23.108599 1.989330
v -9.962547 -22.079273 0.985323
v -10.621800 -20.718588 0.288032
v -11.073602 -19.180040 0.003614
v -9.050096 -23.059269 1.851950
v -9.920788 -21.986725 0.878680
v -10.560388 -20.598797 0.228361
v -7.961015 -23.694757 2.852797
v -9.028296 -23.003721 1.717335
v -9.876926 -21.889519 0.777147
v -10.497713 -20.476545 0.175368
v -7.957565 -23.684490 2.705949
v -9.004108 -22.942095 1.585810
v -9.831070 -21.787888 0.680969
v -10.433928 -20.352129 0.129179
v -7.951825 -23.667404 2.559808
v -8.977592 -22.874533 1.457692
v -9.783326 -21.682079 0.590377
v -10.369184 -20.225843 0.089906
v -7.943807 -23.643541 2.414729
v -8.948812 -22.801203 1.333289
v -9.733813 -21.572346 0.505591
v -10.303641 -20.097996 0.057644
v -7.933532 -23.612959 2.271060
v -8.917836 -22.722277 1.212902
v -9.682648 -21.458952 0.426814
v -10.237454 -19.968893 0.032470
v -7.921024 -23.575731 2.129146
v -8.884740 -22.637947 1.096820
v -9.629954 -21.342171 0.354236
v -10.170784 -19.838848 0.014446
v -7.906314 -23.531948 1.989330
v -8.849602 -22.548418 0.985323
v -9.575860 -21.222286 0.288032
v -10.103790 -19.708172 0.003614
v -10.036634 -19.577179 0.000000
v -7.889436 -23.481714 1.851950
v -8.812508 -22.453903 0.878680
v -9.520494 -21.099583 0.228361
v -6.770033 -24.062128 2.852797
v -7.870432 -23.425150 1.717335
v -8.773546 -22.354631 0.777147
v -9.463991 -20.974360 0.175368
v -6.767099 -24.051701 2.705949
v -7.849347 -23.362394 1.585810
v -8.732812 -22.250843 0.680969
v -9.406487 -20.846918 0.129179
v -6.762218 -24.034349 2.559808
v -7.826231 -23.293594 1.457692
v -8.690403 -22.142784 0.590377
v -9.348120 -20.717562 0.089906
v -6.755399 -24.010117 2.414729
v -7.801142 -23.218920 1.333289
v -8.646420 -22.030720 0.505591
v -9.289031 -20.586607 0.057644
v -6.746662 -23.979061 2.271060
v -7.774139 -23.138548 1.212902
v -8.600971 -21.914917 0.426814
v -9.229362 -20.454367 0.032470
v -6.736025 -23.941256 2.129146
v -7.745287 -23.052675 1.096820
v -8.554164 -21.795654 0.354236
v -9.169256 -20.321157 0.014446
v -6.723515 -23.896793 1.989330
v -7.714655 -22.961506 0.985323
v -8.506113 -21.673222 0.288032
v -9.108859 -20.187305 0.003614
v -9.048316 -20.053129 0.000000
v -6.709162 -23.845779 1.851950
v -7.682319 -22.865259 0.878680
v -8.456932 -21.547913 0.228361
v -5.562219 -24.369675 2.852797
v -6.693001 -23.788340 1.717335
v -7.648354 -22.764170 0.777147
v -8.406741 -21.420029 0.175368
v -5.559809 -24.359114 2.705949
v -6.675070 -23.724609 1.585810
v -7.612844 -22.658478 0.680969
v -8.355661 -21.289877 0.129179
v -5.555798 -24.341541 2.559808
v -6.655413 -23.654745 1.457692
v -7.575873 -22.548441 0.590377
v -8.303815 -21.157774 0.089906
v -5.550196 -24.316999 2.414729
v -6.634077 -23.578913 1.333289
v -7.537531 -22.434322 0.505591
v -8.251326 -21.024036 0.057644
v -5.543017 -24.285545 2.271060
v -6.611114 -23.497295 1.212902
v -7.497911 -22.316399 0.426814
v -8.198322 -20.888985 0.032470
v -5.534278 -24.247257 2.129146
v -6.586578 -23.410089 1.096820
v -7.457107 -22.194952 0.354236
v -8.144932 -20.752947 0.014446
v -5.524000 -24.202227 1.989330
v -6.560529 -23.317507 0.985323
v -7.415218 -22.070274 0.288032
v -8.091282 -20.616249 0.003614
v -8.037502 -20.479223 0.000000
v -5.512208 -24.150562 1.851950
v -6.533030 -23.219769 0.878680
v -7.372345 -21.942671 0.228361
v -4.340577 -24.616634 2.852797
v -5.498930 -24.092388 1.717335
v -6.504146 -23.117109 0.777147
v -7.328591 -21.812443 0.175368
v -4.338696 -24.605967 2.705949
v -5.484199 -24.027843 1.585810
v -6.473948 -23.009781 0.680969
v -7.284062 -21.679909 0.129179
v -4.335566 -24.588217 2.559808
v -5.468048 -23.957085 1.457692
v -6.442509 -22.898037 0.590377
v -7.238864 -21.545383 0.089906
v -4.331194 -24.563425 2.414729
v -5.450519 -23.880283 1.333289
v -6.409903 -22.782150 0.505591
v -7.193107 -21.409197 0.057644
v -4.325593 -24.531654 2.271060
v -5.431652 -23.797623 1.212902
v -6.376210 -22.662397 0.426814
v -7.146902 -21.271671 0.032470
v -4.318773 -24.492977 2.129146
v -5.411494 -23.709303 1.096820
v -6.341510 -22.539066 0.354236
v -7.100358 -21.133141 0.014446
v -4.310752 -24.447491 1.989330
v -5.390092 -23.615536 0.985323
v -6.305888 -22.412458 0.288032
v -7.053588 -20.993938 0.003614
v -7.006706 -20.854403 0.000000
v -4.301550 -24.395302 1.851950
v -5.367499 -23.516548 0.878680
v -6.269429 -22.282875 0.228361
v -3.108143 -24.802395 2.852797
v -4.291188 -24.336538 1.717335
v -5.343768 -23.412579 0.777147
v -6.232221 -22.150629 0.175368
v -3.106796 -24.791647 2.705949
v -4.279692 -24.271339 1.585810
v -5.318958 -23.303877 0.680969
v -6.194353 -22.016039 0.129179
v -3.104555 -24.773762 2.559808
v -4.267089 -24.199863 1.457692
v -5.293127 -23.190706 0.590377
v -6.155917 -21.879429 0.089906
v -3.101425 -24.748783 2.414729
v -4.253409 -24.122284 1.333289
v -5.266338 -23.073338 0.505591
v -6.117005 -21.741129 0.057644
v -3.097413 -24.716772 2.271060
v -4.238687 -24.038786 1.212902
v -5.238657 -22.952053 0.426814
v -6.077712 -21.601473 0.032470
v -3.092530 -24.677803 2.129146
v -4.222956 -23.949570 1.096820
v -5.210147 -22.827148 0.354236
v -6.038131 -21.460794 0.014446
v -3.086787 -24.631973 1.989330
v -4.206254 -23.854855 0.985323
v -5.180881 -22.698921 0.288032
v -5.998359 -21.319435 0.003614
v -5.958490 -21.177734 0.000000
v -3.080197 -24.579391 1.851950
v -4.188623 -23.754864 0.878680
v -5.150926 -22.567680 0.228361
v -1.867982 -24.926491 2.852797
v -3.072778 -24.520184 1.717335
v -4.170105 -23.649839 0.777147
v -5.120356 -22.433744 0.175368
v -1.867173 -24.915689 2.705949
v -3.064546 -24.454493 1.585810
v -4.150743 -23.540037 0.680969
v -5.089244 -22.297434 0.129179
v -1.865826 -24.897715 2.559808
v -3.055521 -24.382479 1.457692
v -4.130586 -23.425718 0.590377
v -5.057665 -22.159079 0.089906
v -1.863945 -24.872612 2.414729
v -3.045726 -24.304314 1.333289
v -4.109681 -23.307159 0.505591
v -5.025696 -22.019011 0.057644
v -1.861534 -24.840441 2.271060
v -3.035183 -24.220184 1.212902
v -4.088079 -23.184649 0.426814
v -4.993412 -21.877569 0.032470
v -1.858599 -24.801277 2.129146
v -3.023918 -24.130297 1.096820
v -4.065832 -23.058475 0.354236
v -4.960893 -21.735092 0.014446
v -1.855147 -24.755217 1.989330
v -3.011959 -24.034864 0.985323
v -4.042993 -22.928949 0.288032
v -4.928216 -21.591927 0.003614
v -4.895461 -21.448414 0.000000
v -3.820260 -21.665771 0.000000
v -1.851187 -24.702372 1.851950
v -2.999334 -23.934120 0.878680
v -4.019617 -22.796379 0.228361
v -0.623177 -24.988617 2.852797
v -1.846728 -24.642868 1.717335
v -2.986074 -23.828304 0.777147
v -3.995761 -22.661085 0.175368
v -0.622907 -24.977789 2.705949
v -1.841780 -24.576849 1.585810
v -2.972210 -23.717672 0.680969
v -3.971482 -22.523394 0.129179
v -0.622458 -24.959768 2.559808
v -1.836357 -24.504475 1.457692
v -2.957776 -23.602491 0.590377
v -3.946839 -22.383636 0.089906
v -0.621830 -24.934603 2.414729
v -1.830469 -24.425917 1.333289
v -2.942806 -23.483038 0.505591
v -3.921891 -22.242149 0.057644
v -0.621026 -24.902351 2.271060
v -1.824133 -24.341368 1.212902
v -2.927338 -23.359602 0.426814
v -3.896698 -22.099274 0.032470
v -0.620047 -24.863091 2.129146
v -1.817364 -24.251030 1.096820
v -2.911407 -23.232477 0.354236
v -3.871321 -21.955355 0.014446
v -0.618895 -24.816916 1.989330
v -1.810176 -24.155121 0.985323
v -2.895053 -23.101973 0.288032
v -3.845821 -21.810738 0.003614
v -0.617574 -24.763939 1.851950
v -1.802589 -24.053873 0.878680
v -2.878314 -22.968403 0.228361
v 0.623177 -24.988617 2.852797
v -0.616086 -24.704287 1.717335
v -1.794619 -23.947527 0.777147
v -2.861232 -22.832088 0.175368
v 0.622907 -24.977789 2.705949
v -0.614436 -24.638103 1.585810
v -1.786287 -23.836342 0.680969
v -2.843847 -22.693357 0.129179
v 0.622458 -24.959768 2.559808
v -0.612626 -24.565548 1.457692
v -1.777612 -23.720585 0.590377
v -2.826201 -22.552546 0.089906
v 0.621830 -24.934603 2.414729
v -0.610663 -24.486795 1.333289
v -1.768615 -23.600534 0.505591
v -2.808336 -22.409992 0.057644
v 0.621026 -24.902351 2.271060
v -0.608549 -24.402035 1.212902
v -1.759319 -23.476479 0.426814
v -2.790297 -22.266037 0.032470
v 0.620047 -24.863091 2.129146
v -0.606290 -24.311472 1.096820
v -1.749745 -23.348719 0.354236
v -2.772125 -22.121033 0.014446
v 0.618895 -24.816916 1.989330
v -0.603893 -24.215324 0.985323
v -1.739916 -23.217562 0.288032
v -2.753865 -21.975323 0.003614
v -2.735562 -21.829262 0.000000
v 0.617574 -24.763939 1.851950
v -0.601361 -24.113823 0.878680
v -1.729856 -23.083324 0.228361
v 1.867982 -24.926491 2.852797
v 0.616086 -24.704287 1.717335
v -0.598702 -24.007214 0.777147
v -1.719589 -22.946327 0.175368
v 1.867173 -24.915689 2.705949
v 0.614436 -24.638103 1.585810
v -0.595923 -23.895750 0.680969
v -1.709141 -22.806902 0.129179
v 1.865826 -24.897715 2.559808
v 0.612626 -24.565548 1.457692
v -0.593029 -23.779705 0.590377
v -1.698536 -22.665386 0.089906
v 1.863945 -24.872612 2.414729
v 0.610663 -24.486795 1.333289
v -0.590027 -23.659355 0.505591
v -1.687799 -22.522118 0.057644
v 1.861534 -24.840441 2.271060
v 0.608549 -24.402035 1.212902
v -0.586926 -23.534990 0.426814
v -1.676958 -22.377443 0.032470
v 1.858599 -24.801277 2.129146
v 0.606290 -24.311472 1.096820
v -0.583732 -23.406912 0.354236
v -1.666037 -22.231712 0.014446
v 1.855147 -24.755217 1.989330
v 0.603893 -24.215324 0.985323
v -0.580453 -23.275429 0.288032
v -1.655063 -22.085276 0.003614
v -1.644062 -21.938484 0.000000
v 1.851187 -24.702372 1.851950
v 0.601361 -24.113823 0.878680
v -0.577097 -23.140856 0.228361
v 3.108143 -24.802395 2.852797
v 1.846728 -24.642868 1.717335
v 0.598702 -24.007214 0.777147
v -0.573672 -23.003517 0.175368
v 3.106796 -24.791647 2.705949
v 1.841780 -24.576849 1.585810
v 0.595923 -23.895750 0.680969
v -0.570186 -22.863745 0.129179
v 3.104555 -24.773762 2.559808
v 1.836357 -24.504475 1.457692
v 0.593029 -23.779705 0.590377
v -0.566648 -22.721876 0.089906
v 3.101425 -24.748783 2.414729
v 1.830469 -24.425917 1.333289
v 0.590027 -23.659355 0.505591
v -0.563066 -22.578251 0.057644
v 3.097413 -24.716772 2.271060
v 1.824133 -24.341368 1.212902
v 0.586926 -23.534990 0.426814
v -0.559449 -22.433216 0.032470
v 3.092530 -24.677803 2.129146
v 1.817364 -24.251030 1.096820
v 0.583732 -23.406912 0.354236
v -0.555806 -22.287123 0.014446
v 3.086787 -24.631973 1.989330
v 1.810176 -24.155121 0.985323
v 0.580453 -23.275429 0.288032
v -0.552145 -22.140320 0.003614
v -0.548475 -21.993162 0.000000
v 3.080197 -24.579391 1.851950
v 1.802589 -24.053873 0.878680
v 0.577097 -23.140856 0.228361
v 4.340577 -24.616634 2.852797
v 3.072778 -24.520184 1.717335
v 1.794619 -23.947527 0.777147
v 0.573672 -23.003517 0.175368
v 4.338696 -24.605967 2.705949
v 3.064546 -24.454493 1.585810
v 1.786287 -23.836342 0.680969
v 0.570186 -22.863745 0.129179
v 4.335566 -24.588217 2.559808
v 3.055521 -24.382479 1.457692
v 1.777612 -23.720585 0.590377
v 0.566648 -22.721876 0.089906
v 4.331194 -24.563425 2.414729
v 3.045726 -24.304314 1.333289
v 1.768615 -23.600534 0.505591
v 0.563066 -22.578251 0.057644
v 4.325593 -24.531654 2.271060
v 3.035183 -24.220184 1.212902
v 1.759319 -23.476479 0.426814
v 0.559449 -22.433216 0.032470
v 4.318773 -24.492977 2.129146
v 3.023918 -24.130297 1.096820
v 1.749745 -23.348719 0.354236
v 0.555806 -22.287123 0.014446
v 4.310752 -24.447491 1.989330
v 3.011959 -24.034864 0.985323
v 1.739916 -23.217562 0.288032
v 0.552145 -22.140320 0.003614
v 0.548475 -21.993162 0.000000
v 4.301550 -24.395302 1.851950
v 2.999334 -23.934120 0.878680
v 1.729856 -23.083324 0.228361
v 5.562219 -24.369675 2.852797
v 4.291188 -24.336538 1.717335
v 2.986074 -23.828304 0.777147
v 1.719589 -22.946327 0.175368
v 5.559809 -24.359114 2.705949
v 4.279692 -24.271339 1.585810
v 2.972210 -23.717672 0.680969
v 1.709141 -22.806902 0.129179
v 5.555798 -24.341541 2.559808
v 4.267089 -24.199863 1.457692
v 2.957776 -23.602491 0.590377
v 1.698536 -22.665386 0.089906
v 5.550196 -24.316999 2.414729
v 4.253409 -24.122284 1.333289
v 2.942806 -23.483038 0.505591
v 1.687799 -22.522118 0.057644
v 5.543017 -24.285545 2.271060
v 4.238687 -24.038786 1.212902
v 2.927338 -23.359602 0.426814
v 1.676958 -22.377443 0.032470
v 5.534278 -24.247257 2.129146
v 4.222956 -23.949570 1.096820
v 2.911407 -23.232477 0.354236
v 1.666037 -22.231712 0.014446
v 5.524000 -24.202227 1.989330
v 4.206254 -23.854855 0.985323
v 2.895053 -23.101973 0.288032
v 1.655063 -22.085276 0.003614
v 1.644062 -21.938484 0.000000
v 5.512208 -24.150562 1.851950
v 4.188623 -23.754864 0.878680
v 2.878314 -22.968403 0.228361
v 6.770033 -24.062128 2.852797
v 5.498930 -24.092388 1.717335
v 4.170105 -23.649839 0.777147
v 2.861232 -22.832088 0.175368
v 6.767099 -24.051701 2.705949
v 5.484199 -24.027843 1.585810
v 4.150743 -23.540037 0.680969
v 2.843847 -22.693357 0.129179
v 6.762218 -24.034349 2.559808
v 5.468048 -23.957085 1.457692
v 4.130586 -23.425718 0.590377
v 2.826201 -22.552546 0.089906
v 6.755399 -24.010117 2.414729
v 5.450519 -23.880283 1.333289
v 4.109681 -23.307159 0.505591
v 2.808336 -22.409992 0.057644
v 6.746662 -23.979061 2.271060
v 5.431652 -23.797623 1.212902
v 4.088079 -23.184649 0.426814
v 2.790297 -22.266037 0.032470
v 6.736025 -23.941256 2.129146
v 5.411494 -23.709303 1.096820
v 4.065832 -23.058475 0.354236
v 2.772125 -22.121033 0.014446
v 6.723515 -23.896793 1.989330
v 5.390092 -23.615536 0.985323
v 4.042993 -22.928949 0.288032
v 2.753865 -21.975323 0.003614
v 2.735562 -21.829262 0.000000
v 6.709162 -23.845779 1.851950
v 5.367499 -23.516548 0.878680
v 4.019617 -22.796379 0.228361
v 7.961015 -23.694757 2.852797
v 6.693001 -23.788340 1.717335
v 5.343768 -23.412579 0.777147
v 3.995761 -22.661085 0.175368
v 7.957565 -23.684490 2.705949
v 6.675070 -23.724609 1.585810
v 5.318958 -23.303877 0.680969
v 3.971482 -22.523394 0.129179
v 7.951825 -23.667404 2.559808
v 6.655413 -23.654745 1.457692
v 5.293127 -23.190706 0.590377
v 3.946839 -22.383636 0.089906
v 7.943807 -23.643541 2.414729
v 6.634077 -23.578913 1.333289
v 5.266338 -23.073338 0.505591
v 3.921891 -22.242149 0.057644
v 7.933532 -23.612959 2.271060
v 6.611114 -23.497295 1.212902
v 5.238657 -22.952053 0.426814
v 3.896698 -22.099274 0.032470
v 7.921024 -23.575731 2.129146
v 6.586578 -23.410089 1.096820
v 5.210147 -22.827148 0.354236
v 3.871321 -21.955355 0.014446
v 7.906314 -23.531948 1.989330
v 6.560529 -23.317507 0.985323
v 5.180881 -22.698921 0.288032
v 3.845821 -21.810738 0.003614
v 3.820260 -21.665771 0.000000
v 7.889436 -23.481714 1.851950
v 6.533030 -23.219769 0.878680
v 5.150926 -22.567680 0.228361
v 9.132205 -23.268480 2.852797
v 7.870432 -23.425150 1.717335
v 6.504146 -23.117109 0.777147
v 5.120356 -22.433744 0.175368
v 9.128248 -23.258396 2.705949
v 7.849347 -23.362394 1.585810
v 6.473948 -23.009781 0.680969
v 5.089244 -22.297434 0.129179
v 9.121663 -23.241617 2.559808
v 7.826231 -23.293594 1.457692
v 6.442509 -22.898037 0.590377
v 5.057665 -22.159079 0.089906
v 9.112466 -23.218184 2.414729
v 7.801142 -23.218920 1.333289
v 6.409903 -22.782150 0.505591
v 5.025696 -22.019011 0.057644
v 9.100679 -23.188152 2.271060
v 7.774139 -23.138548 1.212902
v 6.376210 -22.662397 0.426814
v 4.993412 -21.877569 0.032470
v 9.086331 -23.151594 2.129146
v 7.745287 -23.052675 1.096820
v 6.341510 -22.539066 0.354236
v 4.960893 -21.735092 0.014446
v 9.069456 -23.108599 1.989330
v 7.714655 -22.961506 0.985323
v 6.305888 -22.412458 0.288032
v 4.928216 -21.591927 0.003614
v 4.895461 -21.448414 0.000000
v 9.050096 -23.059269 1.851950
v 7.682319 -22.865259 0.878680
v 6.269429 -22.282875 0.228361
v 10.280691 -22.784353 2.852797
v 9.028296 -23.003721 1.717335
v 7.648354 -22.764170 0.777147
v 6.232221 -22.150629 0.175368
v 10.276237 -22.774479 2.705949
v 9.004108 -22.942095 1.585810
v 7.612844 -22.658478 0.680969
v 6.194353 -22.016039 0.129179
v 10.268823 -22.758049 2.559808
v 8.977592 -22.874533 1.457692
v 7.575873 -22.548441 0.590377
v 6.155917 -21.879429 0.089906
v 10.258470 -22.735104 2.414729
v 8.948812 -22.801203 1.333289
v 7.537531 -22.434322 0.505591
v 6.117005 -21.741129 0.057644
v 10.245200 -22.705696 2.271060
v 8.917836 -22.722277 1.212902
v 7.497911 -22.316399 0.426814
v 6.077712 -21.601473 0.032470
v 10.229048 -22.669899 2.129146
v 8.884740 -22.637947 1.096820
v 7.457107 -22.194952 0.354236
v 6.038131 -21.460794 0.014446
v 10.210052 -22.627798 1.989330
v 8.849602 -22.548418 0.985323
v 7.415218 -22.070274 0.288032
v 5.998359 -21.319435 0.003614
v 5.958490 -21.177734 0.000000
v 10.188255 -22.579494 1.851950
v 8.812508 -22.453903 0.878680
v 7.372345 -21.942671 0.228361
v 11.403618 -22.243580 2.852797
v 10.163713 -22.525103 1.717335
v 8.773546 -22.354631 0.777147
v 7.328591 -21.812443 0.175368
v 11.398676 -22.233940 2.705949
v 10.136485 -22.464758 1.585810
v 8.732812 -22.250843 0.680969
v 7.284062 -21.679909 0.129179
v 11.390453 -22.217901 2.559808
v 10.106634 -22.398603 1.457692
v 8.690403 -22.142784 0.590377
v 7.238864 -21.545383 0.089906
v 11.378968 -22.195499 2.414729
v 10.074234 -22.326797 1.333289
v 8.646420 -22.030720 0.505591
v 7.193107 -21.409197 0.057644
v 11.364250 -22.166790 2.271060
v 10.039363 -22.249514 1.212902
v 8.600971 -21.914917 0.426814
v 7.146902 -21.271671 0.032470
v 11.346334 -22.131842 2.129146
v 10.002104 -22.166939 1.096820
v 8.554164 -21.795654 0.354236
v 7.100358 -21.133141 0.014446
v 11.325262 -22.090740 1.989330
v 9.962547 -22.079273 0.985323
v 8.506113 -21.673222 0.288032
v 7.053588 -20.993938 0.003614
v 7.006706 -20.854403 0.000000
v 11.301085 -22.043583 1.851950
v 9.920788 -21.986725 0.878680
v 8.456932 -21.547913 0.228361
v 12.498193 -21.647505 2.852797
v 11.273863 -21.990484 1.717335
v 9.876926 -21.889519 0.777147
v 8.406741 -21.420029 0.175368
v 12.492777 -21.638124 2.705949
v 11.243660 -21.931570 1.585810
v 9.831070 -21.787888 0.680969
v 8.355661 -21.289877 0.129179
v 12.483765 -21.622515 2.559808
v 11.210549 -21.866985 1.457692
v 9.783326 -21.682079 0.590377
v 8.303815 -21.157774 0.089906
v 12.471178 -21.600714 2.414729
v 11.174610 -21.796885 1.333289
v 9.733813 -21.572346 0.505591
v 8.251326 -21.024036 0.057644
v 12.455047 -21.572775 2.271060
v 11.135930 -21.721436 1.212902
v 9.682648 -21.458952 0.426814
v 8.198322 -20.888985 0.032470
v 12.435410 -21.538763 2.129146
v 11.094602 -21.640820 1.096820
v 9.629954 -21.342171 0.354236
v 8.144932 -20.752947 0.014446
v 12.412316 -21.498762 1.989330
v 11.050724 -21.555235 0.985323
v 9.575860 -21.222286 0.288032
v 8.091282 -20.616249 0.003614
v 8.037502 -20.479223 0.000000
v 12.385819 -21.452868 1.851950
v 11.004403 -21.464884 0.878680
v 9.520494 -21.099583 0.228361
v 13.561696 -20.997612 2.852797
v 12.355984 -21.401192 1.717335
v 10.955751 -21.369984 0.777147
v 9.463991 -20.974360 0.175368
v 13.555820 -20.988514 2.705949
v 12.322882 -21.343857 1.585810
v 10.904885 -21.270765 0.680969
v 9.406487 -20.846918 0.129179
v 13.546040 -20.973372 2.559808
v 12.286592 -21.281004 1.457692
v 10.851928 -21.167467 0.590377
v 9.348120 -20.717562 0.089906
v 13.532382 -20.952225 2.414729
v 12.247205 -21.212780 1.333289
v 10.797006 -21.060339 0.505591
v 9.289031 -20.586607 0.057644
v 13.514878 -20.925125 2.271060
v 12.204811 -21.139353 1.212902
v 10.740252 -20.949636 0.426814
v 9.229362 -20.454367 0.032470
v 13.493571 -20.892134 2.129146
v 12.159515 -21.060900 1.096820
v 10.681803 -20.835629 0.354236
v 9.169256 -20.321157 0.014446
v 13.468512 -20.853334 1.989330
v 12.111426 -20.977606 0.985323
v 10.621800 -20.718588 0.288032
v 9.108859 -20.187305 0.003614
v 9.048316 -20.053129 0.000000
v 13.439760 -20.808819 1.851950
v 12.060660 -20.889677 0.878680
v 10.560388 -20.598797 0.228361
v 14.591482 -20.295517 2.852797
v 13.407386 -20.758694 1.717335
v 12.007339 -20.797319 0.777147
v 10.497713 -20.476545 0.175368
v 14.585159 -20.286720 2.705949
v 13.371467 -20.703081 1.585810
v 11.951590 -20.700762 0.680969
v 10.433928 -20.352129 0.129179
v 14.574637 -20.272085 2.559808
v 13.332090 -20.642113 1.457692
v 11.893549 -20.600231 0.590377
v 10.369184 -20.225843 0.089906
v 14.559942 -20.251646 2.414729
v 13.289350 -20.575939 1.333289
v 11.833355 -20.495974 0.505591
v 10.303641 -20.097996 0.057644
v 14.541110 -20.225452 2.271060
v 13.243349 -20.504715 1.212902
v 11.771154 -20.388237 0.426814
v 10.237454 -19.968893 0.032470
v 14.518185 -20.193565 2.129146
v 13.194200 -20.428617 1.096820
v 11.707095 -20.277283 0.354236
v 10.170784 -19.838848 0.014446
v 14.491222 -20.156063 1.989330
v 13.142018 -20.347824 0.985323
v 11.641333 -20.163380 0.288032
v 10.103790 -19.708172 0.003614
v 10.036634 -19.577179 0.000000
v 14.460287 -20.113035 1.851950
v 13.086932 -20.262535 0.878680
v 11.574025 -20.046799 0.228361
v 15.584992 -19.542961 2.852797
v 14.425455 -20.064587 1.717335
v 13.029073 -20.172951 0.777147
v 11.505335 -19.927824 0.175368
v 15.578238 -19.534492 2.705949
v 14.386808 -20.010832 1.585810
v 12.968581 -20.079290 0.680969
v 11.435427 -19.806740 0.129179
v 15.567000 -19.520401 2.559808
v 14.344441 -19.951904 1.457692
v 12.905602 -19.981779 0.590377
v 11.364470 -19.683840 0.089906
v 15.551305 -19.500719 2.414729
v 14.298456 -19.887941 1.333289
v 12.840285 -19.880650 0.505591
v 11.292636 -19.559418 0.057644
v 15.531189 -19.475496 2.271060
v 14.248962 -19.819099 1.212902
v 12.772791 -19.776150 0.426814
v 11.220096 -19.433775 0.032470
v 15.506703 -19.444792 2.129146
v 14.196080 -19.745546 1.096820
v 12.703281 -19.668528 0.354236
v 11.147026 -19.307215 0.014446
v 15.477905 -19.408678 1.989330
v 14.139937 -19.667456 0.985323
v 12.631923 -19.558043 0.288032
v 11.073602 -19.180040 0.003614
v 11.000000 -19.052559 0.000000
v 15.444864 -19.367247 1.851950
v 14.080668 -19.585016 0.878680
v 12.558888 -19.444962 0.228361
v 16.539755 -18.741821 2.852797
v 15.407660 -19.320595 1.717335
v 14.018415 -19.498428 0.777147
v 12.484353 -19.329559 0.175368
v 16.532587 -18.733700 2.705949
v 15.366383 -19.268833 1.585810
v 13.953330 -19.407900 0.680969
v 12.408497 -19.212111 0.129179
v 16.520660 -18.720184 2.559808
v 15.321131 -19.212090 1.457692
v 13.885568 -19.313648 0.590377
v 12.331502 -19.092899 0.089906
v 16.504004 -18.701309 2.414729
v 15.272014 -19.150499 1.333289
v 13.815292 -19.215902 0.505591
v 12.253554 -18.972214 0.057644
v 16.482656 -18.677120 2.271060
v 15.219151 -19.084211 1.212902
v 13.742674 -19.114895 0.426814
v 12.174842 -18.850342 0.032470
v 16.456671 -18.647675 2.129146
v 15.162668 -19.013384 1.096820
v 13.667886 -19.010870 0.354236
v 12.095554 -18.727581 0.014446
v 16.426107 -18.613043 1.989330
v 15.102702 -18.938189 0.985323
v 13.591108 -18.904081 0.288032
v 12.015882 -18.604225 0.003614
v 11.936018 -18.480570 0.000000
v 16.391043 -18.573309 1.851950
v 15.039397 -18.858809 0.878680
v 13.512527 -18.794783 0.228361
v 17.453398 -17.894085 2.852797
v 16.351559 -18.528568 1.717335
v 14.972906 -18.775431 0.777147
v 13.432333 -18.683237 0.175368
v 17.445833 -17.886330 2.705949
v 16.307753 -18.478930 1.585810
v 14.903389 -18.688259 0.680969
v 13.350717 -18.569715 0.129179
v 17.433249 -17.873426 2.559808
v 16.259729 -18.424513 1.457692
v 14.831013 -18.597502 0.590377
v 13.267876 -18.454491 0.089906
v 17.415670 -17.855406 2.414729
v 16.207603 -18.365448 1.333289
v 14.755953 -18.503380 0.505591
v 13.184009 -18.337839 0.057644
v 17.393145 -17.832310 2.271060
v 16.151501 -18.301876 1.212902
v 14.678390 -18.406118 0.426814
v 13.099319 -18.220045 0.032470
v 17.365723 -17.804195 2.129146
v 16.091558 -18.233953 1.096820
v 14.598509 -18.305950 0.354236
v 13.014011 -18.101387 0.014446
v 17.333471 -17.771132 1.989330
v 16.027920 -18.161840 0.985323
v 14.516504 -18.203121 0.288032
v 12.928289 -17.982157 0.003614
v 12.842360 -17.862637 0.000000
v 17.296471 -17.733194 1.851950
v 15.960736 -18.085712 0.878680
v 14.432573 -18.097874 0.228361
v 18.323648 -17.001860 2.852797
v 17.254807 -17.690479 1.717335
v 15.890172 -18.005753 0.777147
v 14.346918 -17.990465 0.175368
v 18.315708 -16.994493 2.705949
v 17.208580 -17.643085 1.585810
v 15.816396 -17.922155 0.680969
v 14.259745 -17.881153 0.129179
v 18.302494 -16.982233 2.559808
v 17.157904 -17.591129 1.457692
v 15.739586 -17.835119 0.590377
v 14.171263 -17.770201 0.089906
v 18.284040 -16.965111 2.414729
v 17.102898 -17.534735 1.333289
v 15.659927 -17.744854 0.505591
v 14.081686 -17.657875 0.057644
v 18.260391 -16.943167 2.271060
v 17.043697 -17.474039 1.212902
v 15.577612 -17.651581 0.426814
v 13.991231 -17.544449 0.032470
v 18.231602 -16.916454 2.129146
v 16.980444 -17.409189 1.096820
v 15.492838 -17.555519 0.354236
v 13.900114 -17.430191 0.014446
v 18.197742 -16.885038 1.989330
v 16.913288 -17.340338 0.985323
v 15.405809 -17.456905 0.288032
v 13.808556 -17.315380 0.003614
v 13.716776 -17.200293 0.000000
v 18.158895 -16.848993 1.851950
v 16.842394 -17.267654 0.878680
v 15.316737 -17.355972 0.228361
v 19.148342 -16.067368 2.852797
v 18.115154 -16.808407 1.717335
v 16.767931 -17.191311 0.777147
v 15.225834 -17.252968 0.175368
v 19.140045 -16.060404 2.705949
v 18.066624 -16.763376 1.585810
v 16.690081 -17.111494 0.680969
v 15.133320 -17.148136 0.129179
v 19.126238 -16.048819 2.559808
v 18.013420 -16.714010 1.457692
v 16.609028 -17.028395 0.590377
v 15.039418 -17.041733 0.089906
v 19.106953 -16.032637 2.414729
v 17.955671 -16.660429 1.333289
v 16.524969 -16.942213 0.505591
v 14.944354 -16.934011 0.057644
v 19.082239 -16.011900 2.271060
v 17.893520 -16.602760 1.212902
v 16.438107 -16.853159 0.426814
v 14.848357 -16.825233 0.032470
v 19.052155 -15.986655 2.129146
v 17.827112 -16.541142 1.096820
v 16.348650 -16.761442 0.354236
v 14.751658 -16.715660 0.014446
v 19.016771 -15.956966 1.989330
v 17.756607 -16.475725 0.985323
v 16.256815 -16.667288 0.288032
v 14.654490 -16.605556 0.003614
v 14.557089 -16.495186 0.000000
v 18.976175 -15.922902 1.851950
v 17.682178 -16.406664 0.878680
v 16.162821 -16.570921 0.228361
v 19.925432 -15.092928 2.852797
v 18.930466 -15.884547 1.717335
v 17.604004 -16.334129 0.777147
v 16.066896 -16.472576 0.175368
v 19.916798 -15.086388 2.705949
v 18.879751 -15.841991 1.585810
v 17.522270 -16.258291 0.680969
v 15.969273 -16.372486 0.129179
v 19.902430 -15.075504 2.559808
v 18.824152 -15.795340 1.457692
v 17.437176 -16.179335 0.590377
v 15.870183 -16.270895 0.089906
v 19.882362 -15.060305 2.414729
v 18.763805 -15.744702 1.333289
v 17.348927 -16.097452 0.505591
v 15.769868 -16.168047 0.057644
v 19.856646 -15.040825 2.271060
v 18.698856 -15.690203 1.212902
v 17.257732 -16.012836 0.426814
v 15.668568 -16.064190 0.032470
v 19.825340 -15.017112 2.129146
v 18.629459 -15.631972 1.096820
v 17.163816 -15.925694 0.354236
v 15.566527 -15.959573 0.014446
v 19.788521 -14.989223 1.989330
v 18.555782 -15.570150 0.985323
v 17.067402 -15.836234 0.288032
v 15.463992 -15.854448 0.003614
v 15.361210 -15.749071 0.000000
v 19.746279 -14.957225 1.851950
v 18.478003 -15.504886 0.878680
v 16.968721 -15.744673 0.228361
v 20.652983 -14.080966 2.852797
v 19.698713 -14.921195 1.717335
v 18.396309 -15.436337 0.777147
v 16.868015 -15.651230 0.175368
v 20.644033 -14.074863 2.705949
v 19.645939 -14.881221 1.585810
v 18.310898 -15.364668 0.680969
v 16.765522 -15.556131 0.129179
v 20.629141 -14.064711 2.559808
v 19.588085 -14.837398 1.457692
v 18.221973 -15.290051 0.590377
v 16.661493 -15.459606 0.089906
v 20.608341 -14.050529 2.414729
v 19.525290 -14.789832 1.333289
v 18.129753 -15.212668 0.505591
v 16.556175 -15.361886 0.057644
v 20.581686 -14.032355 2.271060
v 19.457705 -14.738638 1.212902
v 18.034454 -15.132704 0.426814
v 16.449823 -15.263206 0.032470
v 20.549236 -14.010232 2.129146
v 19.385490 -14.683938 1.096820
v 17.936310 -15.050351 0.354236
v 16.342695 -15.163806 0.014446
v 20.511074 -13.984213 1.989330
v 19.308825 -14.625866 0.985323
v 17.835556 -14.965809 0.288032
v 16.235048 -15.063924 0.003614
v 16.127142 -14.963800 0.000000
v 20.467289 -13.954361 1.851950
v 19.227888 -14.564560 0.878680
v 17.732435 -14.879280 0.228361
v 21.329189 -13.033996 2.852797
v 20.417986 -13.920747 1.717335
v 19.142879 -14.500168 0.777147
v 17.627195 -14.790974 0.175368
v 21.319946 -13.028348 2.705949
v 20.363285 -13.883453 1.585810
v 19.054001 -14.432845 0.680969
v 17.520090 -14.701101 0.129179
v 21.304565 -13.018949 2.559808
v 20.303318 -13.842568 1.457692
v 18.961470 -14.362755 0.590377
v 17.411379 -14.609881 0.089906
v 21.283085 -13.005822 2.414729
v 20.238230 -13.798192 1.333289
v 18.865505 -14.290064 0.505591
v 17.301321 -14.517532 0.057644
v 21.255556 -12.988999 2.271060
v 20.168177 -13.750430 1.212902
v 18.766338 -14.214950 0.426814
v 17.190184 -14.424277 0.032470
v 21.222044 -12.968522 2.129146
v 20.093327 -13.699398 1.096820
v 18.664211 -14.137591 0.354236
v 17.078234 -14.330340 0.014446
v 21.182632 -12.944437 1.989330
v 20.013861 -13.645219 0.985323
v 18.559370 -14.058176 0.288032
v 16.965742 -14.235948 0.003614
v 16.852978 -14.141328 0.000000
v 21.137413 -12.916804 1.851950
v 19.929970 -13.588023 0.878680
v 18.452063 -13.976895 0.228361
v 21.952366 -11.954621 2.852797
v 21.086496 -12.885690 1.717335
v 19.841858 -13.527949 0.777147
v 18.342552 -13.893944 0.175368
v 21.942852 -11.949441 2.705949
v 21.030006 -12.851169 1.585810
v 19.749735 -13.465140 0.680969
v 18.231102 -13.809523 0.129179
v 21.927023 -11.940821 2.559808
v 20.968075 -12.813324 1.457692
v 19.653822 -13.399750 0.590377
v 18.117977 -13.723835 0.089906
v 21.904915 -11.928781 2.414729
v 20.900856 -12.772247 1.333289
v 19.554354 -13.331933 0.505591
v 18.003454 -13.637086 0.057644
v 21.876581 -11.913351 2.271060
v 20.828508 -12.728037 1.212902
v 19.451569 -13.261854 0.426814
v 17.887806 -13.549486 0.032470
v 21.842091 -11.894569 2.129146
v 20.751207 -12.680799 1.096820
v 19.345713 -13.189683 0.354236
v 17.771313 -13.461246 0.014446
v 21.801527 -11.872479 1.989330
v 20.669140 -12.630649 0.985323
v 19.237041 -13.115592 0.288032
v 17.536915 -13.283697 0.000000
v 17.654255 -13.372579 0.003614
v 21.754988 -11.847135 1.851950
v 20.582502 -12.577705 0.878680
v 19.125816 -13.039761 0.228361
v 22.520966 -10.845526 2.852797
v 21.702583 -11.818597 1.717335
v 20.491505 -12.522098 0.777147
v 19.012308 -12.962372 0.175368
v 22.511206 -10.840826 2.705949
v 21.644442 -11.786935 1.585810
v 20.396366 -12.463960 0.680969
v 18.896786 -12.883611 0.129179
v 22.494967 -10.833005 2.559808
v 21.580702 -11.752224 1.457692
v 20.297314 -12.403430 0.590377
v 18.779531 -12.803668 0.089906
v 22.472286 -10.822083 2.414729
v 21.511518 -11.714548 1.333289
v 20.194588 -12.340656 0.505591
v 18.660826 -12.722736 0.057644
v 22.443218 -10.808084 2.271060
v 21.437057 -11.673999 1.212902
v 20.088436 -12.275788 0.426814
v 18.540956 -12.641010 0.032470
v 22.407835 -10.791045 2.129146
v 21.357498 -11.630673 1.096820
v 19.979115 -12.208983 0.354236
v 18.420210 -12.558686 0.014446
v 22.366220 -10.771005 1.989330
v 21.273033 -11.584676 0.985323
v 19.866886 -12.140401 0.288032
v 18.177254 -12.393042 0.000000
v 18.298878 -12.475964 0.003614
v 22.318476 -10.748012 1.851950
v 21.183865 -11.536118 0.878680
v 19.752020 -12.070209 0.228361
v 23.033575 -9.709466 2.852797
v 22.264713 -10.722121 1.717335
v 21.090208 -11.485115 0.777147
v 19.634794 -11.998573 0.175368
v 23.023594 -9.705258 2.705949
v 22.205067 -10.693397 1.585810
v 20.992289 -11.431791 0.680969
v 19.515491 -11.925669 0.129179
v 23.006985 -9.698257 2.559808
v 22.139675 -10.661905 1.457692
v 20.890343 -11.376274 0.590377
v 19.394398 -11.851669 0.089906
v 22.983788 -9.688478 2.414729
v 22.068699 -10.627726 1.333289
v 20.784616 -11.318699 0.505591
v 19.271807 -11.776755 0.057644
v 22.954060 -9.675947 2.271060
v 21.992310 -10.590939 1.212902
v 20.675364 -11.259203 0.426814
v 19.148010 -11.701106 0.032470
v 22.917870 -9.660692 2.129146
v 21.910690 -10.551632 1.096820
v 20.562847 -11.197929 0.354236
v 19.023312 -11.624904 0.014446
v 22.875307 -9.642751 1.989330
v 21.824038 -10.509902 0.985323
v 20.447338 -11.135027 0.288032
v 18.772400 -11.471575 0.000000
v 18.898006 -11.548331 0.003614
v 22.826475 -9.622167 1.851950
v 21.732559 -10.465849 0.878680
v 20.329117 -11.070647 0.228361
v 23.488920 -8.549268 2.852797
v 22.771490 -9.598989 1.717335
v 21.636477 -10.419578 0.777147
v 20.208466 -11.004944 0.175368
v 23.478741 -8.545563 2.705949
v 22.710485 -9.573273 1.585810
v 21.536020 -10.371202 0.680969
v 20.085678 -10.938077 0.129179
v 23.461803 -8.539398 2.559808
v 22.643606 -9.545080 1.457692
v 21.431435 -10.320835 0.590377
v 19.961046 -10.870206 0.089906
v 23.438148 -8.530788 2.414729
v 22.571014 -9.514481 1.333289
v 21.322969 -10.268600 0.505591
v 19.834871 -10.801496 0.057644
v 23.407831 -8.519753 2.271060
v 22.492887 -9.481546 1.212902
v 21.210886 -10.214624 0.426814
v 19.707460 -10.732111 0.032470
v 23.370928 -8.506322 2.129146
v 22.409409 -9.446358 1.096820
v 21.095457 -10.159037 0.354236
v 19.579117 -10.662219 0.014446
v 23.327524 -8.490524 1.989330
v 22.320784 -9.408999 0.985323
v 20.976957 -10.101970 0.288032
v 19.320875 -10.521587 0.000000
v 19.450151 -10.591988 0.003614
v 19.821316 -9.545443 0.000000
v 23.277725 -8.472400 1.851950
v 22.227222 -9.369560 0.878680
v 20.855673 -10.043563 0.228361
v 23.885866 -7.367814 2.852797
v 23.221653 -8.451991 1.717335
v 22.128954 -9.328136 0.777147
v 20.731897 -9.983955 0.175368
v 23.875517 -7.364621 2.705949
v 23.159443 -8.429348 1.585810
v 22.026211 -9.284827 0.680969
v 20.605927 -9.923291 0.129179
v 23.858292 -7.359309 2.559808
v 23.091242 -8.404525 1.457692
v 21.919245 -9.239737 0.590377
v 20.478067 -9.861718 0.089906
v 23.834236 -7.351889 2.414729
v 23.017216 -8.377582 1.333289
v 21.808311 -9.192974 0.505591
v 20.348625 -9.799382 0.057644
v 23.803408 -7.342379 2.271060
v 22.937542 -8.348582 1.212902
v 21.693678 -9.144651 0.426814
v 20.217915 -9.736434 0.032470
v 23.765881 -7.330803 2.129146
v 22.852415 -8.317598 1.096820
v 21.575619 -9.094886 0.354236
v 20.086246 -9.673026 0.014446
v 23.721743 -7.317189 1.989330
v 22.762037 -8.284704 0.985323
v 21.454422 -9.043797 0.288032
v 20.272476 -8.545566 0.000000
v 19.953941 -9.609311 0.003614
v 23.671104 -7.301569 1.851950
v 22.666626 -8.249977 0.878680
v 21.330378 -8.991508 0.228361
v 24.223431 -6.168043 2.852797
v 23.614084 -7.283980 1.717335
v 22.566414 -8.213503 0.777147
v 21.203785 -8.938145 0.175368
v 24.212933 -6.165370 2.705949
v 23.550821 -7.264466 1.585810
v 22.461641 -8.175369 0.680969
v 21.074947 -8.883836 0.129179
v 24.195465 -6.160923 2.559808
v 23.481468 -7.243073 1.457692
v 22.352560 -8.135667 0.590377
v 20.944178 -8.828712 0.089906
v 24.171070 -6.154711 2.414729
v 23.406191 -7.219854 1.333289
v 22.239433 -8.094492 0.505591
v 20.811790 -8.772905 0.057644
v 24.139807 -6.146750 2.271060
v 23.325172 -7.194862 1.212902
v 22.122534 -8.051944 0.426814
v 20.678102 -8.716551 0.032470
v 24.101748 -6.137059 2.129146
v 23.238605 -7.168160 1.096820
v 22.002142 -8.008124 0.354236
v 20.543438 -8.659785 0.014446
v 24.056988 -6.125662 1.989330
v 23.146700 -7.139812 0.985323
v 21.878550 -7.963140 0.288032
v 20.408121 -8.602744 0.003614
v 24.005632 -6.112585 1.851950
v 23.049677 -7.109884 0.878680
v 21.752052 -7.917099 0.228361
v 24.500771 -4.952938 2.852797
v 23.947807 -6.097861 1.717335
v 22.947773 -7.078450 0.777147
v 21.622957 -7.870112 0.175368
v 24.490152 -4.950791 2.705949
v 23.883650 -6.081524 1.585810
v 22.841228 -7.045586 0.680969
v 21.491573 -7.822293 0.129179
v 24.472485 -4.947220 2.559808
v 23.813316 -6.063615 1.457692
v 22.730305 -7.011370 0.590377
v 21.358217 -7.773756 0.089906
v 24.447811 -4.942232 2.414729
v 23.736975 -6.044177 1.333289
v 22.615265 -6.975885 0.505591
v 21.223213 -7.724617 0.057644
v 24.416189 -4.935839 2.271060
v 23.654810 -6.023255 1.212902
v 22.496389 -6.939217 0.426814
v 21.086882 -7.674997 0.032470
v 24.377695 -4.928057 2.129146
v 23.567020 -6.000901 1.096820
v 22.373964 -6.901453 0.354236
v 20.949556 -7.625015 0.014446
v 24.332422 -4.918905 1.989330
v 23.473818 -5.977168 0.985323
v 22.248281 -6.862686 0.288032
v 20.811563 -7.574790 0.003614
v 20.673237 -7.524443 0.000000
v 24.280479 -4.908405 1.851950
v 23.375423 -5.952114 0.878680
v 22.119648 -6.823008 0.228361
v 24.717197 -3.725518 2.852797
v 24.221991 -4.896581 1.717335
v 23.272078 -5.925799 0.777147
v 21.988371 -6.782514 0.175368
v 24.706486 -3.723904 2.705949
v 24.157099 -4.883463 1.585810
v 23.164028 -5.898286 0.680969
v 21.854767 -6.741302 0.129179
v 24.688663 -3.721217 2.559808
v 24.085960 -4.869082 1.457692
v 23.051537 -5.869642 0.590377
v 21.719158 -6.699473 0.089906
v 24.663771 -3.717465 2.414729
v 24.008745 -4.853473 1.333289
v 22.934872 -5.839936 0.505591
v 21.581871 -6.657125 0.057644
v 24.631868 -3.712657 2.271060
v 23.925640 -4.836673 1.212902
v 22.814316 -5.809239 0.426814
v 21.443237 -6.614363 0.032470
v 24.593035 -3.706804 2.129146
v 23.836845 -4.818722 1.096820
v 22.690161 -5.777625 0.354236
v 21.303589 -6.571287 0.014446
v 24.547361 -3.699919 1.989330
v 23.742575 -4.799665 0.985323
v 22.562702 -5.745170 0.288032
v 21.022602 -6.484614 0.000000
v 21.163265 -6.528003 0.003614
v 21.319700 -5.428663 0.000000
v 24.494961 -3.692021 1.851950
v 23.643055 -4.779547 0.878680
v 22.432249 -5.711953 0.228361
v 24.872173 -2.488836 2.852797
v 24.435955 -3.683128 1.717335
v 23.538525 -4.758416 0.777147
v 22.299118 -5.678053 0.175368
v 24.861395 -2.487758 2.705949
v 24.370491 -3.673260 1.585810
v 23.429239 -4.736323 0.680969
v 22.163626 -5.643552 0.129179
v 24.843460 -2.485963 2.559808
v 24.298723 -3.662443 1.457692
v 23.315458 -4.713322 0.590377
v 22.026100 -5.608534 0.089906
v 24.818411 -2.483457 2.414729
v 24.220827 -3.650702 1.333289
v 23.197458 -4.689467 0.505591
v 21.886873 -5.573083 0.057644
v 24.786310 -2.480244 2.271060
v 24.136988 -3.638066 1.212902
v 23.075523 -4.664818 0.426814
v 21.746281 -5.537283 0.032470
v 24.747232 -2.476334 2.129146
v 24.047407 -3.624563 1.096820
v 22.949945 -4.639431 0.354236
v 21.604658 -5.501222 0.014446
v 24.701273 -2.471735 1.989330
v 23.952305 -3.610229 0.985323
v 22.821028 -4.613370 0.288032
v 21.462351 -5.464986 0.003614
v 24.648542 -2.466459 1.851950
v 23.851906 -3.595096 0.878680
v 22.689081 -4.586697 0.228361
v 24.965313 -1.245967 2.852797
v 24.589169 -2.460517 1.717335
v 23.746452 -3.579202 0.777147
v 22.554424 -4.559475 0.175368
v 24.954494 -1.245427 2.705949
v 24.523293 -2.453926 1.585810
v 23.636202 -3.562584 0.680969
v 22.417381 -4.531772 0.129179
v 24.936493 -1.244529 2.559808
v 24.451077 -2.446699 1.457692
v 23.521416 -3.545283 0.590377
v 22.278282 -4.503652 0.089906
v 24.911350 -1.243274 2.414729
v 24.372690 -2.438856 1.333289
v 23.402372 -3.527340 0.505591
v 22.137461 -4.475184 0.057644
v 24.879129 -1.241666 2.271060
v 24.288326 -2.430413 1.212902
v 23.279360 -3.508799 0.426814
v 21.995258 -4.446437 0.032470
v 24.839905 -1.239708 2.129146
v 24.198185 -2.421394 1.096820
v 23.152674 -3.489704 0.354236
v 21.852016 -4.417480 0.014446
v 24.793774 -1.237406 1.989330
v 24.102484 -2.411817 0.985323
v 23.022617 -3.470101 0.288032
v 21.563795 -4.359215 0.000000
v 21.708078 -4.388383 0.003614
v 21.754278 -3.278930 0.000000
v 24.740845 -1.234764 1.851950
v 24.001455 -2.401708 0.878680
v 22.889505 -3.450038 0.228361
v 24.681250 -1.231790 1.717335
v 23.895342 -2.391090 0.777147
v 22.753660 -3.429562 0.175368
v 24.615128 -1.228490 1.585810
v 23.784399 -2.379988 0.680969
v 22.615406 -3.408724 0.129179
v 24.542639 -1.224872 1.457692
v 23.668894 -2.368430 0.590377
v 22.475077 -3.387573 0.089906
v 24.463961 -1.220945 1.333289
v 23.549105 -2.356443 0.505591
v 22.333012 -3.366160 0.057644
v 24.379280 -1.216719 1.212902
v 23.425322 -2.344057 0.426814
v 22.189552 -3.344537 0.032470
v 24.288801 -1.212204 1.096820
v 23.297840 -2.331300 0.354236
v 22.045046 -3.322756 0.014446
v 24.192743 -1.207410 0.985323
v 23.166969 -2.318205 0.288032
v 21.899837 -3.300869 0.003614
v 24.091335 -1.202349 0.878680
v 23.033022 -2.304801 0.228361
v 23.984825 -1.197033 0.777147
v 22.896324 -2.291123 0.175368
v 23.873466 -1.191475 0.680969
v 22.757204 -2.277202 0.129179
v 23.757528 -1.185689 0.590377
v 22.615995 -2.263072 0.089906
v 23.637291 -1.179688 0.505591
v 22.473040 -2.248767 0.057644
v 23.513042 -1.173487 0.426814
v 22.328682 -2.234322 0.032470
v 23.385084 -1.167101 0.354236
v 22.183268 -2.219771 0.014446
v 23.253723 -1.160545 0.288032
v 22.037149 -2.205149 0.003614
v 21.890676 -2.190493 0.000000
v 23.119276 -1.153835 0.228361
v 22.982065 -1.146987 0.175368
v 22.842424 -1.140018 0.129179
v 22.700687 -1.132944 0.089906
v 22.557196 -1.125783 0.057644
v 22.412296 -1.118551 0.032470
v 22.266338 -1.111267 0.014446
v 22.119673 -1.103947 0.003614
vn -0.866025 -0.500000 -0.000000
vn -0.866025 -0.500000 0.000000
vn -0.866025 0.500000 0.000000
vn -0.866025 0.500000 0.000000
vn -0.612373 -0.353553 0.707107
vn -0.612372 -0.353553 0.707107
vn 0.000000 0.000000 1.000000
vn -0.000000 0.000000 1.000000
vn 0.000000 0.000000 1.000000
vn 0.000000 0.000000 1.000000
vn -0.000000 0.000000 1.000000
vn 0.000000 0.000000 1.000000
vn 0.000000 0.000000 1.000000
vn 0.000000 0.000000 1.000000
vn -0.000000 0.000000 1.000000
vn 0.000000 0.000000 1.000000
vn 0.000000 -1.000000 0.000000
vn 0.000000 -1.000000 0.000000
vn 0.000000 1.000000 -0.000000
vn 0.000000 1.000000 0.000000
vn -0.612372 0.353553 0.707107
vn -0.612372 0.353553 0.707107
vn 0.000000 0.000000 1.000000
vn 0.000000 0.000000 1.000000
vn -0.000000 0.000000 1.000000
vn -0.000000 0.000000 1.000000
vn 0.000000 -0.707107 0.707107
vn 0.000000 -0.707107 0.707107
vn 1.000000 0.000000 0.000000
vn 1.000000 -0.000000 0.000000
vn 0.000000 -1.000000 0.000000
vn 0.000000 -1.000000 0.000000
vn 0.000000 1.000000 -0.000000
vn 0.000000 1.000000 0.000000
vn -1.000000 0.000000 0.000000
vn -1.000000 -0.000000 0.000000
vn 0.866025 -0.500000 0.000000
vn 0.866025 -0.500000 0.000000
vn 0.866025 0.500000 -0.000000
vn 0.866025 0.500000 0.000000
vn -0.000000 0.707107 0.707107
vn 0.000000 0.707107 0.707107
vn 0.612372 -0.353553 0.707107
vn 0.612372 -0.353553 0.707107
vn 0.612373 0.353553 0.707107
vn 0.612373 0.353553 0.707107
vn 0.000000 0.000000 -1.000000
vn 0.000000 0.000000 -1.000000
vn 0.000000 0.000000 -1.000000
vn 0.000000 0.000000 -1.000000
vn 0.000000 0.000000 -1.000000
vn 0.000000 0.000000 -1.000000
vn 0.000000 0.000000 -1.000000
vn 0.000000 0.000000 -1.000000
vn 0.000000 0.000000 -1.000000
vn 0.000000 0.000000 -1.000000
vn 0.000000 0.000000 -1.000000
vn 0.000000 0.000000 -1.000000
vn 0.000000 0.000000 -1.000000
vn 0.000000 0.000000 -1.000000
vn 0.000000 0.000000 -1.000000
vn 0.000000 0.000000 -1.000000
vn 0.000000 0.000000 -1.000000
vn 0.000000 0.000000 -1.000000
vn 0.000000 0.000000 -1.000000
vn 0.000000 0.000000 -1.000000
vn 0.000000 0.000000 -1.000000
vn 0.000000 0.000000 -1.000000
vn 0.000000 0.000000 -1.000000
vn 0.000000 0.000000 -1.000000
vn 0.000000 0.000000 -1.000000
vn 0.000000 0.000000 -1.000000
vn 0.000000 0.000000 -1.000000
vn 0.000000 0.000000 -1.000000
vn 0.000000 0.000000 -1.000000
vn 0.000000 0.000000 -1.000000
vn 0.000000 0.000000 -1.000000
vn 0.000000 0.000000 -1.000000
vn 0.000000 0.000000 -1.000000
vn 0.000000 0.000000 -1.000000
vn 0.000000 0.000000 -1.000000
vn 0.000000 0.000000 -1.000000
vn 0.000000 0.000000 -1.000000
vn 0.000000 0.000000 -1.000000
vn 0.000000 0.000000 -1.000000
vn 0.000000 0.000000 -1.000000
vn 0.000000 0.000000 -1.000000
vn 0.000000 0.000000 -1.000000
vn 0.000000 0.000000 -1.000000
vn 0.000000 0.000000 -1.000000
vn 0.000000 0.000000 -1.000000
vn 0.000000 0.000000 -1.000000
vn 0.000000 0.000000 -1.000000
vn -0.000000 0.000000 -1.000000
vn -0.000000 0.000000 -1.000000
vn -0.000000 0.000000 -1.000000
vn -0.000000 0.000000 -1.000000
vn -0.000000 0.000000 -1.000000
vn -0.000000 0.000000 -1.000000
vn -0.000000 0.000000 -1.000000
vn -0.000000 0.000000 -1.000000
vn -0.000000 0.000000 -1.000000
vn -0.000000 0.000000 -1.000000
vn -0.000000 0.000000 -1.000000
vn -0.000000 0.000000 -1.000000
vn -0.000000 0.000000 -1.000000
vn -0.000000 0.000000 -1.000000
vn -0.000000 0.000000 -1.000000
vn 0.000000 0.000000 -1.000000
vn 0.000000 0.000000 -1.000000
vn 0.000000 0.000000 -1.000000
vn 0.000000 0.000000 -1.000000
vn 0.000000 0.000000 -1.000000
vn 0.000000 0.000000 -1.000000
vn 0.000000 0.000000 -1.000000
vn 0.000000 0.000000 -1.000000
vn 0.000000 0.000000 -1.000000
vn 0.000000 0.000000 -1.000000
vn 0.000000 0.000000 -1.000000
vn 0.000000 0.000000 -1.000000
vn 0.000000 0.000000 -1.000000
vn 0.000000 0.000000 -1.000000
vn 0.000000 0.000000 -1.000000
vn 0.000000 0.000000 -1.000000
vn 0.000000 0.000000 -1.000000
vn 0.000000 0.000000 -1.000000
vn 0.000000 0.000000 -1.000000
vn 0.000000 0.000000 -1.000000
vn 0.000000 0.000000 -1.000000
vn 0.000000 0.000000 -1.000000
vn 0.000000 0.000000 -1.000000
vn 0.000000 0.000000 -1.000000
vn 0.000000 0.000000 -1.000000
vn 0.000000 0.000000 -1.000000
vn 0.000000 0.000000 -1.000000
vn 0.000000 0.000000 -1.000000
vn 0.000000 0.000000 -1.000000
vn 0.000000 0.000000 -1.000000
vn 0.000000 0.000000 -1.000000
vn 0.000000 0.000000 -1.000000
vn 0.000000 0.000000 -1.000000
vn 0.000000 0.000000 -1.000000
vn 0.000000 0.000000 -1.000000
vn 0.000000 0.000000 -1.000000
vn 0.000000 0.000000 -1.000000
vn 0.000000 0.000000 -1.000000
vn 0.000000 0.000000 -1.000000
vn 0.000000 0.000000 -1.000000
vn 0.000000 0.000000 -1.000000
vn 0.000000 0.000000 -1.000000
vn 0.000000 0.000000 -1.000000
vn 0.000000 0.000000 -1.000000
vn 0.000000 0.000000 -1.000000
vn 0.000000 0.000000 -1.000000
vn 0.000000 0.000000 -1.000000
vn 0.000000 0.000000 -1.000000
vn 0.000000 0.000000 -1.000000
vn 0.000000 0.000000 -1.000000
vn 0.000000 0.000000 -1.000000
vn 0.000000 0.000000 -1.000000
vn 0.000000 0.000000 -1.000000
vn 0.000000 0.000000 -1.000000
vn 0.000000 0.000000 -1.000000
vn 0.000000 0.000000 -1.000000
vn 0.000000 0.000000 -1.000000
vn 0.000000 0.000000 -1.000000
vn 0.000000 0.000000 -1.000000
vn 0.000000 0.000000 -1.000000
vn 0.000000 0.000000 -1.000000
vn 0.000000 0.000000 -1.000000
vn 0.000000 0.000000 -1.000000
vn 0.000000 0.000000 -1.000000
vn 0.000000 0.000000 -1.000000
vn 0.000000 0.000000 -1.000000
vn 0.000000 0.000000 -1.000000
vn -0.000000 0.000000 -1.000000
vn 0.999689 0.024930 0.000000
vn 0.999689 0.024930 0.000000
vn 0.997204 0.074731 0.000000
vn 0.997204 0.074731 -0.000000
vn 0.992239 0.124344 0.000000
vn 0.992239 0.124344 -0.000000
vn 0.984808 0.173647 0.000000
vn 0.984808 0.173647 -0.000000
vn 0.974928 0.222521 0.000000
vn 0.974928 0.222521 -0.000000
vn 0.962624 0.270841 0.000000
vn 0.947927 0.318487 0.000000
vn 0.962624 0.270841 -0.000000
vn 0.947927 0.318487 0.000000
vn 0.930874 0.365341 0.000000
vn 0.930874 0.365341 -0.000000
vn 0.911506 0.411287 0.000000
vn 0.911506 0.411287 -0.000000
vn 0.889872 0.456210 0.000000
vn 0.866025 0.500000 0.000000
vn 0.889872 0.456210 -0.000000
vn 0.866025 0.500000 0.000000
vn 0.840026 0.542546 -0.000000
vn 0.840026 0.542546 0.000000
vn 0.811938 0.583744 -0.000000
vn 0.811938 0.583744 0.000000
vn 0.781832 0.623489 -0.000000
vn 0.781832 0.623489 0.000000
vn 0.749780 0.661687 0.000000
vn 0.749780 0.661687 -0.000000
vn 0.715868 0.698236 0.000000
vn 0.715868 0.698236 -0.000000
vn 0.680173 0.733052 0.000000
vn 0.642788 0.766044 0.000000
vn 0.680173 0.733052 -0.000000
vn 0.642788 0.766044 0.000000
vn 0.603804 0.797133 -0.000000
vn 0.603804 0.797133 0.000000
vn 0.563320 0.826239 0.000000
vn 0.521435 0.853291 0.000000
vn 0.563320 0.826239 -0.000000
vn 0.478255 0.878221 0.000000
vn 0.521435 0.853291 0.000000
vn 0.478255 0.878221 0.000000
vn 0.433884 0.900969 0.000000
vn 0.433884 0.900969 -0.000000
vn 0.388434 0.921477 0.000000
vn 0.388434 0.921477 -0.000000
vn 0.342020 0.939693 0.000000
vn 0.342020 0.939693 -0.000000
vn 0.294756 0.955572 0.000000
vn 0.294756 0.955572 -0.000000
vn 0.246757 0.969077 0.000000
vn 0.246757 0.969077 -0.000000
vn 0.198146 0.980173 0.000000
vn 0.198146 0.980173 -0.000000
vn 0.149043 0.988831 0.000000
vn 0.149043 0.988831 -0.000000
vn 0.099568 0.995031 0.000000
vn 0.099568 0.995031 -0.000000
vn 0.049845 0.998757 0.000000
vn 0.049845 0.998757 -0.000000
vn 0.000000 1.000000 0.000000
vn -0.049845 0.998757 0.000000
vn 0.000000 1.000000 -0.000000
vn -0.049845 0.998757 0.000000
vn -0.099568 0.995031 0.000000
vn -0.099568 0.995031 0.000000
vn -0.149043 0.988831 0.000000
vn -0.149043 0.988831 0.000000
vn -0.198146 0.980173 0.000000
vn -0.198146 0.980173 0.000000
vn -0.246757 0.969077 0.000000
vn -0.246757 0.969077 0.000000
vn -0.294756 0.955572 0.000000
vn -0.294756 0.955572 0.000000
vn -0.342020 0.939693 0.000000
vn -0.342020 0.939693 0.000000
vn -0.388434 0.921477 0.000000
vn -0.388434 0.921477 0.000000
vn -0.433884 0.900969 0.000000
vn -0.433884 0.900969 0.000000
vn -0.478255 0.878221 0.000000
vn -0.478255 0.878221 0.000000
vn -0.521435 0.853291 0.000000
vn -0.521435 0.853291 0.000000
vn -0.563320 0.826239 0.000000
vn -0.563320 0.826239 0.000000
vn -0.603804 0.797133 0.000000
vn -0.603804 0.797133 0.000000
vn -0.642788 0.766044 0.000000
vn -0.642788 0.766044 0.000000
vn -0.680173 0.733052 0.000000
vn -0.680173 0.733052 0.000000
vn -0.715868 0.698236 0.000000
vn -0.715868 0.698236 0.000000
vn -0.749780 0.661687 0.000000
vn -0.749780 0.661687 0.000000
vn -0.781832 0.623489 0.000000
vn -0.781832 0.623489 0.000000
vn -0.811938 0.583744 0.000000
vn -0.811938 0.583744 0.000000
vn -0.840026 0.542546 0.000000
vn -0.866025 0.500000 0.000000
vn -0.840026 0.542546 0.000000
vn -0.866025 0.500000 0.000000
vn -0.889872 0.456210 0.000000
vn -0.889872 0.456210 0.000000
vn -0.911506 0.411287 0.000000
vn -0.911506 0.411287 0.000000
vn -0.930874 0.365341 0.000000
vn -0.930874 0.365341 0.000000
vn -0.947927 0.318487 0.000000
vn -0.947927 0.318487 0.000000
vn -0.962624 0.270841 0.000000
vn -0.962624 0.270841 0.000000
vn -0.974928 0.222521 0.000000
vn -0.974928 0.222521 0.000000
vn -0.984808 0.173647 0.000000
vn -0.984808 0.173647 0.000000
vn -0.992239 0.124344 0.000000
vn -0.992239 0.124344 0.000000
vn -0.997204 0.074731 0.000000
vn -0.997204 0.074731 0.000000
vn -0.999689 0.024930 0.000000
vn -0.999689 0.024930 0.000000
vn -0.999689 -0.024930 0.000000
vn -0.999689 -0.024930 0.000000
vn -0.997204 -0.074731 0.000000
vn -0.997204 -0.074731 0.000000
vn -0.992239 -0.124344 0.000000
vn -0.992239 -0.124344 0.000000
vn -0.984808 -0.173647 0.000000
vn -0.984808 -0.173647 0.000000
vn -0.974928 -0.222521 0.000000
vn -0.974928 -0.222521 0.000000
vn -0.962624 -0.270841 0.000000
vn -0.962624 -0.270841 0.000000
vn -0.947927 -0.318487 0.000000
vn -0.947927 -0.318487 0.000000
vn -0.930874 -0.365341 0.000000
vn -0.930874 -0.365341 0.000000
vn -0.911506 -0.411287 0.000000
vn -0.911506 -0.411287 0.000000
vn -0.889872 -0.456210 0.000000
vn -0.889872 -0.456210 0.000000
vn -0.866025 -0.500000 -0.000000
vn -0.866025 -0.500000 0.000000
vn -0.840026 -0.542546 0.000000
vn -0.840026 -0.542546 0.000000
vn -0.811938 -0.583744 0.000000
vn -0.811938 -0.583744 0.000000
vn -0.781832 -0.623489 0.000000
vn -0.781832 -0.623489 0.000000
vn -0.749780 -0.661687 0.000000
vn -0.749780 -0.661687 0.000000
vn -0.715868 -0.698236 0.000000
vn -0.715868 -0.698236 0.000000
vn -0.680173 -0.733052 0.000000
vn -0.680173 -0.733052 0.000000
vn -0.642788 -0.766044 0.000000
vn -0.642788 -0.766044 0.000000
vn -0.603804 -0.797133 0.000000
vn -0.603804 -0.797133 0.000000
vn -0.563320 -0.826239 0.000000
vn -0.563320 -0.826239 0.000000
vn -0.521435 -0.853291 0.000000
vn -0.521435 -0.853291 0.000000
vn -0.478255 -0.878221 0.000000
vn -0.433884 -0.900969 -0.000000
vn -0.478255 -0.878221 0.000000
vn -0.433884 -0.900969 0.000000
vn -0.388434 -0.921477 0.000000
vn -0.388434 -0.921477 0.000000
vn -0.342020 -0.939693 0.000000
vn -0.342020 -0.939693 0.000000
vn -0.294756 -0.955572 0.000000
vn -0.294756 -0.955572 0.000000
vn -0.246757 -0.969077 0.000000
vn -0.246757 -0.969077 0.000000
vn -0.198146 -0.980173 0.000000
vn -0.198146 -0.980173 0.000000
vn -0.149043 -0.988831 -0.000000
vn -0.149043 -0.988831 0.000000
vn -0.099568 -0.995031 0.000000
vn -0.099568 -0.995031 0.000000
vn -0.049845 -0.998757 0.000000
vn -0.049845 -0.998757 0.000000
vn 0.000000 -1.000000 0.000000
vn 0.000000 -1.000000 0.000000
vn 0.049845 -0.998757 0.000000
vn 0.049845 -0.998757 0.000000
vn 0.099568 -0.995031 0.000000
vn 0.099568 -0.995031 0.000000
vn 0.149043 -0.988831 0.000000
vn 0.149043 -0.988831 0.000000
vn 0.198146 -0.980173 0.000000
vn 0.198146 -0.980173 0.000000
vn 0.246757 -0.969077 0.000000
vn 0.246757 -0.969077 0.000000
vn 0.294756 -0.955572 0.000000
vn 0.294756 -0.955572 0.000000
vn 0.342020 -0.939693 0.000000
vn 0.342020 -0.939693 0.000000
vn 0.388434 -0.921477 0.000000
vn 0.388434 -0.921477 0.000000
vn 0.433884 -0.900969 0.000000
vn 0.433884 -0.900969 0.000000
vn 0.478255 -0.878221 0.000000
vn 0.478255 -0.878221 0.000000
vn 0.521435 -0.853291 0.000000
vn 0.563320 -0.826239 0.000000
vn 0.521435 -0.853291 0.000000
vn 0.563320 -0.826239 0.000000
vn 0.603804 -0.797133 0.000000
vn 0.603804 -0.797133 0.000000
vn 0.642788 -0.766044 0.000000
vn 0.642788 -0.766044 0.000000
vn 0.680173 -0.733052 0.000000
vn 0.680173 -0.733052 0.000000
vn 0.715868 -0.698236 0.000000
vn 0.715868 -0.698236 0.000000
vn 0.749780 -0.661687 0.000000
vn 0.749780 -0.661687 0.000000
vn 0.781832 -0.623489 0.000000
vn 0.781832 -0.623489 0.000000
vn 0.811938 -0.583744 0.000000
vn 0.811938 -0.583744 0.000000
vn 0.840026 -0.542546 0.000000
vn 0.840026 -0.542546 0.000000
vn 0.866025 -0.500000 0.000000
vn 0.866025 -0.500000 0.000000
vn 0.889872 -0.456210 0.000000
vn 0.889872 -0.456210 0.000000
vn 0.911506 -0.411287 0.000000
vn 0.911506 -0.411287 0.000000
vn 0.930874 -0.365341 0.000000
vn 0.930874 -0.365341 0.000000
vn 0.947927 -0.318487 0.000000
vn 0.947927 -0.318487 0.000000
vn 0.962624 -0.270841 0.000000
vn 0.962624 -0.270841 0.000000
vn 0.974928 -0.222521 0.000000
vn 0.974928 -0.222521 0.000000
vn 0.984808 -0.173647 0.000000
vn 0.984808 -0.173647 0.000000
vn 0.992239 -0.124344 0.000000
vn 0.997204 -0.074731 0.000000
vn 0.992239 -0.124344 0.000000
vn 0.997204 -0.074731 0.000000
vn 0.999689 -0.024930 0.000000
vn 0.999689 -0.024930 0.000000
vn 0.024541 0.000612 -0.999699
vn 0.999388 -0.024923 -0.024539
vn 0.024541 -0.000612 -0.999699
vn 0.999388 0.024923 -0.024539
vn 0.999388 0.024923 -0.024544
vn 0.996982 0.024863 -0.073539
vn 0.996982 0.024863 -0.073540
vn 0.992176 0.024743 -0.122372
vn 0.992176 0.024744 -0.122369
vn 0.984981 0.024564 -0.170907
vn 0.984980 0.024564 -0.170912
vn 0.975412 0.024324 -0.219041
vn 0.975415 0.024326 -0.219029
vn 0.963499 0.024028 -0.266633
vn 0.963497 0.024027 -0.266640
vn 0.949263 0.023673 -0.313591
vn 0.949263 0.023673 -0.313592
vn 0.932740 0.023262 -0.359799
vn 0.932738 0.023261 -0.359805
vn 0.996904 0.074709 -0.024531
vn 0.996903 0.074707 -0.024544
vn 0.913971 0.022792 -0.405140
vn 0.913976 0.022794 -0.405128
vn 0.994504 0.074528 -0.073540
vn 0.994503 0.074527 -0.073542
vn 0.893003 0.022270 -0.449500
vn 0.893002 0.022269 -0.449501
vn 0.989709 0.074168 -0.122371
vn 0.989710 0.074169 -0.122369
vn 0.869881 0.021693 -0.492785
vn 0.869879 0.021693 -0.492788
vn 0.982531 0.073631 -0.170912
vn 0.982531 0.073631 -0.170915
vn 0.844671 0.021065 -0.534871
vn 0.844669 0.021065 -0.534874
vn 0.972990 0.072916 -0.219029
vn 0.972990 0.072916 -0.219029
vn 0.817411 0.020384 -0.575694
vn 0.817416 0.020385 -0.575687
vn 0.961102 0.072025 -0.266637
vn 0.961101 0.072025 -0.266640
vn 0.788194 0.019656 -0.615114
vn 0.788193 0.019656 -0.615114
vn 0.946902 0.070960 -0.313595
vn 0.946903 0.070961 -0.313592
vn 0.757076 0.018880 -0.653054
vn 0.757074 0.018879 -0.653057
vn 0.930421 0.069726 -0.359799
vn 0.930419 0.069725 -0.359805
vn 0.724133 0.018059 -0.689424
vn 0.724125 0.018058 -0.689432
vn 0.991941 0.124306 -0.024528
vn 0.991941 0.124306 -0.024531
vn 0.911704 0.068323 -0.405128
vn 0.911701 0.068322 -0.405134
vn 0.689441 0.017194 -0.724138
vn 0.689438 0.017193 -0.724141
vn 0.989552 0.124007 -0.073542
vn 0.989552 0.124007 -0.073545
vn 0.890782 0.066756 -0.449501
vn 0.867717 0.065027 -0.492787
vn 0.890780 0.066755 -0.449505
vn 0.653083 0.016286 -0.757111
vn 0.653085 0.016287 -0.757109
vn 0.984782 0.123409 -0.122371
vn 0.984783 0.123409 -0.122366
vn 0.867723 0.065026 -0.492776
vn 0.615162 0.015341 -0.788252
vn 0.615157 0.015341 -0.788255
vn 0.977640 0.122514 -0.170912
vn 0.977639 0.122513 -0.170915
vn 0.842569 0.063142 -0.534874
vn 0.842564 0.063141 -0.534882
vn 0.575746 0.014358 -0.817502
vn 0.575749 0.014358 -0.817500
vn 0.968146 0.121325 -0.219029
vn 0.968144 0.121323 -0.219040
vn 0.815384 0.061105 -0.575687
vn 0.815386 0.061105 -0.575684
vn 0.534954 0.013342 -0.844776
vn 0.534948 0.013340 -0.844780
vn 0.956318 0.119843 -0.266632
vn 0.956317 0.119842 -0.266636
vn 0.786234 0.058920 -0.615114
vn 0.786234 0.058920 -0.615114
vn 0.492859 0.012291 -0.870022
vn 0.492862 0.012292 -0.870020
vn 0.942187 0.118072 -0.313595
vn 0.942187 0.118071 -0.313597
vn 0.755193 0.056595 -0.653054
vn 0.755188 0.056593 -0.653061
vn 0.449584 0.011212 -0.893168
vn 0.449583 0.011212 -0.893168
vn 0.925792 0.116017 -0.359791
vn 0.925789 0.116015 -0.359799
vn 0.907162 0.113681 -0.405134
vn 0.722325 0.054131 -0.689432
vn 0.722329 0.054132 -0.689428
vn 0.405221 0.010105 -0.914163
vn 0.405222 0.010106 -0.914162
vn 0.984511 0.173595 -0.024534
vn 0.984511 0.173596 -0.024528
vn 0.907157 0.113682 -0.405145
vn 0.687727 0.051539 -0.724138
vn 0.687725 0.051538 -0.724140
vn 0.359881 0.008975 -0.932955
vn 0.359879 0.008975 -0.932956
vn 0.982141 0.173178 -0.073545
vn 0.982141 0.173178 -0.073547
vn 0.886349 0.111074 -0.449496
vn 0.886346 0.111073 -0.449505
vn 0.651463 0.048821 -0.757108
vn 0.651462 0.048821 -0.757109
vn 0.313671 0.007822 -0.949500
vn 0.313674 0.007823 -0.949498
vn 0.977406 0.172343 -0.122376
vn 0.977407 0.172344 -0.122366
vn 0.863398 0.108197 -0.492785
vn 0.863403 0.108199 -0.492776
vn 0.613628 0.045985 -0.788255
vn 0.613629 0.045986 -0.788254
vn 0.266709 0.006651 -0.963754
vn 0.266707 0.006651 -0.963755
vn 0.970319 0.171095 -0.170904
vn 0.970317 0.171093 -0.170912
vn 0.811326 0.101672 -0.575684
vn 0.838369 0.105061 -0.534882
vn 0.838374 0.105062 -0.534874
vn 0.574317 0.043039 -0.817501
vn 0.574318 0.043040 -0.817500
vn 0.219099 0.005464 -0.975687
vn 0.219097 0.005464 -0.975688
vn 0.960893 0.169431 -0.219040
vn 0.960894 0.169432 -0.219033
vn 0.811323 0.101672 -0.575689
vn 0.533618 0.039989 -0.844780
vn 0.533624 0.039990 -0.844776
vn 0.491637 0.036843 -0.870021
vn 0.170959 0.004263 -0.985269
vn 0.170960 0.004264 -0.985269
vn 0.949155 0.167361 -0.266636
vn 0.949156 0.167362 -0.266632
vn 0.782320 0.098038 -0.615114
vn 0.782317 0.098037 -0.615118
vn 0.751428 0.094167 -0.653061
vn 0.491635 0.036843 -0.870021
vn 0.122410 0.003053 -0.992475
vn 0.122411 0.003053 -0.992475
vn 0.935130 0.164888 -0.313597
vn 0.935132 0.164889 -0.313593
vn 0.751437 0.094166 -0.653051
vn 0.448467 0.033608 -0.893167
vn 0.448467 0.033608 -0.893167
vn 0.073564 0.001835 -0.997289
vn 0.024541 0.000612 -0.999699
vn 0.073565 0.001835 -0.997289
vn 0.918856 0.162018 -0.359797
vn 0.918858 0.162020 -0.359791
vn 0.718733 0.090068 -0.689428
vn 0.718733 0.090068 -0.689428
vn 0.404215 0.030292 -0.914162
vn 0.404210 0.030291 -0.914165
vn 0.974634 0.222454 -0.024534
vn 0.974634 0.222454 -0.024534
vn 0.972288 0.221918 -0.073547
vn 0.879711 0.155117 -0.449497
vn 0.900364 0.158758 -0.405143
vn 0.900363 0.158758 -0.405145
vn 0.684297 0.085753 -0.724144
vn 0.684301 0.085754 -0.724140
vn 0.648220 0.081232 -0.757108
vn 0.358986 0.026903 -0.932955
vn 0.358984 0.026902 -0.932956
vn 0.972288 0.221918 -0.073547
vn 0.879708 0.155117 -0.449502
vn 0.648223 0.081232 -0.757105
vn 0.312894 0.023448 -0.949499
vn 0.312894 0.023448 -0.949498
vn 0.967600 0.220848 -0.122376
vn 0.960585 0.219247 -0.170904
vn 0.967600 0.220848 -0.122375
vn 0.856935 0.151101 -0.492779
vn 0.856932 0.151100 -0.492785
vn 0.610573 0.076514 -0.788256
vn 0.610575 0.076515 -0.788254
vn 0.266044 0.019937 -0.963755
vn 0.266043 0.019937 -0.963755
vn 0.960584 0.219247 -0.170909
vn 0.832095 0.146722 -0.534874
vn 0.805246 0.141987 -0.575689
vn 0.832092 0.146720 -0.534879
vn 0.571456 0.071612 -0.817502
vn 0.571458 0.071613 -0.817501
vn 0.218552 0.016378 -0.975688
vn 0.218553 0.016378 -0.975688
vn 0.951255 0.217118 -0.219029
vn 0.951254 0.217118 -0.219033
vn 0.805247 0.141987 -0.575688
vn 0.530965 0.066538 -0.844777
vn 0.530967 0.066539 -0.844776
vn 0.170536 0.012780 -0.985269
vn 0.170535 0.012780 -0.985269
vn 0.939633 0.214466 -0.266636
vn 0.939632 0.214465 -0.266641
vn 0.776462 0.136912 -0.615111
vn 0.776457 0.136910 -0.615118
vn 0.489188 0.061303 -0.870021
vn 0.489191 0.061304 -0.870020
vn 0.122106 0.009151 -0.992475
vn 0.122105 0.009150 -0.992475
vn 0.925750 0.211297 -0.313593
vn 0.925751 0.211297 -0.313589
vn 0.909637 0.207619 -0.359797
vn 0.745805 0.131505 -0.653055
vn 0.745809 0.131507 -0.653051
vn 0.446234 0.055921 -0.893167
vn 0.446231 0.055920 -0.893169
vn 0.073382 0.005499 -0.997289
vn 0.024480 0.001835 -0.999699
vn 0.073382 0.005499 -0.997289
vn 0.024480 0.001835 -0.999699
vn 0.909636 0.207619 -0.359801
vn 0.713350 0.125783 -0.689427
vn 0.679172 0.119756 -0.724144
vn 0.713350 0.125783 -0.689428
vn 0.357199 0.044763 -0.932955
vn 0.402200 0.050402 -0.914164
vn 0.402198 0.050402 -0.914165
vn 0.960017 0.270108 -0.073547
vn 0.962334 0.270759 -0.024541
vn 0.962334 0.270760 -0.024534
vn 0.891331 0.203440 -0.405143
vn 0.891335 0.203442 -0.405134
vn 0.679171 0.119756 -0.724144
vn 0.311336 0.039015 -0.949499
vn 0.357201 0.044763 -0.932954
vn 0.960019 0.270106 -0.073531
vn 0.870883 0.198773 -0.449502
vn 0.870882 0.198773 -0.449503
vn 0.643368 0.113444 -0.757105
vn 0.643367 0.113443 -0.757106
vn 0.311334 0.039015 -0.949499
vn 0.955389 0.268804 -0.122381
vn 0.955389 0.268805 -0.122375
vn 0.848337 0.193627 -0.492781
vn 0.823744 0.188014 -0.534879
vn 0.848338 0.193627 -0.492779
vn 0.606000 0.106854 -0.788256
vn 0.606000 0.106855 -0.788255
vn 0.264719 0.033174 -0.963755
vn 0.264718 0.033173 -0.963755
vn 0.948461 0.266856 -0.170909
vn 0.948461 0.266855 -0.170912
vn 0.823743 0.188014 -0.534882
vn 0.567176 0.100008 -0.817502
vn 0.567179 0.100009 -0.817500
vn 0.217465 0.027252 -0.975688
vn 0.169687 0.021265 -0.985268
vn 0.217465 0.027252 -0.975688
vn 0.939250 0.264265 -0.219029
vn 0.939249 0.264264 -0.219035
vn 0.927773 0.261036 -0.266641
vn 0.797167 0.181948 -0.575690
vn 0.797169 0.181949 -0.575688
vn 0.526990 0.092922 -0.844776
vn 0.485527 0.085611 -0.870020
vn 0.526988 0.092922 -0.844778
vn 0.169686 0.021265 -0.985269
vn 0.927776 0.261035 -0.266630
vn 0.768672 0.175445 -0.615111
vn 0.738323 0.168518 -0.653055
vn 0.768672 0.175445 -0.615112
vn 0.485524 0.085611 -0.870022
vn 0.121497 0.015226 -0.992475
vn 0.121499 0.015226 -0.992475
vn 0.914068 0.257180 -0.313589
vn 0.914064 0.257177 -0.313601
vn 0.738326 0.168518 -0.653052
vn 0.442889 0.078093 -0.893169
vn 0.442889 0.078093 -0.893169
vn 0.073016 0.009150 -0.997289
vn 0.073016 0.009150 -0.997289
vn 0.024358 0.003052 -0.999699
vn 0.024358 0.003052 -0.999699
vn 0.898157 0.252702 -0.359801
vn 0.880086 0.247618 -0.405134
vn 0.898159 0.252704 -0.359792
vn 0.706194 0.161185 -0.689427
vn 0.706190 0.161183 -0.689432
vn 0.399187 0.070388 -0.914164
vn 0.399187 0.070388 -0.914164
vn 0.947642 0.318391 -0.024530
vn 0.930594 0.365231 -0.024530
vn 0.947642 0.318390 -0.024541
vn 0.880084 0.247618 -0.405139
vn 0.859892 0.241937 -0.449503
vn 0.672358 0.153461 -0.724144
vn 0.672362 0.153463 -0.724140
vn 0.354523 0.062512 -0.932955
vn 0.354526 0.062513 -0.932954
vn 0.945361 0.317623 -0.073546
vn 0.945361 0.317625 -0.073531
vn 0.859893 0.241937 -0.449501
vn 0.599920 0.136928 -0.788255
vn 0.636909 0.145370 -0.757109
vn 0.636913 0.145371 -0.757106
vn 0.309003 0.054486 -0.949499
vn 0.309002 0.054486 -0.949499
vn 0.940803 0.316094 -0.122370
vn 0.940802 0.316092 -0.122381
vn 0.837631 0.235673 -0.492780
vn 0.837631 0.235673 -0.492781
vn 0.813347 0.228840 -0.534882
vn 0.599925 0.136928 -0.788252
vn 0.262738 0.046328 -0.963754
vn 0.262735 0.046327 -0.963755
vn 0.933980 0.313799 -0.170912
vn 0.933981 0.313800 -0.170907
vn 0.813349 0.228841 -0.534879
vn 0.561487 0.128155 -0.817501
vn 0.561489 0.128156 -0.817500
vn 0.215836 0.038058 -0.975688
vn 0.215836 0.038058 -0.975688
vn 0.924909 0.310753 -0.219035
vn 0.924907 0.310751 -0.219043
vn 0.787111 0.221458 -0.575685
vn 0.787107 0.221456 -0.575690
vn 0.758972 0.213541 -0.615111
vn 0.521699 0.119074 -0.844779
vn 0.521703 0.119076 -0.844776
vn 0.480653 0.109706 -0.870022
vn 0.168416 0.029696 -0.985269
vn 0.168415 0.029696 -0.985269
vn 0.913612 0.306957 -0.266629
vn 0.913612 0.306957 -0.266630
vn 0.758970 0.213540 -0.615114
vn 0.480657 0.109707 -0.870019
vn 0.120589 0.021263 -0.992475
vn 0.072469 0.012778 -0.997289
vn 0.120588 0.021263 -0.992475
vn 0.900111 0.302421 -0.313596
vn 0.900109 0.302420 -0.313601
vn 0.729008 0.205112 -0.653052
vn 0.729003 0.205109 -0.653058
vn 0.438446 0.100072 -0.893169
vn 0.438446 0.100072 -0.893169
vn 0.072469 0.012778 -0.997289
vn 0.024176 0.004263 -0.999699
vn 0.024176 0.004263 -0.999699
vn 0.884443 0.297156 -0.359804
vn 0.884447 0.297159 -0.359792
vn 0.697278 0.196184 -0.689431
vn 0.697278 0.196184 -0.689432
vn 0.395182 0.090198 -0.914164
vn 0.395182 0.090198 -0.914164
vn 0.930593 0.365232 -0.024536
vn 0.866648 0.291179 -0.405137
vn 0.866648 0.291178 -0.405138
vn 0.628871 0.176936 -0.757109
vn 0.663882 0.186788 -0.724135
vn 0.663877 0.186785 -0.724140
vn 0.350970 0.080107 -0.932954
vn 0.350966 0.080105 -0.932955
vn 0.305904 0.069820 -0.949499
vn 0.928353 0.364351 -0.073546
vn 0.923878 0.362595 -0.122370
vn 0.928353 0.364352 -0.073539
vn 0.846768 0.284499 -0.449492
vn 0.846765 0.284497 -0.449501
vn 0.824843 0.277132 -0.492780
vn 0.628869 0.176936 -0.757111
vn 0.305902 0.069820 -0.949499
vn 0.923878 0.362595 -0.122371
vn 0.824841 0.277132 -0.492783
vn 0.592354 0.166662 -0.788251
vn 0.592354 0.166662 -0.788252
vn 0.260100 0.059366 -0.963755
vn 0.260102 0.059366 -0.963754
vn 0.917177 0.359965 -0.170913
vn 0.917178 0.359967 -0.170907
vn 0.800931 0.269098 -0.534879
vn 0.800931 0.269098 -0.534878
vn 0.554401 0.155984 -0.817501
vn 0.554399 0.155983 -0.817503
vn 0.515115 0.144931 -0.844779
vn 0.166726 0.038054 -0.985269
vn 0.213671 0.048769 -0.975688
vn 0.213670 0.048769 -0.975688
vn 0.897176 0.352115 -0.266629
vn 0.908270 0.356471 -0.219030
vn 0.908268 0.356468 -0.219043
vn 0.775088 0.260415 -0.575693
vn 0.775093 0.260418 -0.575685
vn 0.747382 0.251108 -0.615114
vn 0.515116 0.144931 -0.844778
vn 0.119379 0.027247 -0.992475
vn 0.166727 0.038054 -0.985269
vn 0.897172 0.352115 -0.266642
vn 0.747386 0.251108 -0.615108
vn 0.432912 0.121803 -0.893169
vn 0.474590 0.133529 -0.870020
vn 0.474591 0.133529 -0.870019
vn 0.119377 0.027247 -0.992475
vn 0.883917 0.346913 -0.313596
vn 0.883916 0.346913 -0.313598
vn 0.686632 0.230696 -0.689431
vn 0.717873 0.241192 -0.653058
vn 0.717875 0.241193 -0.653056
vn 0.432911 0.121803 -0.893170
vn 0.071742 0.016375 -0.997289
vn 0.023934 0.005463 -0.999699
vn 0.023933 0.005463 -0.999699
vn 0.071742 0.016375 -0.997289
vn 0.868531 0.340873 -0.359804
vn 0.851057 0.334015 -0.405137
vn 0.868534 0.340876 -0.359795
vn 0.653746 0.219647 -0.724135
vn 0.686630 0.230695 -0.689434
vn 0.346541 0.097501 -0.932954
vn 0.390198 0.109785 -0.914162
vn 0.390195 0.109783 -0.914164
vn 0.911231 0.411163 -0.024534
vn 0.889604 0.456073 -0.024534
vn 0.911232 0.411163 -0.024536
vn 0.851058 0.334015 -0.405135
vn 0.653740 0.219646 -0.724140
vn 0.346538 0.097501 -0.932955
vn 0.909037 0.410173 -0.073544
vn 0.909038 0.410174 -0.073539
vn 0.831535 0.326353 -0.449493
vn 0.831534 0.326353 -0.449495
vn 0.619272 0.208065 -0.757107
vn 0.619268 0.208063 -0.757111
vn 0.302042 0.084981 -0.949499
vn 0.302042 0.084981 -0.949499
vn 0.904655 0.408196 -0.122372
vn 0.904655 0.408196 -0.122371
vn 0.810002 0.317903 -0.492783
vn 0.810001 0.317902 -0.492785
vn 0.583308 0.195981 -0.788254
vn 0.583310 0.195982 -0.788251
vn 0.256818 0.072257 -0.963755
vn 0.256818 0.072257 -0.963755
vn 0.898094 0.405235 -0.170914
vn 0.898095 0.405236 -0.170908
vn 0.786520 0.308687 -0.534881
vn 0.761144 0.298728 -0.575693
vn 0.786522 0.308688 -0.534878
vn 0.545938 0.183426 -0.817500
vn 0.507252 0.170427 -0.844778
vn 0.545935 0.183424 -0.817503
vn 0.210975 0.059359 -0.975688
vn 0.210974 0.059359 -0.975688
vn 0.889370 0.401299 -0.219042
vn 0.889372 0.401301 -0.219030
vn 0.761151 0.298729 -0.575682
vn 0.507253 0.170428 -0.844777
vn 0.164622 0.046317 -0.985269
vn 0.164622 0.046318 -0.985269
vn 0.878507 0.396399 -0.266632
vn 0.878505 0.396397 -0.266642
vn 0.733940 0.288051 -0.615108
vn 0.733934 0.288047 -0.615117
vn 0.467344 0.157020 -0.870020
vn 0.467340 0.157018 -0.870022
vn 0.426302 0.143230 -0.893170
vn 0.117870 0.033164 -0.992475
vn 0.117871 0.033164 -0.992475
vn 0.850464 0.383743 -0.359794
vn 0.865527 0.390541 -0.313593
vn 0.865526 0.390540 -0.313598
vn 0.704960 0.276677 -0.653056
vn 0.704962 0.276678 -0.653053
vn 0.426307 0.143231 -0.893167
vn 0.070837 0.019930 -0.997289
vn 0.023631 0.006649 -0.999699
vn 0.070837 0.019930 -0.997289
vn 0.023631 0.006649 -0.999699
vn 0.850465 0.383743 -0.359793
vn 0.674277 0.264634 -0.689434
vn 0.641980 0.251958 -0.724140
vn 0.674279 0.264635 -0.689431
vn 0.384238 0.129097 -0.914164
vn 0.384241 0.129098 -0.914162
vn 0.889604 0.456073 -0.024535
vn 0.833350 0.376022 -0.405135
vn 0.833348 0.376020 -0.405142
vn 0.641983 0.251959 -0.724137
vn 0.341247 0.114653 -0.932955
vn 0.341248 0.114653 -0.932955
vn 0.887462 0.454975 -0.073546
vn 0.887462 0.454975 -0.073544
vn 0.814233 0.367396 -0.449493
vn 0.814232 0.367395 -0.449495
vn 0.608126 0.238671 -0.757112
vn 0.608131 0.238674 -0.757107
vn 0.297430 0.099931 -0.949499
vn 0.297431 0.099931 -0.949499
vn 0.252897 0.084969 -0.963755
vn 0.883184 0.452782 -0.122370
vn 0.883184 0.452782 -0.122372
vn 0.793146 0.357881 -0.492789
vn 0.793147 0.357882 -0.492786
vn 0.572814 0.224813 -0.788253
vn 0.572815 0.224814 -0.788252
vn 0.252896 0.084969 -0.963755
vn 0.876778 0.449498 -0.170913
vn 0.876779 0.449499 -0.170908
vn 0.770156 0.347508 -0.534881
vn 0.770156 0.347508 -0.534881
vn 0.536117 0.210410 -0.817500
vn 0.536118 0.210411 -0.817499
vn 0.207755 0.069802 -0.975687
vn 0.207753 0.069801 -0.975688
vn 0.162109 0.054466 -0.985269
vn 0.868262 0.445132 -0.219041
vn 0.868262 0.445132 -0.219039
vn 0.745312 0.336298 -0.575686
vn 0.745314 0.336299 -0.575682
vn 0.458933 0.180118 -0.870022
vn 0.498126 0.195500 -0.844778
vn 0.498127 0.195500 -0.844777
vn 0.162107 0.054465 -0.985269
vn 0.844984 0.433199 -0.313593
vn 0.857656 0.439695 -0.266636
vn 0.857657 0.439695 -0.266632
vn 0.718668 0.324276 -0.615111
vn 0.718664 0.324273 -0.615117
vn 0.458930 0.180117 -0.870024
vn 0.069756 0.023437 -0.997289
vn 0.116073 0.038999 -0.992475
vn 0.116071 0.038998 -0.992475
vn 0.844985 0.433199 -0.313592
vn 0.690295 0.311473 -0.653053
vn 0.690294 0.311472 -0.653054
vn 0.418636 0.164303 -0.893167
vn 0.418637 0.164303 -0.893167
vn 0.023271 0.007818 -0.999699
vn 0.023270 0.007818 -0.999699
vn 0.069755 0.023436 -0.997289
vn 0.022852 0.008969 -0.999699
vn 0.830279 0.425659 -0.359793
vn 0.830278 0.425659 -0.359795
vn 0.660250 0.297916 -0.689431
vn 0.660253 0.297917 -0.689428
vn 0.377325 0.148089 -0.914164
vn 0.377327 0.148090 -0.914163
vn 0.865765 0.499850 -0.024527
vn 0.865765 0.499849 -0.024535
vn 0.813569 0.417092 -0.405142
vn 0.813570 0.417094 -0.405138
vn 0.628625 0.283647 -0.724137
vn 0.628622 0.283644 -0.724141
vn 0.335109 0.131521 -0.932955
vn 0.335108 0.131520 -0.932955
vn 0.863681 0.498646 -0.073540
vn 0.859517 0.496241 -0.122370
vn 0.863681 0.498645 -0.073546
vn 0.794908 0.407526 -0.449493
vn 0.774321 0.396972 -0.492789
vn 0.794906 0.407524 -0.449498
vn 0.595475 0.268689 -0.757110
vn 0.595474 0.268688 -0.757112
vn 0.292079 0.114633 -0.949499
vn 0.292079 0.114633 -0.949500
vn 0.859516 0.496242 -0.122379
vn 0.853283 0.492643 -0.170913
vn 0.774324 0.396972 -0.492784
vn 0.560897 0.253086 -0.788252
vn 0.560897 0.253086 -0.788253
vn 0.248348 0.097470 -0.963755
vn 0.248346 0.097469 -0.963755
vn 0.853283 0.492643 -0.170911
vn 0.727622 0.373030 -0.575686
vn 0.751879 0.385465 -0.534878
vn 0.751877 0.385464 -0.534881
vn 0.524963 0.236873 -0.817499
vn 0.524961 0.236871 -0.817501
vn 0.204017 0.080071 -0.975687
vn 0.204017 0.080071 -0.975687
vn 0.844995 0.487858 -0.219036
vn 0.844995 0.487858 -0.219039
vn 0.834673 0.481898 -0.266636
vn 0.727621 0.373029 -0.575688
vn 0.487760 0.220086 -0.844779
vn 0.487762 0.220087 -0.844778
vn 0.159191 0.062478 -0.985269
vn 0.159191 0.062478 -0.985269
vn 0.834673 0.481898 -0.266638
vn 0.673910 0.345493 -0.653054
vn 0.701611 0.359695 -0.615111
vn 0.701610 0.359694 -0.615113
vn 0.449389 0.202773 -0.870019
vn 0.449382 0.202768 -0.870024
vn 0.113984 0.044735 -0.992475
vn 0.113985 0.044736 -0.992475
vn 0.068500 0.026884 -0.997289
vn 0.822341 0.474779 -0.313592
vn 0.822342 0.474779 -0.313591
vn 0.673909 0.345493 -0.653055
vn 0.409927 0.184966 -0.893167
vn 0.409925 0.184965 -0.893168
vn 0.022852 0.008969 -0.999699
vn 0.068501 0.026885 -0.997289
vn 0.791768 0.457128 -0.405138
vn 0.808029 0.466516 -0.359795
vn 0.808027 0.466515 -0.359800
vn 0.644583 0.330458 -0.689428
vn 0.644582 0.330458 -0.689428
vn 0.369476 0.166714 -0.914163
vn 0.369475 0.166713 -0.914163
vn 0.839773 0.542383 -0.024539
vn 0.811693 0.583568 -0.024538
vn 0.839773 0.542384 -0.024527
vn 0.791769 0.457128 -0.405137
vn 0.613702 0.314626 -0.724141
vn 0.613703 0.314627 -0.724140
vn 0.328136 0.148060 -0.932955
vn 0.328136 0.148060 -0.932955
vn 0.837751 0.541078 -0.073540
vn 0.837751 0.541078 -0.073540
vn 0.773604 0.446640 -0.449498
vn 0.773606 0.446642 -0.449493
vn 0.581342 0.298036 -0.757110
vn 0.581343 0.298037 -0.757109
vn 0.243181 0.109727 -0.963755
vn 0.286000 0.129048 -0.949500
vn 0.286002 0.129049 -0.949500
vn 0.827666 0.534563 -0.170911
vn 0.833712 0.538468 -0.122379
vn 0.833712 0.538470 -0.122370
vn 0.731730 0.422465 -0.534879
vn 0.753573 0.435076 -0.492784
vn 0.753571 0.435074 -0.492789
vn 0.547582 0.280728 -0.788255
vn 0.512501 0.262744 -0.817501
vn 0.547584 0.280730 -0.788253
vn 0.243182 0.109728 -0.963754
vn 0.827666 0.534563 -0.170912
vn 0.731733 0.422466 -0.534874
vn 0.708123 0.408835 -0.575688
vn 0.512504 0.262745 -0.817499
vn 0.199771 0.090140 -0.975688
vn 0.199772 0.090141 -0.975687
vn 0.155879 0.070335 -0.985269
vn 0.819628 0.529371 -0.219036
vn 0.819628 0.529372 -0.219032
vn 0.708122 0.408834 -0.575689
vn 0.476185 0.244125 -0.844778
vn 0.476184 0.244124 -0.844779
vn 0.155881 0.070336 -0.985268
vn 0.809614 0.522904 -0.266642
vn 0.809614 0.522904 -0.266638
vn 0.682808 0.394220 -0.615113
vn 0.682808 0.394219 -0.615114
vn 0.655850 0.378655 -0.653055
vn 0.438718 0.224917 -0.870022
vn 0.438723 0.224921 -0.870019
vn 0.400195 0.205169 -0.893168
vn 0.111612 0.050361 -0.992475
vn 0.111612 0.050361 -0.992475
vn 0.797654 0.515179 -0.313590
vn 0.797653 0.515179 -0.313591
vn 0.655849 0.378655 -0.653056
vn 0.400193 0.205168 -0.893169
vn 0.022376 0.010097 -0.999699
vn 0.067076 0.030266 -0.997289
vn 0.067075 0.030266 -0.997289
vn 0.022376 0.010097 -0.999699
vn 0.783769 0.506211 -0.359800
vn 0.783771 0.506213 -0.359795
vn 0.627309 0.362178 -0.689428
vn 0.627308 0.362177 -0.689430
vn 0.360706 0.184923 -0.914163
vn 0.360708 0.184925 -0.914162
vn 0.811694 0.583568 -0.024531
vn 0.767999 0.496026 -0.405138
vn 0.767998 0.496025 -0.405141
vn 0.597257 0.344827 -0.724140
vn 0.597257 0.344827 -0.724140
vn 0.320347 0.164233 -0.932955
vn 0.320346 0.164232 -0.932956
vn 0.805836 0.579356 -0.122369
vn 0.809740 0.582163 -0.073540
vn 0.809740 0.582163 -0.073540
vn 0.750379 0.484646 -0.449500
vn 0.730947 0.472097 -0.492789
vn 0.750381 0.484648 -0.449493
vn 0.565768 0.326647 -0.757106
vn 0.565764 0.326644 -0.757109
vn 0.279212 0.143143 -0.949500
vn 0.279217 0.143147 -0.949498
vn 0.805836 0.579356 -0.122373
vn 0.730950 0.472098 -0.492785
vn 0.532908 0.307675 -0.788255
vn 0.498770 0.287965 -0.817499
vn 0.532907 0.307674 -0.788256
vn 0.237408 0.121712 -0.963755
vn 0.237410 0.121713 -0.963754
vn 0.195029 0.099986 -0.975688
vn 0.799991 0.575155 -0.170912
vn 0.799991 0.575155 -0.170912
vn 0.709764 0.458415 -0.534874
vn 0.709763 0.458414 -0.534877
vn 0.498767 0.287964 -0.817501
vn 0.195028 0.099985 -0.975688
vn 0.782542 0.562610 -0.266642
vn 0.792222 0.569569 -0.219034
vn 0.792222 0.569569 -0.219032
vn 0.686864 0.443624 -0.575687
vn 0.686863 0.443623 -0.575690
vn 0.463424 0.267559 -0.844778
vn 0.463424 0.267558 -0.844779
vn 0.152181 0.078019 -0.985268
vn 0.152181 0.078019 -0.985268
vn 0.108963 0.055862 -0.992475
vn 0.782545 0.562610 -0.266634
vn 0.662309 0.427764 -0.615113
vn 0.662309 0.427764 -0.615114
vn 0.426961 0.246506 -0.870022
vn 0.426964 0.246508 -0.870020
vn 0.108963 0.055862 -0.992475
vn 0.065484 0.033571 -0.997289
vn 0.770982 0.554299 -0.313590
vn 0.770981 0.554296 -0.313599
vn 0.757563 0.544651 -0.359795
vn 0.636160 0.410876 -0.653056
vn 0.636159 0.410875 -0.653057
vn 0.389472 0.224862 -0.893168
vn 0.389469 0.224860 -0.893169
vn 0.065483 0.033571 -0.997289
vn 0.021845 0.011199 -0.999699
vn 0.021845 0.011200 -0.999699
vn 0.757564 0.544652 -0.359793
vn 0.608475 0.392995 -0.689429
vn 0.608475 0.392995 -0.689430
vn 0.311761 0.179995 -0.932956
vn 0.351040 0.202673 -0.914163
vn 0.351042 0.202674 -0.914162
vn 0.781596 0.623302 -0.024532
vn 0.781597 0.623301 -0.024542
vn 0.742318 0.533690 -0.405141
vn 0.742319 0.533691 -0.405137
vn 0.579330 0.374171 -0.724136
vn 0.579327 0.374168 -0.724140
vn 0.311763 0.179996 -0.932955
vn 0.779714 0.621802 -0.073541
vn 0.779714 0.621802 -0.073540
vn 0.725288 0.521447 -0.449500
vn 0.725287 0.521445 -0.449504
vn 0.548783 0.354442 -0.757105
vn 0.548780 0.354439 -0.757109
vn 0.231046 0.133394 -0.963755
vn 0.271735 0.156886 -0.949498
vn 0.271734 0.156885 -0.949499
vn 0.775956 0.618804 -0.122373
vn 0.775956 0.618804 -0.122368
vn 0.706509 0.507945 -0.492785
vn 0.706510 0.507947 -0.492781
vn 0.516908 0.333855 -0.788256
vn 0.516908 0.333855 -0.788256
vn 0.231046 0.133394 -0.963755
vn 0.770327 0.614315 -0.170918
vn 0.770328 0.614316 -0.170911
vn 0.663898 0.477310 -0.575687
vn 0.686031 0.493222 -0.534877
vn 0.686031 0.493222 -0.534877
vn 0.483793 0.312467 -0.817501
vn 0.483795 0.312468 -0.817500
vn 0.189802 0.109582 -0.975688
vn 0.189805 0.109584 -0.975687
vn 0.148103 0.085507 -0.985268
vn 0.753527 0.600918 -0.266634
vn 0.762847 0.608350 -0.219034
vn 0.762847 0.608351 -0.219029
vn 0.663899 0.477310 -0.575685
vn 0.449513 0.290326 -0.844777
vn 0.449511 0.290325 -0.844779
vn 0.148101 0.085506 -0.985269
vn 0.753526 0.600918 -0.266638
vn 0.742392 0.592038 -0.313599
vn 0.640163 0.460246 -0.615113
vn 0.640161 0.460244 -0.615117
vn 0.414145 0.267483 -0.870021
vn 0.414146 0.267483 -0.870021
vn 0.106044 0.061225 -0.992475
vn 0.106043 0.061224 -0.992475
vn 0.742394 0.592039 -0.313594
vn 0.614891 0.442076 -0.653053
vn 0.614888 0.442074 -0.653057
vn 0.377778 0.243995 -0.893169
vn 0.377779 0.243995 -0.893168
vn 0.063728 0.036793 -0.997289
vn 0.063728 0.036794 -0.997289
vn 0.021260 0.012274 -0.999699
vn 0.021260 0.012274 -0.999699
vn 0.729471 0.581733 -0.359803
vn 0.729473 0.581737 -0.359793
vn 0.588129 0.422835 -0.689431
vn 0.588130 0.422836 -0.689429
vn 0.559959 0.402583 -0.724136
vn 0.340500 0.219918 -0.914164
vn 0.340501 0.219919 -0.914163
vn 0.749555 0.661488 -0.024529
vn 0.715652 0.698026 -0.024529
vn 0.749556 0.661486 -0.024542
vn 0.714796 0.570032 -0.405130
vn 0.714794 0.570029 -0.405137
vn 0.559955 0.402581 -0.724140
vn 0.302405 0.195314 -0.932954
vn 0.302403 0.195312 -0.932955
vn 0.747752 0.659893 -0.073541
vn 0.747752 0.659894 -0.073533
vn 0.680314 0.542531 -0.492781
vn 0.698394 0.556949 -0.449504
vn 0.698395 0.556952 -0.449499
vn 0.530428 0.381352 -0.757111
vn 0.530429 0.381354 -0.757109
vn 0.263575 0.170235 -0.949499
vn 0.263573 0.170233 -0.949500
vn 0.744146 0.656713 -0.122368
vn 0.744146 0.656711 -0.122381
vn 0.680311 0.542530 -0.492786
vn 0.499625 0.359205 -0.788256
vn 0.499630 0.359210 -0.788250
vn 0.224109 0.144745 -0.963755
vn 0.224110 0.144746 -0.963755
vn 0.738749 0.651949 -0.170918
vn 0.738749 0.651951 -0.170910
vn 0.660592 0.526804 -0.534879
vn 0.660593 0.526805 -0.534877
vn 0.467617 0.336193 -0.817501
vn 0.467618 0.336194 -0.817500
vn 0.184106 0.118909 -0.975687
vn 0.143655 0.092782 -0.985269
vn 0.184105 0.118908 -0.975688
vn 0.731575 0.645619 -0.219029
vn 0.731575 0.645618 -0.219035
vn 0.639281 0.509810 -0.575685
vn 0.639281 0.509810 -0.575685
vn 0.434479 0.312369 -0.844780
vn 0.434482 0.312372 -0.844777
vn 0.143657 0.092783 -0.985268
vn 0.102860 0.066434 -0.992475
vn 0.722636 0.637731 -0.266639
vn 0.722637 0.637731 -0.266638
vn 0.616424 0.491581 -0.615117
vn 0.592091 0.472176 -0.653053
vn 0.616427 0.491585 -0.615111
vn 0.400297 0.287795 -0.870021
vn 0.400297 0.287794 -0.870021
vn 0.102859 0.066434 -0.992475
vn 0.711960 0.628309 -0.313594
vn 0.711960 0.628309 -0.313593
vn 0.566320 0.451626 -0.689431
vn 0.592087 0.472174 -0.653058
vn 0.365146 0.262522 -0.893169
vn 0.365150 0.262525 -0.893166
vn 0.020622 0.013319 -0.999699
vn 0.020622 0.013319 -0.999699
vn 0.061815 0.039924 -0.997289
vn 0.061815 0.039924 -0.997289
vn 0.699568 0.617373 -0.359798
vn 0.699567 0.617371 -0.359803
vn 0.566320 0.451625 -0.689432
vn 0.329114 0.236617 -0.914164
vn 0.329115 0.236617 -0.914164
vn 0.679968 0.732831 -0.024532
vn 0.715652 0.698026 -0.024532
vn 0.713929 0.696346 -0.073533
vn 0.685494 0.604953 -0.405130
vn 0.685493 0.604951 -0.405134
vn 0.539192 0.429992 -0.724140
vn 0.539192 0.429992 -0.724140
vn 0.292291 0.210143 -0.932955
vn 0.292294 0.210145 -0.932954
vn 0.713927 0.696347 -0.073551
vn 0.652422 0.575767 -0.492786
vn 0.669765 0.591071 -0.449499
vn 0.669765 0.591072 -0.449499
vn 0.510760 0.407317 -0.757111
vn 0.510764 0.407321 -0.757107
vn 0.254760 0.183159 -0.949500
vn 0.254763 0.183163 -0.949498
vn 0.710486 0.692988 -0.122381
vn 0.710486 0.692990 -0.122369
vn 0.652423 0.575767 -0.492784
vn 0.450277 0.359085 -0.817501
vn 0.481099 0.383663 -0.788255
vn 0.481104 0.383668 -0.788250
vn 0.216617 0.155737 -0.963755
vn 0.216616 0.155736 -0.963755
vn 0.705334 0.687964 -0.170910
vn 0.698483 0.681282 -0.219035
vn 0.705334 0.687963 -0.170913
vn 0.633511 0.559077 -0.534880
vn 0.633511 0.559077 -0.534881
vn 0.450282 0.359088 -0.817497
vn 0.418369 0.333638 -0.844780
vn 0.177949 0.127937 -0.975688
vn 0.177950 0.127937 -0.975687
vn 0.689950 0.672959 -0.266639
vn 0.698483 0.681282 -0.219036
vn 0.613075 0.541041 -0.575685
vn 0.613077 0.541044 -0.575681
vn 0.418369 0.333638 -0.844780
vn 0.138852 0.099828 -0.985269
vn 0.138853 0.099829 -0.985268
vn 0.689950 0.672959 -0.266638
vn 0.591157 0.521700 -0.615111
vn 0.591155 0.521697 -0.615116
vn 0.385454 0.307389 -0.870021
vn 0.385453 0.307389 -0.870022
vn 0.099420 0.071478 -0.992475
vn 0.099420 0.071478 -0.992475
vn 0.059748 0.042956 -0.997289
vn 0.679757 0.663017 -0.313592
vn 0.667925 0.651476 -0.359798
vn 0.679756 0.663016 -0.313594
vn 0.567815 0.501100 -0.653058
vn 0.567815 0.501100 -0.653058
vn 0.351608 0.280398 -0.893168
vn 0.351610 0.280400 -0.893166
vn 0.019932 0.014330 -0.999699
vn 0.059748 0.042956 -0.997289
vn 0.019932 0.014330 -0.999699
vn 0.667926 0.651477 -0.359795
vn 0.543104 0.479293 -0.689432
vn 0.543106 0.479294 -0.689430
vn 0.316913 0.252730 -0.914163
vn 0.316911 0.252728 -0.914164
vn 0.281453 0.224451 -0.932955
vn 0.679968 0.732831 -0.024532
vn 0.654487 0.638367 -0.405134
vn 0.654488 0.638369 -0.405130
vn 0.517092 0.456337 -0.724136
vn 0.517089 0.456333 -0.724140
vn 0.281454 0.224451 -0.932955
vn 0.245317 0.195633 -0.949498
vn 0.678331 0.731067 -0.073542
vn 0.678331 0.731066 -0.073551
vn 0.639469 0.623720 -0.449503
vn 0.639470 0.623721 -0.449500
vn 0.489822 0.432270 -0.757111
vn 0.489826 0.432274 -0.757107
vn 0.245314 0.195632 -0.949500
vn 0.675061 0.727541 -0.122377
vn 0.675061 0.727543 -0.122369
vn 0.604856 0.589959 -0.534880
vn 0.622914 0.607573 -0.492781
vn 0.622913 0.607571 -0.492784
vn 0.461377 0.407168 -0.788255
vn 0.461376 0.407167 -0.788256
vn 0.208584 0.166340 -0.963755
vn 0.171351 0.136648 -0.975688
vn 0.208586 0.166342 -0.963754
vn 0.670165 0.722266 -0.170913
vn 0.670165 0.722266 -0.170911
vn 0.585346 0.570930 -0.575681
vn 0.604854 0.589958 -0.534885
vn 0.431823 0.381086 -0.817497
vn 0.431824 0.381087 -0.817497
vn 0.133703 0.106625 -0.985269
vn 0.171350 0.136647 -0.975688
vn 0.663656 0.715251 -0.219036
vn 0.663657 0.715252 -0.219033
vn 0.585343 0.570928 -0.575687
vn 0.401218 0.354077 -0.844780
vn 0.369652 0.326220 -0.870022
vn 0.401218 0.354077 -0.844780
vn 0.095734 0.076345 -0.992475
vn 0.133704 0.106625 -0.985269
vn 0.655550 0.706514 -0.266632
vn 0.655549 0.706512 -0.266638
vn 0.564420 0.550521 -0.615106
vn 0.542132 0.528780 -0.653058
vn 0.564416 0.550515 -0.615116
vn 0.369654 0.326221 -0.870020
vn 0.095734 0.076345 -0.992475
vn 0.645863 0.696073 -0.313599
vn 0.645864 0.696075 -0.313591
vn 0.542130 0.528778 -0.653061
vn 0.337195 0.297576 -0.893168
vn 0.337194 0.297575 -0.893168
vn 0.019193 0.015306 -0.999699
vn 0.019193 0.015306 -0.999699
vn 0.057533 0.045881 -0.997289
vn 0.057533 0.045881 -0.997289
vn 0.634622 0.683959 -0.359797
vn 0.634623 0.683960 -0.359795
vn 0.518540 0.505769 -0.689430
vn 0.518542 0.505772 -0.689426
vn 0.303920 0.268211 -0.914164
vn 0.303922 0.268213 -0.914163
vn 0.642594 0.765814 -0.024532
vn 0.642594 0.765814 -0.024539
vn 0.621853 0.670200 -0.405130
vn 0.621851 0.670195 -0.405142
vn 0.493698 0.481538 -0.724144
vn 0.493703 0.481545 -0.724136
vn 0.467665 0.456149 -0.757111
vn 0.269917 0.238203 -0.932955
vn 0.269916 0.238202 -0.932955
vn 0.641047 0.763971 -0.073541
vn 0.641047 0.763970 -0.073542
vn 0.591854 0.637868 -0.492781
vn 0.607584 0.654822 -0.449500
vn 0.607583 0.654820 -0.449503
vn 0.467670 0.456152 -0.757106
vn 0.235258 0.207616 -0.949500
vn 0.235258 0.207616 -0.949500
vn 0.637956 0.760288 -0.122369
vn 0.637957 0.760286 -0.122378
vn 0.591856 0.637870 -0.492777
vn 0.412292 0.402137 -0.817497
vn 0.440509 0.429660 -0.788254
vn 0.440508 0.429658 -0.788256
vn 0.200035 0.176532 -0.963754
vn 0.200036 0.176532 -0.963754
vn 0.633330 0.754773 -0.170912
vn 0.633330 0.754773 -0.170912
vn 0.574698 0.619377 -0.534878
vn 0.574696 0.619373 -0.534885
vn 0.412287 0.402134 -0.817501
vn 0.383070 0.373636 -0.844780
vn 0.164326 0.145019 -0.975688
vn 0.164326 0.145018 -0.975688
vn 0.627179 0.747442 -0.219036
vn 0.627179 0.747443 -0.219033
vn 0.556157 0.599395 -0.575687
vn 0.556154 0.599390 -0.575694
vn 0.383074 0.373639 -0.844777
vn 0.128223 0.113157 -0.985269
vn 0.128222 0.113156 -0.985269
vn 0.619518 0.738312 -0.266632
vn 0.619518 0.738312 -0.266632
vn 0.536278 0.577971 -0.615106
vn 0.536277 0.577970 -0.615108
vn 0.515098 0.555144 -0.653061
vn 0.352933 0.344242 -0.870020
vn 0.352931 0.344239 -0.870023
vn 0.091809 0.081022 -0.992475
vn 0.091809 0.081022 -0.992475
vn 0.055174 0.048692 -0.997289
vn 0.610362 0.727402 -0.313598
vn 0.610362 0.727401 -0.313602
vn 0.515102 0.555147 -0.653056
vn 0.492687 0.530990 -0.689426
vn 0.321942 0.314014 -0.893168
vn 0.321942 0.314014 -0.893168
vn 0.018406 0.016244 -0.999699
vn 0.055175 0.048692 -0.997289
vn 0.018406 0.016244 -0.999699
vn 0.599740 0.714743 -0.359797
vn 0.599741 0.714744 -0.359795
vn 0.492684 0.530988 -0.689430
vn 0.290172 0.283026 -0.914164
vn 0.290173 0.283027 -0.914164
vn 0.257707 0.251361 -0.932955
vn 0.603622 0.796893 -0.024531
vn 0.603623 0.796892 -0.024539
vn 0.587673 0.700361 -0.405136
vn 0.587671 0.700359 -0.405142
vn 0.469081 0.505549 -0.724144
vn 0.444352 0.478897 -0.757106
vn 0.469082 0.505551 -0.724141
vn 0.257708 0.251362 -0.932954
vn 0.602169 0.794974 -0.073541
vn 0.602170 0.794973 -0.073549
vn 0.559326 0.666578 -0.492777
vn 0.574189 0.684291 -0.449503
vn 0.574190 0.684292 -0.449500
vn 0.444351 0.478897 -0.757106
vn 0.418544 0.451083 -0.788254
vn 0.224617 0.219085 -0.949499
vn 0.224616 0.219084 -0.949500
vn 0.190988 0.186284 -0.963754
vn 0.599266 0.791141 -0.122375
vn 0.599266 0.791142 -0.122369
vn 0.559323 0.666576 -0.492783
vn 0.418544 0.451083 -0.788254
vn 0.190985 0.186282 -0.963755
vn 0.594920 0.785404 -0.170912
vn 0.594920 0.785405 -0.170909
vn 0.543109 0.647253 -0.534880
vn 0.543110 0.647254 -0.534877
vn 0.391729 0.422183 -0.817502
vn 0.391730 0.422184 -0.817501
vn 0.363973 0.392270 -0.844777
vn 0.156893 0.153029 -0.975688
vn 0.156894 0.153030 -0.975687
vn 0.589142 0.777775 -0.219036
vn 0.581946 0.768275 -0.266632
vn 0.589143 0.777777 -0.219028
vn 0.525585 0.626368 -0.575694
vn 0.525588 0.626373 -0.575686
vn 0.335333 0.361403 -0.870023
vn 0.363973 0.392270 -0.844776
vn 0.122422 0.119407 -0.985269
vn 0.122423 0.119408 -0.985269
vn 0.573345 0.756921 -0.313603
vn 0.581945 0.768274 -0.266636
vn 0.506801 0.603983 -0.615108
vn 0.486789 0.580133 -0.653056
vn 0.506799 0.603979 -0.615113
vn 0.335333 0.361403 -0.870023
vn 0.087657 0.085498 -0.992475
vn 0.087657 0.085498 -0.992475
vn 0.563369 0.743749 -0.359795
vn 0.573348 0.756923 -0.313593
vn 0.465604 0.554886 -0.689430
vn 0.486788 0.580132 -0.653058
vn 0.305890 0.329671 -0.893168
vn 0.275704 0.297138 -0.914164
vn 0.305890 0.329672 -0.893167
vn 0.017574 0.017141 -0.999699
vn 0.017574 0.017141 -0.999699
vn 0.052679 0.051381 -0.997289
vn 0.052679 0.051382 -0.997289
vn 0.563367 0.743747 -0.359802
vn 0.465609 0.554890 -0.689424
vn 0.275705 0.297139 -0.914164
vn 0.563150 0.825991 -0.024531
vn 0.563151 0.825990 -0.024540
vn 0.561794 0.824001 -0.073550
vn 0.552033 0.728784 -0.405133
vn 0.539366 0.712061 -0.449503
vn 0.552033 0.728783 -0.405136
vn 0.443300 0.528303 -0.724142
vn 0.443300 0.528304 -0.724141
vn 0.419928 0.500450 -0.757106
vn 0.244858 0.263894 -0.932955
vn 0.244859 0.263895 -0.932954
vn 0.561796 0.824001 -0.073533
vn 0.539365 0.712060 -0.449507
vn 0.395539 0.471386 -0.788254
vn 0.419927 0.500449 -0.757107
vn 0.213417 0.230009 -0.949499
vn 0.213417 0.230009 -0.949499
vn 0.559087 0.820027 -0.122383
vn 0.559086 0.820029 -0.122375
vn 0.525403 0.693626 -0.492782
vn 0.525404 0.693629 -0.492777
vn 0.395538 0.471384 -0.788256
vn 0.181464 0.195572 -0.963754
vn 0.181463 0.195570 -0.963755
vn 0.149071 0.160660 -0.975687
vn 0.555032 0.814082 -0.170911
vn 0.555032 0.814082 -0.170909
vn 0.493714 0.651792 -0.575686
vn 0.510171 0.673519 -0.534881
vn 0.510172 0.673520 -0.534880
vn 0.370198 0.441184 -0.817503
vn 0.370200 0.441188 -0.817499
vn 0.149070 0.160660 -0.975688
vn 0.549642 0.806176 -0.219029
vn 0.549642 0.806177 -0.219028
vn 0.493710 0.651789 -0.575692
vn 0.343968 0.409925 -0.844776
vn 0.343967 0.409924 -0.844777
vn 0.083286 0.089761 -0.992475
vn 0.116319 0.125362 -0.985269
vn 0.116319 0.125362 -0.985269
vn 0.542926 0.796327 -0.266636
vn 0.542925 0.796326 -0.266641
vn 0.476063 0.628490 -0.615113
vn 0.476065 0.628493 -0.615108
vn 0.316901 0.377668 -0.870023
vn 0.316901 0.377667 -0.870024
vn 0.083286 0.089761 -0.992475
vn 0.534904 0.784562 -0.313593
vn 0.534904 0.784562 -0.313592
vn 0.457266 0.603675 -0.653058
vn 0.457267 0.603676 -0.653055
vn 0.289078 0.344509 -0.893167
vn 0.289078 0.344510 -0.893167
vn 0.016697 0.017996 -0.999699
vn 0.050052 0.053943 -0.997289
vn 0.050052 0.053943 -0.997289
vn 0.016698 0.017996 -0.999699
vn 0.525595 0.770907 -0.359795
vn 0.525594 0.770905 -0.359802
vn 0.437370 0.577410 -0.689423
vn 0.437368 0.577404 -0.689430
vn 0.260550 0.310512 -0.914164
vn 0.260551 0.310512 -0.914164
vn 0.231399 0.275771 -0.932955
vn 0.520023 0.850981 -0.073533
vn 0.521278 0.853034 -0.024538
vn 0.521278 0.853034 -0.024540
vn 0.515019 0.755395 -0.405133
vn 0.515019 0.755393 -0.405138
vn 0.416414 0.549744 -0.724141
vn 0.416414 0.549744 -0.724142
vn 0.231399 0.275771 -0.932955
vn 0.520023 0.850981 -0.073537
vn 0.503203 0.738064 -0.449499
vn 0.503201 0.738060 -0.449507
vn 0.394459 0.520759 -0.757108
vn 0.394459 0.520759 -0.757107
vn 0.201687 0.240362 -0.949499
vn 0.201687 0.240361 -0.949499
vn 0.517515 0.846878 -0.122372
vn 0.517516 0.846877 -0.122383
vn 0.490174 0.718952 -0.492785
vn 0.490176 0.718957 -0.492777
vn 0.371550 0.490515 -0.788255
vn 0.371549 0.490514 -0.788256
vn 0.171489 0.204373 -0.963755
vn 0.171490 0.204374 -0.963754
vn 0.513763 0.840736 -0.170909
vn 0.513763 0.840736 -0.170911
vn 0.475966 0.698115 -0.534876
vn 0.475965 0.698111 -0.534881
vn 0.323106 0.426560 -0.844777
vn 0.347749 0.459092 -0.817499
vn 0.347749 0.459093 -0.817499
vn 0.140877 0.167891 -0.975688
vn 0.140877 0.167891 -0.975688
vn 0.109925 0.131004 -0.985269
vn 0.502557 0.822398 -0.266641
vn 0.508774 0.832571 -0.219032
vn 0.508774 0.832572 -0.219029
vn 0.460607 0.675586 -0.575695
vn 0.460608 0.675588 -0.575692
vn 0.323106 0.426559 -0.844778
vn 0.109927 0.131005 -0.985268
vn 0.502558 0.822399 -0.266638
vn 0.495133 0.810249 -0.313592
vn 0.426608 0.625719 -0.653056
vn 0.444146 0.651442 -0.615108
vn 0.444146 0.651443 -0.615107
vn 0.297682 0.392994 -0.870024
vn 0.297683 0.392996 -0.870023
vn 0.078708 0.093801 -0.992475
vn 0.047301 0.056371 -0.997289
vn 0.078708 0.093800 -0.992475
vn 0.486515 0.796147 -0.359795
vn 0.495133 0.810248 -0.313595
vn 0.408042 0.598488 -0.689430
vn 0.426604 0.625715 -0.653061
vn 0.271546 0.358491 -0.893167
vn 0.271546 0.358490 -0.893167
vn 0.047301 0.056371 -0.997289
vn 0.015780 0.018806 -0.999699
vn 0.015780 0.018806 -0.999699
vn 0.486513 0.796145 -0.359802
vn 0.408046 0.598493 -0.689424
vn 0.244749 0.323113 -0.914164
vn 0.244750 0.323115 -0.914163
vn 0.478111 0.877957 -0.024535
vn 0.478111 0.877957 -0.024538
vn 0.476725 0.780126 -0.405138
vn 0.476725 0.780128 -0.405135
vn 0.388495 0.569817 -0.724141
vn 0.368012 0.539774 -0.757107
vn 0.388494 0.569815 -0.724144
vn 0.217365 0.286962 -0.932955
vn 0.189456 0.250116 -0.949499
vn 0.217365 0.286961 -0.932956
vn 0.476959 0.875844 -0.073538
vn 0.476960 0.875843 -0.073545
vn 0.465788 0.762229 -0.449498
vn 0.465787 0.762227 -0.449502
vn 0.453727 0.742492 -0.492785
vn 0.368012 0.539774 -0.757107
vn 0.346639 0.508425 -0.788255
vn 0.189456 0.250116 -0.949499
vn 0.474660 0.871621 -0.122372
vn 0.474660 0.871622 -0.122367
vn 0.453730 0.742496 -0.492776
vn 0.346641 0.508428 -0.788252
vn 0.161089 0.212667 -0.963755
vn 0.161089 0.212667 -0.963755
vn 0.132333 0.174704 -0.975688
vn 0.471217 0.865299 -0.170915
vn 0.471217 0.865300 -0.170909
vn 0.440575 0.720969 -0.534881
vn 0.440576 0.720972 -0.534876
vn 0.426359 0.697706 -0.575695
vn 0.324430 0.475850 -0.817503
vn 0.324433 0.475856 -0.817499
vn 0.132332 0.174703 -0.975688
vn 0.103260 0.136322 -0.985268
vn 0.466640 0.856895 -0.219037
vn 0.466640 0.856897 -0.219032
vn 0.426361 0.697708 -0.575691
vn 0.301443 0.442137 -0.844776
vn 0.301442 0.442134 -0.844778
vn 0.103260 0.136322 -0.985268
vn 0.460939 0.846427 -0.266639
vn 0.460939 0.846427 -0.266638
vn 0.411122 0.672771 -0.615108
vn 0.411123 0.672772 -0.615106
vn 0.277724 0.407345 -0.870023
vn 0.277725 0.407349 -0.870021
vn 0.073934 0.097607 -0.992475
vn 0.073934 0.097607 -0.992475
vn 0.454129 0.833921 -0.313595
vn 0.454130 0.833923 -0.313589
vn 0.377706 0.618089 -0.689423
vn 0.394886 0.646202 -0.653061
vn 0.394885 0.646201 -0.653062
vn 0.253337 0.371577 -0.893169
vn 0.253339 0.371581 -0.893167
vn 0.014823 0.019569 -0.999699
vn 0.013829 0.020283 -0.999699
vn 0.014823 0.019569 -0.999699
vn 0.044432 0.058659 -0.997289
vn 0.044433 0.058659 -0.997289
vn 0.446225 0.819408 -0.359797
vn 0.446225 0.819406 -0.359802
vn 0.377707 0.618089 -0.689423
vn 0.202790 0.297439 -0.932956
vn 0.228340 0.334914 -0.914163
vn 0.228339 0.334912 -0.914164
vn 0.433753 0.900697 -0.024536
vn 0.432709 0.898529 -0.073545
vn 0.433753 0.900697 -0.024535
vn 0.437248 0.802920 -0.405134
vn 0.437248 0.802920 -0.405134
vn 0.359607 0.588471 -0.724144
vn 0.340649 0.557447 -0.757107
vn 0.359607 0.588470 -0.724145
vn 0.202792 0.297442 -0.932954
vn 0.432709 0.898529 -0.073545
vn 0.427215 0.784497 -0.449502
vn 0.427214 0.784496 -0.449504
vn 0.340650 0.557449 -0.757105
vn 0.176753 0.259249 -0.949499
vn 0.176753 0.259249 -0.949499
vn 0.430623 0.894197 -0.122377
vn 0.430622 0.894198 -0.122367
vn 0.416155 0.764190 -0.492776
vn 0.416155 0.764188 -0.492780
vn 0.320866 0.525075 -0.788252
vn 0.320865 0.525072 -0.788255
vn 0.150288 0.220432 -0.963755
vn 0.150288 0.220432 -0.963755
vn 0.427500 0.887714 -0.170906
vn 0.427500 0.887712 -0.170915
vn 0.404090 0.742033 -0.534881
vn 0.404091 0.742036 -0.534877
vn 0.300310 0.491435 -0.817500
vn 0.300307 0.491430 -0.817503
vn 0.123461 0.181084 -0.975687
vn 0.123460 0.181082 -0.975688
vn 0.423348 0.879089 -0.219040
vn 0.423348 0.879090 -0.219037
vn 0.391054 0.718095 -0.575688
vn 0.391053 0.718093 -0.575691
vn 0.279028 0.456608 -0.844779
vn 0.279030 0.456613 -0.844776
vn 0.257076 0.420686 -0.870021
vn 0.096335 0.141297 -0.985269
vn 0.096336 0.141299 -0.985268
vn 0.418176 0.868352 -0.266634
vn 0.418176 0.868350 -0.266639
vn 0.377073 0.692421 -0.615117
vn 0.377075 0.692428 -0.615108
vn 0.257073 0.420683 -0.870023
vn 0.068978 0.101172 -0.992475
vn 0.068977 0.101171 -0.992475
vn 0.411999 0.855522 -0.313590
vn 0.411999 0.855523 -0.313589
vn 0.362185 0.665081 -0.653061
vn 0.362187 0.665089 -0.653052
vn 0.234500 0.383743 -0.893169
vn 0.234502 0.383746 -0.893167
vn 0.041454 0.060801 -0.997289
vn 0.012801 0.020947 -0.999699
vn 0.013829 0.020283 -0.999699
vn 0.041453 0.060801 -0.997289
vn 0.404827 0.840631 -0.359797
vn 0.404827 0.840631 -0.359797
vn 0.346428 0.636148 -0.689423
vn 0.346426 0.636143 -0.689428
vn 0.187714 0.307180 -0.932954
vn 0.211361 0.345877 -0.914164
vn 0.211361 0.345878 -0.914164
vn 0.388318 0.921199 -0.024536
vn 0.388317 0.921199 -0.024528
vn 0.396681 0.823718 -0.405134
vn 0.396680 0.823713 -0.405145
vn 0.329827 0.605663 -0.724145
vn 0.329828 0.605666 -0.724143
vn 0.163610 0.267737 -0.949499
vn 0.187713 0.307179 -0.932955
vn 0.387383 0.918981 -0.073545
vn 0.387383 0.918981 -0.073545
vn 0.387579 0.804816 -0.449505
vn 0.387580 0.804820 -0.449495
vn 0.312438 0.573732 -0.757109
vn 0.312440 0.573737 -0.757105
vn 0.163610 0.267736 -0.949499
vn 0.385515 0.914550 -0.122377
vn 0.385515 0.914551 -0.122375
vn 0.377546 0.783981 -0.492780
vn 0.377546 0.783982 -0.492780
vn 0.366602 0.761256 -0.534877
vn 0.294293 0.540414 -0.788253
vn 0.275440 0.505794 -0.817499
vn 0.294293 0.540413 -0.788255
vn 0.139114 0.227651 -0.963754
vn 0.139113 0.227649 -0.963755
vn 0.114281 0.187013 -0.975687
vn 0.382719 0.907919 -0.170906
vn 0.382719 0.907918 -0.170912
vn 0.366600 0.761254 -0.534880
vn 0.275441 0.505795 -0.817499
vn 0.114280 0.187012 -0.975688
vn 0.379002 0.899101 -0.219032
vn 0.374373 0.888117 -0.266634
vn 0.379002 0.899099 -0.219040
vn 0.354773 0.736695 -0.575688
vn 0.342089 0.710356 -0.615118
vn 0.354772 0.736693 -0.575691
vn 0.255921 0.469950 -0.844779
vn 0.255921 0.469950 -0.844779
vn 0.089172 0.145924 -0.985269
vn 0.089172 0.145923 -0.985269
vn 0.374372 0.888116 -0.266636
vn 0.342090 0.710358 -0.615114
vn 0.235787 0.432977 -0.870020
vn 0.215083 0.394958 -0.893167
vn 0.235785 0.432973 -0.870023
vn 0.063849 0.104485 -0.992475
vn 0.063849 0.104484 -0.992475
vn 0.362421 0.859766 -0.359797
vn 0.368841 0.874996 -0.313590
vn 0.368841 0.874995 -0.313593
vn 0.328586 0.682316 -0.653052
vn 0.328586 0.682316 -0.653052
vn 0.314286 0.652621 -0.689428
vn 0.215082 0.394957 -0.893168
vn 0.011741 0.021559 -0.999699
vn 0.038371 0.062791 -0.997289
vn 0.012801 0.020947 -0.999699
vn 0.038371 0.062792 -0.997289
vn 0.362422 0.859767 -0.359794
vn 0.299228 0.621353 -0.724143
vn 0.314284 0.652619 -0.689430
vn 0.193858 0.355982 -0.914164
vn 0.193858 0.355982 -0.914164
vn 0.341917 0.939410 -0.024528
vn 0.341093 0.937148 -0.073545
vn 0.341917 0.939410 -0.024535
vn 0.355127 0.842462 -0.405145
vn 0.355127 0.842462 -0.405145
vn 0.299229 0.621355 -0.724140
vn 0.283451 0.588592 -0.757109
vn 0.172168 0.316154 -0.932955
vn 0.172168 0.316153 -0.932955
vn 0.150061 0.275558 -0.949499
vn 0.339450 0.932630 -0.122375
vn 0.341094 0.937148 -0.073536
vn 0.337998 0.801826 -0.492780
vn 0.346982 0.823139 -0.449495
vn 0.346982 0.823140 -0.449494
vn 0.283451 0.588592 -0.757110
vn 0.266991 0.554412 -0.788254
vn 0.150063 0.275561 -0.949498
vn 0.339450 0.932630 -0.122373
vn 0.337995 0.801822 -0.492788
vn 0.266992 0.554413 -0.788252
vn 0.127593 0.234299 -0.963755
vn 0.127594 0.234302 -0.963754
vn 0.336988 0.925866 -0.170911
vn 0.336988 0.925866 -0.170912
vn 0.328200 0.778581 -0.534880
vn 0.317611 0.753461 -0.575691
vn 0.328201 0.778587 -0.534871
vn 0.249887 0.518894 -0.817500
vn 0.249887 0.518895 -0.817499
vn 0.104817 0.192476 -0.975688
vn 0.104817 0.192476 -0.975688
vn 0.333715 0.916873 -0.219038
vn 0.333715 0.916875 -0.219032
vn 0.317610 0.753460 -0.575693
vn 0.232178 0.482122 -0.844779
vn 0.232178 0.482122 -0.844779
vn 0.081788 0.150187 -0.985269
vn 0.081788 0.150187 -0.985269
vn 0.329638 0.905673 -0.266635
vn 0.329638 0.905673 -0.266637
vn 0.324768 0.892292 -0.313592
vn 0.306257 0.726527 -0.615114
vn 0.306257 0.726527 -0.615114
vn 0.195127 0.405187 -0.893168
vn 0.213910 0.444188 -0.870023
vn 0.213911 0.444192 -0.870020
vn 0.058562 0.107537 -0.992475
vn 0.058562 0.107537 -0.992475
vn 0.324768 0.892293 -0.313591
vn 0.294166 0.697847 -0.653052
vn 0.294166 0.697843 -0.653055
vn 0.195129 0.405189 -0.893166
vn 0.035193 0.064626 -0.997289
vn 0.011741 0.021559 -0.999699
vn 0.035193 0.064626 -0.997289
vn 0.319116 0.876762 -0.359796
vn 0.319116 0.876763 -0.359794
vn 0.281363 0.667474 -0.689429
vn 0.281363 0.667474 -0.689430
vn 0.175872 0.365203 -0.914164
vn 0.175872 0.365202 -0.914164
vn 0.156195 0.324342 -0.932955
vn 0.294667 0.955285 -0.024535
vn 0.294668 0.955285 -0.024537
vn 0.312693 0.859116 -0.405146
vn 0.312693 0.859118 -0.405141
vn 0.267885 0.635499 -0.724140
vn 0.267884 0.635498 -0.724141
vn 0.136141 0.282699 -0.949498
vn 0.156195 0.324342 -0.932955
vn 0.293957 0.952986 -0.073536
vn 0.293958 0.952985 -0.073542
vn 0.305521 0.839412 -0.449494
vn 0.305521 0.839411 -0.449495
vn 0.253760 0.601988 -0.757110
vn 0.253761 0.601995 -0.757105
vn 0.136141 0.282699 -0.949498
vn 0.292540 0.948391 -0.122374
vn 0.292540 0.948391 -0.122373
vn 0.297609 0.817673 -0.492788
vn 0.297609 0.817673 -0.492789
vn 0.239023 0.567028 -0.788256
vn 0.239024 0.567033 -0.788252
vn 0.115755 0.240367 -0.963755
vn 0.095093 0.197462 -0.975688
vn 0.115755 0.240368 -0.963755
vn 0.290418 0.941513 -0.170911
vn 0.290418 0.941513 -0.170911
vn 0.279658 0.768355 -0.575693
vn 0.288984 0.793978 -0.534871
vn 0.288983 0.793974 -0.534877
vn 0.223711 0.530706 -0.817499
vn 0.223711 0.530705 -0.817500
vn 0.095093 0.197463 -0.975687
vn 0.287598 0.932370 -0.219031
vn 0.287598 0.932368 -0.219038
vn 0.279658 0.768356 -0.575691
vn 0.207858 0.493098 -0.844778
vn 0.207857 0.493096 -0.844779
vn 0.191503 0.454298 -0.870023
vn 0.053129 0.110323 -0.992475
vn 0.074200 0.154077 -0.985269
vn 0.074200 0.154078 -0.985269
vn 0.284085 0.920977 -0.266640
vn 0.284085 0.920979 -0.266635
vn 0.269663 0.740894 -0.615108
vn 0.269662 0.740889 -0.615115
vn 0.191503 0.454298 -0.870023
vn 0.053128 0.110321 -0.992475
vn 0.279887 0.907371 -0.313592
vn 0.279887 0.907372 -0.313591
vn 0.259016 0.711639 -0.653055
vn 0.259016 0.711639 -0.653055
vn 0.174689 0.414411 -0.893167
vn 0.174689 0.414412 -0.893166
vn 0.010651 0.022118 -0.999699
vn 0.009536 0.022621 -0.999699
vn 0.010651 0.022118 -0.999699
vn 0.031928 0.066300 -0.997289
vn 0.031928 0.066300 -0.997289
vn 0.275015 0.891576 -0.359803
vn 0.275015 0.891579 -0.359796
vn 0.247744 0.680669 -0.689429
vn 0.247744 0.680668 -0.689430
vn 0.157450 0.373514 -0.914164
vn 0.157451 0.373518 -0.914163
vn 0.246683 0.968786 -0.024537
vn 0.246682 0.968786 -0.024533
vn 0.246089 0.966453 -0.073542
vn 0.269481 0.873640 -0.405133
vn 0.269481 0.873637 -0.405141
vn 0.235876 0.648064 -0.724138
vn 0.235876 0.648061 -0.724141
vn 0.139834 0.331724 -0.932955
vn 0.139834 0.331725 -0.932955
vn 0.246089 0.966453 -0.073544
vn 0.263299 0.853597 -0.449494
vn 0.263299 0.853593 -0.449502
vn 0.223439 0.613895 -0.757105
vn 0.223438 0.613888 -0.757111
vn 0.121880 0.289134 -0.949498
vn 0.121879 0.289130 -0.949500
vn 0.244903 0.961794 -0.122374
vn 0.244902 0.961794 -0.122371
vn 0.256482 0.831490 -0.492789
vn 0.249048 0.807392 -0.534877
vn 0.256482 0.831497 -0.492777
vn 0.210462 0.578241 -0.788253
vn 0.210462 0.578237 -0.788256
vn 0.103631 0.245842 -0.963754
vn 0.103630 0.245838 -0.963755
vn 0.243127 0.954819 -0.170911
vn 0.243127 0.954820 -0.170906
vn 0.249048 0.807391 -0.534878
vn 0.196980 0.541198 -0.817499
vn 0.196979 0.541194 -0.817501
vn 0.085132 0.201957 -0.975687
vn 0.085132 0.201958 -0.975687
vn 0.237823 0.933993 -0.266640
vn 0.240765 0.945544 -0.219042
vn 0.240765 0.945546 -0.219031
vn 0.241013 0.781340 -0.575692
vn 0.241013 0.781342 -0.575689
vn 0.183021 0.502847 -0.844777
vn 0.183021 0.502845 -0.844778
vn 0.066427 0.157584 -0.985269
vn 0.066428 0.157585 -0.985269
vn 0.237824 0.933994 -0.266636
vn 0.232397 0.753409 -0.615115
vn 0.232398 0.753415 -0.615107
vn 0.223221 0.723665 -0.653055
vn 0.168621 0.463282 -0.870021
vn 0.168620 0.463278 -0.870023
vn 0.047563 0.112833 -0.992475
vn 0.047563 0.112832 -0.992475
vn 0.230231 0.904176 -0.359804
vn 0.234310 0.920195 -0.313593
vn 0.234310 0.920195 -0.313592
vn 0.213506 0.692171 -0.689430
vn 0.223221 0.723665 -0.653055
vn 0.153815 0.422603 -0.893167
vn 0.153813 0.422597 -0.893170
vn 0.028584 0.067809 -0.997289
vn 0.009536 0.022621 -0.999699
vn 0.028584 0.067809 -0.997289
vn 0.230233 0.904180 -0.359794
vn 0.213507 0.692173 -0.689428
vn 0.138638 0.380905 -0.914161
vn 0.138637 0.380902 -0.914163
vn 0.198086 0.979877 -0.024536
vn 0.198086 0.979878 -0.024533
vn 0.197609 0.977518 -0.073544
vn 0.225600 0.885986 -0.405133
vn 0.225600 0.885986 -0.405133
vn 0.220424 0.865656 -0.449503
vn 0.203277 0.659008 -0.724145
vn 0.203279 0.659016 -0.724138
vn 0.192559 0.624263 -0.757111
vn 0.123124 0.338280 -0.932956
vn 0.123125 0.338283 -0.932955
vn 0.197609 0.977518 -0.073543
vn 0.220424 0.865657 -0.449502
vn 0.181378 0.588013 -0.788253
vn 0.192562 0.624270 -0.757104
vn 0.107315 0.294845 -0.949500
vn 0.107316 0.294849 -0.949498
vn 0.196657 0.972806 -0.122371
vn 0.196657 0.972807 -0.122366
vn 0.214717 0.843248 -0.492777
vn 0.208492 0.818802 -0.534878
vn 0.214717 0.843243 -0.492785
vn 0.181377 0.588010 -0.788255
vn 0.091248 0.250702 -0.963754
vn 0.091247 0.250697 -0.963756
vn 0.074959 0.205949 -0.975687
vn 0.195231 0.965750 -0.170914
vn 0.195230 0.965752 -0.170906
vn 0.193334 0.956370 -0.219042
vn 0.208493 0.818803 -0.534876
vn 0.169758 0.550340 -0.817501
vn 0.169758 0.550344 -0.817498
vn 0.074960 0.205951 -0.975687
vn 0.193336 0.956372 -0.219028
vn 0.201766 0.792384 -0.575689
vn 0.194552 0.764057 -0.615115
vn 0.201766 0.792384 -0.575689
vn 0.157728 0.511342 -0.844779
vn 0.157729 0.511345 -0.844777
vn 0.058490 0.160700 -0.985269
vn 0.058490 0.160699 -0.985269
vn 0.188151 0.930730 -0.313593
vn 0.190973 0.944688 -0.266636
vn 0.190973 0.944686 -0.266642
vn 0.194553 0.764059 -0.615112
vn 0.145317 0.471107 -0.870024
vn 0.145318 0.471111 -0.870021
vn 0.041880 0.115063 -0.992475
vn 0.041880 0.115064 -0.992475
vn 0.188152 0.930731 -0.313590
vn 0.184877 0.914532 -0.359794
vn 0.186871 0.733893 -0.653055
vn 0.186871 0.733889 -0.653059
vn 0.132557 0.429739 -0.893170
vn 0.132559 0.429746 -0.893166
vn 0.008396 0.023069 -0.999699
vn 0.007236 0.023459 -0.999699
vn 0.008396 0.023069 -0.999699
vn 0.025168 0.069149 -0.997289
vn 0.025168 0.069149 -0.997289
vn 0.184876 0.914530 -0.359799
vn 0.178739 0.701955 -0.689429
vn 0.178739 0.701955 -0.689428
vn 0.170175 0.668322 -0.724145
vn 0.119479 0.387339 -0.914163
vn 0.119479 0.387342 -0.914161
vn 0.106109 0.343997 -0.932956
vn 0.148998 0.988533 -0.024535
vn 0.148998 0.988533 -0.024536
vn 0.181157 0.896131 -0.405132
vn 0.181157 0.896130 -0.405133
vn 0.177000 0.875568 -0.449502
vn 0.170177 0.668327 -0.724140
vn 0.106110 0.343999 -0.932955
vn 0.092486 0.299832 -0.949498
vn 0.148640 0.986153 -0.073543
vn 0.148639 0.986153 -0.073540
vn 0.177000 0.875567 -0.449503
vn 0.161205 0.633092 -0.757104
vn 0.161204 0.633087 -0.757109
vn 0.092485 0.299829 -0.949499
vn 0.147922 0.981400 -0.122366
vn 0.147923 0.981398 -0.122376
vn 0.172417 0.852898 -0.492786
vn 0.172417 0.852898 -0.492785
vn 0.151842 0.596320 -0.788255
vn 0.151843 0.596325 -0.788251
vn 0.078637 0.254934 -0.963756
vn 0.078637 0.254936 -0.963755
vn 0.146849 0.974281 -0.170914
vn 0.146849 0.974281 -0.170913
vn 0.167420 0.828178 -0.534876
vn 0.167420 0.828178 -0.534875
vn 0.142115 0.558119 -0.817500
vn 0.142115 0.558122 -0.817498
vn 0.064601 0.209431 -0.975687
vn 0.064600 0.209429 -0.975688
vn 0.145423 0.964821 -0.219028
vn 0.145423 0.964820 -0.219032
vn 0.156226 0.772807 -0.615112
vn 0.162018 0.801456 -0.575689
vn 0.162018 0.801457 -0.575688
vn 0.132043 0.518569 -0.844779
vn 0.132043 0.518566 -0.844780
vn 0.050407 0.163417 -0.985268
vn 0.050407 0.163415 -0.985269
vn 0.143646 0.953031 -0.266642
vn 0.143646 0.953031 -0.266642
vn 0.156225 0.772803 -0.615118
vn 0.121655 0.477772 -0.870019
vn 0.121655 0.477764 -0.870024
vn 0.036092 0.117008 -0.992475
vn 0.036092 0.117008 -0.992475
vn 0.141524 0.938953 -0.313590
vn 0.141524 0.938953 -0.313590
vn 0.150058 0.742292 -0.653059
vn 0.150058 0.742299 -0.653050
vn 0.143528 0.709992 -0.689429
vn 0.110973 0.435816 -0.893168
vn 0.110973 0.435819 -0.893166
vn 0.021690 0.070318 -0.997289
vn 0.007236 0.023458 -0.999699
vn 0.021690 0.070318 -0.997289
vn 0.139061 0.922608 -0.359800
vn 0.139061 0.922610 -0.359795
vn 0.136263 0.904046 -0.405132
vn 0.143528 0.709991 -0.689429
vn 0.136653 0.675979 -0.724140
vn 0.100022 0.392810 -0.914164
vn 0.100022 0.392813 -0.914163
vn 0.099538 0.994731 -0.024543
vn 0.049830 0.998456 -0.024543
vn 0.099537 0.994731 -0.024535
vn 0.136262 0.904044 -0.405138
vn 0.136651 0.675975 -0.724143
vn 0.129447 0.640336 -0.757109
vn 0.088831 0.348861 -0.932955
vn 0.088831 0.348861 -0.932955
vn 0.099298 0.992337 -0.073538
vn 0.099298 0.992337 -0.073540
vn 0.133136 0.883301 -0.449504
vn 0.133136 0.883302 -0.449503
vn 0.129448 0.640339 -0.757106
vn 0.077425 0.304066 -0.949499
vn 0.077425 0.304066 -0.949499
vn 0.098819 0.987552 -0.122376
vn 0.098819 0.987552 -0.122377
vn 0.129689 0.860436 -0.492778
vn 0.129690 0.860432 -0.492786
vn 0.121930 0.603153 -0.788251
vn 0.121929 0.603148 -0.788255
vn 0.065832 0.258539 -0.963755
vn 0.054081 0.212389 -0.975688
vn 0.065832 0.258540 -0.963755
vn 0.098103 0.980390 -0.170913
vn 0.098102 0.980391 -0.170906
vn 0.125931 0.835494 -0.534875
vn 0.125931 0.835493 -0.534876
vn 0.114117 0.564507 -0.817502
vn 0.114117 0.564509 -0.817500
vn 0.042199 0.165726 -0.985268
vn 0.054081 0.212388 -0.975688
vn 0.097150 0.970869 -0.219032
vn 0.097150 0.970869 -0.219032
vn 0.121867 0.808533 -0.575693
vn 0.121867 0.808537 -0.575688
vn 0.106032 0.524511 -0.844775
vn 0.106031 0.524503 -0.844780
vn 0.042199 0.165726 -0.985269
vn 0.094546 0.944840 -0.313590
vn 0.095964 0.959006 -0.266642
vn 0.095963 0.959007 -0.266639
vn 0.117511 0.779629 -0.615118
vn 0.117511 0.779635 -0.615110
vn 0.097689 0.483235 -0.870023
vn 0.097689 0.483242 -0.870019
vn 0.030215 0.118661 -0.992475
vn 0.030215 0.118661 -0.992475
vn 0.094545 0.944837 -0.313599
vn 0.112871 0.748856 -0.653050
vn 0.112871 0.748848 -0.653059
vn 0.089111 0.440806 -0.893168
vn 0.089111 0.440808 -0.893167
vn 0.006058 0.023790 -0.999699
vn 0.006058 0.023790 -0.999699
vn 0.018158 0.071312 -0.997289
vn 0.018158 0.071312 -0.997289
vn 0.092899 0.928395 -0.359795
vn 0.092899 0.928395 -0.359794
vn 0.107959 0.716267 -0.689425
vn 0.107959 0.716263 -0.689429
vn 0.071331 0.352856 -0.932955
vn 0.080317 0.397308 -0.914164
vn 0.080317 0.397307 -0.914164
vn 0.049831 0.998456 -0.024534
vn 0.000000 0.999699 -0.024534
vn 0.091030 0.909714 -0.405134
vn 0.091030 0.909713 -0.405138
vn 0.102787 0.681947 -0.724143
vn 0.102787 0.681950 -0.724140
vn 0.071331 0.352854 -0.932956
vn 0.062172 0.307548 -0.949499
vn 0.049711 0.996053 -0.073536
vn 0.049712 0.996053 -0.073538
vn 0.049472 0.991250 -0.122377
vn 0.088942 0.888840 -0.449504
vn 0.088942 0.888841 -0.449500
vn 0.097368 0.645995 -0.757106
vn 0.097368 0.645992 -0.757109
vn 0.052863 0.261500 -0.963755
vn 0.062172 0.307548 -0.949499
vn 0.049471 0.991249 -0.122384
vn 0.086640 0.865831 -0.492779
vn 0.086640 0.865831 -0.492778
vn 0.091713 0.608478 -0.788253
vn 0.091713 0.608476 -0.788255
vn 0.052863 0.261501 -0.963755
vn 0.049112 0.984062 -0.170909
vn 0.049112 0.984063 -0.170906
vn 0.084127 0.840732 -0.534876
vn 0.084127 0.840726 -0.534885
vn 0.085838 0.569493 -0.817502
vn 0.085838 0.569494 -0.817502
vn 0.043427 0.214820 -0.975688
vn 0.033886 0.167624 -0.985269
vn 0.043427 0.214820 -0.975688
vn 0.048041 0.962598 -0.266640
vn 0.048635 0.974505 -0.219032
vn 0.048635 0.974505 -0.219032
vn 0.081413 0.813602 -0.575694
vn 0.081412 0.813607 -0.575688
vn 0.079756 0.529144 -0.844775
vn 0.079756 0.529143 -0.844776
vn 0.033885 0.167622 -0.985269
vn 0.048041 0.962599 -0.266638
vn 0.078503 0.784523 -0.615110
vn 0.078503 0.784522 -0.615112
vn 0.073479 0.487504 -0.870024
vn 0.073479 0.487505 -0.870023
vn 0.024263 0.120021 -0.992475
vn 0.024263 0.120019 -0.992475
vn 0.014581 0.072129 -0.997289
vn 0.047331 0.948376 -0.313597
vn 0.047332 0.948375 -0.313600
vn 0.075403 0.753544 -0.653059
vn 0.075403 0.753546 -0.653057
vn 0.067028 0.444702 -0.893167
vn 0.067028 0.444699 -0.893169
vn 0.004864 0.024062 -0.999699
vn 0.014581 0.072128 -0.997289
vn 0.004864 0.024062 -0.999699
vn 0.046508 0.931871 -0.359795
vn 0.046508 0.931872 -0.359795
vn 0.045572 0.913121 -0.405134
vn 0.068667 0.686226 -0.724140
vn 0.072123 0.720759 -0.689423
vn 0.072123 0.720757 -0.689425
vn 0.060414 0.400818 -0.914164
vn 0.060414 0.400821 -0.914163
vn 0.000000 0.999699 -0.024534
vn 0.045572 0.913119 -0.405137
vn 0.044526 0.892170 -0.449500
vn 0.068667 0.686223 -0.724143
vn 0.053654 0.355972 -0.932955
vn 0.053654 0.355971 -0.932955
vn 0.000000 0.997293 -0.073536
vn 0.000000 0.992483 -0.122384
vn 0.000000 0.997293 -0.073536
vn 0.044527 0.892171 -0.449498
vn 0.065046 0.650044 -0.757108
vn 0.065047 0.650042 -0.757109
vn 0.046765 0.310264 -0.949499
vn 0.046765 0.310265 -0.949499
vn 0.000000 0.992483 -0.122384
vn 0.043374 0.869071 -0.492783
vn 0.043373 0.869073 -0.492779
vn 0.042116 0.843875 -0.534885
vn 0.061269 0.612293 -0.788253
vn 0.061269 0.612294 -0.788253
vn 0.039763 0.263811 -0.963755
vn 0.039763 0.263810 -0.963755
vn 0.000000 0.985287 -0.170908
vn 0.000000 0.985287 -0.170908
vn 0.042117 0.843879 -0.534879
vn 0.057344 0.573066 -0.817500
vn 0.057344 0.573064 -0.817502
vn 0.032665 0.216720 -0.975687
vn 0.032665 0.216718 -0.975688
vn 0.000000 0.975718 -0.219032
vn 0.000000 0.975718 -0.219032
vn 0.000000 0.963797 -0.266638
vn 0.039300 0.787460 -0.615112
vn 0.040758 0.816650 -0.575692
vn 0.040757 0.816653 -0.575688
vn 0.053280 0.532453 -0.844781
vn 0.053280 0.532460 -0.844776
vn 0.025488 0.169103 -0.985269
vn 0.025488 0.169102 -0.985269
vn 0.000000 0.963797 -0.266637
vn 0.039300 0.787460 -0.615112
vn 0.049088 0.490561 -0.870023
vn 0.049088 0.490564 -0.870022
vn 0.018250 0.121081 -0.992475
vn 0.018250 0.121082 -0.992475
vn 0.000000 0.933031 -0.359795
vn 0.000000 0.949556 -0.313597
vn 0.000000 0.949556 -0.313597
vn 0.037749 0.756368 -0.653057
vn 0.037749 0.756370 -0.653054
vn 0.044778 0.447487 -0.893169
vn 0.044778 0.447489 -0.893168
vn 0.010968 0.072765 -0.997289
vn 0.003659 0.024275 -0.999699
vn 0.010968 0.072766 -0.997289
vn 0.003659 0.024275 -0.999699
vn 0.000000 0.933031 -0.359795
vn 0.036106 0.723458 -0.689423
vn 0.036106 0.723454 -0.689428
vn 0.040360 0.403334 -0.914162
vn 0.040360 0.403336 -0.914162
vn -0.049831 0.998456 -0.024534
vn -0.049830 0.998456 -0.024543
vn -0.099538 0.994731 -0.024543
vn 0.000000 0.914256 -0.405137
vn 0.000000 0.914256 -0.405137
vn 0.000000 0.893282 -0.449498
vn 0.034376 0.688799 -0.724137
vn 0.034377 0.688793 -0.724143
vn 0.035844 0.358204 -0.932955
vn 0.035844 0.358202 -0.932956
vn -0.049711 0.996053 -0.073538
vn -0.049712 0.996053 -0.073536
vn 0.000000 0.893282 -0.449498
vn 0.032564 0.652478 -0.757108
vn 0.030673 0.614587 -0.788253
vn 0.032564 0.652473 -0.757112
vn 0.031241 0.312209 -0.949500
vn 0.031241 0.312209 -0.949499
vn -0.049471 0.991249 -0.122384
vn -0.049472 0.991250 -0.122377
vn 0.000000 0.870152 -0.492783
vn 0.000000 0.870152 -0.492783
vn 0.030673 0.614588 -0.788251
vn 0.026564 0.265466 -0.963754
vn 0.026564 0.265464 -0.963755
vn -0.049112 0.984062 -0.170908
vn -0.049112 0.984063 -0.170906
vn 0.000000 0.844929 -0.534879
vn 0.000000 0.844929 -0.534879
vn 0.026673 0.534447 -0.844781
vn 0.028708 0.575212 -0.817501
vn 0.028708 0.575212 -0.817500
vn 0.017027 0.170162 -0.985269
vn 0.021822 0.218076 -0.975688
vn 0.021822 0.218079 -0.975687
vn -0.048635 0.974505 -0.219032
vn -0.048635 0.974505 -0.219032
vn 0.000000 0.817666 -0.575692
vn 0.000000 0.817667 -0.575692
vn 0.026673 0.534448 -0.844780
vn 0.017027 0.170163 -0.985269
vn -0.048041 0.962599 -0.266637
vn -0.048041 0.962598 -0.266640
vn 0.000000 0.757311 -0.653054
vn 0.000000 0.788440 -0.615112
vn 0.000000 0.788440 -0.615112
vn 0.022417 0.449165 -0.893168
vn 0.024575 0.492401 -0.870022
vn 0.024575 0.492400 -0.870022
vn 0.012192 0.121841 -0.992475
vn 0.012192 0.121840 -0.992475
vn -0.047331 0.948375 -0.313600
vn -0.047332 0.948376 -0.313597
vn 0.000000 0.757311 -0.653054
vn 0.022417 0.449167 -0.893167
vn 0.007327 0.073222 -0.997289
vn 0.007327 0.073221 -0.997289
vn 0.002444 0.024427 -0.999699
vn 0.002444 0.024427 -0.999699
vn -0.046508 0.931871 -0.359795
vn -0.046508 0.931872 -0.359795
vn 0.000000 0.724354 -0.689428
vn 0.000000 0.724354 -0.689428
vn 0.020205 0.404846 -0.914162
vn 0.020205 0.404843 -0.914163
vn -0.099537 0.994731 -0.024535
vn -0.045572 0.913121 -0.405134
vn -0.045572 0.913120 -0.405137
vn 0.000000 0.689656 -0.724137
vn 0.000000 0.689656 -0.724137
vn 0.017944 0.359544 -0.932956
vn 0.017944 0.359544 -0.932956
vn 0.015640 0.313378 -0.949500
vn -0.099298 0.992337 -0.073538
vn -0.098819 0.987552 -0.122377
vn -0.099298 0.992337 -0.073540
vn -0.044526 0.892170 -0.449500
vn -0.044527 0.892171 -0.449498
vn 0.000000 0.653285 -0.757112
vn 0.000000 0.653285 -0.757112
vn 0.015640 0.313379 -0.949499
vn -0.098819 0.987552 -0.122376
vn -0.042116 0.843879 -0.534879
vn -0.043373 0.869071 -0.492783
vn -0.043374 0.869073 -0.492779
vn 0.000000 0.615353 -0.788251
vn 0.000000 0.615353 -0.788251
vn 0.013298 0.266459 -0.963754
vn 0.013298 0.266460 -0.963754
vn -0.098102 0.980390 -0.170913
vn -0.098103 0.980391 -0.170906
vn -0.042117 0.843875 -0.534885
vn 0.000000 0.575928 -0.817501
vn 0.000000 0.575928 -0.817501
vn 0.010924 0.218893 -0.975688
vn 0.010925 0.218893 -0.975688
vn -0.097150 0.970869 -0.219032
vn -0.095963 0.959007 -0.266640
vn -0.097150 0.970869 -0.219032
vn -0.039300 0.787460 -0.615112
vn -0.040757 0.816650 -0.575692
vn -0.040758 0.816653 -0.575688
vn 0.000000 0.535113 -0.844780
vn 0.000000 0.535113 -0.844780
vn 0.008524 0.170801 -0.985269
vn 0.008524 0.170800 -0.985269
vn -0.094546 0.944837 -0.313599
vn -0.095964 0.959006 -0.266642
vn -0.039300 0.787460 -0.615112
vn 0.000000 0.493013 -0.870022
vn 0.000000 0.493013 -0.870022
vn 0.006104 0.122296 -0.992475
vn 0.006104 0.122297 -0.992475
vn -0.094545 0.944840 -0.313590
vn -0.037749 0.756370 -0.653054
vn -0.036106 0.723454 -0.689428
vn -0.037749 0.756368 -0.653057
vn 0.000000 0.449726 -0.893167
vn 0.000000 0.449726 -0.893167
vn 0.001224 0.024518 -0.999699
vn 0.001224 0.024518 -0.999699
vn 0.003668 0.073496 -0.997289
vn 0.003668 0.073496 -0.997289
vn -0.092899 0.928395 -0.359795
vn -0.091030 0.909714 -0.405134
vn -0.092899 0.928395 -0.359795
vn -0.036106 0.723458 -0.689423
vn 0.000000 0.405347 -0.914163
vn 0.000000 0.359991 -0.932956
vn 0.000000 0.405347 -0.914163
vn -0.148998 0.988533 -0.024536
vn -0.148998 0.988533 -0.024535
vn -0.091030 0.909712 -0.405138
vn -0.088942 0.888841 -0.449500
vn -0.034376 0.688793 -0.724143
vn -0.034377 0.688799 -0.724137
vn 0.000000 0.359991 -0.932956
vn 0.000000 0.313769 -0.949499
vn -0.148640 0.986153 -0.073541
vn -0.147923 0.981398 -0.122376
vn -0.148639 0.986153 -0.073543
vn -0.088942 0.888840 -0.449504
vn -0.032564 0.652478 -0.757108
vn -0.032563 0.652473 -0.757112
vn -0.030673 0.614588 -0.788251
vn 0.000000 0.266791 -0.963754
vn 0.000000 0.313769 -0.949499
vn -0.147922 0.981400 -0.122366
vn -0.086640 0.865831 -0.492778
vn -0.086640 0.865831 -0.492779
vn -0.030673 0.614587 -0.788253
vn 0.000000 0.266791 -0.963754
vn -0.146849 0.974281 -0.170914
vn -0.146849 0.974281 -0.170913
vn -0.084128 0.840732 -0.534876
vn -0.084126 0.840726 -0.534885
vn -0.028708 0.575212 -0.817500
vn -0.028708 0.575212 -0.817501
vn -0.026673 0.534448 -0.844780
vn 0.000000 0.219166 -0.975688
vn 0.000000 0.219166 -0.975688
vn -0.143646 0.953031 -0.266642
vn -0.145423 0.964821 -0.219028
vn -0.145423 0.964820 -0.219032
vn -0.081412 0.813602 -0.575694
vn -0.081413 0.813607 -0.575688
vn -0.026673 0.534447 -0.844781
vn 0.000000 0.171013 -0.985269
vn 0.000000 0.171013 -0.985269
vn -0.143646 0.953031 -0.266643
vn -0.078503 0.784523 -0.615110
vn -0.078503 0.784522 -0.615112
vn -0.024575 0.492401 -0.870022
vn -0.022417 0.449167 -0.893167
vn -0.024575 0.492401 -0.870022
vn 0.000000 0.122449 -0.992475
vn 0.000000 0.122449 -0.992475
vn -0.141524 0.938953 -0.313590
vn -0.141524 0.938953 -0.313590
vn -0.075403 0.753544 -0.653059
vn -0.075404 0.753546 -0.653057
vn -0.022417 0.449164 -0.893168
vn 0.000000 0.073587 -0.997289
vn 0.000000 0.024549 -0.999699
vn 0.000000 0.024549 -0.999699
vn 0.000000 0.073587 -0.997289
vn -0.136263 0.904044 -0.405138
vn -0.139061 0.922610 -0.359795
vn -0.139060 0.922608 -0.359800
vn -0.072123 0.720757 -0.689425
vn -0.072123 0.720759 -0.689423
vn -0.020205 0.404846 -0.914162
vn -0.017944 0.359544 -0.932956
vn -0.020205 0.404843 -0.914163
vn -0.198086 0.979878 -0.024536
vn -0.198086 0.979877 -0.024533
vn -0.133136 0.883301 -0.449504
vn -0.136263 0.904047 -0.405132
vn -0.068667 0.686226 -0.724140
vn -0.068667 0.686223 -0.724143
vn -0.015640 0.313379 -0.949499
vn -0.017944 0.359544 -0.932956
vn -0.197609 0.977518 -0.073544
vn -0.197609 0.977518 -0.073543
vn -0.133136 0.883302 -0.449503
vn -0.065047 0.650044 -0.757108
vn -0.065046 0.650042 -0.757109
vn -0.015640 0.313378 -0.949500
vn -0.195231 0.965750 -0.170914
vn -0.196657 0.972806 -0.122371
vn -0.196657 0.972806 -0.122366
vn -0.129689 0.860432 -0.492786
vn -0.125931 0.835493 -0.534876
vn -0.129690 0.860436 -0.492778
vn -0.061269 0.612293 -0.788253
vn -0.061269 0.612294 -0.788253
vn -0.013298 0.266460 -0.963754
vn -0.013298 0.266459 -0.963754
vn -0.195230 0.965752 -0.170906
vn -0.125931 0.835494 -0.534875
vn -0.057344 0.573064 -0.817502
vn -0.057344 0.573066 -0.817500
vn -0.010925 0.218893 -0.975688
vn -0.010924 0.218893 -0.975688
vn -0.193334 0.956370 -0.219042
vn -0.193336 0.956372 -0.219028
vn -0.121868 0.808537 -0.575688
vn -0.121866 0.808533 -0.575694
vn -0.117511 0.779635 -0.615110
vn -0.053281 0.532460 -0.844776
vn -0.053279 0.532453 -0.844781
vn -0.008524 0.170801 -0.985269
vn -0.008524 0.170800 -0.985269
vn -0.190974 0.944687 -0.266636
vn -0.190972 0.944686 -0.266642
vn -0.117511 0.779629 -0.615118
vn -0.049088 0.490561 -0.870023
vn -0.049088 0.490564 -0.870022
vn -0.003668 0.073496 -0.997289
vn -0.006104 0.122296 -0.992475
vn -0.006104 0.122297 -0.992475
vn -0.188151 0.930730 -0.313593
vn -0.188152 0.930731 -0.313590
vn -0.107959 0.716267 -0.689425
vn -0.112873 0.748856 -0.653050
vn -0.112870 0.748848 -0.653059
vn -0.044778 0.447487 -0.893169
vn -0.044778 0.447489 -0.893168
vn -0.001224 0.024518 -0.999699
vn -0.001224 0.024518 -0.999699
vn -0.003668 0.073496 -0.997289
vn -0.184876 0.914530 -0.359800
vn -0.184877 0.914532 -0.359794
vn -0.107959 0.716263 -0.689429
vn -0.040360 0.403336 -0.914162
vn -0.040360 0.403334 -0.914162
vn -0.035844 0.358202 -0.932956
vn -0.246089 0.966453 -0.073544
vn -0.246683 0.968786 -0.024533
vn -0.246682 0.968786 -0.024537
vn -0.181156 0.896130 -0.405133
vn -0.181157 0.896131 -0.405132
vn -0.102788 0.681950 -0.724140
vn -0.102787 0.681947 -0.724143
vn -0.035844 0.358204 -0.932955
vn -0.246089 0.966453 -0.073542
vn -0.177000 0.875567 -0.449503
vn -0.177000 0.875568 -0.449502
vn -0.091713 0.608478 -0.788253
vn -0.097369 0.645995 -0.757106
vn -0.097368 0.645992 -0.757109
vn -0.031241 0.312209 -0.949500
vn -0.031241 0.312209 -0.949499
vn -0.244903 0.961794 -0.122371
vn -0.244902 0.961794 -0.122374
vn -0.172417 0.852898 -0.492785
vn -0.172417 0.852898 -0.492786
vn -0.091713 0.608476 -0.788255
vn -0.026564 0.265464 -0.963755
vn -0.026564 0.265466 -0.963754
vn -0.243126 0.954819 -0.170911
vn -0.243127 0.954819 -0.170906
vn -0.167420 0.828178 -0.534876
vn -0.167420 0.828178 -0.534875
vn -0.079756 0.529143 -0.844776
vn -0.085838 0.569494 -0.817502
vn -0.085837 0.569493 -0.817502
vn -0.021822 0.218076 -0.975688
vn -0.021822 0.218079 -0.975687
vn -0.240766 0.945546 -0.219031
vn -0.237823 0.933994 -0.266636
vn -0.240764 0.945544 -0.219042
vn -0.162018 0.801457 -0.575688
vn -0.162018 0.801456 -0.575689
vn -0.079756 0.529144 -0.844775
vn -0.017027 0.170163 -0.985269
vn -0.017027 0.170162 -0.985269
vn -0.237823 0.933993 -0.266640
vn -0.234310 0.920195 -0.313593
vn -0.156226 0.772807 -0.615112
vn -0.156225 0.772803 -0.615118
vn -0.150058 0.742299 -0.653050
vn -0.073479 0.487504 -0.870024
vn -0.073480 0.487505 -0.870023
vn -0.067028 0.444699 -0.893169
vn -0.012192 0.121841 -0.992475
vn -0.012192 0.121840 -0.992475
vn -0.234310 0.920195 -0.313592
vn -0.150058 0.742292 -0.653059
vn -0.067028 0.444702 -0.893167
vn -0.002444 0.024427 -0.999699
vn -0.007327 0.073221 -0.997289
vn -0.002444 0.024427 -0.999699
vn -0.007327 0.073222 -0.997289
vn -0.230231 0.904176 -0.359804
vn -0.230233 0.904180 -0.359794
vn -0.136652 0.675975 -0.724143
vn -0.143528 0.709991 -0.689429
vn -0.143528 0.709992 -0.689429
vn -0.053654 0.355972 -0.932955
vn -0.060414 0.400820 -0.914162
vn -0.060413 0.400818 -0.914164
vn -0.294667 0.955285 -0.024537
vn -0.294668 0.955285 -0.024535
vn -0.341917 0.939410 -0.024535
vn -0.225600 0.885986 -0.405133
vn -0.225600 0.885986 -0.405133
vn -0.220424 0.865657 -0.449502
vn -0.136652 0.675979 -0.724140
vn -0.046765 0.310264 -0.949499
vn -0.053654 0.355971 -0.932955
vn -0.293957 0.952985 -0.073542
vn -0.292540 0.948391 -0.122374
vn -0.293958 0.952985 -0.073536
vn -0.220424 0.865656 -0.449503
vn -0.129448 0.640339 -0.757106
vn -0.129446 0.640336 -0.757109
vn -0.039763 0.263810 -0.963755
vn -0.046765 0.310265 -0.949499
vn -0.292540 0.948391 -0.122373
vn -0.214716 0.843244 -0.492785
vn -0.214718 0.843248 -0.492777
vn -0.121930 0.603152 -0.788251
vn -0.121929 0.603148 -0.788255
vn -0.039763 0.263811 -0.963755
vn -0.290418 0.941513 -0.170911
vn -0.290418 0.941513 -0.170911
vn -0.208492 0.818802 -0.534878
vn -0.208493 0.818803 -0.534876
vn -0.114118 0.564509 -0.817500
vn -0.114117 0.564507 -0.817502
vn -0.032666 0.216720 -0.975687
vn -0.032665 0.216718 -0.975688
vn -0.287597 0.932368 -0.219038
vn -0.287599 0.932369 -0.219031
vn -0.284085 0.920977 -0.266640
vn -0.194553 0.764059 -0.615112
vn -0.201766 0.792384 -0.575689
vn -0.201765 0.792384 -0.575689
vn -0.106030 0.524504 -0.844780
vn -0.106033 0.524511 -0.844775
vn -0.025488 0.169103 -0.985269
vn -0.025488 0.169102 -0.985269
vn -0.284085 0.920979 -0.266635
vn -0.194553 0.764057 -0.615115
vn -0.097688 0.483235 -0.870024
vn -0.097690 0.483242 -0.870019
vn -0.018250 0.121082 -0.992475
vn -0.018250 0.121081 -0.992475
vn -0.010968 0.072765 -0.997289
vn -0.279887 0.907372 -0.313591
vn -0.279887 0.907371 -0.313592
vn -0.186871 0.733889 -0.653059
vn -0.186872 0.733893 -0.653055
vn -0.089110 0.440807 -0.893168
vn -0.089111 0.440808 -0.893167
vn -0.003659 0.024275 -0.999699
vn -0.010968 0.072766 -0.997289
vn -0.003659 0.024275 -0.999699
vn -0.269481 0.873640 -0.405133
vn -0.275016 0.891579 -0.359796
vn -0.275014 0.891577 -0.359803
vn -0.178739 0.701955 -0.689428
vn -0.178739 0.701955 -0.689429
vn -0.170176 0.668327 -0.724140
vn -0.080317 0.397307 -0.914164
vn -0.080318 0.397309 -0.914164
vn -0.341917 0.939410 -0.024528
vn -0.263299 0.853593 -0.449502
vn -0.269481 0.873637 -0.405141
vn -0.170176 0.668322 -0.724145
vn -0.071331 0.352854 -0.932956
vn -0.071331 0.352856 -0.932955
vn -0.341094 0.937148 -0.073536
vn -0.341093 0.937148 -0.073545
vn -0.263299 0.853597 -0.449494
vn -0.161203 0.633088 -0.757109
vn -0.161205 0.633092 -0.757104
vn -0.151843 0.596325 -0.788251
vn -0.062172 0.307548 -0.949499
vn -0.062172 0.307548 -0.949499
vn -0.339450 0.932630 -0.122373
vn -0.339450 0.932630 -0.122375
vn -0.256480 0.831491 -0.492789
vn -0.249048 0.807391 -0.534878
vn -0.256484 0.831497 -0.492777
vn -0.151842 0.596320 -0.788255
vn -0.052863 0.261501 -0.963755
vn -0.052863 0.261500 -0.963755
vn -0.336988 0.925866 -0.170912
vn -0.336988 0.925866 -0.170911
vn -0.249048 0.807392 -0.534877
vn -0.132043 0.518566 -0.844780
vn -0.142115 0.558119 -0.817500
vn -0.142116 0.558121 -0.817498
vn -0.043427 0.214820 -0.975688
vn -0.043427 0.214820 -0.975688
vn -0.333714 0.916874 -0.219038
vn -0.333716 0.916875 -0.219032
vn -0.232397 0.753409 -0.615115
vn -0.241013 0.781342 -0.575689
vn -0.241012 0.781340 -0.575691
vn -0.132043 0.518569 -0.844779
vn -0.033886 0.167624 -0.985269
vn -0.033885 0.167622 -0.985269
vn -0.329638 0.905673 -0.266637
vn -0.329638 0.905673 -0.266635
vn -0.324768 0.892293 -0.313591
vn -0.232398 0.753415 -0.615107
vn -0.223221 0.723666 -0.653055
vn -0.121653 0.477765 -0.870024
vn -0.121656 0.477772 -0.870019
vn -0.024263 0.120021 -0.992475
vn -0.024262 0.120019 -0.992475
vn -0.324768 0.892292 -0.313592
vn -0.223221 0.723665 -0.653055
vn -0.110974 0.435819 -0.893166
vn -0.110973 0.435817 -0.893168
vn -0.100022 0.392810 -0.914164
vn -0.004864 0.024062 -0.999699
vn -0.004864 0.024062 -0.999699
vn -0.014581 0.072129 -0.997289
vn -0.014581 0.072128 -0.997289
vn -0.312693 0.859118 -0.405141
vn -0.319116 0.876763 -0.359794
vn -0.319115 0.876762 -0.359796
vn -0.203277 0.659008 -0.724145
vn -0.213507 0.692173 -0.689428
vn -0.213506 0.692171 -0.689430
vn -0.100022 0.392813 -0.914163
vn -0.388318 0.921199 -0.024528
vn -0.388317 0.921199 -0.024536
vn -0.312693 0.859116 -0.405146
vn -0.305521 0.839411 -0.449495
vn -0.203279 0.659016 -0.724138
vn -0.077425 0.304066 -0.949499
vn -0.088831 0.348861 -0.932955
vn -0.088831 0.348861 -0.932955
vn -0.387383 0.918981 -0.073545
vn -0.387383 0.918981 -0.073545
vn -0.305521 0.839412 -0.449494
vn -0.192562 0.624270 -0.757104
vn -0.192559 0.624263 -0.757111
vn -0.077425 0.304066 -0.949499
vn -0.385515 0.914550 -0.122375
vn -0.385515 0.914550 -0.122377
vn -0.288983 0.793974 -0.534877
vn -0.297609 0.817673 -0.492788
vn -0.297609 0.817672 -0.492789
vn -0.181377 0.588010 -0.788255
vn -0.181378 0.588013 -0.788253
vn -0.065832 0.258540 -0.963755
vn -0.065832 0.258539 -0.963755
vn -0.382720 0.907919 -0.170906
vn -0.382719 0.907918 -0.170912
vn -0.288984 0.793978 -0.534871
vn -0.169757 0.550341 -0.817501
vn -0.169759 0.550344 -0.817498
vn -0.054081 0.212389 -0.975688
vn -0.054081 0.212388 -0.975688
vn -0.042199 0.165726 -0.985269
vn -0.379003 0.899101 -0.219032
vn -0.379001 0.899099 -0.219040
vn -0.279658 0.768356 -0.575691
vn -0.279658 0.768355 -0.575693
vn -0.157728 0.511342 -0.844779
vn -0.157729 0.511345 -0.844777
vn -0.042199 0.165726 -0.985268
vn -0.374372 0.888116 -0.266637
vn -0.374373 0.888117 -0.266634
vn -0.259016 0.711639 -0.653055
vn -0.269661 0.740889 -0.615114
vn -0.269664 0.740894 -0.615107
vn -0.145317 0.471107 -0.870024
vn -0.145318 0.471111 -0.870021
vn -0.030215 0.118661 -0.992475
vn -0.030215 0.118661 -0.992475
vn -0.368841 0.874996 -0.313590
vn -0.368841 0.874995 -0.313593
vn -0.259016 0.711639 -0.653055
vn -0.132556 0.429739 -0.893170
vn -0.132560 0.429746 -0.893166
vn -0.006058 0.023790 -0.999699
vn -0.018158 0.071312 -0.997289
vn -0.006058 0.023790 -0.999699
vn -0.018158 0.071312 -0.997289
vn -0.362421 0.859766 -0.359797
vn -0.362422 0.859767 -0.359794
vn -0.247743 0.680668 -0.689430
vn -0.247744 0.680669 -0.689429
vn -0.235876 0.648064 -0.724138
vn -0.119480 0.387342 -0.914161
vn -0.119478 0.387339 -0.914163
vn -0.106110 0.343999 -0.932955
vn -0.433753 0.900697 -0.024535
vn -0.433753 0.900697 -0.024536
vn -0.355127 0.842462 -0.405145
vn -0.355127 0.842462 -0.405145
vn -0.235876 0.648061 -0.724141
vn -0.092485 0.299829 -0.949499
vn -0.106109 0.343997 -0.932956
vn -0.432709 0.898529 -0.073545
vn -0.432709 0.898529 -0.073545
vn -0.346982 0.823139 -0.449495
vn -0.346982 0.823139 -0.449494
vn -0.223437 0.613888 -0.757111
vn -0.223440 0.613895 -0.757105
vn -0.210462 0.578241 -0.788253
vn -0.092486 0.299832 -0.949498
vn -0.430622 0.894197 -0.122377
vn -0.427500 0.887714 -0.170906
vn -0.430623 0.894198 -0.122367
vn -0.337995 0.801822 -0.492788
vn -0.337998 0.801826 -0.492780
vn -0.210462 0.578237 -0.788256
vn -0.078637 0.254934 -0.963756
vn -0.064600 0.209429 -0.975688
vn -0.078637 0.254936 -0.963755
vn -0.427500 0.887712 -0.170915
vn -0.328198 0.778581 -0.534880
vn -0.328202 0.778586 -0.534871
vn -0.196979 0.541195 -0.817501
vn -0.183021 0.502847 -0.844777
vn -0.196980 0.541197 -0.817499
vn -0.064601 0.209431 -0.975687
vn -0.423347 0.879090 -0.219040
vn -0.418176 0.868352 -0.266634
vn -0.423348 0.879090 -0.219037
vn -0.317611 0.753461 -0.575691
vn -0.317610 0.753460 -0.575693
vn -0.183021 0.502845 -0.844778
vn -0.050407 0.163415 -0.985269
vn -0.050407 0.163417 -0.985268
vn -0.418176 0.868350 -0.266639
vn -0.306257 0.726527 -0.615114
vn -0.306257 0.726527 -0.615114
vn -0.153813 0.422597 -0.893170
vn -0.168620 0.463279 -0.870023
vn -0.168621 0.463281 -0.870021
vn -0.036092 0.117008 -0.992475
vn -0.036092 0.117008 -0.992475
vn -0.411999 0.855523 -0.313590
vn -0.411999 0.855523 -0.313589
vn -0.294167 0.697846 -0.653052
vn -0.294165 0.697844 -0.653055
vn -0.153815 0.422603 -0.893167
vn -0.007236 0.023459 -0.999699
vn -0.021690 0.070318 -0.997289
vn -0.007236 0.023458 -0.999699
vn -0.021690 0.070318 -0.997289
vn -0.404827 0.840631 -0.359797
vn -0.396680 0.823713 -0.405145
vn -0.404827 0.840631 -0.359798
vn -0.281363 0.667474 -0.689429
vn -0.281363 0.667474 -0.689430
vn -0.138637 0.380902 -0.914163
vn -0.138638 0.380905 -0.914161
vn -0.478111 0.877957 -0.024538
vn -0.478111 0.877957 -0.024535
vn -0.396681 0.823718 -0.405134
vn -0.387580 0.804820 -0.449495
vn -0.267885 0.635499 -0.724140
vn -0.267884 0.635498 -0.724141
vn -0.123125 0.338283 -0.932955
vn -0.123124 0.338280 -0.932956
vn -0.476960 0.875843 -0.073538
vn -0.476959 0.875843 -0.073545
vn -0.474660 0.871622 -0.122367
vn -0.387579 0.804816 -0.449504
vn -0.253762 0.601994 -0.757105
vn -0.253759 0.601989 -0.757110
vn -0.107315 0.294845 -0.949500
vn -0.107317 0.294849 -0.949498
vn -0.471217 0.865299 -0.170915
vn -0.474660 0.871621 -0.122372
vn -0.377546 0.783982 -0.492780
vn -0.377546 0.783981 -0.492780
vn -0.239025 0.567033 -0.788252
vn -0.239022 0.567028 -0.788256
vn -0.091248 0.250701 -0.963754
vn -0.091246 0.250698 -0.963756
vn -0.471217 0.865300 -0.170909
vn -0.366600 0.761254 -0.534880
vn -0.366602 0.761256 -0.534877
vn -0.223711 0.530706 -0.817499
vn -0.223710 0.530705 -0.817500
vn -0.074960 0.205951 -0.975687
vn -0.058490 0.160700 -0.985269
vn -0.074959 0.205949 -0.975687
vn -0.466640 0.856896 -0.219037
vn -0.466641 0.856896 -0.219032
vn -0.460939 0.846427 -0.266639
vn -0.342090 0.710358 -0.615114
vn -0.354773 0.736695 -0.575688
vn -0.354772 0.736693 -0.575691
vn -0.207858 0.493098 -0.844778
vn -0.207857 0.493096 -0.844779
vn -0.058490 0.160699 -0.985269
vn -0.460939 0.846427 -0.266638
vn -0.342089 0.710356 -0.615118
vn -0.191503 0.454298 -0.870023
vn -0.191503 0.454298 -0.870023
vn -0.041880 0.115064 -0.992475
vn -0.041880 0.115063 -0.992475
vn -0.454130 0.833923 -0.313589
vn -0.454129 0.833922 -0.313595
vn -0.328586 0.682316 -0.653052
vn -0.328586 0.682316 -0.653052
vn -0.174689 0.414412 -0.893166
vn -0.174688 0.414411 -0.893167
vn -0.008396 0.023069 -0.999699
vn -0.025168 0.069149 -0.997289
vn -0.008396 0.023069 -0.999699
vn -0.025168 0.069149 -0.997289
vn -0.446226 0.819407 -0.359798
vn -0.446225 0.819406 -0.359802
vn -0.437248 0.802920 -0.405134
vn -0.314286 0.652621 -0.689428
vn -0.299229 0.621356 -0.724140
vn -0.314284 0.652619 -0.689430
vn -0.157449 0.373515 -0.914164
vn -0.157451 0.373518 -0.914163
vn -0.521278 0.853034 -0.024538
vn -0.521278 0.853034 -0.024540
vn -0.437248 0.802920 -0.405134
vn -0.299228 0.621353 -0.724143
vn -0.283451 0.588592 -0.757110
vn -0.139834 0.331724 -0.932955
vn -0.139834 0.331725 -0.932955
vn -0.520023 0.850981 -0.073533
vn -0.520023 0.850981 -0.073538
vn -0.427215 0.784497 -0.449502
vn -0.427214 0.784496 -0.449504
vn -0.283451 0.588593 -0.757109
vn -0.121878 0.289130 -0.949500
vn -0.121880 0.289134 -0.949498
vn -0.517515 0.846877 -0.122383
vn -0.517516 0.846878 -0.122372
vn -0.416156 0.764190 -0.492776
vn -0.416154 0.764188 -0.492780
vn -0.266992 0.554413 -0.788252
vn -0.266991 0.554412 -0.788254
vn -0.103629 0.245838 -0.963755
vn -0.103631 0.245841 -0.963754
vn -0.513764 0.840736 -0.170909
vn -0.513763 0.840736 -0.170911
vn -0.404089 0.742033 -0.534882
vn -0.404092 0.742036 -0.534877
vn -0.232178 0.482122 -0.844779
vn -0.249886 0.518894 -0.817500
vn -0.249887 0.518896 -0.817499
vn -0.085132 0.201957 -0.975688
vn -0.085133 0.201958 -0.975687
vn -0.508774 0.832571 -0.219032
vn -0.508774 0.832571 -0.219029
vn -0.391054 0.718094 -0.575688
vn -0.391053 0.718093 -0.575690
vn -0.377073 0.692421 -0.615117
vn -0.232178 0.482122 -0.844779
vn -0.066427 0.157584 -0.985269
vn -0.066428 0.157585 -0.985269
vn -0.502558 0.822399 -0.266638
vn -0.502557 0.822398 -0.266641
vn -0.377075 0.692428 -0.615108
vn -0.213909 0.444188 -0.870023
vn -0.195128 0.405190 -0.893166
vn -0.213912 0.444192 -0.870020
vn -0.047563 0.112833 -0.992475
vn -0.047562 0.112832 -0.992475
vn -0.495133 0.810248 -0.313594
vn -0.495133 0.810249 -0.313592
vn -0.362189 0.665088 -0.653052
vn -0.362184 0.665082 -0.653061
vn -0.195127 0.405186 -0.893168
vn -0.028584 0.067809 -0.997289
vn -0.009536 0.022621 -0.999699
vn -0.028584 0.067809 -0.997289
vn -0.009536 0.022621 -0.999699
vn -0.486513 0.796145 -0.359802
vn -0.486515 0.796147 -0.359795
vn -0.346428 0.636147 -0.689423
vn -0.346425 0.636144 -0.689428
vn -0.329828 0.605666 -0.724143
vn -0.175872 0.365203 -0.914164
vn -0.175872 0.365202 -0.914164
vn -0.156195 0.324342 -0.932955
vn -0.563150 0.825990 -0.024540
vn -0.563151 0.825990 -0.024531
vn -0.476724 0.780126 -0.405138
vn -0.476726 0.780127 -0.405134
vn -0.329827 0.605663 -0.724145
vn -0.312438 0.573732 -0.757109
vn -0.156195 0.324342 -0.932955
vn -0.561796 0.824001 -0.073533
vn -0.559087 0.820027 -0.122383
vn -0.561794 0.824001 -0.073549
vn -0.465787 0.762227 -0.449502
vn -0.465788 0.762229 -0.449498
vn -0.312440 0.573737 -0.757105
vn -0.115755 0.240367 -0.963755
vn -0.136141 0.282699 -0.949498
vn -0.136141 0.282699 -0.949498
vn -0.559086 0.820029 -0.122374
vn -0.555032 0.814082 -0.170911
vn -0.453727 0.742492 -0.492785
vn -0.453730 0.742496 -0.492776
vn -0.294294 0.540414 -0.788254
vn -0.294293 0.540413 -0.788255
vn -0.115755 0.240368 -0.963755
vn -0.095093 0.197463 -0.975687
vn -0.555032 0.814082 -0.170909
vn -0.440577 0.720972 -0.534876
vn -0.440575 0.720969 -0.534881
vn -0.255921 0.469950 -0.844779
vn -0.275441 0.505795 -0.817499
vn -0.275440 0.505794 -0.817499
vn -0.095093 0.197462 -0.975688
vn -0.542925 0.796326 -0.266641
vn -0.549641 0.806176 -0.219029
vn -0.549642 0.806177 -0.219028
vn -0.426359 0.697706 -0.575695
vn -0.426361 0.697708 -0.575691
vn -0.235787 0.432977 -0.870020
vn -0.255921 0.469950 -0.844779
vn -0.074200 0.154078 -0.985269
vn -0.053128 0.110321 -0.992475
vn -0.074200 0.154077 -0.985269
vn -0.534904 0.784562 -0.313592
vn -0.542926 0.796327 -0.266636
vn -0.411122 0.672771 -0.615108
vn -0.411123 0.672772 -0.615106
vn -0.235785 0.432973 -0.870023
vn -0.053128 0.110323 -0.992475
vn -0.534904 0.784562 -0.313593
vn -0.394885 0.646201 -0.653062
vn -0.394886 0.646202 -0.653061
vn -0.215082 0.394957 -0.893168
vn -0.215083 0.394958 -0.893167
vn -0.031929 0.066300 -0.997289
vn -0.010651 0.022118 -0.999699
vn -0.010651 0.022118 -0.999699
vn -0.031928 0.066300 -0.997289
vn -0.525595 0.770907 -0.359795
vn -0.515019 0.755393 -0.405138
vn -0.525593 0.770905 -0.359801
vn -0.377706 0.618088 -0.689423
vn -0.377707 0.618089 -0.689423
vn -0.193858 0.355982 -0.914164
vn -0.193858 0.355982 -0.914164
vn -0.602170 0.794973 -0.073549
vn -0.603623 0.796892 -0.024531
vn -0.603622 0.796893 -0.024539
vn -0.515019 0.755395 -0.405133
vn -0.359607 0.588471 -0.724144
vn -0.359607 0.588470 -0.724145
vn -0.172168 0.316154 -0.932955
vn -0.172168 0.316153 -0.932955
vn -0.602169 0.794974 -0.073541
vn -0.503200 0.738060 -0.449507
vn -0.503204 0.738063 -0.449499
vn -0.340649 0.557447 -0.757107
vn -0.340650 0.557449 -0.757105
vn -0.127593 0.234299 -0.963755
vn -0.150061 0.275558 -0.949499
vn -0.150063 0.275561 -0.949498
vn -0.599266 0.791142 -0.122369
vn -0.599265 0.791142 -0.122375
vn -0.594920 0.785405 -0.170910
vn -0.490173 0.718953 -0.492785
vn -0.490177 0.718956 -0.492777
vn -0.475966 0.698115 -0.534876
vn -0.320865 0.525072 -0.788255
vn -0.320867 0.525074 -0.788252
vn -0.104817 0.192476 -0.975688
vn -0.127594 0.234302 -0.963754
vn -0.594920 0.785404 -0.170912
vn -0.475965 0.698111 -0.534881
vn -0.300307 0.491431 -0.817503
vn -0.300310 0.491435 -0.817499
vn -0.104817 0.192476 -0.975688
vn -0.581945 0.768274 -0.266636
vn -0.589143 0.777777 -0.219028
vn -0.589142 0.777776 -0.219036
vn -0.460607 0.675586 -0.575695
vn -0.460608 0.675588 -0.575692
vn -0.279028 0.456609 -0.844779
vn -0.279031 0.456612 -0.844776
vn -0.081788 0.150187 -0.985269
vn -0.058562 0.107537 -0.992475
vn -0.081788 0.150187 -0.985269
vn -0.581946 0.768275 -0.266632
vn -0.444147 0.651443 -0.615106
vn -0.444146 0.651442 -0.615108
vn -0.257076 0.420686 -0.870020
vn -0.257073 0.420683 -0.870023
vn -0.058562 0.107537 -0.992475
vn -0.573348 0.756923 -0.313593
vn -0.573345 0.756921 -0.313603
vn -0.426604 0.625715 -0.653061
vn -0.426608 0.625719 -0.653056
vn -0.234502 0.383746 -0.893167
vn -0.234500 0.383743 -0.893169
vn -0.035193 0.064626 -0.997289
vn -0.011741 0.021559 -0.999699
vn -0.011741 0.021559 -0.999699
vn -0.035193 0.064626 -0.997289
vn -0.563367 0.743747 -0.359802
vn -0.563369 0.743749 -0.359795
vn -0.552033 0.728784 -0.405133
vn -0.408046 0.598493 -0.689423
vn -0.388494 0.569815 -0.724144
vn -0.408042 0.598488 -0.689430
vn -0.211361 0.345877 -0.914164
vn -0.211361 0.345877 -0.914164
vn -0.642594 0.765814 -0.024539
vn -0.641047 0.763971 -0.073541
vn -0.642594 0.765814 -0.024532
vn -0.539365 0.712060 -0.449507
vn -0.552033 0.728783 -0.405136
vn -0.388495 0.569817 -0.724141
vn -0.187713 0.307179 -0.932955
vn -0.187714 0.307180 -0.932954
vn -0.641047 0.763970 -0.073542
vn -0.539366 0.712062 -0.449503
vn -0.368012 0.539774 -0.757107
vn -0.368011 0.539774 -0.757108
vn -0.163610 0.267737 -0.949499
vn -0.163610 0.267736 -0.949499
vn -0.637957 0.760287 -0.122369
vn -0.637956 0.760287 -0.122378
vn -0.525402 0.693627 -0.492782
vn -0.525404 0.693629 -0.492777
vn -0.346639 0.508425 -0.788255
vn -0.346641 0.508428 -0.788252
vn -0.139113 0.227649 -0.963755
vn -0.139114 0.227651 -0.963754
vn -0.114281 0.187012 -0.975688
vn -0.633330 0.754773 -0.170912
vn -0.633330 0.754773 -0.170912
vn -0.510171 0.673519 -0.534881
vn -0.510172 0.673519 -0.534880
vn -0.324434 0.475856 -0.817499
vn -0.324429 0.475851 -0.817503
vn -0.114281 0.187013 -0.975687
vn -0.619518 0.738312 -0.266632
vn -0.627180 0.747443 -0.219033
vn -0.627179 0.747442 -0.219036
vn -0.493710 0.651789 -0.575692
vn -0.493714 0.651792 -0.575686
vn -0.301444 0.442137 -0.844776
vn -0.301441 0.442134 -0.844778
vn -0.277726 0.407349 -0.870020
vn -0.089172 0.145924 -0.985269
vn -0.063849 0.104485 -0.992475
vn -0.089172 0.145923 -0.985269
vn -0.619518 0.738312 -0.266632
vn -0.476063 0.628491 -0.615113
vn -0.476065 0.628493 -0.615108
vn -0.277724 0.407345 -0.870023
vn -0.063849 0.104484 -0.992475
vn -0.610363 0.727402 -0.313598
vn -0.610361 0.727401 -0.313602
vn -0.457267 0.603676 -0.653056
vn -0.457266 0.603675 -0.653058
vn -0.253337 0.371577 -0.893169
vn -0.253340 0.371580 -0.893167
vn -0.038371 0.062791 -0.997289
vn -0.012801 0.020947 -0.999699
vn -0.012801 0.020947 -0.999699
vn -0.038371 0.062792 -0.997289
vn -0.599741 0.714744 -0.359795
vn -0.587673 0.700361 -0.405136
vn -0.599740 0.714743 -0.359797
vn -0.416414 0.549744 -0.724141
vn -0.437367 0.577405 -0.689430
vn -0.437371 0.577409 -0.689423
vn -0.228339 0.334912 -0.914164
vn -0.228340 0.334913 -0.914163
vn -0.679968 0.732831 -0.024532
vn -0.679968 0.732831 -0.024532
vn -0.574189 0.684291 -0.449503
vn -0.587671 0.700359 -0.405142
vn -0.416414 0.549744 -0.724142
vn -0.202790 0.297439 -0.932956
vn -0.202792 0.297441 -0.932954
vn -0.678332 0.731066 -0.073542
vn -0.678330 0.731066 -0.073551
vn -0.574190 0.684292 -0.449500
vn -0.394459 0.520759 -0.757107
vn -0.394459 0.520759 -0.757107
vn -0.176753 0.259249 -0.949499
vn -0.176753 0.259249 -0.949499
vn -0.675060 0.727542 -0.122378
vn -0.670165 0.722266 -0.170911
vn -0.675062 0.727542 -0.122369
vn -0.559326 0.666578 -0.492776
vn -0.559323 0.666576 -0.492782
vn -0.371549 0.490514 -0.788256
vn -0.371550 0.490515 -0.788255
vn -0.150288 0.220432 -0.963755
vn -0.150288 0.220432 -0.963755
vn -0.670165 0.722266 -0.170913
vn -0.543110 0.647254 -0.534877
vn -0.543109 0.647253 -0.534880
vn -0.347749 0.459092 -0.817499
vn -0.347749 0.459093 -0.817499
vn -0.123460 0.181082 -0.975688
vn -0.123461 0.181084 -0.975687
vn -0.663656 0.715251 -0.219036
vn -0.663657 0.715251 -0.219033
vn -0.506799 0.603979 -0.615113
vn -0.525584 0.626369 -0.575694
vn -0.525589 0.626372 -0.575686
vn -0.323106 0.426560 -0.844777
vn -0.323106 0.426559 -0.844778
vn -0.096336 0.141299 -0.985268
vn -0.096334 0.141297 -0.985269
vn -0.655549 0.706513 -0.266638
vn -0.655550 0.706513 -0.266632
vn -0.506801 0.603983 -0.615108
vn -0.297681 0.392994 -0.870024
vn -0.297683 0.392996 -0.870023
vn -0.068978 0.101172 -0.992475
vn -0.068977 0.101171 -0.992475
vn -0.645864 0.696074 -0.313592
vn -0.645862 0.696073 -0.313599
vn -0.486788 0.580132 -0.653058
vn -0.486789 0.580133 -0.653056
vn -0.271546 0.358490 -0.893167
vn -0.271546 0.358491 -0.893167
vn -0.041453 0.060801 -0.997289
vn -0.013829 0.020283 -0.999699
vn -0.013829 0.020283 -0.999699
vn -0.041454 0.060801 -0.997289
vn -0.634622 0.683960 -0.359797
vn -0.634623 0.683960 -0.359796
vn -0.465609 0.554890 -0.689424
vn -0.465604 0.554886 -0.689430
vn -0.244751 0.323115 -0.914163
vn -0.217365 0.286961 -0.932956
vn -0.244749 0.323113 -0.914164
vn -0.715652 0.698026 -0.024532
vn -0.715652 0.698026 -0.024529
vn -0.621854 0.670199 -0.405131
vn -0.621849 0.670196 -0.405142
vn -0.443300 0.528303 -0.724142
vn -0.443300 0.528304 -0.724141
vn -0.217365 0.286962 -0.932955
vn -0.189456 0.250116 -0.949499
vn -0.713927 0.696347 -0.073551
vn -0.713929 0.696346 -0.073533
vn -0.607584 0.654822 -0.449500
vn -0.607583 0.654821 -0.449503
vn -0.419927 0.500449 -0.757107
vn -0.419928 0.500450 -0.757106
vn -0.395538 0.471384 -0.788256
vn -0.189456 0.250116 -0.949499
vn -0.710487 0.692989 -0.122369
vn -0.710485 0.692989 -0.122381
vn -0.591856 0.637870 -0.492777
vn -0.591854 0.637868 -0.492781
vn -0.395539 0.471386 -0.788254
vn -0.161089 0.212667 -0.963755
vn -0.132333 0.174703 -0.975688
vn -0.161089 0.212667 -0.963755
vn -0.705334 0.687963 -0.170910
vn -0.705333 0.687963 -0.170913
vn -0.574699 0.619377 -0.534877
vn -0.574695 0.619374 -0.534885
vn -0.370197 0.441184 -0.817503
vn -0.343967 0.409924 -0.844777
vn -0.370201 0.441188 -0.817499
vn -0.132333 0.174704 -0.975688
vn -0.698483 0.681282 -0.219036
vn -0.698483 0.681282 -0.219035
vn -0.689950 0.672959 -0.266638
vn -0.556153 0.599391 -0.575694
vn -0.556158 0.599394 -0.575687
vn -0.343968 0.409925 -0.844776
vn -0.103260 0.136322 -0.985268
vn -0.103260 0.136322 -0.985268
vn -0.073934 0.097607 -0.992475
vn -0.689950 0.672959 -0.266639
vn -0.536278 0.577971 -0.615106
vn -0.536277 0.577970 -0.615108
vn -0.289078 0.344510 -0.893167
vn -0.316902 0.377668 -0.870023
vn -0.316901 0.377668 -0.870024
vn -0.073934 0.097607 -0.992475
vn -0.679757 0.663016 -0.313592
vn -0.679756 0.663016 -0.313594
vn -0.515102 0.555147 -0.653056
vn -0.515098 0.555144 -0.653061
vn -0.260550 0.310512 -0.914164
vn -0.289078 0.344509 -0.893167
vn -0.014823 0.019569 -0.999699
vn -0.044433 0.058659 -0.997289
vn -0.014823 0.019569 -0.999699
vn -0.044432 0.058659 -0.997289
vn -0.667926 0.651477 -0.359795
vn -0.667925 0.651476 -0.359799
vn -0.492684 0.530988 -0.689430
vn -0.492687 0.530990 -0.689426
vn -0.260551 0.310512 -0.914164
vn -0.749556 0.661487 -0.024529
vn -0.749555 0.661487 -0.024541
vn -0.654488 0.638369 -0.405131
vn -0.654487 0.638368 -0.405134
vn -0.469083 0.505551 -0.724141
vn -0.469080 0.505549 -0.724144
vn -0.231399 0.275771 -0.932955
vn -0.201687 0.240362 -0.949499
vn -0.231399 0.275771 -0.932955
vn -0.744146 0.656711 -0.122381
vn -0.747752 0.659894 -0.073533
vn -0.747751 0.659894 -0.073541
vn -0.639469 0.623720 -0.449503
vn -0.639470 0.623721 -0.449500
vn -0.444351 0.478897 -0.757106
vn -0.444352 0.478897 -0.757106
vn -0.201687 0.240361 -0.949499
vn -0.744146 0.656713 -0.122368
vn -0.738749 0.651951 -0.170910
vn -0.622913 0.607572 -0.492784
vn -0.622914 0.607572 -0.492781
vn -0.418544 0.451083 -0.788254
vn -0.418544 0.451083 -0.788254
vn -0.171490 0.204374 -0.963754
vn -0.171489 0.204373 -0.963755
vn -0.738749 0.651949 -0.170918
vn -0.604856 0.589959 -0.534881
vn -0.604854 0.589958 -0.534885
vn -0.391728 0.422183 -0.817503
vn -0.391730 0.422184 -0.817501
vn -0.140877 0.167891 -0.975688
vn -0.140877 0.167890 -0.975688
vn -0.731574 0.645618 -0.219035
vn -0.731576 0.645619 -0.219029
vn -0.722637 0.637731 -0.266639
vn -0.585346 0.570930 -0.575681
vn -0.585343 0.570928 -0.575687
vn -0.363973 0.392270 -0.844776
vn -0.363973 0.392270 -0.844777
vn -0.109925 0.131004 -0.985269
vn -0.109927 0.131005 -0.985268
vn -0.722637 0.637731 -0.266638
vn -0.564415 0.550516 -0.615116
vn -0.564422 0.550520 -0.615106
vn -0.335333 0.361403 -0.870023
vn -0.335333 0.361403 -0.870023
vn -0.078708 0.093801 -0.992475
vn -0.078708 0.093800 -0.992475
vn -0.711960 0.628309 -0.313594
vn -0.711960 0.628309 -0.313594
vn -0.542132 0.528780 -0.653058
vn -0.542130 0.528778 -0.653061
vn -0.305890 0.329671 -0.893168
vn -0.305890 0.329672 -0.893167
vn -0.047301 0.056371 -0.997289
vn -0.015780 0.018805 -0.999699
vn -0.047301 0.056371 -0.997289
vn -0.015780 0.018806 -0.999699
vn -0.699569 0.617373 -0.359798
vn -0.699567 0.617372 -0.359803
vn -0.685493 0.604951 -0.405134
vn -0.493698 0.481538 -0.724143
vn -0.518540 0.505769 -0.689430
vn -0.518543 0.505771 -0.689426
vn -0.275704 0.297138 -0.914164
vn -0.275705 0.297139 -0.914164
vn -0.781596 0.623302 -0.024542
vn -0.781597 0.623301 -0.024532
vn -0.685494 0.604953 -0.405130
vn -0.493703 0.481545 -0.724136
vn -0.244858 0.263894 -0.932955
vn -0.244859 0.263895 -0.932954
vn -0.779714 0.621802 -0.073540
vn -0.779714 0.621802 -0.073541
vn -0.652423 0.575767 -0.492784
vn -0.669765 0.591071 -0.449499
vn -0.669765 0.591072 -0.449499
vn -0.467670 0.456152 -0.757106
vn -0.467665 0.456149 -0.757111
vn -0.213417 0.230009 -0.949499
vn -0.213417 0.230009 -0.949499
vn -0.775955 0.618804 -0.122373
vn -0.770327 0.614315 -0.170918
vn -0.775956 0.618804 -0.122368
vn -0.652422 0.575766 -0.492786
vn -0.440509 0.429659 -0.788254
vn -0.440507 0.429658 -0.788256
vn -0.181464 0.195572 -0.963754
vn -0.181463 0.195571 -0.963755
vn -0.770328 0.614316 -0.170912
vn -0.633511 0.559077 -0.534881
vn -0.633511 0.559077 -0.534880
vn -0.412287 0.402134 -0.817501
vn -0.412292 0.402137 -0.817497
vn -0.149071 0.160660 -0.975687
vn -0.149070 0.160660 -0.975688
vn -0.762847 0.608350 -0.219029
vn -0.762846 0.608350 -0.219033
vn -0.613074 0.541042 -0.575686
vn -0.613077 0.541043 -0.575681
vn -0.591155 0.521697 -0.615116
vn -0.383070 0.373636 -0.844780
vn -0.383074 0.373640 -0.844777
vn -0.116319 0.125362 -0.985269
vn -0.116319 0.125362 -0.985269
vn -0.753526 0.600918 -0.266638
vn -0.753528 0.600918 -0.266634
vn -0.742394 0.592040 -0.313594
vn -0.591157 0.521700 -0.615112
vn -0.352934 0.344241 -0.870020
vn -0.352931 0.344239 -0.870023
vn -0.083286 0.089761 -0.992475
vn -0.083286 0.089761 -0.992475
vn -0.742393 0.592038 -0.313599
vn -0.567815 0.501100 -0.653058
vn -0.567815 0.501100 -0.653058
vn -0.321942 0.314014 -0.893168
vn -0.321942 0.314014 -0.893168
vn -0.016698 0.017996 -0.999699
vn -0.050052 0.053943 -0.997289
vn -0.050052 0.053943 -0.997289
vn -0.016697 0.017996 -0.999699
vn -0.729474 0.581736 -0.359793
vn -0.729470 0.581734 -0.359803
vn -0.517092 0.456337 -0.724136
vn -0.543104 0.479293 -0.689432
vn -0.543106 0.479294 -0.689430
vn -0.290172 0.283026 -0.914164
vn -0.290173 0.283027 -0.914164
vn -0.811694 0.583568 -0.024531
vn -0.811693 0.583568 -0.024538
vn -0.714797 0.570031 -0.405130
vn -0.714793 0.570030 -0.405137
vn -0.517089 0.456333 -0.724140
vn -0.489822 0.432269 -0.757111
vn -0.257708 0.251362 -0.932954
vn -0.257707 0.251361 -0.932955
vn -0.809740 0.582163 -0.073540
vn -0.809740 0.582163 -0.073540
vn -0.698393 0.556950 -0.449504
vn -0.698396 0.556951 -0.449499
vn -0.489825 0.432274 -0.757107
vn -0.224617 0.219085 -0.949499
vn -0.224616 0.219085 -0.949500
vn -0.805836 0.579356 -0.122373
vn -0.805836 0.579356 -0.122369
vn -0.680311 0.542530 -0.492786
vn -0.680314 0.542531 -0.492781
vn -0.461377 0.407167 -0.788255
vn -0.461376 0.407167 -0.788256
vn -0.190988 0.186284 -0.963754
vn -0.156894 0.153030 -0.975687
vn -0.190985 0.186282 -0.963755
vn -0.799991 0.575155 -0.170912
vn -0.799991 0.575155 -0.170913
vn -0.660591 0.526804 -0.534880
vn -0.660593 0.526805 -0.534877
vn -0.431823 0.381087 -0.817497
vn -0.401218 0.354077 -0.844780
vn -0.431824 0.381087 -0.817497
vn -0.156893 0.153029 -0.975688
vn -0.792222 0.569569 -0.219032
vn -0.782544 0.562611 -0.266634
vn -0.792222 0.569569 -0.219034
vn -0.639281 0.509810 -0.575685
vn -0.639281 0.509810 -0.575685
vn -0.401218 0.354077 -0.844780
vn -0.369654 0.326222 -0.870020
vn -0.122422 0.119407 -0.985269
vn -0.122423 0.119408 -0.985269
vn -0.782543 0.562609 -0.266641
vn -0.616428 0.491584 -0.615111
vn -0.616424 0.491582 -0.615117
vn -0.369652 0.326220 -0.870022
vn -0.087657 0.085498 -0.992475
vn -0.087657 0.085498 -0.992475
vn -0.770980 0.554297 -0.313599
vn -0.770983 0.554298 -0.313590
vn -0.592091 0.472176 -0.653053
vn -0.592087 0.472174 -0.653058
vn -0.337195 0.297576 -0.893168
vn -0.337194 0.297575 -0.893168
vn -0.017574 0.017141 -0.999699
vn -0.052679 0.051382 -0.997289
vn -0.017574 0.017141 -0.999699
vn -0.052678 0.051381 -0.997289
vn -0.757563 0.544651 -0.359795
vn -0.742319 0.533691 -0.405137
vn -0.757564 0.544652 -0.359793
vn -0.566321 0.451626 -0.689431
vn -0.566320 0.451625 -0.689432
vn -0.303922 0.268212 -0.914163
vn -0.303920 0.268211 -0.914164
vn -0.269917 0.238203 -0.932955
vn -0.837751 0.541078 -0.073540
vn -0.839773 0.542383 -0.024527
vn -0.839772 0.542384 -0.024539
vn -0.725287 0.521445 -0.449504
vn -0.742318 0.533690 -0.405141
vn -0.539192 0.429992 -0.724140
vn -0.539192 0.429992 -0.724140
vn -0.510764 0.407321 -0.757107
vn -0.269916 0.238202 -0.932955
vn -0.837751 0.541078 -0.073540
vn -0.725288 0.521447 -0.449500
vn -0.510760 0.407317 -0.757111
vn -0.235258 0.207616 -0.949500
vn -0.235257 0.207616 -0.949500
vn -0.200036 0.176532 -0.963754
vn -0.827666 0.534563 -0.170912
vn -0.833713 0.538469 -0.122370
vn -0.833711 0.538469 -0.122379
vn -0.706511 0.507946 -0.492781
vn -0.706509 0.507945 -0.492785
vn -0.481098 0.383664 -0.788255
vn -0.481104 0.383667 -0.788250
vn -0.164326 0.145018 -0.975688
vn -0.200035 0.176532 -0.963754
vn -0.827666 0.534564 -0.170911
vn -0.686031 0.493222 -0.534877
vn -0.686031 0.493222 -0.534877
vn -0.450277 0.359085 -0.817501
vn -0.450282 0.359088 -0.817497
vn -0.164326 0.145019 -0.975688
vn -0.819628 0.529372 -0.219032
vn -0.809614 0.522903 -0.266642
vn -0.819627 0.529372 -0.219036
vn -0.663898 0.477310 -0.575687
vn -0.663899 0.477310 -0.575685
vn -0.640161 0.460244 -0.615117
vn -0.418369 0.333638 -0.844780
vn -0.418369 0.333638 -0.844780
vn -0.128223 0.113157 -0.985269
vn -0.128222 0.113157 -0.985269
vn -0.809614 0.522904 -0.266638
vn -0.640163 0.460246 -0.615113
vn -0.385454 0.307389 -0.870021
vn -0.385453 0.307389 -0.870022
vn -0.091809 0.081022 -0.992475
vn -0.091809 0.081022 -0.992475
vn -0.797653 0.515179 -0.313591
vn -0.797654 0.515179 -0.313590
vn -0.614888 0.442074 -0.653057
vn -0.614891 0.442076 -0.653053
vn -0.351610 0.280400 -0.893166
vn -0.351608 0.280398 -0.893168
vn -0.018406 0.016244 -0.999699
vn -0.055174 0.048692 -0.997289
vn -0.018406 0.016244 -0.999699
vn -0.055175 0.048692 -0.997289
vn -0.783769 0.506212 -0.359800
vn -0.783771 0.506212 -0.359795
vn -0.767997 0.496025 -0.405141
vn -0.559956 0.402581 -0.724140
vn -0.588130 0.422836 -0.689429
vn -0.588128 0.422835 -0.689431
vn -0.316911 0.252728 -0.914164
vn -0.316913 0.252730 -0.914163
vn -0.281454 0.224452 -0.932955
vn -0.863681 0.498646 -0.073540
vn -0.865764 0.499850 -0.024535
vn -0.865765 0.499849 -0.024527
vn -0.767999 0.496026 -0.405137
vn -0.559959 0.402583 -0.724136
vn -0.281453 0.224451 -0.932955
vn -0.859516 0.496241 -0.122379
vn -0.863681 0.498645 -0.073546
vn -0.730949 0.472098 -0.492785
vn -0.750382 0.484648 -0.449493
vn -0.750378 0.484646 -0.449500
vn -0.499630 0.359210 -0.788250
vn -0.530428 0.381353 -0.757111
vn -0.530430 0.381353 -0.757109
vn -0.245314 0.195632 -0.949500
vn -0.245317 0.195633 -0.949498
vn -0.859517 0.496242 -0.122370
vn -0.730948 0.472096 -0.492788
vn -0.499625 0.359205 -0.788256
vn -0.208586 0.166342 -0.963754
vn -0.208584 0.166340 -0.963755
vn -0.844996 0.487858 -0.219036
vn -0.853283 0.492643 -0.170911
vn -0.853283 0.492643 -0.170913
vn -0.709763 0.458414 -0.534877
vn -0.709765 0.458415 -0.534874
vn -0.467617 0.336194 -0.817501
vn -0.467618 0.336194 -0.817500
vn -0.171351 0.136648 -0.975688
vn -0.171350 0.136647 -0.975688
vn -0.834673 0.481898 -0.266638
vn -0.844995 0.487858 -0.219039
vn -0.686864 0.443624 -0.575687
vn -0.686862 0.443623 -0.575690
vn -0.434478 0.312369 -0.844780
vn -0.400297 0.287794 -0.870021
vn -0.434483 0.312372 -0.844777
vn -0.133703 0.106625 -0.985269
vn -0.133704 0.106625 -0.985269
vn -0.834673 0.481899 -0.266635
vn -0.636159 0.410875 -0.653057
vn -0.662309 0.427764 -0.615113
vn -0.662309 0.427764 -0.615114
vn -0.400297 0.287795 -0.870021
vn -0.095734 0.076345 -0.992475
vn -0.095734 0.076345 -0.992475
vn -0.822341 0.474779 -0.313592
vn -0.808027 0.466514 -0.359800
vn -0.822342 0.474779 -0.313591
vn -0.636160 0.410876 -0.653056
vn -0.365146 0.262523 -0.893169
vn -0.365150 0.262525 -0.893166
vn -0.019193 0.015306 -0.999699
vn -0.057533 0.045881 -0.997289
vn -0.019193 0.015306 -0.999699
vn -0.057533 0.045881 -0.997289
vn -0.808029 0.466516 -0.359795
vn -0.608475 0.392995 -0.689430
vn -0.608475 0.392995 -0.689429
vn -0.579330 0.374171 -0.724136
vn -0.329115 0.236617 -0.914164
vn -0.329114 0.236617 -0.914164
vn -0.889604 0.456073 -0.024535
vn -0.889604 0.456073 -0.024534
vn -0.887462 0.454975 -0.073546
vn -0.791769 0.457128 -0.405138
vn -0.773606 0.446642 -0.449493
vn -0.791768 0.457128 -0.405138
vn -0.579327 0.374168 -0.724140
vn -0.292294 0.210145 -0.932954
vn -0.292291 0.210143 -0.932955
vn -0.887462 0.454975 -0.073544
vn -0.773604 0.446640 -0.449498
vn -0.548783 0.354441 -0.757106
vn -0.548779 0.354439 -0.757109
vn -0.254764 0.183162 -0.949498
vn -0.254759 0.183160 -0.949500
vn -0.216616 0.155736 -0.963755
vn -0.883184 0.452782 -0.122370
vn -0.883184 0.452782 -0.122372
vn -0.876779 0.449498 -0.170913
vn -0.753574 0.435076 -0.492784
vn -0.753571 0.435075 -0.492789
vn -0.516908 0.333855 -0.788256
vn -0.516908 0.333855 -0.788256
vn -0.177950 0.127937 -0.975688
vn -0.216617 0.155737 -0.963755
vn -0.876779 0.449499 -0.170908
vn -0.708122 0.408834 -0.575690
vn -0.731730 0.422465 -0.534879
vn -0.731733 0.422466 -0.534874
vn -0.483793 0.312467 -0.817501
vn -0.483795 0.312468 -0.817500
vn -0.177949 0.127937 -0.975688
vn -0.868262 0.445132 -0.219041
vn -0.857656 0.439695 -0.266636
vn -0.868262 0.445132 -0.219039
vn -0.682808 0.394219 -0.615114
vn -0.708123 0.408835 -0.575688
vn -0.449511 0.290325 -0.844779
vn -0.414145 0.267483 -0.870021
vn -0.449513 0.290326 -0.844777
vn -0.138853 0.099829 -0.985269
vn -0.138852 0.099828 -0.985269
vn -0.099420 0.071478 -0.992475
vn -0.857657 0.439695 -0.266632
vn -0.682808 0.394220 -0.615113
vn -0.414146 0.267483 -0.870020
vn -0.099420 0.071478 -0.992475
vn -0.844985 0.433199 -0.313592
vn -0.844984 0.433199 -0.313593
vn -0.655849 0.378655 -0.653056
vn -0.627308 0.362177 -0.689430
vn -0.655850 0.378655 -0.653055
vn -0.340500 0.219918 -0.914164
vn -0.377779 0.243995 -0.893168
vn -0.377778 0.243995 -0.893169
vn -0.019932 0.014330 -0.999699
vn -0.059748 0.042956 -0.997289
vn -0.020622 0.013319 -0.999699
vn -0.059748 0.042956 -0.997289
vn -0.019932 0.014330 -0.999699
vn -0.830279 0.425659 -0.359793
vn -0.830278 0.425659 -0.359795
vn -0.813570 0.417094 -0.405138
vn -0.627309 0.362178 -0.689428
vn -0.340501 0.219919 -0.914163
vn -0.302405 0.195314 -0.932954
vn -0.911232 0.411163 -0.024534
vn -0.911231 0.411163 -0.024536
vn -0.813569 0.417092 -0.405142
vn -0.597257 0.344827 -0.724140
vn -0.597257 0.344827 -0.724140
vn -0.302403 0.195312 -0.932955
vn -0.909037 0.410174 -0.073544
vn -0.909038 0.410173 -0.073539
vn -0.794908 0.407525 -0.449493
vn -0.794906 0.407525 -0.449498
vn -0.774323 0.396973 -0.492784
vn -0.565764 0.326645 -0.757109
vn -0.565768 0.326646 -0.757105
vn -0.532907 0.307674 -0.788256
vn -0.224110 0.144746 -0.963755
vn -0.263576 0.170235 -0.949499
vn -0.263572 0.170233 -0.949500
vn -0.904655 0.408196 -0.122371
vn -0.904655 0.408196 -0.122372
vn -0.774321 0.396971 -0.492789
vn -0.532908 0.307675 -0.788255
vn -0.184105 0.118908 -0.975688
vn -0.224109 0.144745 -0.963755
vn -0.898095 0.405236 -0.170908
vn -0.898094 0.405236 -0.170913
vn -0.751879 0.385465 -0.534878
vn -0.751877 0.385465 -0.534881
vn -0.498767 0.287964 -0.817501
vn -0.498770 0.287965 -0.817499
vn -0.184106 0.118909 -0.975687
vn -0.889370 0.401300 -0.219042
vn -0.889373 0.401300 -0.219030
vn -0.727621 0.373029 -0.575688
vn -0.701610 0.359694 -0.615113
vn -0.727623 0.373030 -0.575686
vn -0.463424 0.267559 -0.844778
vn -0.463424 0.267558 -0.844779
vn -0.143657 0.092783 -0.985268
vn -0.143655 0.092782 -0.985269
vn -0.878508 0.396398 -0.266632
vn -0.878505 0.396398 -0.266642
vn -0.701611 0.359695 -0.615111
vn -0.426964 0.246508 -0.870021
vn -0.426961 0.246507 -0.870022
vn -0.102859 0.066434 -0.992475
vn -0.061815 0.039924 -0.997289
vn -0.102860 0.066434 -0.992475
vn -0.865526 0.390540 -0.313598
vn -0.865527 0.390540 -0.313593
vn -0.673910 0.345493 -0.653054
vn -0.673909 0.345493 -0.653055
vn -0.389469 0.224860 -0.893169
vn -0.389472 0.224861 -0.893168
vn -0.351040 0.202673 -0.914163
vn -0.061815 0.039924 -0.997289
vn -0.020622 0.013319 -0.999699
vn -0.850464 0.383743 -0.359794
vn -0.850465 0.383743 -0.359793
vn -0.644583 0.330458 -0.689428
vn -0.613703 0.314627 -0.724140
vn -0.644582 0.330458 -0.689428
vn -0.351042 0.202674 -0.914162
vn -0.930593 0.365232 -0.024536
vn -0.930594 0.365231 -0.024530
vn -0.833351 0.376021 -0.405135
vn -0.833348 0.376021 -0.405142
vn -0.613701 0.314626 -0.724142
vn -0.271734 0.156885 -0.949499
vn -0.311761 0.179995 -0.932956
vn -0.311763 0.179996 -0.932955
vn -0.928353 0.364352 -0.073539
vn -0.928353 0.364352 -0.073546
vn -0.923878 0.362595 -0.122371
vn -0.814232 0.367396 -0.449495
vn -0.814233 0.367396 -0.449493
vn -0.581343 0.298037 -0.757109
vn -0.581342 0.298036 -0.757110
vn -0.547582 0.280728 -0.788255
vn -0.271735 0.156887 -0.949498
vn -0.923878 0.362595 -0.122370
vn -0.793146 0.357881 -0.492789
vn -0.793148 0.357882 -0.492786
vn -0.547584 0.280730 -0.788253
vn -0.231046 0.133394 -0.963755
vn -0.231046 0.133394 -0.963755
vn -0.908270 0.356471 -0.219030
vn -0.917178 0.359966 -0.170907
vn -0.917177 0.359966 -0.170913
vn -0.770156 0.347508 -0.534881
vn -0.770156 0.347508 -0.534881
vn -0.512504 0.262745 -0.817499
vn -0.512501 0.262744 -0.817501
vn -0.189805 0.109583 -0.975687
vn -0.189802 0.109582 -0.975688
vn -0.908268 0.356468 -0.219043
vn -0.745311 0.336298 -0.575686
vn -0.718668 0.324276 -0.615111
vn -0.745314 0.336299 -0.575683
vn -0.476185 0.244125 -0.844778
vn -0.438718 0.224917 -0.870022
vn -0.476184 0.244125 -0.844779
vn -0.148101 0.085506 -0.985269
vn -0.148103 0.085507 -0.985268
vn -0.897176 0.352115 -0.266629
vn -0.897172 0.352115 -0.266642
vn -0.718664 0.324273 -0.615117
vn -0.438723 0.224921 -0.870019
vn -0.106044 0.061224 -0.992475
vn -0.106043 0.061224 -0.992475
vn -0.868534 0.340876 -0.359795
vn -0.883917 0.346913 -0.313596
vn -0.883916 0.346913 -0.313598
vn -0.690295 0.311473 -0.653053
vn -0.690294 0.311472 -0.653054
vn -0.400193 0.205168 -0.893169
vn -0.360708 0.184925 -0.914162
vn -0.400195 0.205169 -0.893168
vn -0.063728 0.036794 -0.997289
vn -0.063728 0.036793 -0.997289
vn -0.021260 0.012274 -0.999699
vn -0.021260 0.012274 -0.999699
vn -0.868531 0.340873 -0.359804
vn -0.660250 0.297916 -0.689431
vn -0.660253 0.297917 -0.689428
vn -0.320346 0.164232 -0.932956
vn -0.360706 0.184923 -0.914163
vn -0.947642 0.318390 -0.024530
vn -0.947642 0.318391 -0.024541
vn -0.962334 0.270759 -0.024541
vn -0.851057 0.334015 -0.405137
vn -0.851058 0.334015 -0.405135
vn -0.628626 0.283646 -0.724137
vn -0.628621 0.283645 -0.724141
vn -0.320347 0.164233 -0.932955
vn -0.945360 0.317625 -0.073546
vn -0.945362 0.317623 -0.073531
vn -0.831535 0.326353 -0.449493
vn -0.831533 0.326353 -0.449495
vn -0.810001 0.317902 -0.492785
vn -0.595474 0.268688 -0.757112
vn -0.595475 0.268689 -0.757110
vn -0.279212 0.143144 -0.949500
vn -0.279218 0.143146 -0.949498
vn -0.237408 0.121712 -0.963755
vn -0.940802 0.316093 -0.122381
vn -0.940803 0.316092 -0.122370
vn -0.810002 0.317903 -0.492783
vn -0.560897 0.253086 -0.788253
vn -0.560897 0.253086 -0.788252
vn -0.237410 0.121713 -0.963754
vn -0.195028 0.099985 -0.975688
vn -0.933981 0.313800 -0.170906
vn -0.933980 0.313800 -0.170912
vn -0.786522 0.308688 -0.534878
vn -0.786520 0.308687 -0.534881
vn -0.524961 0.236872 -0.817501
vn -0.524963 0.236872 -0.817499
vn -0.195029 0.099986 -0.975688
vn -0.924909 0.310752 -0.219035
vn -0.924907 0.310752 -0.219043
vn -0.761151 0.298729 -0.575682
vn -0.761143 0.298728 -0.575693
vn -0.487762 0.220087 -0.844778
vn -0.487760 0.220086 -0.844779
vn -0.152181 0.078019 -0.985268
vn -0.152181 0.078019 -0.985268
vn -0.913612 0.306957 -0.266629
vn -0.913612 0.306957 -0.266630
vn -0.733934 0.288048 -0.615117
vn -0.733941 0.288050 -0.615108
vn -0.449381 0.202769 -0.870024
vn -0.449390 0.202772 -0.870019
vn -0.108963 0.055862 -0.992475
vn -0.065483 0.033571 -0.997289
vn -0.108963 0.055862 -0.992475
vn -0.900109 0.302420 -0.313601
vn -0.900111 0.302420 -0.313596
vn -0.704962 0.276677 -0.653053
vn -0.704960 0.276677 -0.653056
vn -0.369475 0.166713 -0.914163
vn -0.409925 0.184965 -0.893168
vn -0.409927 0.184965 -0.893167
vn -0.065484 0.033572 -0.997289
vn -0.021845 0.011200 -0.999699
vn -0.021845 0.011199 -0.999699
vn -0.884442 0.297157 -0.359804
vn -0.884447 0.297157 -0.359792
vn -0.674280 0.264635 -0.689431
vn -0.641983 0.251959 -0.724137
vn -0.674277 0.264634 -0.689434
vn -0.369476 0.166714 -0.914163
vn -0.962334 0.270760 -0.024534
vn -0.866648 0.291179 -0.405137
vn -0.866647 0.291179 -0.405139
vn -0.641980 0.251958 -0.724140
vn -0.328136 0.148060 -0.932955
vn -0.328136 0.148060 -0.932955
vn -0.286000 0.129048 -0.949500
vn -0.960017 0.270108 -0.073547
vn -0.960019 0.270106 -0.073531
vn -0.955389 0.268804 -0.122381
vn -0.846769 0.284498 -0.449493
vn -0.846764 0.284498 -0.449501
vn -0.608132 0.238673 -0.757107
vn -0.608126 0.238672 -0.757112
vn -0.286002 0.129049 -0.949500
vn -0.955389 0.268805 -0.122375
vn -0.824841 0.277132 -0.492783
vn -0.824843 0.277132 -0.492780
vn -0.572814 0.224813 -0.788253
vn -0.572815 0.224813 -0.788252
vn -0.243181 0.109727 -0.963755
vn -0.243182 0.109728 -0.963754
vn -0.948460 0.266856 -0.170912
vn -0.948461 0.266855 -0.170909
vn -0.939249 0.264264 -0.219035
vn -0.800931 0.269098 -0.534879
vn -0.800932 0.269098 -0.534878
vn -0.536118 0.210411 -0.817499
vn -0.536117 0.210410 -0.817500
vn -0.199772 0.090141 -0.975687
vn -0.199771 0.090140 -0.975688
vn -0.927776 0.261037 -0.266630
vn -0.939250 0.264265 -0.219029
vn -0.775088 0.260416 -0.575693
vn -0.747386 0.251109 -0.615108
vn -0.775093 0.260417 -0.575685
vn -0.498127 0.195500 -0.844777
vn -0.498126 0.195500 -0.844778
vn -0.458930 0.180117 -0.870024
vn -0.155881 0.070336 -0.985268
vn -0.155879 0.070335 -0.985269
vn -0.927774 0.261035 -0.266641
vn -0.747382 0.251107 -0.615114
vn -0.458933 0.180118 -0.870022
vn -0.111612 0.050361 -0.992475
vn -0.111612 0.050361 -0.992475
vn -0.898159 0.252704 -0.359792
vn -0.914064 0.257179 -0.313601
vn -0.914068 0.257178 -0.313589
vn -0.717873 0.241192 -0.653058
vn -0.686630 0.230695 -0.689434
vn -0.717875 0.241193 -0.653056
vn -0.418637 0.164303 -0.893167
vn -0.418636 0.164303 -0.893167
vn -0.067076 0.030266 -0.997289
vn -0.022376 0.010097 -0.999699
vn -0.022376 0.010097 -0.999699
vn -0.067075 0.030266 -0.997289
vn -0.898157 0.252702 -0.359801
vn -0.653741 0.219645 -0.724140
vn -0.686632 0.230696 -0.689431
vn -0.377327 0.148090 -0.914163
vn -0.377325 0.148090 -0.914164
vn -0.974634 0.222454 -0.024534
vn -0.974634 0.222454 -0.024534
vn -0.880086 0.247618 -0.405134
vn -0.880084 0.247618 -0.405139
vn -0.859893 0.241937 -0.449501
vn -0.653746 0.219648 -0.724135
vn -0.619272 0.208065 -0.757107
vn -0.335109 0.131521 -0.932955
vn -0.335108 0.131520 -0.932955
vn -0.972288 0.221918 -0.073547
vn -0.972288 0.221918 -0.073547
vn -0.859892 0.241936 -0.449503
vn -0.619268 0.208063 -0.757111
vn -0.583308 0.195981 -0.788253
vn -0.292080 0.114633 -0.949499
vn -0.292078 0.114633 -0.949500
vn -0.967600 0.220848 -0.122375
vn -0.967600 0.220848 -0.122377
vn -0.837631 0.235673 -0.492781
vn -0.837631 0.235673 -0.492780
vn -0.583310 0.195982 -0.788251
vn -0.248346 0.097469 -0.963755
vn -0.204017 0.080071 -0.975687
vn -0.248348 0.097469 -0.963755
vn -0.960585 0.219247 -0.170904
vn -0.960584 0.219247 -0.170909
vn -0.813349 0.228841 -0.534879
vn -0.813347 0.228840 -0.534882
vn -0.787111 0.221458 -0.575685
vn -0.545934 0.183425 -0.817503
vn -0.545938 0.183425 -0.817500
vn -0.204017 0.080071 -0.975687
vn -0.951254 0.217118 -0.219033
vn -0.951255 0.217118 -0.219029
vn -0.787107 0.221456 -0.575690
vn -0.507253 0.170428 -0.844777
vn -0.507252 0.170427 -0.844778
vn -0.113984 0.044735 -0.992475
vn -0.159191 0.062478 -0.985269
vn -0.159191 0.062478 -0.985269
vn -0.939633 0.214465 -0.266636
vn -0.939631 0.214465 -0.266641
vn -0.758970 0.213540 -0.615114
vn -0.758972 0.213541 -0.615111
vn -0.467340 0.157018 -0.870022
vn -0.467344 0.157019 -0.870020
vn -0.113985 0.044736 -0.992475
vn -0.925751 0.211297 -0.313589
vn -0.925750 0.211297 -0.313593
vn -0.729002 0.205110 -0.653058
vn -0.729008 0.205110 -0.653052
vn -0.384238 0.129097 -0.914164
vn -0.426302 0.143230 -0.893170
vn -0.426307 0.143231 -0.893167
vn -0.068501 0.026885 -0.997289
vn -0.068500 0.026884 -0.997289
vn -0.022852 0.008969 -0.999699
vn -0.022852 0.008969 -0.999699
vn -0.909636 0.207619 -0.359801
vn -0.909637 0.207619 -0.359797
vn -0.697278 0.196184 -0.689431
vn -0.697278 0.196184 -0.689432
vn -0.384241 0.129098 -0.914162
vn -0.984511 0.173596 -0.024534
vn -0.984512 0.173595 -0.024528
vn -0.891331 0.203441 -0.405143
vn -0.891335 0.203441 -0.405134
vn -0.663882 0.186787 -0.724135
vn -0.663876 0.186786 -0.724140
vn -0.341248 0.114653 -0.932955
vn -0.341247 0.114653 -0.932955
vn -0.297430 0.099931 -0.949499
vn -0.982141 0.173178 -0.073547
vn -0.982141 0.173178 -0.073545
vn -0.870883 0.198773 -0.449503
vn -0.870883 0.198773 -0.449502
vn -0.628869 0.176936 -0.757111
vn -0.628872 0.176936 -0.757109
vn -0.297430 0.099931 -0.949499
vn -0.977407 0.172343 -0.122366
vn -0.977406 0.172344 -0.122376
vn -0.848338 0.193627 -0.492779
vn -0.848337 0.193627 -0.492781
vn -0.592354 0.166662 -0.788251
vn -0.592354 0.166662 -0.788252
vn -0.252897 0.084969 -0.963755
vn -0.252896 0.084969 -0.963755
vn -0.207755 0.069802 -0.975687
vn -0.970317 0.171094 -0.170912
vn -0.970319 0.171094 -0.170904
vn -0.823744 0.188014 -0.534879
vn -0.823743 0.188014 -0.534882
vn -0.554399 0.155984 -0.817503
vn -0.554401 0.155984 -0.817501
vn -0.207753 0.069801 -0.975688
vn -0.960892 0.169431 -0.219040
vn -0.960894 0.169431 -0.219033
vn -0.797169 0.181949 -0.575688
vn -0.797167 0.181949 -0.575690
vn -0.768672 0.175445 -0.615111
vn -0.515116 0.144931 -0.844778
vn -0.515115 0.144931 -0.844779
vn -0.116073 0.038999 -0.992475
vn -0.162109 0.054466 -0.985269
vn -0.162107 0.054465 -0.985269
vn -0.949156 0.167361 -0.266632
vn -0.949155 0.167361 -0.266636
vn -0.768672 0.175445 -0.615112
vn -0.474590 0.133529 -0.870020
vn -0.474591 0.133529 -0.870019
vn -0.116071 0.038998 -0.992475
vn -0.935132 0.164888 -0.313593
vn -0.935130 0.164888 -0.313597
vn -0.738323 0.168518 -0.653055
vn -0.738326 0.168518 -0.653051
vn -0.706190 0.161183 -0.689432
vn -0.432911 0.121803 -0.893170
vn -0.432912 0.121803 -0.893169
vn -0.023270 0.007818 -0.999699
vn -0.023271 0.007819 -0.999699
vn -0.023631 0.006649 -0.999699
vn -0.069755 0.023436 -0.997289
vn -0.069756 0.023437 -0.997289
vn -0.918856 0.162019 -0.359797
vn -0.918858 0.162019 -0.359791
vn -0.672362 0.153463 -0.724140
vn -0.706194 0.161184 -0.689427
vn -0.390199 0.109784 -0.914162
vn -0.390195 0.109784 -0.914164
vn -0.991941 0.124306 -0.024528
vn -0.991941 0.124306 -0.024531
vn -0.900363 0.158758 -0.405145
vn -0.900364 0.158758 -0.405143
vn -0.636909 0.145370 -0.757109
vn -0.672358 0.153461 -0.724144
vn -0.346541 0.097501 -0.932954
vn -0.346538 0.097501 -0.932955
vn -0.984783 0.123409 -0.122366
vn -0.989552 0.124007 -0.073545
vn -0.989552 0.124007 -0.073542
vn -0.879708 0.155117 -0.449502
vn -0.856935 0.151101 -0.492779
vn -0.879711 0.155117 -0.449496
vn -0.636913 0.145371 -0.757106
vn -0.599925 0.136929 -0.788252
vn -0.302042 0.084981 -0.949499
vn -0.302042 0.084981 -0.949499
vn -0.984782 0.123409 -0.122371
vn -0.856932 0.151100 -0.492785
vn -0.599920 0.136927 -0.788255
vn -0.256818 0.072257 -0.963755
vn -0.256818 0.072257 -0.963755
vn -0.977639 0.122513 -0.170915
vn -0.977640 0.122513 -0.170912
vn -0.968144 0.121323 -0.219040
vn -0.832092 0.146721 -0.534879
vn -0.832095 0.146721 -0.534874
vn -0.561489 0.128156 -0.817500
vn -0.561487 0.128156 -0.817501
vn -0.210975 0.059359 -0.975688
vn -0.210974 0.059359 -0.975688
vn -0.968146 0.121325 -0.219029
vn -0.805246 0.141987 -0.575689
vn -0.805247 0.141987 -0.575688
vn -0.521703 0.119075 -0.844776
vn -0.521699 0.119075 -0.844779
vn -0.480656 0.109707 -0.870019
vn -0.164622 0.046318 -0.985269
vn -0.164622 0.046318 -0.985269
vn -0.956318 0.119842 -0.266632
vn -0.956317 0.119843 -0.266636
vn -0.776457 0.136911 -0.615118
vn -0.776462 0.136911 -0.615111
vn -0.480653 0.109706 -0.870022
vn -0.117870 0.033164 -0.992475
vn -0.117871 0.033164 -0.992475
vn -0.925792 0.116017 -0.359791
vn -0.942187 0.118071 -0.313595
vn -0.942187 0.118071 -0.313597
vn -0.745809 0.131506 -0.653051
vn -0.745805 0.131506 -0.653055
vn -0.395182 0.090198 -0.914164
vn -0.438446 0.100072 -0.893169
vn -0.438446 0.100072 -0.893169
vn -0.023631 0.006649 -0.999699
vn -0.070837 0.019930 -0.997289
vn -0.070837 0.019930 -0.997289
vn -0.925789 0.116015 -0.359799
vn -0.679171 0.119756 -0.724144
vn -0.713350 0.125783 -0.689428
vn -0.713350 0.125783 -0.689427
vn -0.395182 0.090198 -0.914164
vn -0.996904 0.074707 -0.024531
vn -0.996903 0.074709 -0.024544
vn -0.999388 0.024923 -0.024544
vn -0.907157 0.113682 -0.405145
vn -0.907162 0.113681 -0.405134
vn -0.679172 0.119757 -0.724144
vn -0.350966 0.080106 -0.932955
vn -0.350970 0.080106 -0.932954
vn -0.305902 0.069820 -0.949499
vn -0.994504 0.074527 -0.073540
vn -0.994504 0.074528 -0.073542
vn -0.886350 0.111073 -0.449497
vn -0.886345 0.111074 -0.449505
vn -0.643368 0.113443 -0.757105
vn -0.643367 0.113443 -0.757106
vn -0.305904 0.069820 -0.949499
vn -0.989709 0.074169 -0.122371
vn -0.989709 0.074168 -0.122369
vn -0.863403 0.108198 -0.492776
vn -0.863398 0.108198 -0.492785
vn -0.838374 0.105062 -0.534874
vn -0.606000 0.106854 -0.788255
vn -0.606000 0.106854 -0.788255
vn -0.260102 0.059366 -0.963754
vn -0.260100 0.059366 -0.963755
vn -0.982531 0.073631 -0.170912
vn -0.982531 0.073631 -0.170915
vn -0.838369 0.105061 -0.534882
vn -0.567176 0.100009 -0.817502
vn -0.567179 0.100009 -0.817500
vn -0.213670 0.048769 -0.975688
vn -0.213671 0.048769 -0.975688
vn -0.166727 0.038054 -0.985269
vn -0.972990 0.072916 -0.219029
vn -0.972990 0.072916 -0.219029
vn -0.811326 0.101672 -0.575684
vn -0.811323 0.101672 -0.575689
vn -0.782317 0.098037 -0.615118
vn -0.526988 0.092922 -0.844778
vn -0.526990 0.092922 -0.844776
vn -0.166726 0.038054 -0.985269
vn -0.961101 0.072025 -0.266640
vn -0.961102 0.072025 -0.266636
vn -0.782320 0.098038 -0.615114
vn -0.485527 0.085611 -0.870020
vn -0.485524 0.085611 -0.870022
vn -0.119379 0.027247 -0.992475
vn -0.119377 0.027247 -0.992475
vn -0.946903 0.070961 -0.313592
vn -0.946902 0.070961 -0.313595
vn -0.751437 0.094166 -0.653051
vn -0.751428 0.094167 -0.653061
vn -0.442889 0.078093 -0.893169
vn -0.442889 0.078093 -0.893169
vn -0.023934 0.005463 -0.999699
vn -0.024176 0.004263 -0.999699
vn -0.023933 0.005463 -0.999699
vn -0.071742 0.016375 -0.997289
vn -0.071742 0.016375 -0.997289
vn -0.930419 0.069726 -0.359805
vn -0.930421 0.069725 -0.359799
vn -0.718733 0.090068 -0.689428
vn -0.718733 0.090068 -0.689428
vn -0.399187 0.070388 -0.914164
vn -0.399187 0.070388 -0.914164
vn -0.999388 0.024923 -0.024539
vn -0.911701 0.068323 -0.405134
vn -0.911704 0.068322 -0.405128
vn -0.684297 0.085753 -0.724144
vn -0.684301 0.085753 -0.724140
vn -0.354526 0.062513 -0.932954
vn -0.354523 0.062513 -0.932955
vn -0.996982 0.024863 -0.073540
vn -0.992176 0.024744 -0.122369
vn -0.996982 0.024863 -0.073539
vn -0.890780 0.066756 -0.449505
vn -0.890782 0.066755 -0.449501
vn -0.610573 0.076514 -0.788255
vn -0.648223 0.081232 -0.757105
vn -0.648220 0.081232 -0.757108
vn -0.309004 0.054486 -0.949499
vn -0.309002 0.054486 -0.949499
vn -0.992176 0.024743 -0.122372
vn -0.867717 0.065027 -0.492787
vn -0.867723 0.065026 -0.492776
vn -0.610575 0.076515 -0.788254
vn -0.262735 0.046328 -0.963755
vn -0.262738 0.046328 -0.963754
vn -0.215836 0.038058 -0.975688
vn -0.984980 0.024564 -0.170912
vn -0.984981 0.024564 -0.170907
vn -0.975415 0.024326 -0.219029
vn -0.842564 0.063142 -0.534882
vn -0.842569 0.063141 -0.534874
vn -0.571458 0.071613 -0.817501
vn -0.571456 0.071613 -0.817502
vn -0.215836 0.038058 -0.975688
vn -0.168416 0.029696 -0.985269
vn -0.963497 0.024027 -0.266640
vn -0.975412 0.024324 -0.219041
vn -0.815384 0.061105 -0.575687
vn -0.815386 0.061105 -0.575684
vn -0.530967 0.066539 -0.844776
vn -0.530965 0.066539 -0.844777
vn -0.168415 0.029696 -0.985269
vn -0.120588 0.021263 -0.992475
vn -0.963499 0.024028 -0.266633
vn -0.786234 0.058920 -0.615114
vn -0.786234 0.058920 -0.615114
vn -0.489188 0.061303 -0.870021
vn -0.446231 0.055920 -0.893169
vn -0.489191 0.061303 -0.870020
vn -0.120589 0.021263 -0.992475
vn -0.949263 0.023673 -0.313592
vn -0.949263 0.023673 -0.313591
vn -0.932738 0.023261 -0.359805
vn -0.755188 0.056595 -0.653061
vn -0.755193 0.056594 -0.653054
vn -0.446234 0.055921 -0.893167
vn -0.072469 0.012778 -0.997289
vn -0.072469 0.012778 -0.997289
vn -0.024176 0.004263 -0.999699
vn -0.932740 0.023262 -0.359799
vn -0.722325 0.054132 -0.689432
vn -0.722329 0.054131 -0.689428
vn -0.357201 0.044763 -0.932954
vn -0.402200 0.050402 -0.914164
vn -0.402197 0.050402 -0.914165
vn -0.999388 -0.024923 -0.024539
vn -0.999388 -0.024923 -0.024544
vn -0.913970 0.022794 -0.405140
vn -0.913976 0.022792 -0.405128
vn -0.687727 0.051538 -0.724138
vn -0.687725 0.051538 -0.724140
vn -0.357199 0.044763 -0.932955
vn -0.996982 -0.024863 -0.073540
vn -0.996982 -0.024863 -0.073539
vn -0.869879 0.021693 -0.492787
vn -0.893002 0.022270 -0.449501
vn -0.893003 0.022269 -0.449500
vn -0.651463 0.048821 -0.757108
vn -0.651462 0.048821 -0.757109
vn -0.311334 0.039015 -0.949499
vn -0.311336 0.039015 -0.949499
vn -0.992176 -0.024743 -0.122372
vn -0.992176 -0.024744 -0.122369
vn -0.869881 0.021693 -0.492785
vn -0.613629 0.045985 -0.788254
vn -0.613628 0.045985 -0.788255
vn -0.264719 0.033174 -0.963755
vn -0.217465 0.027252 -0.975688
vn -0.264718 0.033174 -0.963755
vn -0.984980 -0.024564 -0.170912
vn -0.984981 -0.024564 -0.170907
vn -0.844669 0.021065 -0.534874
vn -0.817416 0.020385 -0.575687
vn -0.844671 0.021065 -0.534871
vn -0.574317 0.043039 -0.817501
vn -0.574318 0.043039 -0.817500
vn -0.217465 0.027252 -0.975688
vn -0.169686 0.021264 -0.985269
vn -0.975412 -0.024324 -0.219041
vn -0.975415 -0.024326 -0.219029
vn -0.817411 0.020384 -0.575694
vn -0.788193 0.019656 -0.615114
vn -0.533618 0.039989 -0.844780
vn -0.533624 0.039989 -0.844776
vn -0.169687 0.021265 -0.985268
vn -0.121499 0.015226 -0.992475
vn -0.963499 -0.024028 -0.266633
vn -0.963497 -0.024027 -0.266640
vn -0.788194 0.019656 -0.615114
vn -0.491637 0.036843 -0.870021
vn -0.491635 0.036843 -0.870021
vn -0.121497 0.015226 -0.992475
vn -0.949263 -0.023673 -0.313592
vn -0.949263 -0.023673 -0.313591
vn -0.757076 0.018879 -0.653054
vn -0.757074 0.018880 -0.653057
vn -0.724125 0.018058 -0.689432
vn -0.448467 0.033608 -0.893167
vn -0.448467 0.033608 -0.893168
vn -0.024358 0.003052 -0.999699
vn -0.073016 0.009150 -0.997289
vn -0.024358 0.003052 -0.999699
vn -0.073016 0.009150 -0.997289
vn -0.932738 -0.023261 -0.359805
vn -0.932740 -0.023262 -0.359799
vn -0.724133 0.018059 -0.689424
vn -0.689441 0.017194 -0.724138
vn -0.404215 0.030291 -0.914162
vn -0.404210 0.030292 -0.914165
vn -0.996903 -0.074707 -0.024544
vn -0.996904 -0.074709 -0.024531
vn -0.991941 -0.124306 -0.024531
vn -0.913976 -0.022794 -0.405128
vn -0.913971 -0.022792 -0.405140
vn -0.689438 0.017193 -0.724141
vn -0.358986 0.026902 -0.932955
vn -0.358984 0.026902 -0.932956
vn -0.994503 -0.074527 -0.073542
vn -0.989710 -0.074168 -0.122369
vn -0.994504 -0.074528 -0.073540
vn -0.869881 -0.021693 -0.492785
vn -0.893003 -0.022270 -0.449500
vn -0.893002 -0.022269 -0.449501
vn -0.615157 0.015341 -0.788255
vn -0.653083 0.016287 -0.757111
vn -0.653085 0.016286 -0.757109
vn -0.312894 0.023448 -0.949499
vn -0.312894 0.023448 -0.949498
vn -0.989709 -0.074169 -0.122371
vn -0.869879 -0.021693 -0.492787
vn -0.615162 0.015341 -0.788252
vn -0.266043 0.019937 -0.963755
vn -0.266044 0.019937 -0.963755
vn -0.982531 -0.073631 -0.170912
vn -0.972990 -0.072916 -0.219029
vn -0.982531 -0.073631 -0.170915
vn -0.844669 -0.021065 -0.534874
vn -0.844671 -0.021065 -0.534871
vn -0.575749 0.014358 -0.817500
vn -0.575746 0.014358 -0.817502
vn -0.218553 0.016378 -0.975688
vn -0.218552 0.016378 -0.975688
vn -0.972990 -0.072916 -0.219029
vn -0.817411 -0.020384 -0.575694
vn -0.817416 -0.020385 -0.575687
vn -0.492862 0.012292 -0.870020
vn -0.534948 0.013341 -0.844780
vn -0.534954 0.013341 -0.844776
vn -0.170535 0.012780 -0.985269
vn -0.170536 0.012780 -0.985268
vn -0.961102 -0.072025 -0.266637
vn -0.961101 -0.072025 -0.266640
vn -0.788194 -0.019656 -0.615114
vn -0.788193 -0.019656 -0.615114
vn -0.492859 0.012291 -0.870022
vn -0.122105 0.009151 -0.992475
vn -0.122106 0.009150 -0.992475
vn -0.946903 -0.070961 -0.313592
vn -0.946902 -0.070960 -0.313595
vn -0.930419 -0.069726 -0.359805
vn -0.757076 -0.018880 -0.653054
vn -0.757074 -0.018879 -0.653057
vn -0.449583 0.011212 -0.893168
vn -0.449584 0.011212 -0.893167
vn -0.405222 0.010106 -0.914162
vn -0.073382 0.005499 -0.997289
vn -0.024480 0.001835 -0.999699
vn -0.024480 0.001835 -0.999699
vn -0.073382 0.005499 -0.997289
vn -0.930421 -0.069725 -0.359799
vn -0.724125 -0.018058 -0.689432
vn -0.724133 -0.018059 -0.689424
vn -0.689438 -0.017194 -0.724141
vn -0.405221 0.010105 -0.914163
vn -0.991941 -0.124306 -0.024528
vn -0.911701 -0.068322 -0.405134
vn -0.911704 -0.068323 -0.405128
vn -0.689441 -0.017193 -0.724138
vn -0.313674 0.007823 -0.949498
vn -0.359881 0.008975 -0.932955
vn -0.359879 0.008975 -0.932956
vn -0.989552 -0.124007 -0.073545
vn -0.984782 -0.123409 -0.122371
vn -0.989552 -0.124007 -0.073542
vn -0.890782 -0.066756 -0.449501
vn -0.867717 -0.065027 -0.492787
vn -0.890780 -0.066755 -0.449505
vn -0.615162 -0.015341 -0.788252
vn -0.653083 -0.016286 -0.757111
vn -0.653085 -0.016287 -0.757109
vn -0.313671 0.007822 -0.949500
vn -0.984783 -0.123409 -0.122366
vn -0.867723 -0.065026 -0.492776
vn -0.615157 -0.015341 -0.788255
vn -0.266707 0.006651 -0.963755
vn -0.266709 0.006651 -0.963754
vn -0.977640 -0.122514 -0.170912
vn -0.968146 -0.121324 -0.219029
vn -0.977639 -0.122513 -0.170915
vn -0.842569 -0.063142 -0.534874
vn -0.842564 -0.063141 -0.534882
vn -0.575746 -0.014358 -0.817502
vn -0.575749 -0.014358 -0.817500
vn -0.219097 0.005464 -0.975688
vn -0.219099 0.005464 -0.975687
vn -0.956317 -0.119843 -0.266636
vn -0.968143 -0.121325 -0.219040
vn -0.815384 -0.061105 -0.575687
vn -0.815386 -0.061105 -0.575684
vn -0.534954 -0.013342 -0.844776
vn -0.492859 -0.012292 -0.870022
vn -0.534948 -0.013340 -0.844780
vn -0.170960 0.004263 -0.985269
vn -0.170959 0.004264 -0.985269
vn -0.956318 -0.119842 -0.266632
vn -0.786234 -0.058920 -0.615114
vn -0.786234 -0.058920 -0.615114
vn -0.449583 -0.011212 -0.893168
vn -0.492862 -0.012291 -0.870021
vn -0.122411 0.003053 -0.992475
vn -0.122410 0.003053 -0.992475
vn -0.942187 -0.118071 -0.313597
vn -0.942187 -0.118072 -0.313595
vn -0.925789 -0.116016 -0.359799
vn -0.755188 -0.056593 -0.653061
vn -0.755193 -0.056595 -0.653054
vn -0.449584 -0.011212 -0.893167
vn -0.073564 0.001835 -0.997289
vn -0.024541 0.000612 -0.999699
vn -0.073565 0.001835 -0.997289
vn -0.024541 0.000612 -0.999699
vn -0.925792 -0.116016 -0.359791
vn -0.722325 -0.054131 -0.689432
vn -0.722329 -0.054132 -0.689428
vn -0.687727 -0.051538 -0.724138
vn -0.405222 -0.010106 -0.914162
vn -0.359881 -0.008975 -0.932955
vn -0.405221 -0.010105 -0.914163
vn -0.984511 -0.173596 -0.024528
vn -0.984511 -0.173595 -0.024534
vn -0.907157 -0.113681 -0.405145
vn -0.907162 -0.113683 -0.405134
vn -0.687725 -0.051538 -0.724140
vn -0.359879 -0.008975 -0.932956
vn -0.982141 -0.173178 -0.073547
vn -0.982141 -0.173178 -0.073545
vn -0.886349 -0.111074 -0.449496
vn -0.886346 -0.111073 -0.449505
vn -0.651463 -0.048821 -0.757108
vn -0.651462 -0.048821 -0.757109
vn -0.313671 -0.007822 -0.949500
vn -0.313674 -0.007823 -0.949498
vn -0.977406 -0.172343 -0.122376
vn -0.977407 -0.172344 -0.122366
vn -0.863403 -0.108199 -0.492776
vn -0.863398 -0.108197 -0.492785
vn -0.613629 -0.045986 -0.788254
vn -0.613628 -0.045985 -0.788255
vn -0.266709 -0.006651 -0.963754
vn -0.219099 -0.005464 -0.975687
vn -0.266707 -0.006651 -0.963755
vn -0.970317 -0.171093 -0.170912
vn -0.970319 -0.171095 -0.170904
vn -0.811326 -0.101672 -0.575684
vn -0.838369 -0.105061 -0.534882
vn -0.838374 -0.105062 -0.534874
vn -0.574318 -0.043040 -0.817500
vn -0.574317 -0.043039 -0.817501
vn -0.219097 -0.005464 -0.975688
vn -0.170959 -0.004264 -0.985269
vn -0.960893 -0.169431 -0.219040
vn -0.960894 -0.169432 -0.219033
vn -0.811323 -0.101672 -0.575689
vn -0.782320 -0.098037 -0.615114
vn -0.491637 -0.036843 -0.870021
vn -0.533624 -0.039990 -0.844776
vn -0.533618 -0.039989 -0.844780
vn -0.170960 -0.004263 -0.985269
vn -0.122411 -0.003053 -0.992475
vn -0.949156 -0.167362 -0.266632
vn -0.949155 -0.167361 -0.266636
vn -0.782317 -0.098038 -0.615118
vn -0.491635 -0.036843 -0.870021
vn -0.122410 -0.003053 -0.992475
vn -0.935130 -0.164888 -0.313597
vn -0.935132 -0.164889 -0.313593
vn -0.751428 -0.094165 -0.653061
vn -0.751437 -0.094168 -0.653051
vn -0.448467 -0.033608 -0.893167
vn -0.448467 -0.033608 -0.893167
vn -0.073565 -0.001835 -0.997289
vn -0.073564 -0.001835 -0.997289
vn -0.024541 -0.000612 -0.999699
vn -0.024541 -0.000612 -0.999699
vn -0.918858 -0.162020 -0.359791
vn -0.918856 -0.162018 -0.359797
vn -0.718733 -0.090068 -0.689428
vn -0.718733 -0.090068 -0.689428
vn -0.404210 -0.030291 -0.914165
vn -0.404215 -0.030292 -0.914162
vn -0.974634 -0.222454 -0.024534
vn -0.974634 -0.222454 -0.024534
vn -0.900364 -0.158758 -0.405143
vn -0.900363 -0.158758 -0.405145
vn -0.684301 -0.085754 -0.724140
vn -0.684297 -0.085753 -0.724144
vn -0.358986 -0.026903 -0.932955
vn -0.358984 -0.026902 -0.932956
vn -0.967600 -0.220848 -0.122376
vn -0.972288 -0.221918 -0.073547
vn -0.972288 -0.221918 -0.073547
vn -0.879708 -0.155116 -0.449502
vn -0.879711 -0.155117 -0.449497
vn -0.856932 -0.151101 -0.492784
vn -0.610575 -0.076514 -0.788254
vn -0.648223 -0.081233 -0.757105
vn -0.648220 -0.081232 -0.757108
vn -0.312894 -0.023448 -0.949499
vn -0.312894 -0.023448 -0.949498
vn -0.967600 -0.220848 -0.122375
vn -0.856935 -0.151101 -0.492779
vn -0.610573 -0.076514 -0.788256
vn -0.218552 -0.016378 -0.975688
vn -0.266044 -0.019937 -0.963755
vn -0.266043 -0.019937 -0.963755
vn -0.960584 -0.219248 -0.170904
vn -0.951254 -0.217118 -0.219033
vn -0.960584 -0.219247 -0.170909
vn -0.832092 -0.146720 -0.534879
vn -0.832095 -0.146722 -0.534874
vn -0.571456 -0.071612 -0.817502
vn -0.571458 -0.071613 -0.817501
vn -0.170535 -0.012780 -0.985269
vn -0.218553 -0.016378 -0.975688
vn -0.939633 -0.214465 -0.266636
vn -0.951255 -0.217118 -0.219029
vn -0.805246 -0.141987 -0.575689
vn -0.805247 -0.141987 -0.575688
vn -0.530965 -0.066538 -0.844777
vn -0.530967 -0.066539 -0.844776
vn -0.122106 -0.009150 -0.992475
vn -0.170536 -0.012780 -0.985268
vn -0.939632 -0.214465 -0.266641
vn -0.776457 -0.136910 -0.615118
vn -0.776462 -0.136912 -0.615111
vn -0.489188 -0.061303 -0.870021
vn -0.446234 -0.055920 -0.893167
vn -0.489191 -0.061304 -0.870020
vn -0.122105 -0.009151 -0.992475
vn -0.925750 -0.211297 -0.313593
vn -0.909637 -0.207619 -0.359797
vn -0.925751 -0.211297 -0.313589
vn -0.745805 -0.131505 -0.653055
vn -0.745809 -0.131507 -0.653051
vn -0.446231 -0.055920 -0.893169
vn -0.073382 -0.005499 -0.997289
vn -0.073382 -0.005499 -0.997289
vn -0.024480 -0.001835 -0.999699
vn -0.024480 -0.001835 -0.999699
vn -0.909636 -0.207619 -0.359801
vn -0.679172 -0.119756 -0.724144
vn -0.713350 -0.125783 -0.689427
vn -0.713350 -0.125783 -0.689428
vn -0.402200 -0.050402 -0.914164
vn -0.402198 -0.050402 -0.914165
vn -0.962334 -0.270759 -0.024541
vn -0.960017 -0.270108 -0.073547
vn -0.962334 -0.270760 -0.024534
vn -0.891335 -0.203442 -0.405134
vn -0.891331 -0.203440 -0.405143
vn -0.679171 -0.119756 -0.724144
vn -0.357199 -0.044763 -0.932955
vn -0.311336 -0.039015 -0.949499
vn -0.357201 -0.044763 -0.932954
vn -0.960019 -0.270106 -0.073531
vn -0.870883 -0.198773 -0.449502
vn -0.870882 -0.198773 -0.449503
vn -0.643367 -0.113443 -0.757106
vn -0.643368 -0.113444 -0.757105
vn -0.311334 -0.039015 -0.949499
vn -0.955389 -0.268805 -0.122375
vn -0.955389 -0.268804 -0.122381
vn -0.848337 -0.193627 -0.492781
vn -0.848338 -0.193627 -0.492779
vn -0.606000 -0.106855 -0.788255
vn -0.606000 -0.106854 -0.788256
vn -0.264719 -0.033174 -0.963755
vn -0.264718 -0.033173 -0.963755
vn -0.948461 -0.266855 -0.170912
vn -0.948461 -0.266856 -0.170909
vn -0.823744 -0.188014 -0.534879
vn -0.797169 -0.181949 -0.575688
vn -0.823743 -0.188014 -0.534882
vn -0.567176 -0.100008 -0.817502
vn -0.567179 -0.100009 -0.817500
vn -0.217465 -0.027252 -0.975688
vn -0.169687 -0.021265 -0.985268
vn -0.217465 -0.027252 -0.975688
vn -0.939250 -0.264265 -0.219029
vn -0.939249 -0.264264 -0.219035
vn -0.768672 -0.175445 -0.615112
vn -0.797167 -0.181949 -0.575690
vn -0.485527 -0.085611 -0.870020
vn -0.526988 -0.092922 -0.844778
vn -0.526990 -0.092922 -0.844776
vn -0.169686 -0.021265 -0.985269
vn -0.927773 -0.261035 -0.266641
vn -0.927776 -0.261037 -0.266630
vn -0.768673 -0.175445 -0.615111
vn -0.485524 -0.085611 -0.870022
vn -0.121499 -0.015226 -0.992475
vn -0.121497 -0.015226 -0.992475
vn -0.914068 -0.257180 -0.313589
vn -0.914064 -0.257177 -0.313601
vn -0.738326 -0.168518 -0.653052
vn -0.706194 -0.161184 -0.689427
vn -0.738323 -0.168517 -0.653055
vn -0.442889 -0.078093 -0.893169
vn -0.442889 -0.078093 -0.893169
vn -0.073016 -0.009150 -0.997289
vn -0.073016 -0.009150 -0.997289
vn -0.024358 -0.003052 -0.999699
vn -0.024358 -0.003052 -0.999699
vn -0.898159 -0.252704 -0.359792
vn -0.898157 -0.252702 -0.359801
vn -0.706190 -0.161184 -0.689432
vn -0.399187 -0.070388 -0.914164
vn -0.399187 -0.070388 -0.914164
vn -0.947642 -0.318391 -0.024530
vn -0.947642 -0.318390 -0.024541
vn -0.880086 -0.247618 -0.405134
vn -0.880084 -0.247617 -0.405139
vn -0.672362 -0.153463 -0.724140
vn -0.672358 -0.153461 -0.724144
vn -0.354523 -0.062512 -0.932955
vn -0.354526 -0.062513 -0.932954
vn -0.945361 -0.317623 -0.073546
vn -0.945361 -0.317625 -0.073531
vn -0.859892 -0.241936 -0.449503
vn -0.859893 -0.241937 -0.449501
vn -0.599920 -0.136928 -0.788255
vn -0.636909 -0.145370 -0.757109
vn -0.636913 -0.145371 -0.757106
vn -0.309003 -0.054486 -0.949499
vn -0.309002 -0.054486 -0.949499
vn -0.940803 -0.316094 -0.122370
vn -0.940802 -0.316092 -0.122381
vn -0.837631 -0.235673 -0.492780
vn -0.837631 -0.235673 -0.492781
vn -0.599925 -0.136928 -0.788252
vn -0.262738 -0.046328 -0.963754
vn -0.215836 -0.038058 -0.975688
vn -0.262735 -0.046327 -0.963755
vn -0.933981 -0.313800 -0.170907
vn -0.933980 -0.313799 -0.170912
vn -0.813349 -0.228841 -0.534879
vn -0.813347 -0.228840 -0.534882
vn -0.561489 -0.128156 -0.817500
vn -0.561487 -0.128155 -0.817501
vn -0.168415 -0.029696 -0.985269
vn -0.215836 -0.038058 -0.975688
vn -0.924909 -0.310753 -0.219035
vn -0.924907 -0.310751 -0.219043
vn -0.787107 -0.221456 -0.575690
vn -0.787111 -0.221458 -0.575685
vn -0.521699 -0.119074 -0.844779
vn -0.521703 -0.119076 -0.844776
vn -0.168416 -0.029696 -0.985269
vn -0.913612 -0.306957 -0.266630
vn -0.913612 -0.306957 -0.266629
vn -0.758972 -0.213541 -0.615111
vn -0.758970 -0.213540 -0.615114
vn -0.480656 -0.109707 -0.870019
vn -0.480653 -0.109706 -0.870022
vn -0.438446 -0.100072 -0.893169
vn -0.120588 -0.021263 -0.992475
vn -0.120589 -0.021263 -0.992475
vn -0.900109 -0.302420 -0.313601
vn -0.900111 -0.302421 -0.313596
vn -0.729008 -0.205112 -0.653052
vn -0.729003 -0.205109 -0.653058
vn -0.438446 -0.100072 -0.893169
vn -0.072469 -0.012778 -0.997289
vn -0.072469 -0.012778 -0.997289
vn -0.024176 -0.004263 -0.999699
vn -0.024176 -0.004263 -0.999699
vn -0.884443 -0.297156 -0.359804
vn -0.884447 -0.297159 -0.359792
vn -0.697278 -0.196184 -0.689432
vn -0.697278 -0.196184 -0.689431
vn -0.395182 -0.090198 -0.914164
vn -0.395182 -0.090198 -0.914164
vn -0.930593 -0.365231 -0.024536
vn -0.930593 -0.365232 -0.024530
vn -0.928353 -0.364352 -0.073546
vn -0.866648 -0.291178 -0.405138
vn -0.866648 -0.291179 -0.405137
vn -0.663877 -0.186785 -0.724140
vn -0.663882 -0.186788 -0.724135
vn -0.350966 -0.080105 -0.932955
vn -0.305904 -0.069820 -0.949499
vn -0.350970 -0.080107 -0.932954
vn -0.928353 -0.364352 -0.073539
vn -0.923878 -0.362595 -0.122370
vn -0.846765 -0.284497 -0.449501
vn -0.846768 -0.284499 -0.449492
vn -0.628869 -0.176936 -0.757111
vn -0.628871 -0.176937 -0.757109
vn -0.305902 -0.069820 -0.949499
vn -0.923878 -0.362595 -0.122371
vn -0.824843 -0.277132 -0.492780
vn -0.824842 -0.277131 -0.492783
vn -0.592354 -0.166662 -0.788251
vn -0.592354 -0.166662 -0.788252
vn -0.260100 -0.059366 -0.963755
vn -0.260102 -0.059366 -0.963754
vn -0.917178 -0.359967 -0.170907
vn -0.917177 -0.359965 -0.170913
vn -0.908267 -0.356470 -0.219043
vn -0.800931 -0.269098 -0.534878
vn -0.800931 -0.269098 -0.534879
vn -0.554399 -0.155983 -0.817503
vn -0.554401 -0.155984 -0.817501
vn -0.166726 -0.038054 -0.985269
vn -0.213671 -0.048769 -0.975688
vn -0.213670 -0.048769 -0.975688
vn -0.908271 -0.356469 -0.219031
vn -0.897176 -0.352115 -0.266629
vn -0.747382 -0.251108 -0.615114
vn -0.775093 -0.260418 -0.575685
vn -0.775088 -0.260415 -0.575693
vn -0.515116 -0.144931 -0.844778
vn -0.515115 -0.144931 -0.844779
vn -0.166727 -0.038054 -0.985269
vn -0.897172 -0.352115 -0.266642
vn -0.747386 -0.251108 -0.615108
vn -0.474590 -0.133529 -0.870020
vn -0.474591 -0.133529 -0.870019
vn -0.119379 -0.027248 -0.992475
vn -0.119377 -0.027247 -0.992475
vn -0.868531 -0.340874 -0.359804
vn -0.883917 -0.346913 -0.313596
vn -0.883916 -0.346913 -0.313598
vn -0.717873 -0.241192 -0.653058
vn -0.717875 -0.241193 -0.653056
vn -0.432912 -0.121803 -0.893169
vn -0.432911 -0.121802 -0.893170
vn -0.071742 -0.016375 -0.997289
vn -0.023934 -0.005463 -0.999699
vn -0.071742 -0.016375 -0.997289
vn -0.023933 -0.005463 -0.999699
vn -0.868535 -0.340875 -0.359794
vn -0.686630 -0.230695 -0.689434
vn -0.686632 -0.230696 -0.689431
vn -0.390195 -0.109783 -0.914164
vn -0.390198 -0.109785 -0.914162
vn -0.911231 -0.411163 -0.024534
vn -0.911232 -0.411163 -0.024536
vn -0.851057 -0.334015 -0.405137
vn -0.831535 -0.326353 -0.449493
vn -0.851058 -0.334015 -0.405135
vn -0.653741 -0.219645 -0.724140
vn -0.653746 -0.219648 -0.724135
vn -0.346541 -0.097501 -0.932954
vn -0.346538 -0.097500 -0.932955
vn -0.909037 -0.410173 -0.073544
vn -0.909038 -0.410174 -0.073539
vn -0.831533 -0.326353 -0.449495
vn -0.619268 -0.208063 -0.757111
vn -0.619272 -0.208065 -0.757107
vn -0.583310 -0.195982 -0.788251
vn -0.302042 -0.084981 -0.949499
vn -0.302042 -0.084981 -0.949499
vn -0.904655 -0.408196 -0.122372
vn -0.904655 -0.408196 -0.122371
vn -0.898094 -0.405236 -0.170914
vn -0.810001 -0.317902 -0.492785
vn -0.810002 -0.317903 -0.492783
vn -0.583308 -0.195981 -0.788253
vn -0.256818 -0.072257 -0.963755
vn -0.256818 -0.072257 -0.963755
vn -0.898095 -0.405236 -0.170908
vn -0.786520 -0.308687 -0.534881
vn -0.786522 -0.308688 -0.534878
vn -0.761144 -0.298728 -0.575693
vn -0.545938 -0.183426 -0.817500
vn -0.545935 -0.183424 -0.817503
vn -0.210974 -0.059359 -0.975688
vn -0.210975 -0.059359 -0.975688
vn -0.164622 -0.046318 -0.985269
vn -0.889370 -0.401299 -0.219042
vn -0.889372 -0.401301 -0.219030
vn -0.761151 -0.298729 -0.575682
vn -0.507252 -0.170427 -0.844778
vn -0.507253 -0.170428 -0.844777
vn -0.164622 -0.046318 -0.985269
vn -0.878505 -0.396397 -0.266642
vn -0.878507 -0.396399 -0.266632
vn -0.733940 -0.288051 -0.615108
vn -0.733934 -0.288047 -0.615117
vn -0.467344 -0.157020 -0.870020
vn -0.426302 -0.143230 -0.893170
vn -0.467340 -0.157018 -0.870022
vn -0.117870 -0.033164 -0.992475
vn -0.117871 -0.033164 -0.992475
vn -0.865526 -0.390540 -0.313598
vn -0.865527 -0.390541 -0.313593
vn -0.704962 -0.276678 -0.653053
vn -0.704960 -0.276677 -0.653056
vn -0.426307 -0.143231 -0.893167
vn -0.023631 -0.006649 -0.999699
vn -0.070837 -0.019930 -0.997289
vn -0.023631 -0.006649 -0.999699
vn -0.070837 -0.019930 -0.997289
vn -0.850464 -0.383743 -0.359794
vn -0.850464 -0.383743 -0.359793
vn -0.674277 -0.264634 -0.689434
vn -0.641980 -0.251958 -0.724140
vn -0.674279 -0.264635 -0.689431
vn -0.384241 -0.129098 -0.914162
vn -0.341247 -0.114653 -0.932955
vn -0.384238 -0.129097 -0.914164
vn -0.889604 -0.456073 -0.024534
vn -0.889604 -0.456073 -0.024535
vn -0.865764 -0.499850 -0.024535
vn -0.833350 -0.376022 -0.405135
vn -0.833348 -0.376020 -0.405142
vn -0.641983 -0.251959 -0.724137
vn -0.341248 -0.114653 -0.932955
vn -0.887462 -0.454975 -0.073546
vn -0.887462 -0.454975 -0.073544
vn -0.883184 -0.452782 -0.122372
vn -0.814232 -0.367395 -0.449495
vn -0.793148 -0.357882 -0.492786
vn -0.814233 -0.367396 -0.449493
vn -0.608131 -0.238674 -0.757107
vn -0.608126 -0.238671 -0.757112
vn -0.297431 -0.099931 -0.949499
vn -0.297430 -0.099931 -0.949499
vn -0.883184 -0.452782 -0.122370
vn -0.793146 -0.357881 -0.492789
vn -0.572814 -0.224813 -0.788253
vn -0.572815 -0.224814 -0.788252
vn -0.252896 -0.084968 -0.963755
vn -0.252897 -0.084969 -0.963755
vn -0.876779 -0.449499 -0.170908
vn -0.876778 -0.449498 -0.170913
vn -0.868262 -0.445132 -0.219041
vn -0.770156 -0.347508 -0.534881
vn -0.770156 -0.347508 -0.534881
vn -0.536118 -0.210411 -0.817499
vn -0.536117 -0.210410 -0.817500
vn -0.207755 -0.069802 -0.975687
vn -0.207753 -0.069801 -0.975688
vn -0.868262 -0.445132 -0.219039
vn -0.745312 -0.336298 -0.575686
vn -0.745314 -0.336299 -0.575682
vn -0.498126 -0.195500 -0.844778
vn -0.498127 -0.195500 -0.844777
vn -0.162107 -0.054465 -0.985269
vn -0.162109 -0.054466 -0.985269
vn -0.857657 -0.439695 -0.266632
vn -0.857656 -0.439695 -0.266636
vn -0.718664 -0.324273 -0.615117
vn -0.718668 -0.324276 -0.615111
vn -0.458930 -0.180117 -0.870024
vn -0.458933 -0.180118 -0.870022
vn -0.116073 -0.038999 -0.992475
vn -0.116071 -0.038998 -0.992475
vn -0.844984 -0.433198 -0.313593
vn -0.830279 -0.425659 -0.359793
vn -0.844985 -0.433199 -0.313592
vn -0.690295 -0.311473 -0.653053
vn -0.690294 -0.311472 -0.653054
vn -0.418636 -0.164303 -0.893167
vn -0.418637 -0.164303 -0.893167
vn -0.023271 -0.007818 -0.999699
vn -0.069756 -0.023437 -0.997289
vn -0.023270 -0.007818 -0.999699
vn -0.022852 -0.008969 -0.999699
vn -0.069755 -0.023436 -0.997289
vn -0.830278 -0.425659 -0.359795
vn -0.628626 -0.283646 -0.724137
vn -0.660250 -0.297916 -0.689431
vn -0.660253 -0.297917 -0.689428
vn -0.377325 -0.148089 -0.914164
vn -0.377327 -0.148090 -0.914163
vn -0.865765 -0.499849 -0.024527
vn -0.813570 -0.417094 -0.405138
vn -0.794908 -0.407525 -0.449493
vn -0.813569 -0.417092 -0.405142
vn -0.628621 -0.283645 -0.724141
vn -0.335109 -0.131521 -0.932955
vn -0.335108 -0.131520 -0.932955
vn -0.863681 -0.498646 -0.073540
vn -0.863681 -0.498645 -0.073546
vn -0.774321 -0.396972 -0.492789
vn -0.794906 -0.407525 -0.449498
vn -0.595474 -0.268688 -0.757112
vn -0.595475 -0.268689 -0.757110
vn -0.292079 -0.114633 -0.949500
vn -0.292079 -0.114633 -0.949499
vn -0.859517 -0.496242 -0.122370
vn -0.859516 -0.496241 -0.122379
vn -0.774324 -0.396972 -0.492784
vn -0.560897 -0.253086 -0.788252
vn -0.560897 -0.253086 -0.788253
vn -0.248346 -0.097469 -0.963755
vn -0.204017 -0.080071 -0.975687
vn -0.248348 -0.097470 -0.963755
vn -0.853283 -0.492643 -0.170913
vn -0.853283 -0.492643 -0.170911
vn -0.751877 -0.385464 -0.534881
vn -0.751879 -0.385465 -0.534878
vn -0.524961 -0.236871 -0.817501
vn -0.524963 -0.236873 -0.817499
vn -0.204017 -0.080071 -0.975687
vn -0.159191 -0.062478 -0.985269
vn -0.844995 -0.487858 -0.219036
vn -0.844995 -0.487858 -0.219039
vn -0.727621 -0.373029 -0.575688
vn -0.727622 -0.373030 -0.575686
vn -0.701611 -0.359695 -0.615111
vn -0.487760 -0.220086 -0.844779
vn -0.449381 -0.202769 -0.870024
vn -0.487762 -0.220087 -0.844778
vn -0.159191 -0.062478 -0.985269
vn -0.834673 -0.481899 -0.266636
vn -0.834673 -0.481898 -0.266638
vn -0.701610 -0.359694 -0.615113
vn -0.449390 -0.202772 -0.870019
vn -0.409927 -0.184965 -0.893167
vn -0.113984 -0.044735 -0.992475
vn -0.113985 -0.044736 -0.992475
vn -0.822341 -0.474779 -0.313592
vn -0.822342 -0.474779 -0.313591
vn -0.644582 -0.330458 -0.689428
vn -0.673909 -0.345493 -0.653055
vn -0.673910 -0.345493 -0.653054
vn -0.409925 -0.184965 -0.893168
vn -0.022852 -0.008969 -0.999699
vn -0.068500 -0.026884 -0.997289
vn -0.068501 -0.026885 -0.997289
vn -0.808029 -0.466516 -0.359795
vn -0.808027 -0.466515 -0.359800
vn -0.613701 -0.314626 -0.724141
vn -0.644583 -0.330458 -0.689428
vn -0.369476 -0.166714 -0.914163
vn -0.369475 -0.166713 -0.914163
vn -0.839773 -0.542383 -0.024539
vn -0.839773 -0.542384 -0.024527
vn -0.791769 -0.457128 -0.405138
vn -0.791769 -0.457128 -0.405137
vn -0.613703 -0.314627 -0.724140
vn -0.328136 -0.148060 -0.932955
vn -0.328136 -0.148060 -0.932955
vn -0.837751 -0.541078 -0.073540
vn -0.837751 -0.541078 -0.073540
vn -0.833711 -0.538469 -0.122379
vn -0.773604 -0.446640 -0.449498
vn -0.773606 -0.446642 -0.449493
vn -0.581342 -0.298036 -0.757110
vn -0.581343 -0.298037 -0.757109
vn -0.286002 -0.129049 -0.949500
vn -0.286000 -0.129048 -0.949500
vn -0.833713 -0.538469 -0.122370
vn -0.753573 -0.435076 -0.492784
vn -0.753571 -0.435074 -0.492789
vn -0.547582 -0.280728 -0.788255
vn -0.547584 -0.280730 -0.788253
vn -0.243182 -0.109728 -0.963754
vn -0.243181 -0.109727 -0.963755
vn -0.199772 -0.090141 -0.975687
vn -0.827666 -0.534563 -0.170912
vn -0.819627 -0.529372 -0.219036
vn -0.827666 -0.534564 -0.170911
vn -0.731730 -0.422464 -0.534879
vn -0.731732 -0.422466 -0.534874
vn -0.512504 -0.262745 -0.817499
vn -0.512501 -0.262744 -0.817501
vn -0.199771 -0.090140 -0.975688
vn -0.819628 -0.529372 -0.219032
vn -0.809614 -0.522904 -0.266638
vn -0.708123 -0.408835 -0.575688
vn -0.708122 -0.408834 -0.575690
vn -0.476184 -0.244124 -0.844779
vn -0.476185 -0.244125 -0.844778
vn -0.438724 -0.224920 -0.870019
vn -0.155881 -0.070336 -0.985268
vn -0.155879 -0.070335 -0.985269
vn -0.809613 -0.522904 -0.266642
vn -0.682808 -0.394219 -0.615114
vn -0.655850 -0.378655 -0.653055
vn -0.682808 -0.394220 -0.615113
vn -0.438718 -0.224918 -0.870022
vn -0.111612 -0.050361 -0.992475
vn -0.111612 -0.050361 -0.992475
vn -0.797653 -0.515179 -0.313591
vn -0.797654 -0.515179 -0.313590
vn -0.783769 -0.506212 -0.359800
vn -0.655849 -0.378655 -0.653056
vn -0.400193 -0.205167 -0.893169
vn -0.400195 -0.205169 -0.893168
vn -0.022376 -0.010097 -0.999699
vn -0.022376 -0.010097 -0.999699
vn -0.067076 -0.030266 -0.997289
vn -0.067075 -0.030266 -0.997289
vn -0.783771 -0.506212 -0.359795
vn -0.627309 -0.362178 -0.689428
vn -0.627308 -0.362177 -0.689430
vn -0.360708 -0.184925 -0.914162
vn -0.360706 -0.184923 -0.914163
vn -0.811693 -0.583568 -0.024531
vn -0.811694 -0.583568 -0.024538
vn -0.767999 -0.496026 -0.405138
vn -0.750382 -0.484648 -0.449493
vn -0.767998 -0.496025 -0.405141
vn -0.597257 -0.344827 -0.724140
vn -0.597257 -0.344827 -0.724140
vn -0.320347 -0.164233 -0.932955
vn -0.320346 -0.164232 -0.932956
vn -0.809740 -0.582163 -0.073540
vn -0.809740 -0.582163 -0.073540
vn -0.730947 -0.472097 -0.492789
vn -0.750378 -0.484647 -0.449500
vn -0.565764 -0.326644 -0.757109
vn -0.565768 -0.326647 -0.757106
vn -0.279212 -0.143143 -0.949500
vn -0.237410 -0.121713 -0.963754
vn -0.279217 -0.143147 -0.949498
vn -0.805836 -0.579357 -0.122369
vn -0.805836 -0.579356 -0.122373
vn -0.730950 -0.472098 -0.492785
vn -0.532908 -0.307675 -0.788255
vn -0.498770 -0.287965 -0.817499
vn -0.532907 -0.307674 -0.788256
vn -0.237408 -0.121712 -0.963755
vn -0.195029 -0.099986 -0.975688
vn -0.799991 -0.575155 -0.170912
vn -0.799991 -0.575155 -0.170912
vn -0.709764 -0.458415 -0.534874
vn -0.709763 -0.458414 -0.534877
vn -0.498767 -0.287964 -0.817501
vn -0.195028 -0.099985 -0.975688
vn -0.792222 -0.569569 -0.219032
vn -0.792222 -0.569569 -0.219034
vn -0.662309 -0.427764 -0.615114
vn -0.686864 -0.443624 -0.575687
vn -0.686863 -0.443623 -0.575690
vn -0.463424 -0.267558 -0.844779
vn -0.463424 -0.267559 -0.844778
vn -0.152181 -0.078019 -0.985268
vn -0.152181 -0.078019 -0.985268
vn -0.108963 -0.055862 -0.992475
vn -0.782544 -0.562611 -0.266634
vn -0.782543 -0.562609 -0.266642
vn -0.662309 -0.427764 -0.615114
vn -0.426964 -0.246508 -0.870020
vn -0.426961 -0.246506 -0.870022
vn -0.389469 -0.224860 -0.893169
vn -0.108963 -0.055862 -0.992475
vn -0.770981 -0.554296 -0.313599
vn -0.770982 -0.554299 -0.313590
vn -0.636160 -0.410876 -0.653056
vn -0.608475 -0.392995 -0.689430
vn -0.636159 -0.410875 -0.653057
vn -0.389472 -0.224861 -0.893168
vn -0.021845 -0.011200 -0.999699
vn -0.065483 -0.033571 -0.997289
vn -0.021845 -0.011199 -0.999699
vn -0.065484 -0.033572 -0.997289
vn -0.757564 -0.544652 -0.359794
vn -0.757564 -0.544651 -0.359795
vn -0.579327 -0.374169 -0.724140
vn -0.608475 -0.392995 -0.689429
vn -0.351040 -0.202673 -0.914163
vn -0.351042 -0.202674 -0.914162
vn -0.781597 -0.623301 -0.024542
vn -0.781596 -0.623302 -0.024532
vn -0.742318 -0.533690 -0.405141
vn -0.742319 -0.533691 -0.405137
vn -0.579330 -0.374170 -0.724136
vn -0.271735 -0.156886 -0.949498
vn -0.311763 -0.179996 -0.932955
vn -0.311761 -0.179995 -0.932956
vn -0.779714 -0.621802 -0.073541
vn -0.779714 -0.621802 -0.073540
vn -0.725287 -0.521445 -0.449504
vn -0.725288 -0.521447 -0.449500
vn -0.548780 -0.354439 -0.757109
vn -0.548783 -0.354442 -0.757105
vn -0.271733 -0.156885 -0.949499
vn -0.775956 -0.618804 -0.122373
vn -0.775956 -0.618804 -0.122368
vn -0.706509 -0.507945 -0.492785
vn -0.706510 -0.507947 -0.492781
vn -0.516908 -0.333855 -0.788256
vn -0.516908 -0.333855 -0.788256
vn -0.231046 -0.133394 -0.963755
vn -0.231046 -0.133394 -0.963755
vn -0.770327 -0.614315 -0.170918
vn -0.770328 -0.614316 -0.170911
vn -0.686031 -0.493222 -0.534877
vn -0.686031 -0.493222 -0.534877
vn -0.483793 -0.312467 -0.817501
vn -0.449511 -0.290325 -0.844779
vn -0.483795 -0.312468 -0.817500
vn -0.189805 -0.109584 -0.975687
vn -0.189802 -0.109582 -0.975688
vn -0.148103 -0.085507 -0.985268
vn -0.762847 -0.608351 -0.219029
vn -0.762847 -0.608350 -0.219034
vn -0.663899 -0.477310 -0.575685
vn -0.663898 -0.477309 -0.575687
vn -0.449513 -0.290326 -0.844777
vn -0.148101 -0.085506 -0.985269
vn -0.753527 -0.600917 -0.266638
vn -0.753527 -0.600918 -0.266634
vn -0.640161 -0.460244 -0.615117
vn -0.640163 -0.460246 -0.615113
vn -0.377779 -0.243995 -0.893168
vn -0.414145 -0.267483 -0.870021
vn -0.414146 -0.267483 -0.870021
vn -0.106044 -0.061225 -0.992475
vn -0.106043 -0.061224 -0.992475
vn -0.742394 -0.592040 -0.313594
vn -0.742393 -0.592038 -0.313599
vn -0.614888 -0.442074 -0.653057
vn -0.614891 -0.442076 -0.653053
vn -0.377778 -0.243995 -0.893169
vn -0.063728 -0.036793 -0.997289
vn -0.021260 -0.012274 -0.999699
vn -0.021260 -0.012274 -0.999699
vn -0.063728 -0.036794 -0.997289
vn -0.729471 -0.581733 -0.359803
vn -0.729473 -0.581737 -0.359793
vn -0.588129 -0.422835 -0.689431
vn -0.588130 -0.422836 -0.689429
vn -0.340501 -0.219919 -0.914163
vn -0.340500 -0.219918 -0.914164
vn -0.749555 -0.661488 -0.024529
vn -0.749556 -0.661486 -0.024542
vn -0.714796 -0.570032 -0.405130
vn -0.714794 -0.570029 -0.405137
vn -0.559956 -0.402581 -0.724140
vn -0.559958 -0.402583 -0.724136
vn -0.302403 -0.195312 -0.932955
vn -0.263576 -0.170235 -0.949499
vn -0.302405 -0.195314 -0.932954
vn -0.744147 -0.656712 -0.122368
vn -0.747752 -0.659894 -0.073533
vn -0.747752 -0.659893 -0.073541
vn -0.698395 -0.556952 -0.449499
vn -0.698394 -0.556949 -0.449504
vn -0.680314 -0.542531 -0.492781
vn -0.530428 -0.381352 -0.757111
vn -0.530429 -0.381354 -0.757109
vn -0.263572 -0.170233 -0.949500
vn -0.738748 -0.651950 -0.170918
vn -0.744145 -0.656712 -0.122381
vn -0.680311 -0.542530 -0.492786
vn -0.499625 -0.359205 -0.788256
vn -0.499630 -0.359210 -0.788250
vn -0.184106 -0.118909 -0.975687
vn -0.224109 -0.144745 -0.963755
vn -0.224110 -0.144746 -0.963755
vn -0.738750 -0.651950 -0.170910
vn -0.660593 -0.526805 -0.534877
vn -0.660592 -0.526804 -0.534879
vn -0.467618 -0.336194 -0.817500
vn -0.467617 -0.336193 -0.817501
vn -0.184105 -0.118908 -0.975688
vn -0.731575 -0.645618 -0.219035
vn -0.731575 -0.645619 -0.219029
vn -0.722637 -0.637731 -0.266638
vn -0.639281 -0.509810 -0.575685
vn -0.616424 -0.491582 -0.615117
vn -0.639281 -0.509810 -0.575685
vn -0.434482 -0.312372 -0.844777
vn -0.434479 -0.312369 -0.844780
vn -0.143657 -0.092784 -0.985268
vn -0.143655 -0.092782 -0.985269
vn -0.722636 -0.637731 -0.266639
vn -0.616428 -0.491584 -0.615111
vn -0.400297 -0.287794 -0.870021
vn -0.400297 -0.287795 -0.870021
vn -0.102859 -0.066434 -0.992475
vn -0.102860 -0.066434 -0.992475
vn -0.061815 -0.039924 -0.997289
vn -0.711960 -0.628309 -0.313594
vn -0.711960 -0.628309 -0.313593
vn -0.699567 -0.617372 -0.359803
vn -0.566320 -0.451626 -0.689431
vn -0.592088 -0.472174 -0.653058
vn -0.592090 -0.472177 -0.653053
vn -0.365150 -0.262525 -0.893166
vn -0.365146 -0.262522 -0.893169
vn -0.061815 -0.039924 -0.997289
vn -0.020622 -0.013319 -0.999699
vn -0.020622 -0.013319 -0.999699
vn -0.699569 -0.617373 -0.359798
vn -0.539192 -0.429992 -0.724140
vn -0.566320 -0.451625 -0.689432
vn -0.329115 -0.236617 -0.914164
vn -0.329114 -0.236617 -0.914164
vn -0.715652 -0.698026 -0.024532
vn -0.715652 -0.698026 -0.024529
vn -0.685493 -0.604951 -0.405134
vn -0.685494 -0.604953 -0.405130
vn -0.669765 -0.591071 -0.449499
vn -0.539192 -0.429992 -0.724140
vn -0.292291 -0.210143 -0.932955
vn -0.292294 -0.210145 -0.932954
vn -0.713928 -0.696345 -0.073552
vn -0.713928 -0.696348 -0.073533
vn -0.669765 -0.591071 -0.449499
vn -0.481104 -0.383668 -0.788250
vn -0.510760 -0.407317 -0.757111
vn -0.510764 -0.407321 -0.757107
vn -0.254760 -0.183159 -0.949500
vn -0.254763 -0.183163 -0.949498
vn -0.710486 -0.692990 -0.122369
vn -0.710486 -0.692988 -0.122381
vn -0.652423 -0.575767 -0.492786
vn -0.633511 -0.559077 -0.534880
vn -0.652423 -0.575767 -0.492784
vn -0.481098 -0.383664 -0.788255
vn -0.216617 -0.155737 -0.963755
vn -0.216616 -0.155736 -0.963755
vn -0.705334 -0.687964 -0.170910
vn -0.705334 -0.687963 -0.170913
vn -0.633511 -0.559077 -0.534881
vn -0.450278 -0.359084 -0.817501
vn -0.450282 -0.359089 -0.817497
vn -0.177949 -0.127937 -0.975688
vn -0.177950 -0.127937 -0.975687
vn -0.698483 -0.681282 -0.219036
vn -0.698483 -0.681282 -0.219035
vn -0.613077 -0.541044 -0.575681
vn -0.613075 -0.541041 -0.575685
vn -0.418369 -0.333638 -0.844780
vn -0.418369 -0.333638 -0.844780
vn -0.385454 -0.307389 -0.870021
vn -0.138853 -0.099829 -0.985268
vn -0.099420 -0.071478 -0.992475
vn -0.138852 -0.099828 -0.985269
vn -0.689950 -0.672959 -0.266638
vn -0.689950 -0.672959 -0.266639
vn -0.591155 -0.521697 -0.615116
vn -0.591157 -0.521700 -0.615111
vn -0.351610 -0.280400 -0.893166
vn -0.385453 -0.307389 -0.870022
vn -0.099420 -0.071478 -0.992475
vn -0.679756 -0.663016 -0.313594
vn -0.679757 -0.663017 -0.313592
vn -0.567815 -0.501100 -0.653058
vn -0.567815 -0.501100 -0.653058
vn -0.351608 -0.280398 -0.893168
vn -0.059748 -0.042956 -0.997289
vn -0.059748 -0.042956 -0.997289
vn -0.019932 -0.014330 -0.999699
vn -0.019932 -0.014330 -0.999699
vn -0.667926 -0.651477 -0.359795
vn -0.667925 -0.651476 -0.359798
vn -0.543104 -0.479293 -0.689432
vn -0.543106 -0.479294 -0.689430
vn -0.316913 -0.252730 -0.914163
vn -0.316911 -0.252728 -0.914164
vn -0.679968 -0.732831 -0.024532
vn -0.679968 -0.732831 -0.024532
vn -0.654487 -0.638367 -0.405134
vn -0.654488 -0.638369 -0.405130
vn -0.517092 -0.456337 -0.724136
vn -0.517089 -0.456333 -0.724140
vn -0.281453 -0.224451 -0.932955
vn -0.281454 -0.224452 -0.932955
vn -0.245317 -0.195633 -0.949498
vn -0.678331 -0.731067 -0.073542
vn -0.678331 -0.731066 -0.073551
vn -0.675062 -0.727542 -0.122369
vn -0.639469 -0.623720 -0.449503
vn -0.639470 -0.623721 -0.449500
vn -0.489826 -0.432274 -0.757107
vn -0.489822 -0.432270 -0.757111
vn -0.245314 -0.195632 -0.949500
vn -0.670165 -0.722266 -0.170913
vn -0.675060 -0.727542 -0.122378
vn -0.622914 -0.607573 -0.492781
vn -0.622913 -0.607571 -0.492784
vn -0.461377 -0.407168 -0.788255
vn -0.461376 -0.407167 -0.788256
vn -0.431823 -0.381087 -0.817497
vn -0.208584 -0.166340 -0.963755
vn -0.208586 -0.166342 -0.963754
vn -0.670165 -0.722266 -0.170911
vn -0.604854 -0.589957 -0.534885
vn -0.604856 -0.589960 -0.534880
vn -0.431824 -0.381087 -0.817497
vn -0.171351 -0.136648 -0.975688
vn -0.133703 -0.106625 -0.985269
vn -0.171350 -0.136647 -0.975688
vn -0.663657 -0.715252 -0.219033
vn -0.655549 -0.706513 -0.266638
vn -0.663656 -0.715251 -0.219036
vn -0.585345 -0.570931 -0.575681
vn -0.585343 -0.570928 -0.575687
vn -0.401218 -0.354077 -0.844780
vn -0.401218 -0.354077 -0.844780
vn -0.133704 -0.106625 -0.985269
vn -0.655550 -0.706513 -0.266632
vn -0.542132 -0.528780 -0.653058
vn -0.564416 -0.550515 -0.615116
vn -0.564420 -0.550521 -0.615106
vn -0.369652 -0.326220 -0.870022
vn -0.369654 -0.326222 -0.870020
vn -0.095734 -0.076345 -0.992475
vn -0.095734 -0.076345 -0.992475
vn -0.645863 -0.696073 -0.313599
vn -0.634623 -0.683960 -0.359795
vn -0.645864 -0.696075 -0.313591
vn -0.542130 -0.528778 -0.653061
vn -0.337194 -0.297575 -0.893168
vn -0.337195 -0.297576 -0.893168
vn -0.057533 -0.045881 -0.997289
vn -0.057533 -0.045881 -0.997289
vn -0.019193 -0.015306 -0.999699
vn -0.019193 -0.015306 -0.999699
vn -0.018406 -0.016244 -0.999699
vn -0.634622 -0.683960 -0.359797
vn -0.518542 -0.505772 -0.689426
vn -0.518540 -0.505769 -0.689430
vn -0.303922 -0.268213 -0.914163
vn -0.303920 -0.268211 -0.914164
vn -0.642594 -0.765814 -0.024539
vn -0.642594 -0.765814 -0.024532
vn -0.621851 -0.670195 -0.405142
vn -0.621853 -0.670200 -0.405130
vn -0.607583 -0.654821 -0.449503
vn -0.493703 -0.481545 -0.724136
vn -0.493698 -0.481538 -0.724144
vn -0.269917 -0.238203 -0.932955
vn -0.269916 -0.238202 -0.932955
vn -0.641047 -0.763970 -0.073542
vn -0.641047 -0.763971 -0.073541
vn -0.607584 -0.654822 -0.449500
vn -0.591854 -0.637868 -0.492781
vn -0.467666 -0.456148 -0.757111
vn -0.467670 -0.456153 -0.757106
vn -0.235258 -0.207616 -0.949500
vn -0.235258 -0.207616 -0.949500
vn -0.637956 -0.760288 -0.122369
vn -0.637957 -0.760286 -0.122378
vn -0.591856 -0.637870 -0.492777
vn -0.412292 -0.402137 -0.817497
vn -0.440509 -0.429660 -0.788254
vn -0.440508 -0.429658 -0.788256
vn -0.164326 -0.145019 -0.975688
vn -0.200036 -0.176532 -0.963754
vn -0.200035 -0.176532 -0.963754
vn -0.633330 -0.754773 -0.170912
vn -0.633330 -0.754773 -0.170912
vn -0.574696 -0.619373 -0.534885
vn -0.574698 -0.619377 -0.534878
vn -0.412287 -0.402134 -0.817501
vn -0.164326 -0.145018 -0.975688
vn -0.627179 -0.747442 -0.219036
vn -0.627179 -0.747443 -0.219033
vn -0.556157 -0.599395 -0.575687
vn -0.556154 -0.599390 -0.575694
vn -0.383074 -0.373640 -0.844777
vn -0.383070 -0.373636 -0.844780
vn -0.128223 -0.113157 -0.985269
vn -0.091809 -0.081022 -0.992475
vn -0.128222 -0.113156 -0.985269
vn -0.619518 -0.738312 -0.266632
vn -0.619518 -0.738312 -0.266632
vn -0.536278 -0.577971 -0.615106
vn -0.536277 -0.577970 -0.615108
vn -0.352933 -0.344242 -0.870020
vn -0.321942 -0.314014 -0.893168
vn -0.352931 -0.344239 -0.870023
vn -0.091809 -0.081022 -0.992475
vn -0.055174 -0.048692 -0.997289
vn -0.610362 -0.727402 -0.313598
vn -0.610362 -0.727401 -0.313602
vn -0.515099 -0.555144 -0.653061
vn -0.515101 -0.555148 -0.653056
vn -0.321942 -0.314014 -0.893168
vn -0.055175 -0.048692 -0.997289
vn -0.018406 -0.016244 -0.999699
vn -0.599740 -0.714743 -0.359797
vn -0.599741 -0.714744 -0.359795
vn -0.492685 -0.530987 -0.689430
vn -0.492687 -0.530991 -0.689426
vn -0.469080 -0.505549 -0.724144
vn -0.257707 -0.251361 -0.932955
vn -0.290172 -0.283026 -0.914164
vn -0.290173 -0.283027 -0.914164
vn -0.603622 -0.796893 -0.024531
vn -0.602170 -0.794974 -0.073541
vn -0.603623 -0.796892 -0.024539
vn -0.587673 -0.700361 -0.405136
vn -0.587671 -0.700359 -0.405142
vn -0.469083 -0.505550 -0.724141
vn -0.257708 -0.251362 -0.932954
vn -0.602169 -0.794974 -0.073549
vn -0.574190 -0.684292 -0.449500
vn -0.574189 -0.684291 -0.449503
vn -0.444351 -0.478897 -0.757106
vn -0.444351 -0.478897 -0.757106
vn -0.224616 -0.219084 -0.949500
vn -0.224617 -0.219085 -0.949499
vn -0.190988 -0.186284 -0.963754
vn -0.599266 -0.791141 -0.122375
vn -0.599266 -0.791142 -0.122369
vn -0.559323 -0.666575 -0.492782
vn -0.559325 -0.666579 -0.492777
vn -0.418544 -0.451084 -0.788254
vn -0.418544 -0.451083 -0.788254
vn -0.190985 -0.186282 -0.963755
vn -0.589142 -0.777776 -0.219036
vn -0.594920 -0.785404 -0.170912
vn -0.594920 -0.785405 -0.170909
vn -0.543109 -0.647253 -0.534880
vn -0.543110 -0.647254 -0.534877
vn -0.391729 -0.422183 -0.817502
vn -0.391730 -0.422184 -0.817501
vn -0.156893 -0.153029 -0.975688
vn -0.156894 -0.153030 -0.975687
vn -0.589143 -0.777777 -0.219028
vn -0.525585 -0.626368 -0.575694
vn -0.525588 -0.626373 -0.575686
vn -0.363974 -0.392270 -0.844776
vn -0.335333 -0.361403 -0.870023
vn -0.363973 -0.392270 -0.844776
vn -0.122422 -0.119407 -0.985269
vn -0.122423 -0.119408 -0.985269
vn -0.581946 -0.768275 -0.266632
vn -0.581945 -0.768274 -0.266636
vn -0.506801 -0.603983 -0.615108
vn -0.506799 -0.603979 -0.615113
vn -0.335333 -0.361403 -0.870023
vn -0.087657 -0.085498 -0.992475
vn -0.087657 -0.085498 -0.992475
vn -0.573346 -0.756920 -0.313603
vn -0.573347 -0.756923 -0.313593
vn -0.486789 -0.580133 -0.653056
vn -0.486788 -0.580132 -0.653058
vn -0.305890 -0.329671 -0.893168
vn -0.305890 -0.329672 -0.893167
vn -0.052679 -0.051382 -0.997289
vn -0.017574 -0.017141 -0.999699
vn -0.017574 -0.017141 -0.999699
vn -0.052679 -0.051381 -0.997289
vn -0.563368 -0.743747 -0.359801
vn -0.563369 -0.743750 -0.359795
vn -0.465605 -0.554885 -0.689430
vn -0.465608 -0.554891 -0.689424
vn -0.275705 -0.297139 -0.914164
vn -0.275704 -0.297138 -0.914164
vn -0.563151 -0.825990 -0.024540
vn -0.563150 -0.825991 -0.024531
vn -0.552033 -0.728783 -0.405136
vn -0.552033 -0.728784 -0.405133
vn -0.539366 -0.712061 -0.449503
vn -0.443300 -0.528304 -0.724141
vn -0.443300 -0.528303 -0.724142
vn -0.244859 -0.263895 -0.932954
vn -0.244858 -0.263894 -0.932955
vn -0.561794 -0.824002 -0.073533
vn -0.561795 -0.824000 -0.073550
vn -0.539365 -0.712060 -0.449507
vn -0.525402 -0.693627 -0.492782
vn -0.419927 -0.500449 -0.757107
vn -0.419928 -0.500451 -0.757106
vn -0.213417 -0.230009 -0.949499
vn -0.213417 -0.230009 -0.949499
vn -0.559087 -0.820027 -0.122383
vn -0.559086 -0.820029 -0.122375
vn -0.555032 -0.814082 -0.170909
vn -0.525404 -0.693629 -0.492777
vn -0.395539 -0.471386 -0.788254
vn -0.395538 -0.471384 -0.788256
vn -0.181464 -0.195572 -0.963754
vn -0.181463 -0.195570 -0.963755
vn -0.149071 -0.160660 -0.975687
vn -0.555032 -0.814082 -0.170910
vn -0.510171 -0.673519 -0.534881
vn -0.510172 -0.673520 -0.534880
vn -0.370200 -0.441188 -0.817499
vn -0.370198 -0.441184 -0.817503
vn -0.149070 -0.160660 -0.975688
vn -0.542926 -0.796327 -0.266636
vn -0.549642 -0.806176 -0.219029
vn -0.549642 -0.806177 -0.219028
vn -0.493711 -0.651788 -0.575692
vn -0.493713 -0.651792 -0.575686
vn -0.343967 -0.409924 -0.844777
vn -0.343968 -0.409925 -0.844776
vn -0.083286 -0.089761 -0.992475
vn -0.116319 -0.125362 -0.985269
vn -0.116319 -0.125362 -0.985269
vn -0.542925 -0.796326 -0.266641
vn -0.476063 -0.628490 -0.615113
vn -0.476065 -0.628493 -0.615108
vn -0.316901 -0.377668 -0.870023
vn -0.316901 -0.377667 -0.870024
vn -0.050052 -0.053943 -0.997289
vn -0.083286 -0.089761 -0.992475
vn -0.534904 -0.784562 -0.313593
vn -0.534904 -0.784562 -0.313592
vn -0.525593 -0.770905 -0.359801
vn -0.457267 -0.603676 -0.653055
vn -0.457266 -0.603675 -0.653058
vn -0.289078 -0.344509 -0.893167
vn -0.289078 -0.344510 -0.893167
vn -0.016698 -0.017996 -0.999699
vn -0.016697 -0.017996 -0.999699
vn -0.050052 -0.053943 -0.997289
vn -0.525595 -0.770907 -0.359795
vn -0.437368 -0.577404 -0.689430
vn -0.416414 -0.549744 -0.724142
vn -0.437370 -0.577410 -0.689423
vn -0.260550 -0.310512 -0.914164
vn -0.260551 -0.310512 -0.914164
vn -0.231399 -0.275771 -0.932955
vn -0.521278 -0.853034 -0.024538
vn -0.521278 -0.853034 -0.024540
vn -0.515019 -0.755395 -0.405133
vn -0.515019 -0.755393 -0.405138
vn -0.416414 -0.549744 -0.724141
vn -0.231399 -0.275771 -0.932955
vn -0.517515 -0.846877 -0.122383
vn -0.520023 -0.850981 -0.073533
vn -0.520023 -0.850981 -0.073538
vn -0.490177 -0.718956 -0.492777
vn -0.503201 -0.738060 -0.449507
vn -0.503203 -0.738064 -0.449499
vn -0.394459 -0.520759 -0.757108
vn -0.394459 -0.520759 -0.757107
vn -0.201687 -0.240361 -0.949499
vn -0.201687 -0.240362 -0.949499
vn -0.517516 -0.846878 -0.122373
vn -0.513763 -0.840736 -0.170911
vn -0.490173 -0.718953 -0.492785
vn -0.371549 -0.490514 -0.788256
vn -0.371550 -0.490515 -0.788255
vn -0.347749 -0.459093 -0.817499
vn -0.171490 -0.204374 -0.963754
vn -0.171489 -0.204373 -0.963755
vn -0.513764 -0.840736 -0.170909
vn -0.475965 -0.698111 -0.534881
vn -0.475966 -0.698115 -0.534876
vn -0.347749 -0.459093 -0.817499
vn -0.323106 -0.426560 -0.844777
vn -0.140877 -0.167891 -0.975688
vn -0.140877 -0.167891 -0.975688
vn -0.508774 -0.832571 -0.219032
vn -0.508774 -0.832572 -0.219029
vn -0.460607 -0.675586 -0.575695
vn -0.460608 -0.675588 -0.575692
vn -0.444146 -0.651442 -0.615108
vn -0.323106 -0.426559 -0.844778
vn -0.109926 -0.131005 -0.985268
vn -0.109926 -0.131004 -0.985269
vn -0.495133 -0.810249 -0.313592
vn -0.502557 -0.822398 -0.266641
vn -0.502558 -0.822399 -0.266638
vn -0.426608 -0.625719 -0.653056
vn -0.444147 -0.651443 -0.615106
vn -0.297682 -0.392994 -0.870024
vn -0.297683 -0.392996 -0.870023
vn -0.078708 -0.093801 -0.992475
vn -0.078708 -0.093800 -0.992475
vn -0.495133 -0.810248 -0.313595
vn -0.426604 -0.625715 -0.653061
vn -0.271546 -0.358491 -0.893167
vn -0.271546 -0.358490 -0.893167
vn -0.015780 -0.018806 -0.999699
vn -0.047301 -0.056371 -0.997289
vn -0.047301 -0.056371 -0.997289
vn -0.015780 -0.018806 -0.999699
vn -0.014823 -0.019569 -0.999699
vn -0.486515 -0.796147 -0.359795
vn -0.476724 -0.780126 -0.405138
vn -0.486514 -0.796145 -0.359802
vn -0.388495 -0.569817 -0.724141
vn -0.408043 -0.598488 -0.689430
vn -0.408045 -0.598493 -0.689423
vn -0.244749 -0.323113 -0.914164
vn -0.244750 -0.323115 -0.914163
vn -0.478111 -0.877957 -0.024535
vn -0.478111 -0.877957 -0.024538
vn -0.476726 -0.780127 -0.405134
vn -0.388493 -0.569815 -0.724144
vn -0.217365 -0.286961 -0.932956
vn -0.217365 -0.286962 -0.932955
vn -0.476959 -0.875844 -0.073538
vn -0.476960 -0.875843 -0.073545
vn -0.465787 -0.762227 -0.449502
vn -0.465788 -0.762229 -0.449498
vn -0.453727 -0.742492 -0.492785
vn -0.368012 -0.539774 -0.757107
vn -0.368012 -0.539774 -0.757107
vn -0.189456 -0.250116 -0.949499
vn -0.189456 -0.250116 -0.949499
vn -0.474660 -0.871621 -0.122372
vn -0.474660 -0.871622 -0.122367
vn -0.453730 -0.742496 -0.492776
vn -0.346640 -0.508428 -0.788252
vn -0.346639 -0.508425 -0.788255
vn -0.161089 -0.212667 -0.963755
vn -0.161089 -0.212667 -0.963755
vn -0.132333 -0.174704 -0.975688
vn -0.471217 -0.865299 -0.170915
vn -0.471217 -0.865300 -0.170909
vn -0.440576 -0.720972 -0.534876
vn -0.440575 -0.720969 -0.534881
vn -0.324433 -0.475856 -0.817499
vn -0.324430 -0.475850 -0.817503
vn -0.132332 -0.174703 -0.975688
vn -0.466640 -0.856897 -0.219032
vn -0.466640 -0.856895 -0.219037
vn -0.460939 -0.846427 -0.266638
vn -0.426359 -0.697706 -0.575695
vn -0.426360 -0.697709 -0.575691
vn -0.301443 -0.442137 -0.844776
vn -0.301442 -0.442134 -0.844778
vn -0.277723 -0.407345 -0.870023
vn -0.103260 -0.136322 -0.985268
vn -0.103260 -0.136322 -0.985268
vn -0.460939 -0.846427 -0.266639
vn -0.411122 -0.672771 -0.615108
vn -0.411123 -0.672772 -0.615106
vn -0.277726 -0.407348 -0.870020
vn -0.073934 -0.097607 -0.992475
vn -0.073934 -0.097607 -0.992475
vn -0.044432 -0.058659 -0.997289
vn -0.454129 -0.833921 -0.313595
vn -0.454130 -0.833923 -0.313589
vn -0.446225 -0.819406 -0.359802
vn -0.394885 -0.646201 -0.653062
vn -0.394886 -0.646202 -0.653061
vn -0.253337 -0.371577 -0.893169
vn -0.253339 -0.371581 -0.893167
vn -0.014823 -0.019569 -0.999699
vn -0.044433 -0.058659 -0.997289
vn -0.446226 -0.819407 -0.359798
vn -0.377706 -0.618088 -0.689423
vn -0.359607 -0.588471 -0.724144
vn -0.377706 -0.618089 -0.689423
vn -0.228340 -0.334914 -0.914163
vn -0.228339 -0.334912 -0.914164
vn -0.433753 -0.900697 -0.024536
vn -0.432709 -0.898529 -0.073545
vn -0.433753 -0.900697 -0.024535
vn -0.437248 -0.802920 -0.405134
vn -0.437248 -0.802920 -0.405134
vn -0.427215 -0.784497 -0.449502
vn -0.359607 -0.588470 -0.724145
vn -0.202792 -0.297442 -0.932954
vn -0.202791 -0.297439 -0.932956
vn -0.432709 -0.898529 -0.073545
vn -0.427214 -0.784496 -0.449504
vn -0.340650 -0.557449 -0.757105
vn -0.340649 -0.557447 -0.757107
vn -0.176753 -0.259249 -0.949499
vn -0.176753 -0.259249 -0.949499
vn -0.150288 -0.220432 -0.963755
vn -0.430622 -0.894198 -0.122367
vn -0.430623 -0.894197 -0.122377
vn -0.427499 -0.887712 -0.170915
vn -0.416155 -0.764188 -0.492780
vn -0.404089 -0.742033 -0.534881
vn -0.416155 -0.764190 -0.492776
vn -0.320866 -0.525075 -0.788252
vn -0.320865 -0.525072 -0.788255
vn -0.123460 -0.181082 -0.975688
vn -0.150288 -0.220432 -0.963755
vn -0.427501 -0.887713 -0.170906
vn -0.423348 -0.879090 -0.219037
vn -0.404092 -0.742036 -0.534877
vn -0.300307 -0.491430 -0.817503
vn -0.300310 -0.491435 -0.817500
vn -0.123461 -0.181084 -0.975688
vn -0.423347 -0.879090 -0.219040
vn -0.418176 -0.868351 -0.266639
vn -0.391053 -0.718093 -0.575691
vn -0.377076 -0.692427 -0.615108
vn -0.391054 -0.718095 -0.575688
vn -0.257076 -0.420686 -0.870021
vn -0.279028 -0.456608 -0.844779
vn -0.279030 -0.456613 -0.844776
vn -0.096335 -0.141297 -0.985269
vn -0.096336 -0.141299 -0.985268
vn -0.068977 -0.101171 -0.992475
vn -0.418177 -0.868352 -0.266634
vn -0.377072 -0.692421 -0.615117
vn -0.362184 -0.665082 -0.653061
vn -0.234500 -0.383743 -0.893169
vn -0.257073 -0.420683 -0.870023
vn -0.068978 -0.101172 -0.992475
vn -0.411999 -0.855522 -0.313590
vn -0.411999 -0.855523 -0.313589
vn -0.362189 -0.665089 -0.653052
vn -0.234502 -0.383746 -0.893167
vn -0.041454 -0.060801 -0.997289
vn -0.041453 -0.060801 -0.997289
vn -0.013829 -0.020283 -0.999699
vn -0.012801 -0.020947 -0.999699
vn -0.013829 -0.020283 -0.999699
vn -0.404827 -0.840631 -0.359797
vn -0.404827 -0.840631 -0.359797
vn -0.346428 -0.636148 -0.689423
vn -0.346426 -0.636143 -0.689428
vn -0.187714 -0.307180 -0.932954
vn -0.211361 -0.345877 -0.914164
vn -0.211361 -0.345878 -0.914164
vn -0.388317 -0.921199 -0.024528
vn -0.387383 -0.918981 -0.073545
vn -0.388318 -0.921199 -0.024536
vn -0.396681 -0.823718 -0.405134
vn -0.387578 -0.804816 -0.449505
vn -0.396680 -0.823713 -0.405145
vn -0.329827 -0.605663 -0.724145
vn -0.329828 -0.605666 -0.724143
vn -0.187713 -0.307179 -0.932955
vn -0.387383 -0.918981 -0.073545
vn -0.387581 -0.804820 -0.449495
vn -0.377546 -0.783981 -0.492780
vn -0.312440 -0.573737 -0.757105
vn -0.312438 -0.573732 -0.757109
vn -0.163610 -0.267736 -0.949499
vn -0.163610 -0.267737 -0.949499
vn -0.385515 -0.914551 -0.122375
vn -0.385515 -0.914550 -0.122377
vn -0.377546 -0.783981 -0.492780
vn -0.294293 -0.540414 -0.788253
vn -0.275440 -0.505794 -0.817499
vn -0.294293 -0.540413 -0.788255
vn -0.139114 -0.227651 -0.963754
vn -0.139113 -0.227649 -0.963755
vn -0.382719 -0.907918 -0.170912
vn -0.382719 -0.907919 -0.170906
vn -0.366601 -0.761256 -0.534877
vn -0.366601 -0.761254 -0.534880
vn -0.275441 -0.505795 -0.817499
vn -0.255921 -0.469950 -0.844779
vn -0.114281 -0.187012 -0.975688
vn -0.114281 -0.187013 -0.975687
vn -0.379002 -0.899101 -0.219032
vn -0.379002 -0.899099 -0.219040
vn -0.354772 -0.736693 -0.575691
vn -0.354773 -0.736695 -0.575688
vn -0.342089 -0.710356 -0.615118
vn -0.255921 -0.469950 -0.844779
vn -0.089172 -0.145924 -0.985269
vn -0.089172 -0.145923 -0.985269
vn -0.374373 -0.888116 -0.266637
vn -0.374372 -0.888117 -0.266634
vn -0.342090 -0.710358 -0.615114
vn -0.328586 -0.682316 -0.653052
vn -0.235787 -0.432977 -0.870020
vn -0.235785 -0.432973 -0.870023
vn -0.063849 -0.104485 -0.992475
vn -0.063849 -0.104484 -0.992475
vn -0.368841 -0.874996 -0.313590
vn -0.368841 -0.874995 -0.313593
vn -0.328586 -0.682316 -0.653052
vn -0.215082 -0.394956 -0.893168
vn -0.215083 -0.394958 -0.893167
vn -0.038371 -0.062792 -0.997289
vn -0.038371 -0.062791 -0.997289
vn -0.012801 -0.020947 -0.999699
vn -0.362422 -0.859767 -0.359794
vn -0.362421 -0.859766 -0.359797
vn -0.299228 -0.621353 -0.724143
vn -0.314285 -0.652621 -0.689428
vn -0.314285 -0.652619 -0.689430
vn -0.172168 -0.316154 -0.932955
vn -0.193858 -0.355982 -0.914164
vn -0.193858 -0.355982 -0.914164
vn -0.341917 -0.939410 -0.024535
vn -0.341917 -0.939410 -0.024528
vn -0.355127 -0.842462 -0.405145
vn -0.355127 -0.842462 -0.405145
vn -0.299229 -0.621355 -0.724140
vn -0.172167 -0.316153 -0.932956
vn -0.341094 -0.937148 -0.073545
vn -0.341093 -0.937149 -0.073536
vn -0.339450 -0.932630 -0.122375
vn -0.346982 -0.823139 -0.449495
vn -0.346982 -0.823140 -0.449494
vn -0.283451 -0.588592 -0.757109
vn -0.283451 -0.588592 -0.757110
vn -0.150061 -0.275558 -0.949499
vn -0.127594 -0.234302 -0.963754
vn -0.150063 -0.275562 -0.949498
vn -0.339450 -0.932630 -0.122373
vn -0.336988 -0.925866 -0.170912
vn -0.337996 -0.801822 -0.492788
vn -0.337997 -0.801827 -0.492780
vn -0.249887 -0.518895 -0.817499
vn -0.266991 -0.554412 -0.788254
vn -0.266992 -0.554414 -0.788252
vn -0.127592 -0.234299 -0.963755
vn -0.336988 -0.925866 -0.170911
vn -0.328201 -0.778587 -0.534871
vn -0.328200 -0.778581 -0.534880
vn -0.249886 -0.518894 -0.817500
vn -0.232178 -0.482122 -0.844779
vn -0.104817 -0.192476 -0.975688
vn -0.104817 -0.192476 -0.975688
vn -0.333715 -0.916873 -0.219038
vn -0.333715 -0.916875 -0.219032
vn -0.329638 -0.905673 -0.266637
vn -0.317610 -0.753460 -0.575693
vn -0.317610 -0.753461 -0.575691
vn -0.232178 -0.482122 -0.844779
vn -0.213912 -0.444192 -0.870020
vn -0.081788 -0.150187 -0.985269
vn -0.081788 -0.150187 -0.985269
vn -0.329638 -0.905673 -0.266635
vn -0.306257 -0.726527 -0.615114
vn -0.306257 -0.726527 -0.615114
vn -0.213909 -0.444188 -0.870023
vn -0.058562 -0.107537 -0.992475
vn -0.058562 -0.107537 -0.992475
vn -0.324768 -0.892293 -0.313591
vn -0.319116 -0.876763 -0.359794
vn -0.324768 -0.892292 -0.313592
vn -0.294166 -0.697843 -0.653055
vn -0.294166 -0.697847 -0.653052
vn -0.195128 -0.405190 -0.893166
vn -0.195128 -0.405187 -0.893168
vn -0.035193 -0.064626 -0.997289
vn -0.011740 -0.021559 -0.999699
vn -0.035193 -0.064626 -0.997289
vn -0.011741 -0.021559 -0.999699
vn -0.319115 -0.876762 -0.359796
vn -0.281363 -0.667474 -0.689430
vn -0.281363 -0.667474 -0.689429
vn -0.156195 -0.324342 -0.932955
vn -0.175872 -0.365202 -0.914164
vn -0.175872 -0.365203 -0.914164
vn -0.294668 -0.955285 -0.024537
vn -0.294667 -0.955285 -0.024535
vn -0.312693 -0.859118 -0.405141
vn -0.312693 -0.859116 -0.405146
vn -0.267884 -0.635498 -0.724141
vn -0.267885 -0.635499 -0.724140
vn -0.156195 -0.324342 -0.932955
vn -0.293958 -0.952985 -0.073542
vn -0.293957 -0.952986 -0.073536
vn -0.305521 -0.839412 -0.449494
vn -0.297609 -0.817673 -0.492788
vn -0.305521 -0.839411 -0.449495
vn -0.253761 -0.601995 -0.757105
vn -0.253760 -0.601988 -0.757110
vn -0.136141 -0.282699 -0.949498
vn -0.115755 -0.240368 -0.963755
vn -0.136141 -0.282699 -0.949498
vn -0.292540 -0.948391 -0.122373
vn -0.292540 -0.948391 -0.122374
vn -0.288985 -0.793978 -0.534871
vn -0.297609 -0.817672 -0.492789
vn -0.239023 -0.567028 -0.788256
vn -0.239024 -0.567033 -0.788252
vn -0.115754 -0.240367 -0.963755
vn -0.095093 -0.197462 -0.975688
vn -0.290418 -0.941513 -0.170911
vn -0.290418 -0.941513 -0.170911
vn -0.288983 -0.793975 -0.534877
vn -0.223711 -0.530705 -0.817500
vn -0.223711 -0.530706 -0.817499
vn -0.095093 -0.197463 -0.975687
vn -0.287598 -0.932370 -0.219031
vn -0.287598 -0.932368 -0.219038
vn -0.279658 -0.768355 -0.575693
vn -0.279658 -0.768356 -0.575691
vn -0.207857 -0.493096 -0.844779
vn -0.207858 -0.493098 -0.844778
vn -0.074200 -0.154078 -0.985269
vn -0.074200 -0.154077 -0.985269
vn -0.284085 -0.920979 -0.266635
vn -0.284085 -0.920977 -0.266640
vn -0.269663 -0.740894 -0.615108
vn -0.269662 -0.740889 -0.615115
vn -0.259016 -0.711639 -0.653055
vn -0.191503 -0.454298 -0.870023
vn -0.191503 -0.454298 -0.870023
vn -0.053128 -0.110321 -0.992475
vn -0.053129 -0.110323 -0.992475
vn -0.031928 -0.066300 -0.997289
vn -0.279887 -0.907372 -0.313591
vn -0.279887 -0.907371 -0.313592
vn -0.259016 -0.711639 -0.653055
vn -0.174689 -0.414411 -0.893167
vn -0.174689 -0.414412 -0.893166
vn -0.031929 -0.066300 -0.997289
vn -0.010651 -0.022118 -0.999699
vn -0.010651 -0.022118 -0.999699
vn -0.275015 -0.891579 -0.359796
vn -0.275015 -0.891576 -0.359803
vn -0.247744 -0.680668 -0.689430
vn -0.247744 -0.680669 -0.689429
vn -0.235875 -0.648061 -0.724141
vn -0.157451 -0.373518 -0.914163
vn -0.157450 -0.373514 -0.914164
vn -0.246089 -0.966453 -0.073542
vn -0.246682 -0.968786 -0.024533
vn -0.246683 -0.968786 -0.024537
vn -0.269481 -0.873640 -0.405133
vn -0.269481 -0.873637 -0.405141
vn -0.235877 -0.648064 -0.724138
vn -0.139834 -0.331724 -0.932955
vn -0.139834 -0.331725 -0.932955
vn -0.246089 -0.966453 -0.073544
vn -0.263299 -0.853597 -0.449494
vn -0.263299 -0.853593 -0.449502
vn -0.223439 -0.613895 -0.757105
vn -0.223438 -0.613888 -0.757111
vn -0.121880 -0.289134 -0.949498
vn -0.121879 -0.289130 -0.949500
vn -0.244903 -0.961794 -0.122374
vn -0.244902 -0.961794 -0.122371
vn -0.256482 -0.831490 -0.492789
vn -0.256482 -0.831497 -0.492777
vn -0.210462 -0.578237 -0.788256
vn -0.196980 -0.541197 -0.817499
vn -0.210462 -0.578241 -0.788253
vn -0.103630 -0.245838 -0.963755
vn -0.103631 -0.245842 -0.963754
vn -0.240766 -0.945546 -0.219031
vn -0.243127 -0.954819 -0.170911
vn -0.243127 -0.954820 -0.170906
vn -0.249048 -0.807392 -0.534877
vn -0.249048 -0.807392 -0.534878
vn -0.196979 -0.541195 -0.817501
vn -0.085132 -0.201958 -0.975687
vn -0.085132 -0.201957 -0.975687
vn -0.240764 -0.945544 -0.219042
vn -0.237823 -0.933993 -0.266640
vn -0.241013 -0.781342 -0.575689
vn -0.241013 -0.781340 -0.575692
vn -0.183021 -0.502847 -0.844777
vn -0.168620 -0.463279 -0.870023
vn -0.183021 -0.502845 -0.844778
vn -0.066427 -0.157584 -0.985269
vn -0.066428 -0.157585 -0.985269
vn -0.237824 -0.933994 -0.266636
vn -0.232397 -0.753409 -0.615115
vn -0.232398 -0.753415 -0.615107
vn -0.153815 -0.422603 -0.893167
vn -0.168621 -0.463281 -0.870021
vn -0.047563 -0.112832 -0.992475
vn -0.047563 -0.112833 -0.992475
vn -0.234310 -0.920195 -0.313593
vn -0.234310 -0.920195 -0.313592
vn -0.223221 -0.723666 -0.653055
vn -0.223221 -0.723665 -0.653055
vn -0.153813 -0.422597 -0.893170
vn -0.028584 -0.067809 -0.997289
vn -0.028584 -0.067809 -0.997289
vn -0.009536 -0.022621 -0.999699
vn -0.009536 -0.022621 -0.999699
vn -0.230232 -0.904180 -0.359794
vn -0.230232 -0.904176 -0.359804
vn -0.213507 -0.692173 -0.689428
vn -0.213507 -0.692171 -0.689430
vn -0.138638 -0.380905 -0.914161
vn -0.138637 -0.380902 -0.914163
vn -0.123125 -0.338282 -0.932955
vn -0.198086 -0.979877 -0.024536
vn -0.198086 -0.979878 -0.024533
vn -0.225600 -0.885986 -0.405133
vn -0.220424 -0.865656 -0.449503
vn -0.225600 -0.885986 -0.405133
vn -0.203277 -0.659008 -0.724145
vn -0.203279 -0.659016 -0.724138
vn -0.123124 -0.338280 -0.932956
vn -0.197609 -0.977518 -0.073543
vn -0.197609 -0.977518 -0.073544
vn -0.220424 -0.865657 -0.449502
vn -0.192560 -0.624263 -0.757111
vn -0.192561 -0.624270 -0.757105
vn -0.107315 -0.294845 -0.949500
vn -0.091248 -0.250701 -0.963754
vn -0.107316 -0.294849 -0.949498
vn -0.196657 -0.972806 -0.122371
vn -0.195231 -0.965751 -0.170906
vn -0.196657 -0.972807 -0.122366
vn -0.214717 -0.843248 -0.492777
vn -0.214717 -0.843243 -0.492785
vn -0.181378 -0.588013 -0.788253
vn -0.181377 -0.588010 -0.788255
vn -0.074959 -0.205949 -0.975687
vn -0.091246 -0.250698 -0.963756
vn -0.195230 -0.965750 -0.170914
vn -0.208492 -0.818802 -0.534878
vn -0.208492 -0.818803 -0.534876
vn -0.169758 -0.550344 -0.817498
vn -0.169758 -0.550340 -0.817501
vn -0.074960 -0.205951 -0.975687
vn -0.193335 -0.956369 -0.219042
vn -0.193334 -0.956373 -0.219028
vn -0.201766 -0.792384 -0.575689
vn -0.194552 -0.764057 -0.615115
vn -0.201766 -0.792384 -0.575689
vn -0.157729 -0.511345 -0.844777
vn -0.157728 -0.511342 -0.844779
vn -0.058490 -0.160700 -0.985269
vn -0.058490 -0.160699 -0.985269
vn -0.190973 -0.944686 -0.266642
vn -0.190973 -0.944688 -0.266636
vn -0.194553 -0.764059 -0.615112
vn -0.145317 -0.471107 -0.870024
vn -0.145318 -0.471111 -0.870021
vn -0.041880 -0.115063 -0.992475
vn -0.041880 -0.115064 -0.992475
vn -0.025168 -0.069149 -0.997289
vn -0.188151 -0.930731 -0.313590
vn -0.184877 -0.914532 -0.359794
vn -0.188152 -0.930730 -0.313593
vn -0.186871 -0.733893 -0.653055
vn -0.186871 -0.733889 -0.653059
vn -0.178739 -0.701955 -0.689428
vn -0.132557 -0.429739 -0.893170
vn -0.132559 -0.429746 -0.893166
vn -0.025168 -0.069149 -0.997289
vn -0.008396 -0.023069 -0.999699
vn -0.008396 -0.023069 -0.999699
vn -0.184876 -0.914530 -0.359799
vn -0.178739 -0.701955 -0.689429
vn -0.119479 -0.387339 -0.914163
vn -0.119479 -0.387342 -0.914161
vn -0.148998 -0.988533 -0.024535
vn -0.148998 -0.988533 -0.024536
vn -0.181157 -0.896130 -0.405133
vn -0.181157 -0.896131 -0.405132
vn -0.170176 -0.668327 -0.724140
vn -0.170176 -0.668321 -0.724145
vn -0.106109 -0.343997 -0.932956
vn -0.106110 -0.343999 -0.932955
vn -0.148639 -0.986153 -0.073540
vn -0.148640 -0.986153 -0.073543
vn -0.172417 -0.852898 -0.492785
vn -0.177000 -0.875567 -0.449503
vn -0.177000 -0.875568 -0.449502
vn -0.161204 -0.633087 -0.757109
vn -0.161205 -0.633092 -0.757104
vn -0.092485 -0.299829 -0.949499
vn -0.092486 -0.299832 -0.949498
vn -0.147922 -0.981400 -0.122366
vn -0.147923 -0.981398 -0.122376
vn -0.146849 -0.974281 -0.170914
vn -0.172417 -0.852898 -0.492786
vn -0.151843 -0.596325 -0.788251
vn -0.151842 -0.596320 -0.788255
vn -0.078637 -0.254936 -0.963755
vn -0.078637 -0.254934 -0.963756
vn -0.146849 -0.974281 -0.170912
vn -0.167420 -0.828178 -0.534875
vn -0.167420 -0.828178 -0.534876
vn -0.142115 -0.558122 -0.817498
vn -0.142115 -0.558119 -0.817500
vn -0.064600 -0.209429 -0.975688
vn -0.064601 -0.209431 -0.975687
vn -0.145423 -0.964820 -0.219032
vn -0.145423 -0.964821 -0.219028
vn -0.162018 -0.801456 -0.575689
vn -0.162018 -0.801457 -0.575688
vn -0.132043 -0.518569 -0.844779
vn -0.132043 -0.518566 -0.844780
vn -0.050407 -0.163417 -0.985268
vn -0.050407 -0.163415 -0.985269
vn -0.143646 -0.953031 -0.266642
vn -0.143646 -0.953031 -0.266642
vn -0.156225 -0.772807 -0.615112
vn -0.156225 -0.772802 -0.615118
vn -0.121655 -0.477772 -0.870019
vn -0.121655 -0.477764 -0.870024
vn -0.036092 -0.117008 -0.992475
vn -0.036092 -0.117008 -0.992475
vn -0.141524 -0.938953 -0.313590
vn -0.141524 -0.938953 -0.313590
vn -0.150058 -0.742299 -0.653050
vn -0.150058 -0.742292 -0.653059
vn -0.110973 -0.435816 -0.893168
vn -0.110973 -0.435819 -0.893166
vn -0.021690 -0.070318 -0.997289
vn -0.021690 -0.070318 -0.997289
vn -0.007236 -0.023458 -0.999699
vn -0.007236 -0.023458 -0.999699
vn -0.139061 -0.922608 -0.359800
vn -0.139061 -0.922610 -0.359795
vn -0.143528 -0.709991 -0.689429
vn -0.136653 -0.675979 -0.724140
vn -0.143528 -0.709991 -0.689429
vn -0.100022 -0.392810 -0.914164
vn -0.100022 -0.392813 -0.914163
vn -0.099537 -0.994731 -0.024535
vn -0.099538 -0.994731 -0.024543
vn -0.136263 -0.904044 -0.405138
vn -0.136263 -0.904047 -0.405132
vn -0.133136 -0.883302 -0.449503
vn -0.136651 -0.675975 -0.724143
vn -0.088831 -0.348861 -0.932955
vn -0.088831 -0.348861 -0.932955
vn -0.099298 -0.992337 -0.073538
vn -0.099298 -0.992337 -0.073540
vn -0.129689 -0.860432 -0.492786
vn -0.133136 -0.883301 -0.449504
vn -0.129447 -0.640339 -0.757106
vn -0.129447 -0.640336 -0.757109
vn -0.065832 -0.258539 -0.963755
vn -0.077425 -0.304066 -0.949499
vn -0.077425 -0.304066 -0.949499
vn -0.098819 -0.987552 -0.122376
vn -0.098819 -0.987552 -0.122377
vn -0.129690 -0.860436 -0.492778
vn -0.125931 -0.835494 -0.534875
vn -0.121930 -0.603153 -0.788251
vn -0.121929 -0.603148 -0.788255
vn -0.065832 -0.258540 -0.963755
vn -0.098103 -0.980390 -0.170913
vn -0.098102 -0.980391 -0.170906
vn -0.125931 -0.835493 -0.534876
vn -0.114117 -0.564507 -0.817502
vn -0.114117 -0.564509 -0.817500
vn -0.054081 -0.212389 -0.975688
vn -0.054081 -0.212388 -0.975688
vn -0.097150 -0.970869 -0.219032
vn -0.097150 -0.970869 -0.219032
vn -0.095963 -0.959006 -0.266642
vn -0.121867 -0.808537 -0.575688
vn -0.121867 -0.808533 -0.575693
vn -0.106031 -0.524503 -0.844780
vn -0.106032 -0.524511 -0.844775
vn -0.097690 -0.483242 -0.870019
vn -0.042199 -0.165726 -0.985268
vn -0.042199 -0.165726 -0.985269
vn -0.095964 -0.959007 -0.266640
vn -0.117511 -0.779635 -0.615110
vn -0.112873 -0.748856 -0.653050
vn -0.117511 -0.779629 -0.615118
vn -0.097688 -0.483235 -0.870024
vn -0.030215 -0.118661 -0.992475
vn -0.030215 -0.118661 -0.992475
vn -0.094545 -0.944840 -0.313590
vn -0.094546 -0.944837 -0.313599
vn -0.092899 -0.928395 -0.359795
vn -0.112870 -0.748848 -0.653059
vn -0.089111 -0.440808 -0.893167
vn -0.089111 -0.440806 -0.893168
vn -0.018158 -0.071312 -0.997289
vn -0.018158 -0.071312 -0.997289
vn -0.006058 -0.023790 -0.999699
vn -0.006058 -0.023790 -0.999699
vn -0.004864 -0.024062 -0.999699
vn -0.092899 -0.928395 -0.359795
vn -0.107959 -0.716263 -0.689429
vn -0.107959 -0.716267 -0.689425
vn -0.102787 -0.681947 -0.724143
vn -0.080317 -0.397307 -0.914164
vn -0.080317 -0.397308 -0.914164
vn -0.049830 -0.998456 -0.024534
vn -0.049831 -0.998456 -0.024543
vn -0.091030 -0.909714 -0.405134
vn -0.091030 -0.909713 -0.405138
vn -0.102788 -0.681950 -0.724140
vn -0.071331 -0.352854 -0.932956
vn -0.071331 -0.352856 -0.932955
vn -0.049712 -0.996053 -0.073538
vn -0.049711 -0.996053 -0.073536
vn -0.088942 -0.888840 -0.449504
vn -0.088942 -0.888841 -0.449500
vn -0.097368 -0.645995 -0.757106
vn -0.097368 -0.645992 -0.757109
vn -0.062172 -0.307548 -0.949499
vn -0.062172 -0.307548 -0.949499
vn -0.049472 -0.991249 -0.122384
vn -0.049471 -0.991250 -0.122377
vn -0.086640 -0.865831 -0.492779
vn -0.086640 -0.865831 -0.492778
vn -0.091713 -0.608478 -0.788253
vn -0.091713 -0.608476 -0.788255
vn -0.085837 -0.569493 -0.817502
vn -0.043427 -0.214820 -0.975688
vn -0.052863 -0.261501 -0.963755
vn -0.052863 -0.261500 -0.963755
vn -0.049112 -0.984062 -0.170909
vn -0.049112 -0.984063 -0.170906
vn -0.084127 -0.840726 -0.534885
vn -0.084127 -0.840732 -0.534876
vn -0.085838 -0.569494 -0.817502
vn -0.043427 -0.214820 -0.975688
vn -0.048635 -0.974505 -0.219032
vn -0.048635 -0.974505 -0.219032
vn -0.081413 -0.813602 -0.575694
vn -0.081412 -0.813607 -0.575688
vn -0.079756 -0.529144 -0.844775
vn -0.079756 -0.529143 -0.844776
vn -0.024262 -0.120019 -0.992475
vn -0.033886 -0.167624 -0.985269
vn -0.033886 -0.167622 -0.985269
vn -0.048041 -0.962599 -0.266637
vn -0.048041 -0.962598 -0.266640
vn -0.078503 -0.784522 -0.615112
vn -0.078503 -0.784523 -0.615110
vn -0.073479 -0.487505 -0.870023
vn -0.073479 -0.487504 -0.870024
vn -0.014581 -0.072129 -0.997289
vn -0.024263 -0.120021 -0.992475
vn -0.047331 -0.948376 -0.313597
vn -0.047332 -0.948375 -0.313600
vn -0.075403 -0.753544 -0.653059
vn -0.075403 -0.753546 -0.653057
vn -0.067028 -0.444699 -0.893169
vn -0.067028 -0.444702 -0.893167
vn -0.014581 -0.072128 -0.997289
vn -0.004864 -0.024062 -0.999699
vn -0.046508 -0.931871 -0.359795
vn -0.046508 -0.931872 -0.359795
vn -0.072123 -0.720757 -0.689425
vn -0.072123 -0.720759 -0.689423
vn -0.053654 -0.355971 -0.932956
vn -0.060414 -0.400818 -0.914164
vn -0.060414 -0.400821 -0.914163
vn 0.000000 -0.999699 -0.024534
vn 0.000000 -0.997293 -0.073536
vn 0.000000 -0.999699 -0.024534
vn -0.045572 -0.913119 -0.405137
vn -0.045572 -0.913121 -0.405134
vn -0.068667 -0.686223 -0.724143
vn -0.068667 -0.686226 -0.724140
vn -0.053654 -0.355972 -0.932955
vn 0.000000 -0.997293 -0.073536
vn -0.044527 -0.892170 -0.449500
vn -0.044526 -0.892171 -0.449498
vn -0.065046 -0.650044 -0.757108
vn -0.065047 -0.650042 -0.757109
vn -0.046765 -0.310264 -0.949499
vn -0.046765 -0.310265 -0.949499
vn -0.039763 -0.263811 -0.963755
vn 0.000000 -0.992483 -0.122384
vn 0.000000 -0.985287 -0.170908
vn 0.000000 -0.992483 -0.122384
vn -0.043373 -0.869073 -0.492779
vn -0.043374 -0.869071 -0.492783
vn -0.061269 -0.612293 -0.788253
vn -0.061269 -0.612294 -0.788253
vn -0.057344 -0.573064 -0.817502
vn -0.039763 -0.263810 -0.963755
vn -0.032665 -0.216718 -0.975688
vn 0.000000 -0.975718 -0.219032
vn 0.000000 -0.985287 -0.170908
vn -0.042117 -0.843875 -0.534885
vn -0.042116 -0.843879 -0.534879
vn -0.057344 -0.573066 -0.817500
vn -0.032666 -0.216720 -0.975687
vn 0.000000 -0.963797 -0.266638
vn 0.000000 -0.975718 -0.219032
vn -0.040758 -0.816650 -0.575692
vn -0.040757 -0.816653 -0.575688
vn -0.053280 -0.532453 -0.844781
vn -0.053280 -0.532460 -0.844776
vn -0.018250 -0.121081 -0.992475
vn -0.025488 -0.169102 -0.985269
vn -0.025488 -0.169103 -0.985269
vn 0.000000 -0.963797 -0.266637
vn -0.039300 -0.787460 -0.615112
vn -0.039300 -0.787460 -0.615112
vn -0.049088 -0.490561 -0.870023
vn -0.049088 -0.490564 -0.870022
vn -0.010968 -0.072766 -0.997289
vn -0.018250 -0.121082 -0.992475
vn 0.000000 -0.949556 -0.313597
vn 0.000000 -0.933031 -0.359795
vn 0.000000 -0.949556 -0.313597
vn -0.037749 -0.756368 -0.653057
vn -0.037749 -0.756370 -0.653054
vn -0.044778 -0.447487 -0.893169
vn -0.044778 -0.447489 -0.893168
vn -0.010967 -0.072765 -0.997289
vn -0.003659 -0.024275 -0.999699
vn -0.003659 -0.024275 -0.999699
vn 0.000000 -0.933031 -0.359795
vn -0.036106 -0.723454 -0.689428
vn -0.036106 -0.723458 -0.689423
vn -0.034376 -0.688793 -0.724143
vn -0.040360 -0.403336 -0.914162
vn -0.040360 -0.403334 -0.914162
vn 0.049830 -0.998456 -0.024543
vn 0.049831 -0.998456 -0.024534
vn 0.000000 -0.893282 -0.449498
vn 0.000000 -0.914256 -0.405137
vn 0.000000 -0.914256 -0.405137
vn -0.034377 -0.688799 -0.724137
vn -0.035844 -0.358204 -0.932955
vn -0.035844 -0.358202 -0.932956
vn 0.049711 -0.996053 -0.073538
vn 0.049712 -0.996053 -0.073536
vn 0.000000 -0.893282 -0.449498
vn 0.000000 -0.870152 -0.492783
vn -0.032564 -0.652473 -0.757112
vn -0.032564 -0.652478 -0.757108
vn -0.026564 -0.265464 -0.963755
vn -0.031241 -0.312209 -0.949500
vn -0.031241 -0.312209 -0.949499
vn 0.049472 -0.991250 -0.122377
vn 0.049471 -0.991249 -0.122384
vn 0.000000 -0.870152 -0.492783
vn -0.030673 -0.614588 -0.788251
vn -0.030673 -0.614587 -0.788253
vn -0.026564 -0.265466 -0.963754
vn 0.049112 -0.984063 -0.170906
vn 0.049112 -0.984062 -0.170908
vn 0.000000 -0.844929 -0.534879
vn 0.000000 -0.844929 -0.534879
vn -0.028708 -0.575212 -0.817501
vn -0.028708 -0.575212 -0.817500
vn -0.021822 -0.218076 -0.975688
vn -0.021822 -0.218079 -0.975687
vn 0.048635 -0.974505 -0.219032
vn 0.048635 -0.974505 -0.219032
vn 0.000000 -0.788440 -0.615112
vn 0.000000 -0.817666 -0.575692
vn 0.000000 -0.817667 -0.575692
vn -0.026673 -0.534447 -0.844781
vn -0.024575 -0.492401 -0.870022
vn -0.026673 -0.534448 -0.844780
vn -0.017027 -0.170162 -0.985269
vn -0.017027 -0.170163 -0.985269
vn 0.048041 -0.962599 -0.266637
vn 0.048041 -0.962598 -0.266640
vn 0.000000 -0.757311 -0.653054
vn 0.000000 -0.788440 -0.615112
vn -0.024575 -0.492401 -0.870022
vn -0.012192 -0.121841 -0.992475
vn -0.012192 -0.121840 -0.992475
vn 0.047332 -0.948376 -0.313597
vn 0.047331 -0.948375 -0.313600
vn 0.000000 -0.757311 -0.653054
vn -0.022417 -0.449167 -0.893167
vn -0.022417 -0.449165 -0.893168
vn -0.002444 -0.024427 -0.999699
vn -0.007327 -0.073221 -0.997289
vn -0.002444 -0.024427 -0.999699
vn -0.007327 -0.073222 -0.997289
vn 0.046508 -0.931871 -0.359795
vn 0.046508 -0.931872 -0.359795
vn 0.000000 -0.724354 -0.689428
vn 0.000000 -0.724354 -0.689428
vn 0.000000 -0.689656 -0.724137
vn -0.020205 -0.404843 -0.914163
vn -0.020205 -0.404846 -0.914162
vn 0.099538 -0.994731 -0.024535
vn 0.099537 -0.994731 -0.024543
vn 0.045572 -0.913121 -0.405134
vn 0.045572 -0.913120 -0.405137
vn 0.000000 -0.689656 -0.724137
vn -0.017944 -0.359544 -0.932956
vn -0.017944 -0.359544 -0.932956
vn 0.099298 -0.992337 -0.073540
vn 0.099298 -0.992337 -0.073538
vn 0.044526 -0.892170 -0.449500
vn 0.044527 -0.892171 -0.449498
vn 0.000000 -0.653285 -0.757112
vn 0.000000 -0.653285 -0.757112
vn -0.015640 -0.313379 -0.949499
vn -0.015640 -0.313378 -0.949500
vn 0.098819 -0.987552 -0.122377
vn 0.098819 -0.987552 -0.122376
vn 0.043373 -0.869071 -0.492783
vn 0.043374 -0.869073 -0.492779
vn 0.000000 -0.615353 -0.788251
vn 0.000000 -0.615353 -0.788251
vn 0.000000 -0.575928 -0.817501
vn -0.013298 -0.266460 -0.963754
vn -0.013298 -0.266459 -0.963754
vn 0.098103 -0.980391 -0.170906
vn 0.098102 -0.980390 -0.170913
vn 0.042116 -0.843875 -0.534885
vn 0.042117 -0.843879 -0.534879
vn 0.000000 -0.575928 -0.817501
vn 0.000000 -0.535113 -0.844780
vn -0.010925 -0.218893 -0.975688
vn -0.010924 -0.218893 -0.975688
vn 0.097150 -0.970869 -0.219032
vn 0.097150 -0.970869 -0.219032
vn 0.040758 -0.816653 -0.575688
vn 0.040757 -0.816650 -0.575692
vn 0.000000 -0.535113 -0.844780
vn 0.000000 -0.493013 -0.870022
vn -0.008524 -0.170801 -0.985269
vn -0.008524 -0.170800 -0.985269
vn 0.095964 -0.959007 -0.266640
vn 0.095963 -0.959006 -0.266642
vn 0.039300 -0.787460 -0.615112
vn 0.039300 -0.787460 -0.615112
vn 0.000000 -0.493013 -0.870022
vn -0.006104 -0.122296 -0.992475
vn -0.006104 -0.122297 -0.992475
vn 0.094545 -0.944837 -0.313599
vn 0.094546 -0.944840 -0.313590
vn 0.037749 -0.756368 -0.653057
vn 0.037749 -0.756370 -0.653054
vn 0.000000 -0.449726 -0.893167
vn 0.000000 -0.449726 -0.893167
vn -0.003668 -0.073496 -0.997289
vn -0.001224 -0.024518 -0.999699
vn -0.003668 -0.073496 -0.997289
vn -0.001224 -0.024518 -0.999699
vn 0.092899 -0.928395 -0.359795
vn 0.092899 -0.928395 -0.359795
vn 0.036107 -0.723458 -0.689423
vn 0.036106 -0.723454 -0.689428
vn 0.000000 -0.405347 -0.914163
vn 0.000000 -0.359991 -0.932956
vn 0.000000 -0.405347 -0.914163
vn 0.148998 -0.988533 -0.024536
vn 0.148998 -0.988533 -0.024535
vn 0.091030 -0.909713 -0.405138
vn 0.091030 -0.909714 -0.405134
vn 0.034377 -0.688799 -0.724137
vn 0.034376 -0.688793 -0.724143
vn 0.000000 -0.359991 -0.932956
vn 0.148640 -0.986153 -0.073541
vn 0.148639 -0.986153 -0.073543
vn 0.088942 -0.888841 -0.449500
vn 0.088942 -0.888840 -0.449504
vn 0.032563 -0.652473 -0.757112
vn 0.032564 -0.652478 -0.757108
vn 0.000000 -0.313769 -0.949499
vn 0.000000 -0.313769 -0.949499
vn 0.000000 -0.266791 -0.963754
vn 0.147923 -0.981400 -0.122366
vn 0.147922 -0.981399 -0.122376
vn 0.146849 -0.974281 -0.170913
vn 0.086640 -0.865831 -0.492778
vn 0.086640 -0.865831 -0.492779
vn 0.030673 -0.614588 -0.788251
vn 0.030673 -0.614587 -0.788253
vn 0.000000 -0.219166 -0.975688
vn 0.000000 -0.266791 -0.963754
vn 0.146849 -0.974281 -0.170914
vn 0.145423 -0.964820 -0.219032
vn 0.084128 -0.840732 -0.534876
vn 0.084126 -0.840726 -0.534885
vn 0.028708 -0.575212 -0.817501
vn 0.028708 -0.575212 -0.817500
vn 0.000000 -0.219166 -0.975688
vn 0.145423 -0.964821 -0.219028
vn 0.143646 -0.953031 -0.266642
vn 0.081413 -0.813607 -0.575688
vn 0.081412 -0.813602 -0.575694
vn 0.026673 -0.534447 -0.844781
vn 0.026673 -0.534448 -0.844780
vn 0.000000 -0.171013 -0.985269
vn 0.000000 -0.171013 -0.985269
vn 0.000000 -0.122449 -0.992475
vn 0.143646 -0.953031 -0.266643
vn 0.078503 -0.784522 -0.615112
vn 0.078503 -0.784523 -0.615110
vn 0.024575 -0.492401 -0.870022
vn 0.024575 -0.492401 -0.870022
vn 0.000000 -0.122449 -0.992475
vn 0.139061 -0.922610 -0.359795
vn 0.141524 -0.938953 -0.313590
vn 0.141524 -0.938953 -0.313590
vn 0.075404 -0.753546 -0.653057
vn 0.075403 -0.753544 -0.653059
vn 0.022417 -0.449167 -0.893167
vn 0.022417 -0.449165 -0.893168
vn 0.000000 -0.024549 -0.999699
vn 0.000000 -0.073587 -0.997289
vn -0.000000 -0.024549 -0.999699
vn 0.000000 -0.073587 -0.997289
vn 0.139061 -0.922608 -0.359800
vn 0.072123 -0.720757 -0.689425
vn 0.072123 -0.720759 -0.689423
vn 0.020205 -0.404843 -0.914163
vn 0.020205 -0.404846 -0.914162
vn 0.198086 -0.979877 -0.024533
vn 0.198086 -0.979878 -0.024536
vn 0.136262 -0.904044 -0.405138
vn 0.136263 -0.904046 -0.405132
vn 0.133136 -0.883301 -0.449504
vn 0.068667 -0.686223 -0.724143
vn 0.068667 -0.686226 -0.724140
vn 0.017944 -0.359544 -0.932956
vn 0.017944 -0.359544 -0.932956
vn 0.197609 -0.977518 -0.073544
vn 0.197609 -0.977518 -0.073543
vn 0.129689 -0.860436 -0.492778
vn 0.133136 -0.883302 -0.449503
vn 0.065047 -0.650044 -0.757108
vn 0.065046 -0.650042 -0.757109
vn 0.015640 -0.313378 -0.949500
vn 0.015640 -0.313379 -0.949499
vn 0.196657 -0.972806 -0.122371
vn 0.196657 -0.972806 -0.122366
vn 0.129690 -0.860432 -0.492786
vn 0.061269 -0.612294 -0.788253
vn 0.061269 -0.612293 -0.788253
vn 0.013298 -0.266460 -0.963754
vn 0.013298 -0.266459 -0.963754
vn 0.195230 -0.965750 -0.170914
vn 0.195231 -0.965751 -0.170906
vn 0.125931 -0.835494 -0.534875
vn 0.125931 -0.835493 -0.534876
vn 0.057344 -0.573064 -0.817502
vn 0.057344 -0.573066 -0.817500
vn 0.010925 -0.218893 -0.975688
vn 0.010924 -0.218893 -0.975688
vn 0.193334 -0.956370 -0.219042
vn 0.193336 -0.956372 -0.219028
vn 0.121866 -0.808533 -0.575694
vn 0.117511 -0.779635 -0.615110
vn 0.121868 -0.808537 -0.575688
vn 0.053279 -0.532453 -0.844781
vn 0.053281 -0.532460 -0.844776
vn 0.008524 -0.170800 -0.985269
vn 0.008524 -0.170801 -0.985269
vn 0.190972 -0.944686 -0.266642
vn 0.190974 -0.944687 -0.266636
vn 0.117511 -0.779629 -0.615118
vn 0.112871 -0.748848 -0.653059
vn 0.049088 -0.490561 -0.870023
vn 0.049088 -0.490564 -0.870022
vn 0.006104 -0.122296 -0.992475
vn 0.006104 -0.122297 -0.992475
vn 0.188151 -0.930730 -0.313593
vn 0.188152 -0.930731 -0.313590
vn 0.112871 -0.748856 -0.653050
vn 0.044778 -0.447487 -0.893169
vn 0.044778 -0.447489 -0.893168
vn 0.001224 -0.024518 -0.999699
vn 0.003668 -0.073496 -0.997289
vn 0.003668 -0.073496 -0.997289
vn 0.001224 -0.024518 -0.999699
vn 0.184876 -0.914530 -0.359800
vn 0.184877 -0.914532 -0.359794
vn 0.102787 -0.681950 -0.724140
vn 0.107959 -0.716263 -0.689429
vn 0.107960 -0.716266 -0.689425
vn 0.040360 -0.403336 -0.914162
vn 0.040360 -0.403334 -0.914162
vn 0.246682 -0.968786 -0.024537
vn 0.246683 -0.968786 -0.024533
vn 0.246089 -0.966453 -0.073544
vn 0.181156 -0.896130 -0.405133
vn 0.181157 -0.896131 -0.405132
vn 0.102787 -0.681947 -0.724143
vn 0.035844 -0.358202 -0.932956
vn 0.035844 -0.358204 -0.932955
vn 0.246089 -0.966453 -0.073542
vn 0.177000 -0.875568 -0.449502
vn 0.177000 -0.875567 -0.449503
vn 0.097368 -0.645992 -0.757109
vn 0.097369 -0.645995 -0.757106
vn 0.031241 -0.312209 -0.949500
vn 0.031241 -0.312209 -0.949499
vn 0.244902 -0.961794 -0.122374
vn 0.243127 -0.954820 -0.170907
vn 0.244903 -0.961794 -0.122371
vn 0.172417 -0.852898 -0.492786
vn 0.172417 -0.852898 -0.492785
vn 0.085838 -0.569494 -0.817502
vn 0.091713 -0.608478 -0.788253
vn 0.091713 -0.608476 -0.788255
vn 0.026564 -0.265464 -0.963755
vn 0.026564 -0.265466 -0.963754
vn 0.243127 -0.954819 -0.170911
vn 0.240765 -0.945544 -0.219042
vn 0.167420 -0.828178 -0.534876
vn 0.167420 -0.828178 -0.534875
vn 0.085838 -0.569493 -0.817502
vn 0.079756 -0.529143 -0.844776
vn 0.021822 -0.218079 -0.975687
vn 0.021822 -0.218076 -0.975688
vn 0.240765 -0.945546 -0.219031
vn 0.237823 -0.933994 -0.266636
vn 0.162018 -0.801456 -0.575689
vn 0.162018 -0.801457 -0.575688
vn 0.079756 -0.529144 -0.844775
vn 0.073479 -0.487505 -0.870023
vn 0.017027 -0.170162 -0.985269
vn 0.017027 -0.170163 -0.985269
vn 0.237823 -0.933993 -0.266640
vn 0.156226 -0.772807 -0.615112
vn 0.156225 -0.772803 -0.615118
vn 0.073479 -0.487504 -0.870024
vn 0.012192 -0.121841 -0.992475
vn 0.012192 -0.121840 -0.992475
vn 0.234310 -0.920195 -0.313593
vn 0.234310 -0.920195 -0.313592
vn 0.230232 -0.904180 -0.359794
vn 0.150060 -0.742299 -0.653050
vn 0.150057 -0.742292 -0.653059
vn 0.067027 -0.444699 -0.893169
vn 0.067028 -0.444702 -0.893167
vn 0.007327 -0.073221 -0.997289
vn 0.002444 -0.024427 -0.999699
vn 0.007327 -0.073222 -0.997289
vn 0.002444 -0.024427 -0.999699
vn 0.230232 -0.904176 -0.359803
vn 0.143528 -0.709991 -0.689429
vn 0.143528 -0.709992 -0.689429
vn 0.053654 -0.355972 -0.932955
vn 0.060413 -0.400818 -0.914164
vn 0.060414 -0.400820 -0.914162
vn 0.294667 -0.955285 -0.024537
vn 0.294668 -0.955285 -0.024535
vn 0.220424 -0.865657 -0.449502
vn 0.225600 -0.885986 -0.405133
vn 0.225600 -0.885986 -0.405133
vn 0.136653 -0.675979 -0.724140
vn 0.136651 -0.675975 -0.724143
vn 0.053654 -0.355971 -0.932955
vn 0.293958 -0.952985 -0.073536
vn 0.293957 -0.952985 -0.073542
vn 0.220424 -0.865656 -0.449503
vn 0.129448 -0.640339 -0.757106
vn 0.129446 -0.640336 -0.757109
vn 0.046765 -0.310264 -0.949499
vn 0.039763 -0.263810 -0.963755
vn 0.046765 -0.310265 -0.949499
vn 0.292540 -0.948391 -0.122373
vn 0.292540 -0.948391 -0.122374
vn 0.214718 -0.843248 -0.492777
vn 0.214716 -0.843244 -0.492785
vn 0.121930 -0.603152 -0.788251
vn 0.121929 -0.603148 -0.788255
vn 0.032665 -0.216720 -0.975687
vn 0.039763 -0.263811 -0.963755
vn 0.290418 -0.941513 -0.170911
vn 0.290418 -0.941513 -0.170911
vn 0.208493 -0.818803 -0.534876
vn 0.208492 -0.818802 -0.534878
vn 0.114118 -0.564509 -0.817500
vn 0.114117 -0.564507 -0.817502
vn 0.032665 -0.216718 -0.975688
vn 0.287597 -0.932368 -0.219038
vn 0.287599 -0.932369 -0.219031
vn 0.201766 -0.792384 -0.575689
vn 0.201765 -0.792384 -0.575689
vn 0.194553 -0.764059 -0.615112
vn 0.106033 -0.524511 -0.844775
vn 0.106030 -0.524504 -0.844780
vn 0.025488 -0.169103 -0.985269
vn 0.025488 -0.169102 -0.985269
vn 0.018250 -0.121082 -0.992475
vn 0.284084 -0.920977 -0.266640
vn 0.284085 -0.920978 -0.266635
vn 0.194553 -0.764057 -0.615115
vn 0.186871 -0.733889 -0.653059
vn 0.097690 -0.483242 -0.870019
vn 0.097688 -0.483235 -0.870024
vn 0.018250 -0.121081 -0.992475
vn 0.279887 -0.907371 -0.313592
vn 0.279887 -0.907372 -0.313591
vn 0.186871 -0.733893 -0.653055
vn 0.089110 -0.440807 -0.893168
vn 0.089111 -0.440808 -0.893167
vn 0.010968 -0.072766 -0.997289
vn 0.010967 -0.072765 -0.997289
vn 0.003659 -0.024275 -0.999699
vn 0.003659 -0.024275 -0.999699
vn 0.275016 -0.891579 -0.359796
vn 0.275014 -0.891577 -0.359803
vn 0.178739 -0.701955 -0.689429
vn 0.178739 -0.701955 -0.689428
vn 0.080318 -0.397309 -0.914164
vn 0.080317 -0.397307 -0.914164
vn 0.341916 -0.939410 -0.024535
vn 0.341917 -0.939410 -0.024528
vn 0.269482 -0.873640 -0.405133
vn 0.269480 -0.873637 -0.405141
vn 0.170177 -0.668327 -0.724140
vn 0.170175 -0.668322 -0.724145
vn 0.071331 -0.352854 -0.932956
vn 0.071331 -0.352856 -0.932955
vn 0.339450 -0.932630 -0.122373
vn 0.341093 -0.937148 -0.073545
vn 0.341094 -0.937148 -0.073536
vn 0.263300 -0.853597 -0.449494
vn 0.263298 -0.853593 -0.449502
vn 0.256482 -0.831497 -0.492777
vn 0.161205 -0.633092 -0.757104
vn 0.161203 -0.633088 -0.757109
vn 0.062172 -0.307548 -0.949499
vn 0.062172 -0.307548 -0.949499
vn 0.339450 -0.932630 -0.122375
vn 0.256482 -0.831490 -0.492789
vn 0.142115 -0.558119 -0.817500
vn 0.151841 -0.596320 -0.788255
vn 0.151843 -0.596325 -0.788251
vn 0.052863 -0.261500 -0.963755
vn 0.052863 -0.261501 -0.963755
vn 0.336988 -0.925866 -0.170912
vn 0.336988 -0.925866 -0.170911
vn 0.249048 -0.807392 -0.534878
vn 0.249048 -0.807392 -0.534877
vn 0.132043 -0.518566 -0.844780
vn 0.142115 -0.558122 -0.817498
vn 0.043427 -0.214820 -0.975688
vn 0.043427 -0.214820 -0.975688
vn 0.333714 -0.916874 -0.219038
vn 0.329638 -0.905673 -0.266635
vn 0.333716 -0.916875 -0.219032
vn 0.241012 -0.781340 -0.575691
vn 0.241013 -0.781342 -0.575689
vn 0.132043 -0.518569 -0.844779
vn 0.033885 -0.167622 -0.985269
vn 0.033886 -0.167624 -0.985269
vn 0.329638 -0.905673 -0.266637
vn 0.324768 -0.892293 -0.313591
vn 0.232396 -0.753410 -0.615115
vn 0.232399 -0.753415 -0.615107
vn 0.121656 -0.477772 -0.870019
vn 0.121653 -0.477765 -0.870024
vn 0.024262 -0.120019 -0.992475
vn 0.024263 -0.120021 -0.992475
vn 0.324768 -0.892292 -0.313592
vn 0.223221 -0.723666 -0.653055
vn 0.223221 -0.723665 -0.653055
vn 0.110974 -0.435819 -0.893166
vn 0.110973 -0.435817 -0.893168
vn 0.014581 -0.072129 -0.997289
vn 0.014581 -0.072128 -0.997289
vn 0.004864 -0.024062 -0.999699
vn 0.004864 -0.024062 -0.999699
vn 0.319116 -0.876763 -0.359794
vn 0.319115 -0.876762 -0.359796
vn 0.312693 -0.859118 -0.405141
vn 0.213506 -0.692171 -0.689430
vn 0.213507 -0.692173 -0.689428
vn 0.203277 -0.659008 -0.724145
vn 0.100021 -0.392810 -0.914164
vn 0.100023 -0.392813 -0.914163
vn 0.088831 -0.348861 -0.932955
vn 0.388317 -0.921199 -0.024536
vn 0.388318 -0.921199 -0.024528
vn 0.312693 -0.859116 -0.405146
vn 0.203279 -0.659016 -0.724138
vn 0.088831 -0.348861 -0.932955
vn 0.385515 -0.914551 -0.122375
vn 0.387383 -0.918981 -0.073545
vn 0.387383 -0.918981 -0.073545
vn 0.297609 -0.817672 -0.492789
vn 0.305521 -0.839411 -0.449495
vn 0.305521 -0.839412 -0.449494
vn 0.192562 -0.624270 -0.757104
vn 0.192559 -0.624263 -0.757111
vn 0.065832 -0.258540 -0.963755
vn 0.077425 -0.304066 -0.949499
vn 0.077425 -0.304066 -0.949499
vn 0.385515 -0.914550 -0.122376
vn 0.297609 -0.817673 -0.492788
vn 0.181377 -0.588010 -0.788255
vn 0.181378 -0.588013 -0.788253
vn 0.065832 -0.258539 -0.963755
vn 0.382720 -0.907919 -0.170906
vn 0.382719 -0.907918 -0.170912
vn 0.288985 -0.793978 -0.534871
vn 0.288982 -0.793974 -0.534877
vn 0.169759 -0.550344 -0.817498
vn 0.169757 -0.550341 -0.817501
vn 0.054081 -0.212388 -0.975688
vn 0.054081 -0.212389 -0.975688
vn 0.374373 -0.888116 -0.266637
vn 0.379001 -0.899099 -0.219040
vn 0.379003 -0.899101 -0.219032
vn 0.279658 -0.768356 -0.575691
vn 0.279658 -0.768355 -0.575693
vn 0.145317 -0.471107 -0.870024
vn 0.157728 -0.511342 -0.844779
vn 0.157729 -0.511345 -0.844777
vn 0.042199 -0.165726 -0.985268
vn 0.042199 -0.165726 -0.985269
vn 0.374372 -0.888117 -0.266634
vn 0.368841 -0.874995 -0.313593
vn 0.269661 -0.740889 -0.615114
vn 0.259016 -0.711639 -0.653055
vn 0.269664 -0.740894 -0.615107
vn 0.145318 -0.471111 -0.870021
vn 0.030215 -0.118661 -0.992475
vn 0.030215 -0.118661 -0.992475
vn 0.368841 -0.874996 -0.313590
vn 0.259016 -0.711639 -0.653055
vn 0.132556 -0.429739 -0.893170
vn 0.132560 -0.429746 -0.893166
vn 0.018158 -0.071312 -0.997289
vn 0.018158 -0.071312 -0.997289
vn 0.006058 -0.023790 -0.999699
vn 0.006058 -0.023790 -0.999699
vn 0.355127 -0.842462 -0.405145
vn 0.362422 -0.859767 -0.359794
vn 0.362421 -0.859766 -0.359797
vn 0.247744 -0.680669 -0.689429
vn 0.247743 -0.680668 -0.689430
vn 0.119480 -0.387342 -0.914161
vn 0.119478 -0.387339 -0.914163
vn 0.433753 -0.900697 -0.024536
vn 0.433753 -0.900697 -0.024535
vn 0.346982 -0.823139 -0.449494
vn 0.355127 -0.842462 -0.405145
vn 0.235877 -0.648064 -0.724138
vn 0.235875 -0.648061 -0.724141
vn 0.106109 -0.343997 -0.932956
vn 0.106110 -0.343999 -0.932955
vn 0.432709 -0.898529 -0.073545
vn 0.432709 -0.898529 -0.073545
vn 0.346982 -0.823139 -0.449495
vn 0.210462 -0.578241 -0.788253
vn 0.223440 -0.613895 -0.757105
vn 0.223437 -0.613888 -0.757111
vn 0.092485 -0.299829 -0.949499
vn 0.092486 -0.299832 -0.949498
vn 0.430623 -0.894198 -0.122367
vn 0.430622 -0.894197 -0.122377
vn 0.337998 -0.801826 -0.492780
vn 0.337995 -0.801822 -0.492788
vn 0.196979 -0.541194 -0.817501
vn 0.210462 -0.578237 -0.788256
vn 0.078637 -0.254936 -0.963755
vn 0.064600 -0.209429 -0.975688
vn 0.078637 -0.254934 -0.963756
vn 0.427501 -0.887713 -0.170906
vn 0.427499 -0.887712 -0.170915
vn 0.328198 -0.778581 -0.534880
vn 0.328202 -0.778586 -0.534871
vn 0.196980 -0.541198 -0.817499
vn 0.064601 -0.209431 -0.975687
vn 0.423348 -0.879090 -0.219037
vn 0.423347 -0.879090 -0.219040
vn 0.317611 -0.753461 -0.575691
vn 0.317610 -0.753460 -0.575693
vn 0.183021 -0.502846 -0.844778
vn 0.168621 -0.463282 -0.870021
vn 0.183022 -0.502847 -0.844777
vn 0.050407 -0.163415 -0.985269
vn 0.050407 -0.163417 -0.985268
vn 0.418176 -0.868351 -0.266639
vn 0.418177 -0.868352 -0.266634
vn 0.306257 -0.726527 -0.615114
vn 0.306257 -0.726527 -0.615114
vn 0.168620 -0.463278 -0.870023
vn 0.036092 -0.117008 -0.992475
vn 0.036092 -0.117008 -0.992475
vn 0.021690 -0.070318 -0.997289
vn 0.411999 -0.855523 -0.313590
vn 0.411999 -0.855523 -0.313589
vn 0.294167 -0.697846 -0.653052
vn 0.294165 -0.697844 -0.653055
vn 0.153815 -0.422602 -0.893167
vn 0.153813 -0.422597 -0.893170
vn 0.021690 -0.070318 -0.997289
vn 0.007236 -0.023458 -0.999699
vn 0.007236 -0.023459 -0.999699
vn 0.404827 -0.840631 -0.359797
vn 0.404827 -0.840631 -0.359798
vn 0.281363 -0.667474 -0.689429
vn 0.281363 -0.667474 -0.689430
vn 0.138637 -0.380902 -0.914163
vn 0.138638 -0.380905 -0.914161
vn 0.123124 -0.338280 -0.932956
vn 0.478111 -0.877957 -0.024535
vn 0.478111 -0.877957 -0.024538
vn 0.396682 -0.823717 -0.405134
vn 0.396678 -0.823713 -0.405145
vn 0.267885 -0.635499 -0.724140
vn 0.267884 -0.635498 -0.724141
vn 0.123125 -0.338283 -0.932955
vn 0.476960 -0.875843 -0.073538
vn 0.476959 -0.875843 -0.073545
vn 0.387581 -0.804820 -0.449495
vn 0.387578 -0.804816 -0.449504
vn 0.253759 -0.601989 -0.757110
vn 0.253762 -0.601994 -0.757105
vn 0.107317 -0.294849 -0.949498
vn 0.107315 -0.294845 -0.949500
vn 0.474660 -0.871621 -0.122372
vn 0.474660 -0.871621 -0.122367
vn 0.377546 -0.783981 -0.492780
vn 0.377546 -0.783982 -0.492780
vn 0.239022 -0.567028 -0.788256
vn 0.239025 -0.567033 -0.788252
vn 0.091246 -0.250698 -0.963756
vn 0.091248 -0.250701 -0.963754
vn 0.471217 -0.865299 -0.170915
vn 0.471218 -0.865300 -0.170910
vn 0.366600 -0.761254 -0.534880
vn 0.366602 -0.761256 -0.534877
vn 0.223711 -0.530706 -0.817499
vn 0.223710 -0.530705 -0.817500
vn 0.074960 -0.205951 -0.975687
vn 0.058490 -0.160700 -0.985269
vn 0.074959 -0.205949 -0.975687
vn 0.466640 -0.856896 -0.219037
vn 0.466641 -0.856896 -0.219032
vn 0.354773 -0.736695 -0.575688
vn 0.354772 -0.736693 -0.575691
vn 0.207858 -0.493098 -0.844778
vn 0.207857 -0.493096 -0.844779
vn 0.058490 -0.160699 -0.985269
vn 0.460939 -0.846427 -0.266639
vn 0.460939 -0.846427 -0.266638
vn 0.342090 -0.710358 -0.615114
vn 0.342089 -0.710356 -0.615118
vn 0.328586 -0.682316 -0.653052
vn 0.191503 -0.454298 -0.870023
vn 0.191503 -0.454298 -0.870023
vn 0.041880 -0.115064 -0.992475
vn 0.041880 -0.115063 -0.992475
vn 0.025168 -0.069149 -0.997289
vn 0.454129 -0.833922 -0.313595
vn 0.454130 -0.833923 -0.313589
vn 0.446225 -0.819407 -0.359798
vn 0.328586 -0.682316 -0.653052
vn 0.174689 -0.414412 -0.893166
vn 0.174688 -0.414411 -0.893167
vn 0.025168 -0.069149 -0.997289
vn 0.008396 -0.023069 -0.999699
vn 0.008396 -0.023069 -0.999699
vn 0.446225 -0.819406 -0.359802
vn 0.314284 -0.652619 -0.689430
vn 0.314286 -0.652621 -0.689428
vn 0.157449 -0.373515 -0.914164
vn 0.157451 -0.373518 -0.914163
vn 0.521278 -0.853034 -0.024540
vn 0.521278 -0.853034 -0.024538
vn 0.437248 -0.802920 -0.405134
vn 0.437248 -0.802920 -0.405134
vn 0.299228 -0.621353 -0.724143
vn 0.299229 -0.621355 -0.724140
vn 0.139834 -0.331724 -0.932955
vn 0.139834 -0.331725 -0.932955
vn 0.520023 -0.850981 -0.073533
vn 0.520023 -0.850981 -0.073538
vn 0.517516 -0.846878 -0.122372
vn 0.416155 -0.764188 -0.492780
vn 0.427215 -0.784497 -0.449502
vn 0.427214 -0.784496 -0.449504
vn 0.283451 -0.588592 -0.757110
vn 0.283451 -0.588592 -0.757109
vn 0.266992 -0.554414 -0.788252
vn 0.121880 -0.289134 -0.949498
vn 0.121878 -0.289130 -0.949500
vn 0.517516 -0.846877 -0.122383
vn 0.416155 -0.764190 -0.492776
vn 0.249887 -0.518894 -0.817500
vn 0.266991 -0.554412 -0.788254
vn 0.103631 -0.245841 -0.963754
vn 0.103629 -0.245838 -0.963755
vn 0.513764 -0.840736 -0.170909
vn 0.513763 -0.840736 -0.170911
vn 0.404089 -0.742033 -0.534882
vn 0.404092 -0.742036 -0.534877
vn 0.249887 -0.518895 -0.817499
vn 0.066427 -0.157584 -0.985269
vn 0.085133 -0.201958 -0.975687
vn 0.085132 -0.201957 -0.975688
vn 0.508774 -0.832571 -0.219032
vn 0.508774 -0.832571 -0.219029
vn 0.391054 -0.718094 -0.575688
vn 0.391053 -0.718093 -0.575690
vn 0.232178 -0.482122 -0.844779
vn 0.232178 -0.482122 -0.844779
vn 0.066428 -0.157585 -0.985269
vn 0.502557 -0.822398 -0.266641
vn 0.502558 -0.822399 -0.266638
vn 0.377072 -0.692421 -0.615117
vn 0.377076 -0.692427 -0.615108
vn 0.213912 -0.444192 -0.870020
vn 0.213909 -0.444188 -0.870023
vn 0.047562 -0.112832 -0.992475
vn 0.047563 -0.112833 -0.992475
vn 0.495133 -0.810249 -0.313592
vn 0.495133 -0.810248 -0.313594
vn 0.362184 -0.665082 -0.653061
vn 0.362189 -0.665088 -0.653052
vn 0.195129 -0.405189 -0.893166
vn 0.195127 -0.405187 -0.893168
vn 0.028584 -0.067809 -0.997289
vn 0.028584 -0.067809 -0.997289
vn 0.009536 -0.022621 -0.999699
vn 0.009536 -0.022621 -0.999699
vn 0.486515 -0.796147 -0.359795
vn 0.486513 -0.796145 -0.359802
vn 0.346428 -0.636147 -0.689423
vn 0.346425 -0.636144 -0.689428
vn 0.329828 -0.605666 -0.724143
vn 0.175872 -0.365203 -0.914164
vn 0.175872 -0.365202 -0.914164
vn 0.156195 -0.324342 -0.932955
vn 0.563151 -0.825990 -0.024531
vn 0.563150 -0.825990 -0.024540
vn 0.476726 -0.780127 -0.405134
vn 0.476724 -0.780126 -0.405138
vn 0.329827 -0.605663 -0.724145
vn 0.156195 -0.324342 -0.932955
vn 0.561794 -0.824001 -0.073549
vn 0.561796 -0.824001 -0.073533
vn 0.465787 -0.762227 -0.449502
vn 0.465788 -0.762229 -0.449498
vn 0.312440 -0.573736 -0.757105
vn 0.312437 -0.573732 -0.757109
vn 0.136141 -0.282699 -0.949498
vn 0.136141 -0.282699 -0.949498
vn 0.555032 -0.814082 -0.170911
vn 0.559086 -0.820028 -0.122383
vn 0.559087 -0.820028 -0.122375
vn 0.453727 -0.742492 -0.492785
vn 0.453730 -0.742496 -0.492776
vn 0.294293 -0.540413 -0.788255
vn 0.294294 -0.540414 -0.788254
vn 0.115755 -0.240368 -0.963755
vn 0.115754 -0.240367 -0.963755
vn 0.555032 -0.814082 -0.170909
vn 0.440575 -0.720969 -0.534881
vn 0.440577 -0.720972 -0.534876
vn 0.275441 -0.505795 -0.817499
vn 0.275440 -0.505794 -0.817499
vn 0.095093 -0.197463 -0.975687
vn 0.095093 -0.197462 -0.975688
vn 0.542925 -0.796326 -0.266641
vn 0.549641 -0.806176 -0.219029
vn 0.549642 -0.806177 -0.219028
vn 0.426359 -0.697706 -0.575695
vn 0.426361 -0.697708 -0.575691
vn 0.255921 -0.469950 -0.844779
vn 0.235787 -0.432977 -0.870020
vn 0.255921 -0.469949 -0.844779
vn 0.074200 -0.154078 -0.985269
vn 0.074200 -0.154077 -0.985269
vn 0.542926 -0.796327 -0.266636
vn 0.411122 -0.672771 -0.615108
vn 0.411123 -0.672772 -0.615106
vn 0.235785 -0.432973 -0.870023
vn 0.053128 -0.110321 -0.992475
vn 0.053129 -0.110323 -0.992475
vn 0.534904 -0.784562 -0.313592
vn 0.525595 -0.770907 -0.359795
vn 0.534904 -0.784562 -0.313593
vn 0.394886 -0.646202 -0.653061
vn 0.394885 -0.646201 -0.653062
vn 0.215082 -0.394957 -0.893168
vn 0.215083 -0.394958 -0.893167
vn 0.031929 -0.066300 -0.997289
vn 0.010651 -0.022118 -0.999699
vn 0.031928 -0.066300 -0.997289
vn 0.010651 -0.022118 -0.999699
vn 0.515019 -0.755393 -0.405138
vn 0.525594 -0.770905 -0.359801
vn 0.377707 -0.618089 -0.689423
vn 0.377706 -0.618088 -0.689423
vn 0.193858 -0.355982 -0.914164
vn 0.193858 -0.355982 -0.914164
vn 0.603623 -0.796892 -0.024531
vn 0.603622 -0.796893 -0.024539
vn 0.503203 -0.738064 -0.449498
vn 0.515019 -0.755395 -0.405133
vn 0.359607 -0.588471 -0.724144
vn 0.359607 -0.588470 -0.724145
vn 0.172168 -0.316153 -0.932955
vn 0.172168 -0.316154 -0.932955
vn 0.602170 -0.794974 -0.073541
vn 0.602169 -0.794974 -0.073549
vn 0.503201 -0.738060 -0.449507
vn 0.490174 -0.718952 -0.492785
vn 0.340649 -0.557447 -0.757107
vn 0.340650 -0.557449 -0.757105
vn 0.150061 -0.275558 -0.949499
vn 0.150063 -0.275561 -0.949498
vn 0.599265 -0.791142 -0.122375
vn 0.594920 -0.785405 -0.170910
vn 0.599266 -0.791142 -0.122369
vn 0.490176 -0.718957 -0.492777
vn 0.320867 -0.525074 -0.788252
vn 0.320865 -0.525072 -0.788255
vn 0.127594 -0.234302 -0.963754
vn 0.127592 -0.234299 -0.963755
vn 0.104817 -0.192476 -0.975688
vn 0.594920 -0.785404 -0.170912
vn 0.475967 -0.698114 -0.534876
vn 0.475964 -0.698112 -0.534881
vn 0.300310 -0.491435 -0.817499
vn 0.300307 -0.491431 -0.817503
vn 0.104817 -0.192476 -0.975688
vn 0.581945 -0.768274 -0.266636
vn 0.589142 -0.777776 -0.219036
vn 0.589143 -0.777777 -0.219028
vn 0.460608 -0.675588 -0.575692
vn 0.460607 -0.675586 -0.575695
vn 0.279031 -0.456612 -0.844776
vn 0.279028 -0.456609 -0.844779
vn 0.081788 -0.150187 -0.985269
vn 0.058562 -0.107537 -0.992475
vn 0.081788 -0.150187 -0.985269
vn 0.581946 -0.768275 -0.266632
vn 0.444147 -0.651443 -0.615106
vn 0.426605 -0.625714 -0.653061
vn 0.444146 -0.651442 -0.615108
vn 0.257073 -0.420683 -0.870023
vn 0.257076 -0.420686 -0.870020
vn 0.035193 -0.064626 -0.997289
vn 0.058562 -0.107537 -0.992475
vn 0.573345 -0.756921 -0.313603
vn 0.573348 -0.756923 -0.313593
vn 0.563368 -0.743747 -0.359802
vn 0.426607 -0.625719 -0.653056
vn 0.234502 -0.383746 -0.893167
vn 0.234500 -0.383743 -0.893169
vn 0.035193 -0.064626 -0.997289
vn 0.011741 -0.021559 -0.999699
vn 0.011741 -0.021559 -0.999699
vn 0.563369 -0.743750 -0.359795
vn 0.552033 -0.728784 -0.405133
vn 0.408046 -0.598493 -0.689423
vn 0.388494 -0.569815 -0.724144
vn 0.408042 -0.598488 -0.689430
vn 0.211361 -0.345877 -0.914164
vn 0.211361 -0.345877 -0.914164
vn 0.642594 -0.765814 -0.024532
vn 0.642594 -0.765814 -0.024539
vn 0.552033 -0.728783 -0.405136
vn 0.539365 -0.712060 -0.449507
vn 0.388495 -0.569817 -0.724141
vn 0.187714 -0.307180 -0.932954
vn 0.187713 -0.307179 -0.932955
vn 0.641047 -0.763970 -0.073541
vn 0.641047 -0.763970 -0.073542
vn 0.539366 -0.712062 -0.449503
vn 0.525404 -0.693629 -0.492777
vn 0.368011 -0.539774 -0.757108
vn 0.368012 -0.539774 -0.757107
vn 0.163610 -0.267737 -0.949499
vn 0.163610 -0.267736 -0.949499
vn 0.637957 -0.760287 -0.122369
vn 0.637956 -0.760287 -0.122378
vn 0.525403 -0.693626 -0.492783
vn 0.346639 -0.508425 -0.788255
vn 0.346641 -0.508428 -0.788252
vn 0.324430 -0.475850 -0.817503
vn 0.139113 -0.227649 -0.963755
vn 0.139114 -0.227651 -0.963754
vn 0.633330 -0.754773 -0.170912
vn 0.633330 -0.754773 -0.170912
vn 0.510172 -0.673519 -0.534880
vn 0.510171 -0.673519 -0.534881
vn 0.301443 -0.442137 -0.844776
vn 0.324433 -0.475857 -0.817499
vn 0.114281 -0.187013 -0.975687
vn 0.114280 -0.187012 -0.975688
vn 0.627179 -0.747442 -0.219036
vn 0.627180 -0.747443 -0.219033
vn 0.493710 -0.651789 -0.575692
vn 0.493714 -0.651792 -0.575686
vn 0.277726 -0.407349 -0.870020
vn 0.301442 -0.442134 -0.844778
vn 0.089172 -0.145924 -0.985269
vn 0.089172 -0.145923 -0.985269
vn 0.619518 -0.738312 -0.266632
vn 0.619518 -0.738312 -0.266632
vn 0.457267 -0.603676 -0.653056
vn 0.476065 -0.628493 -0.615108
vn 0.476063 -0.628491 -0.615113
vn 0.277724 -0.407345 -0.870023
vn 0.063849 -0.104484 -0.992475
vn 0.063849 -0.104484 -0.992475
vn 0.610361 -0.727401 -0.313602
vn 0.610363 -0.727402 -0.313598
vn 0.599741 -0.714744 -0.359795
vn 0.457266 -0.603675 -0.653058
vn 0.253340 -0.371580 -0.893167
vn 0.253337 -0.371577 -0.893169
vn 0.038371 -0.062791 -0.997289
vn 0.012801 -0.020947 -0.999699
vn 0.038371 -0.062792 -0.997289
vn 0.012801 -0.020947 -0.999699
vn 0.599740 -0.714743 -0.359797
vn 0.416414 -0.549744 -0.724141
vn 0.437367 -0.577405 -0.689430
vn 0.437371 -0.577409 -0.689423
vn 0.228339 -0.334912 -0.914164
vn 0.202792 -0.297442 -0.932954
vn 0.228340 -0.334913 -0.914163
vn 0.679968 -0.732831 -0.024532
vn 0.679968 -0.732831 -0.024532
vn 0.587671 -0.700359 -0.405142
vn 0.587673 -0.700361 -0.405136
vn 0.574189 -0.684291 -0.449503
vn 0.416414 -0.549744 -0.724142
vn 0.202791 -0.297439 -0.932956
vn 0.678330 -0.731066 -0.073551
vn 0.678332 -0.731066 -0.073542
vn 0.574190 -0.684292 -0.449500
vn 0.559323 -0.666575 -0.492782
vn 0.394459 -0.520759 -0.757107
vn 0.394459 -0.520759 -0.757107
vn 0.176753 -0.259249 -0.949499
vn 0.176753 -0.259249 -0.949499
vn 0.675062 -0.727542 -0.122369
vn 0.670165 -0.722266 -0.170911
vn 0.675060 -0.727542 -0.122378
vn 0.559325 -0.666579 -0.492776
vn 0.371550 -0.490515 -0.788255
vn 0.347749 -0.459093 -0.817499
vn 0.371549 -0.490514 -0.788256
vn 0.150288 -0.220432 -0.963755
vn 0.150288 -0.220432 -0.963755
vn 0.123461 -0.181084 -0.975687
vn 0.670165 -0.722266 -0.170913
vn 0.543110 -0.647254 -0.534877
vn 0.543109 -0.647253 -0.534880
vn 0.323106 -0.426559 -0.844778
vn 0.347749 -0.459092 -0.817499
vn 0.123460 -0.181082 -0.975688
vn 0.663656 -0.715251 -0.219036
vn 0.663657 -0.715251 -0.219033
vn 0.525589 -0.626372 -0.575686
vn 0.525584 -0.626369 -0.575694
vn 0.323106 -0.426560 -0.844777
vn 0.297683 -0.392996 -0.870023
vn 0.068978 -0.101172 -0.992475
vn 0.096336 -0.141299 -0.985268
vn 0.096334 -0.141297 -0.985269
vn 0.655550 -0.706513 -0.266632
vn 0.655549 -0.706513 -0.266638
vn 0.506802 -0.603982 -0.615108
vn 0.506798 -0.603980 -0.615113
vn 0.297682 -0.392994 -0.870024
vn 0.041453 -0.060801 -0.997289
vn 0.068977 -0.101171 -0.992475
vn 0.645864 -0.696074 -0.313592
vn 0.645862 -0.696073 -0.313599
vn 0.486788 -0.580132 -0.653058
vn 0.486789 -0.580133 -0.653056
vn 0.271546 -0.358490 -0.893167
vn 0.271546 -0.358491 -0.893167
vn 0.013829 -0.020283 -0.999699
vn 0.041454 -0.060801 -0.997289
vn 0.013829 -0.020283 -0.999699
vn 0.634623 -0.683960 -0.359796
vn 0.634622 -0.683960 -0.359797
vn 0.465609 -0.554890 -0.689424
vn 0.465604 -0.554886 -0.689430
vn 0.217365 -0.286961 -0.932956
vn 0.244749 -0.323113 -0.914164
vn 0.244751 -0.323115 -0.914163
vn 0.715652 -0.698026 -0.024529
vn 0.715652 -0.698026 -0.024532
vn 0.621854 -0.670199 -0.405131
vn 0.621849 -0.670196 -0.405142
vn 0.443300 -0.528304 -0.724141
vn 0.443300 -0.528303 -0.724142
vn 0.217365 -0.286962 -0.932955
vn 0.713927 -0.696347 -0.073551
vn 0.713929 -0.696346 -0.073533
vn 0.607583 -0.654821 -0.449503
vn 0.607584 -0.654822 -0.449500
vn 0.591856 -0.637870 -0.492777
vn 0.419927 -0.500449 -0.757107
vn 0.419928 -0.500450 -0.757106
vn 0.189456 -0.250116 -0.949499
vn 0.189456 -0.250116 -0.949499
vn 0.710485 -0.692989 -0.122381
vn 0.710487 -0.692989 -0.122369
vn 0.591854 -0.637868 -0.492781
vn 0.370200 -0.441188 -0.817499
vn 0.395539 -0.471385 -0.788254
vn 0.395538 -0.471384 -0.788256
vn 0.161089 -0.212667 -0.963755
vn 0.132333 -0.174703 -0.975688
vn 0.161089 -0.212667 -0.963755
vn 0.705334 -0.687963 -0.170910
vn 0.705333 -0.687963 -0.170913
vn 0.574695 -0.619374 -0.534885
vn 0.574699 -0.619377 -0.534877
vn 0.370198 -0.441184 -0.817503
vn 0.132333 -0.174704 -0.975688
vn 0.698483 -0.681282 -0.219035
vn 0.698483 -0.681282 -0.219036
vn 0.556158 -0.599394 -0.575687
vn 0.556153 -0.599391 -0.575694
vn 0.343968 -0.409925 -0.844776
vn 0.343967 -0.409924 -0.844777
vn 0.316901 -0.377667 -0.870024
vn 0.103260 -0.136322 -0.985268
vn 0.103260 -0.136322 -0.985268
vn 0.073934 -0.097607 -0.992475
vn 0.689950 -0.672959 -0.266638
vn 0.689950 -0.672959 -0.266639
vn 0.536277 -0.577970 -0.615108
vn 0.536278 -0.577971 -0.615106
vn 0.316901 -0.377668 -0.870023
vn 0.044433 -0.058659 -0.997289
vn 0.073934 -0.097607 -0.992475
vn 0.679756 -0.663016 -0.313594
vn 0.679757 -0.663016 -0.313592
vn 0.492685 -0.530987 -0.689430
vn 0.515102 -0.555147 -0.653056
vn 0.515098 -0.555144 -0.653061
vn 0.289078 -0.344510 -0.893167
vn 0.289077 -0.344509 -0.893167
vn 0.014823 -0.019569 -0.999699
vn 0.044432 -0.058659 -0.997289
vn 0.014823 -0.019569 -0.999699
vn 0.667926 -0.651477 -0.359795
vn 0.667925 -0.651476 -0.359799
vn 0.492687 -0.530991 -0.689426
vn 0.260550 -0.310512 -0.914164
vn 0.260551 -0.310512 -0.914164
vn 0.749556 -0.661487 -0.024529
vn 0.749555 -0.661487 -0.024541
vn 0.654487 -0.638368 -0.405134
vn 0.654488 -0.638369 -0.405131
vn 0.469080 -0.505549 -0.724144
vn 0.469083 -0.505551 -0.724141
vn 0.231399 -0.275771 -0.932955
vn 0.231399 -0.275771 -0.932955
vn 0.747752 -0.659894 -0.073533
vn 0.747751 -0.659894 -0.073541
vn 0.639470 -0.623721 -0.449500
vn 0.639469 -0.623720 -0.449503
vn 0.444351 -0.478897 -0.757106
vn 0.444352 -0.478897 -0.757106
vn 0.171489 -0.204373 -0.963755
vn 0.201686 -0.240361 -0.949500
vn 0.201687 -0.240362 -0.949499
vn 0.744145 -0.656712 -0.122381
vn 0.744147 -0.656712 -0.122367
vn 0.622913 -0.607572 -0.492784
vn 0.622914 -0.607572 -0.492781
vn 0.418544 -0.451083 -0.788254
vn 0.418544 -0.451083 -0.788254
vn 0.171490 -0.204374 -0.963754
vn 0.140877 -0.167891 -0.975688
vn 0.738748 -0.651950 -0.170918
vn 0.738750 -0.651950 -0.170910
vn 0.604856 -0.589959 -0.534881
vn 0.604854 -0.589958 -0.534885
vn 0.391730 -0.422184 -0.817501
vn 0.391728 -0.422183 -0.817503
vn 0.140877 -0.167891 -0.975688
vn 0.731574 -0.645618 -0.219035
vn 0.731576 -0.645619 -0.219029
vn 0.585343 -0.570928 -0.575687
vn 0.585346 -0.570930 -0.575681
vn 0.363973 -0.392270 -0.844776
vn 0.363973 -0.392270 -0.844777
vn 0.109925 -0.131004 -0.985269
vn 0.109927 -0.131005 -0.985268
vn 0.078708 -0.093800 -0.992475
vn 0.722637 -0.637731 -0.266638
vn 0.722636 -0.637731 -0.266639
vn 0.564422 -0.550520 -0.615106
vn 0.564415 -0.550516 -0.615116
vn 0.335333 -0.361403 -0.870023
vn 0.335333 -0.361403 -0.870023
vn 0.078708 -0.093801 -0.992475
vn 0.711960 -0.628309 -0.313594
vn 0.711960 -0.628309 -0.313594
vn 0.542130 -0.528778 -0.653061
vn 0.542132 -0.528780 -0.653058
vn 0.305890 -0.329671 -0.893168
vn 0.305890 -0.329672 -0.893167
vn 0.015780 -0.018806 -0.999699
vn 0.047301 -0.056371 -0.997289
vn 0.015780 -0.018805 -0.999699
vn 0.047301 -0.056371 -0.997289
vn 0.699567 -0.617372 -0.359803
vn 0.699569 -0.617373 -0.359798
vn 0.518540 -0.505769 -0.689430
vn 0.518543 -0.505771 -0.689426
vn 0.275704 -0.297138 -0.914164
vn 0.275705 -0.297139 -0.914164
vn 0.781596 -0.623302 -0.024542
vn 0.781597 -0.623301 -0.024532
vn 0.685493 -0.604951 -0.405134
vn 0.685494 -0.604952 -0.405130
vn 0.493697 -0.481539 -0.724144
vn 0.493704 -0.481544 -0.724136
vn 0.244858 -0.263894 -0.932955
vn 0.244859 -0.263895 -0.932954
vn 0.779714 -0.621802 -0.073541
vn 0.779714 -0.621802 -0.073540
vn 0.669765 -0.591071 -0.449499
vn 0.669765 -0.591072 -0.449499
vn 0.467670 -0.456152 -0.757106
vn 0.467665 -0.456149 -0.757111
vn 0.213417 -0.230009 -0.949499
vn 0.213417 -0.230009 -0.949499
vn 0.775956 -0.618804 -0.122368
vn 0.775955 -0.618804 -0.122373
vn 0.652422 -0.575767 -0.492786
vn 0.652423 -0.575767 -0.492784
vn 0.440507 -0.429658 -0.788256
vn 0.440509 -0.429659 -0.788254
vn 0.181463 -0.195571 -0.963755
vn 0.181464 -0.195572 -0.963754
vn 0.762847 -0.608351 -0.219029
vn 0.770328 -0.614316 -0.170912
vn 0.770327 -0.614316 -0.170918
vn 0.633511 -0.559077 -0.534880
vn 0.633511 -0.559077 -0.534881
vn 0.412292 -0.402137 -0.817497
vn 0.412287 -0.402134 -0.817501
vn 0.149071 -0.160660 -0.975687
vn 0.149070 -0.160660 -0.975688
vn 0.762847 -0.608350 -0.219033
vn 0.613077 -0.541043 -0.575681
vn 0.613074 -0.541042 -0.575686
vn 0.383074 -0.373640 -0.844777
vn 0.383070 -0.373636 -0.844780
vn 0.116319 -0.125362 -0.985269
vn 0.116319 -0.125362 -0.985269
vn 0.753528 -0.600918 -0.266634
vn 0.753526 -0.600918 -0.266638
vn 0.591158 -0.521699 -0.615111
vn 0.591155 -0.521698 -0.615116
vn 0.352931 -0.344239 -0.870023
vn 0.352934 -0.344241 -0.870020
vn 0.083286 -0.089761 -0.992475
vn 0.083286 -0.089761 -0.992475
vn 0.742392 -0.592039 -0.313599
vn 0.742394 -0.592039 -0.313594
vn 0.567815 -0.501100 -0.653058
vn 0.567815 -0.501100 -0.653058
vn 0.321942 -0.314014 -0.893168
vn 0.321942 -0.314014 -0.893168
vn 0.050052 -0.053943 -0.997289
vn 0.050052 -0.053943 -0.997289
vn 0.016697 -0.017996 -0.999699
vn 0.016698 -0.017996 -0.999699
vn 0.729470 -0.581734 -0.359803
vn 0.729474 -0.581736 -0.359793
vn 0.543104 -0.479293 -0.689432
vn 0.543106 -0.479294 -0.689430
vn 0.290172 -0.283026 -0.914164
vn 0.290173 -0.283027 -0.914164
vn 0.811694 -0.583568 -0.024531
vn 0.811693 -0.583568 -0.024538
vn 0.714797 -0.570031 -0.405130
vn 0.698395 -0.556952 -0.449499
vn 0.714793 -0.570030 -0.405137
vn 0.517093 -0.456336 -0.724136
vn 0.517089 -0.456333 -0.724140
vn 0.257708 -0.251362 -0.932954
vn 0.257707 -0.251361 -0.932955
vn 0.809740 -0.582163 -0.073540
vn 0.809740 -0.582163 -0.073540
vn 0.698394 -0.556949 -0.449504
vn 0.489821 -0.432270 -0.757111
vn 0.489826 -0.432273 -0.757107
vn 0.224617 -0.219085 -0.949499
vn 0.224616 -0.219085 -0.949500
vn 0.805836 -0.579356 -0.122373
vn 0.799991 -0.575155 -0.170912
vn 0.805836 -0.579356 -0.122369
vn 0.680311 -0.542530 -0.492786
vn 0.660592 -0.526804 -0.534880
vn 0.680314 -0.542531 -0.492781
vn 0.461377 -0.407167 -0.788255
vn 0.461376 -0.407167 -0.788256
vn 0.190985 -0.186282 -0.963755
vn 0.190988 -0.186284 -0.963754
vn 0.799991 -0.575155 -0.170912
vn 0.660592 -0.526805 -0.534877
vn 0.431824 -0.381087 -0.817497
vn 0.431823 -0.381087 -0.817497
vn 0.156894 -0.153030 -0.975687
vn 0.156893 -0.153029 -0.975688
vn 0.782544 -0.562611 -0.266634
vn 0.792222 -0.569569 -0.219034
vn 0.792222 -0.569569 -0.219032
vn 0.639281 -0.509810 -0.575685
vn 0.639281 -0.509810 -0.575685
vn 0.401218 -0.354077 -0.844780
vn 0.401218 -0.354077 -0.844780
vn 0.122422 -0.119407 -0.985269
vn 0.122423 -0.119408 -0.985269
vn 0.782543 -0.562609 -0.266641
vn 0.616424 -0.491582 -0.615117
vn 0.616428 -0.491584 -0.615111
vn 0.369652 -0.326220 -0.870022
vn 0.369654 -0.326221 -0.870020
vn 0.087657 -0.085498 -0.992475
vn 0.087657 -0.085498 -0.992475
vn 0.770980 -0.554297 -0.313599
vn 0.770983 -0.554298 -0.313590
vn 0.592091 -0.472176 -0.653053
vn 0.566320 -0.451625 -0.689432
vn 0.592087 -0.472174 -0.653058
vn 0.337194 -0.297575 -0.893168
vn 0.337195 -0.297576 -0.893168
vn 0.052679 -0.051382 -0.997289
vn 0.017574 -0.017141 -0.999699
vn 0.052678 -0.051381 -0.997289
vn 0.017574 -0.017141 -0.999699
vn 0.742319 -0.533691 -0.405137
vn 0.757564 -0.544652 -0.359793
vn 0.757563 -0.544651 -0.359795
vn 0.566320 -0.451626 -0.689431
vn 0.303920 -0.268211 -0.914164
vn 0.303922 -0.268212 -0.914163
vn 0.839773 -0.542383 -0.024527
vn 0.839772 -0.542384 -0.024539
vn 0.742318 -0.533690 -0.405141
vn 0.725287 -0.521445 -0.449504
vn 0.539192 -0.429992 -0.724140
vn 0.539192 -0.429992 -0.724140
vn 0.510764 -0.407321 -0.757107
vn 0.269917 -0.238203 -0.932955
vn 0.269916 -0.238202 -0.932955
vn 0.837751 -0.541078 -0.073540
vn 0.837751 -0.541078 -0.073539
vn 0.725288 -0.521447 -0.449500
vn 0.481099 -0.383663 -0.788255
vn 0.510760 -0.407317 -0.757111
vn 0.235257 -0.207616 -0.949500
vn 0.235258 -0.207616 -0.949500
vn 0.833713 -0.538469 -0.122370
vn 0.833711 -0.538469 -0.122379
vn 0.706509 -0.507945 -0.492785
vn 0.706511 -0.507946 -0.492781
vn 0.481104 -0.383668 -0.788250
vn 0.200036 -0.176532 -0.963754
vn 0.200035 -0.176532 -0.963754
vn 0.827666 -0.534563 -0.170912
vn 0.827666 -0.534563 -0.170911
vn 0.686031 -0.493222 -0.534877
vn 0.686031 -0.493222 -0.534877
vn 0.418369 -0.333638 -0.844780
vn 0.450282 -0.359088 -0.817497
vn 0.450277 -0.359085 -0.817501
vn 0.164326 -0.145018 -0.975688
vn 0.128222 -0.113156 -0.985269
vn 0.164326 -0.145019 -0.975688
vn 0.819627 -0.529372 -0.219036
vn 0.819628 -0.529372 -0.219032
vn 0.663899 -0.477310 -0.575685
vn 0.663898 -0.477310 -0.575687
vn 0.418369 -0.333638 -0.844780
vn 0.128223 -0.113157 -0.985269
vn 0.809613 -0.522904 -0.266642
vn 0.809614 -0.522904 -0.266638
vn 0.640161 -0.460244 -0.615117
vn 0.640164 -0.460246 -0.615113
vn 0.385453 -0.307389 -0.870022
vn 0.385454 -0.307389 -0.870021
vn 0.091809 -0.081022 -0.992475
vn 0.091809 -0.081022 -0.992475
vn 0.797653 -0.515179 -0.313591
vn 0.797654 -0.515179 -0.313590
vn 0.614891 -0.442076 -0.653053
vn 0.614888 -0.442074 -0.653057
vn 0.351608 -0.280398 -0.893168
vn 0.351610 -0.280400 -0.893166
vn 0.055174 -0.048692 -0.997289
vn 0.055175 -0.048692 -0.997289
vn 0.018406 -0.016244 -0.999699
vn 0.018406 -0.016244 -0.999699
vn 0.783769 -0.506212 -0.359800
vn 0.783771 -0.506212 -0.359795
vn 0.588130 -0.422836 -0.689429
vn 0.588128 -0.422835 -0.689431
vn 0.316911 -0.252728 -0.914164
vn 0.316913 -0.252730 -0.914163
vn 0.865764 -0.499850 -0.024535
vn 0.865765 -0.499849 -0.024527
vn 0.767999 -0.496025 -0.405138
vn 0.767997 -0.496025 -0.405141
vn 0.559955 -0.402581 -0.724140
vn 0.559959 -0.402583 -0.724136
vn 0.245314 -0.195631 -0.949500
vn 0.281454 -0.224452 -0.932955
vn 0.281453 -0.224451 -0.932955
vn 0.863681 -0.498645 -0.073540
vn 0.863680 -0.498646 -0.073546
vn 0.750382 -0.484648 -0.449493
vn 0.750378 -0.484646 -0.449500
vn 0.530428 -0.381353 -0.757111
vn 0.530430 -0.381353 -0.757109
vn 0.245317 -0.195634 -0.949498
vn 0.859516 -0.496242 -0.122379
vn 0.859517 -0.496241 -0.122370
vn 0.730950 -0.472098 -0.492785
vn 0.730947 -0.472097 -0.492788
vn 0.499624 -0.359206 -0.788256
vn 0.499631 -0.359209 -0.788250
vn 0.208584 -0.166340 -0.963755
vn 0.208586 -0.166342 -0.963754
vn 0.853283 -0.492643 -0.170913
vn 0.853283 -0.492643 -0.170911
vn 0.709763 -0.458414 -0.534877
vn 0.709765 -0.458415 -0.534874
vn 0.467618 -0.336194 -0.817500
vn 0.467617 -0.336194 -0.817501
vn 0.171350 -0.136647 -0.975688
vn 0.171351 -0.136648 -0.975688
vn 0.844996 -0.487858 -0.219036
vn 0.844995 -0.487858 -0.219039
vn 0.686864 -0.443624 -0.575687
vn 0.686862 -0.443623 -0.575690
vn 0.434483 -0.312372 -0.844777
vn 0.434478 -0.312369 -0.844780
vn 0.133704 -0.106625 -0.985269
vn 0.133703 -0.106625 -0.985269
vn 0.834673 -0.481898 -0.266636
vn 0.822342 -0.474779 -0.313591
vn 0.834673 -0.481898 -0.266638
vn 0.662309 -0.427764 -0.615114
vn 0.662309 -0.427764 -0.615113
vn 0.400297 -0.287795 -0.870021
vn 0.400296 -0.287794 -0.870021
vn 0.095734 -0.076345 -0.992475
vn 0.095734 -0.076345 -0.992475
vn 0.057533 -0.045881 -0.997289
vn 0.822341 -0.474779 -0.313592
vn 0.636160 -0.410876 -0.653056
vn 0.636159 -0.410875 -0.653057
vn 0.365146 -0.262523 -0.893169
vn 0.365150 -0.262525 -0.893166
vn 0.019193 -0.015306 -0.999699
vn 0.019193 -0.015306 -0.999699
vn 0.057533 -0.045881 -0.997289
vn 0.808029 -0.466516 -0.359795
vn 0.808027 -0.466515 -0.359800
vn 0.608475 -0.392995 -0.689430
vn 0.608475 -0.392995 -0.689429
vn 0.329115 -0.236617 -0.914164
vn 0.329114 -0.236617 -0.914164
vn 0.889604 -0.456073 -0.024534
vn 0.889604 -0.456073 -0.024535
vn 0.791768 -0.457128 -0.405138
vn 0.791769 -0.457128 -0.405138
vn 0.579330 -0.374170 -0.724136
vn 0.579327 -0.374169 -0.724140
vn 0.292294 -0.210145 -0.932954
vn 0.292291 -0.210143 -0.932955
vn 0.887462 -0.454975 -0.073544
vn 0.887462 -0.454975 -0.073546
vn 0.773604 -0.446641 -0.449498
vn 0.773607 -0.446642 -0.449493
vn 0.753571 -0.435074 -0.492789
vn 0.548783 -0.354441 -0.757106
vn 0.548779 -0.354439 -0.757109
vn 0.254764 -0.183162 -0.949498
vn 0.254759 -0.183160 -0.949500
vn 0.883184 -0.452782 -0.122370
vn 0.883184 -0.452782 -0.122372
vn 0.753573 -0.435076 -0.492784
vn 0.516908 -0.333855 -0.788256
vn 0.516908 -0.333855 -0.788256
vn 0.216617 -0.155737 -0.963755
vn 0.216616 -0.155736 -0.963755
vn 0.876778 -0.449498 -0.170913
vn 0.876779 -0.449498 -0.170908
vn 0.731730 -0.422465 -0.534879
vn 0.731733 -0.422466 -0.534874
vn 0.483793 -0.312467 -0.817501
vn 0.483795 -0.312468 -0.817500
vn 0.177949 -0.127937 -0.975688
vn 0.177950 -0.127937 -0.975688
vn 0.868262 -0.445132 -0.219041
vn 0.857656 -0.439695 -0.266636
vn 0.868262 -0.445132 -0.219039
vn 0.708123 -0.408834 -0.575688
vn 0.708122 -0.408834 -0.575690
vn 0.449511 -0.290325 -0.844779
vn 0.449513 -0.290326 -0.844777
vn 0.138852 -0.099828 -0.985269
vn 0.138853 -0.099829 -0.985269
vn 0.857657 -0.439695 -0.266632
vn 0.682808 -0.394219 -0.615114
vn 0.682808 -0.394219 -0.615113
vn 0.414145 -0.267483 -0.870021
vn 0.414146 -0.267483 -0.870021
vn 0.099420 -0.071478 -0.992475
vn 0.099420 -0.071478 -0.992475
vn 0.844984 -0.433199 -0.313593
vn 0.844985 -0.433199 -0.313592
vn 0.830278 -0.425659 -0.359795
vn 0.655850 -0.378655 -0.653055
vn 0.627308 -0.362177 -0.689430
vn 0.655849 -0.378655 -0.653056
vn 0.377779 -0.243995 -0.893168
vn 0.377778 -0.243995 -0.893169
vn 0.019932 -0.014330 -0.999699
vn 0.059748 -0.042956 -0.997289
vn 0.019932 -0.014330 -0.999699
vn 0.059748 -0.042956 -0.997289
vn 0.830279 -0.425659 -0.359793
vn 0.813570 -0.417094 -0.405138
vn 0.627309 -0.362178 -0.689428
vn 0.340502 -0.219919 -0.914163
vn 0.340500 -0.219918 -0.914164
vn 0.911232 -0.411163 -0.024534
vn 0.911231 -0.411163 -0.024536
vn 0.813569 -0.417092 -0.405142
vn 0.597257 -0.344827 -0.724140
vn 0.597257 -0.344827 -0.724140
vn 0.302403 -0.195313 -0.932955
vn 0.302405 -0.195314 -0.932954
vn 0.909038 -0.410173 -0.073539
vn 0.909037 -0.410174 -0.073544
vn 0.794906 -0.407525 -0.449498
vn 0.794908 -0.407525 -0.449493
vn 0.565764 -0.326645 -0.757109
vn 0.565768 -0.326646 -0.757105
vn 0.532907 -0.307674 -0.788256
vn 0.263576 -0.170235 -0.949499
vn 0.263572 -0.170233 -0.949500
vn 0.904655 -0.408196 -0.122371
vn 0.904655 -0.408196 -0.122372
vn 0.774324 -0.396972 -0.492784
vn 0.774321 -0.396972 -0.492789
vn 0.532908 -0.307675 -0.788255
vn 0.224111 -0.144746 -0.963755
vn 0.224109 -0.144745 -0.963755
vn 0.898095 -0.405236 -0.170908
vn 0.898094 -0.405236 -0.170913
vn 0.751879 -0.385465 -0.534878
vn 0.751877 -0.385465 -0.534881
vn 0.463424 -0.267558 -0.844779
vn 0.498767 -0.287964 -0.817501
vn 0.498770 -0.287965 -0.817499
vn 0.184105 -0.118908 -0.975688
vn 0.184106 -0.118909 -0.975687
vn 0.889373 -0.401300 -0.219030
vn 0.889370 -0.401300 -0.219042
vn 0.727623 -0.373030 -0.575686
vn 0.727621 -0.373029 -0.575688
vn 0.463424 -0.267559 -0.844778
vn 0.143655 -0.092782 -0.985269
vn 0.143657 -0.092783 -0.985268
vn 0.878505 -0.396398 -0.266642
vn 0.878508 -0.396398 -0.266632
vn 0.701610 -0.359694 -0.615113
vn 0.701611 -0.359695 -0.615111
vn 0.426961 -0.246507 -0.870022
vn 0.426964 -0.246508 -0.870021
vn 0.102859 -0.066434 -0.992475
vn 0.102860 -0.066434 -0.992475
vn 0.865526 -0.390540 -0.313598
vn 0.865527 -0.390540 -0.313593
vn 0.644583 -0.330458 -0.689428
vn 0.673909 -0.345493 -0.653055
vn 0.673910 -0.345493 -0.653054
vn 0.389469 -0.224860 -0.893169
vn 0.389472 -0.224861 -0.893168
vn 0.020622 -0.013319 -0.999699
vn 0.020622 -0.013319 -0.999699
vn 0.061815 -0.039924 -0.997289
vn 0.061815 -0.039924 -0.997289
vn 0.850464 -0.383743 -0.359794
vn 0.850465 -0.383743 -0.359793
vn 0.644582 -0.330458 -0.689428
vn 0.351040 -0.202673 -0.914163
vn 0.311763 -0.179996 -0.932955
vn 0.351042 -0.202674 -0.914162
vn 0.930594 -0.365231 -0.024530
vn 0.930593 -0.365232 -0.024536
vn 0.833351 -0.376021 -0.405135
vn 0.833348 -0.376021 -0.405142
vn 0.613701 -0.314626 -0.724141
vn 0.613703 -0.314627 -0.724140
vn 0.581343 -0.298037 -0.757109
vn 0.311761 -0.179995 -0.932956
vn 0.928353 -0.364352 -0.073546
vn 0.928353 -0.364352 -0.073539
vn 0.814233 -0.367396 -0.449493
vn 0.814232 -0.367396 -0.449495
vn 0.547582 -0.280728 -0.788255
vn 0.581342 -0.298036 -0.757110
vn 0.271735 -0.156886 -0.949498
vn 0.271733 -0.156885 -0.949499
vn 0.923878 -0.362595 -0.122370
vn 0.923878 -0.362595 -0.122371
vn 0.793148 -0.357882 -0.492786
vn 0.793146 -0.357881 -0.492789
vn 0.547584 -0.280730 -0.788253
vn 0.189805 -0.109584 -0.975687
vn 0.231046 -0.133394 -0.963755
vn 0.231046 -0.133394 -0.963755
vn 0.917177 -0.359966 -0.170913
vn 0.917178 -0.359966 -0.170907
vn 0.770156 -0.347508 -0.534881
vn 0.770156 -0.347508 -0.534881
vn 0.512504 -0.262745 -0.817499
vn 0.476185 -0.244125 -0.844778
vn 0.512501 -0.262744 -0.817501
vn 0.148101 -0.085506 -0.985269
vn 0.189802 -0.109582 -0.975688
vn 0.908271 -0.356469 -0.219030
vn 0.908267 -0.356470 -0.219043
vn 0.897172 -0.352113 -0.266642
vn 0.745311 -0.336298 -0.575686
vn 0.745314 -0.336299 -0.575683
vn 0.476184 -0.244124 -0.844779
vn 0.148103 -0.085507 -0.985268
vn 0.897175 -0.352116 -0.266629
vn 0.718668 -0.324275 -0.615111
vn 0.718663 -0.324274 -0.615117
vn 0.438724 -0.224920 -0.870019
vn 0.438718 -0.224918 -0.870022
vn 0.400193 -0.205167 -0.893169
vn 0.106043 -0.061224 -0.992475
vn 0.106044 -0.061224 -0.992475
vn 0.063728 -0.036793 -0.997289
vn 0.883916 -0.346913 -0.313598
vn 0.868534 -0.340876 -0.359795
vn 0.883917 -0.346913 -0.313596
vn 0.690295 -0.311473 -0.653053
vn 0.690294 -0.311472 -0.653054
vn 0.400195 -0.205169 -0.893168
vn 0.021260 -0.012274 -0.999699
vn 0.021845 -0.011200 -0.999699
vn 0.063728 -0.036794 -0.997289
vn 0.021260 -0.012274 -0.999699
vn 0.868531 -0.340873 -0.359804
vn 0.851058 -0.334015 -0.405135
vn 0.660250 -0.297916 -0.689431
vn 0.660253 -0.297917 -0.689428
vn 0.360708 -0.184924 -0.914162
vn 0.320346 -0.164232 -0.932956
vn 0.360706 -0.184924 -0.914163
vn 0.947642 -0.318391 -0.024541
vn 0.962334 -0.270759 -0.024541
vn 0.947642 -0.318390 -0.024530
vn 0.851057 -0.334015 -0.405137
vn 0.831534 -0.326353 -0.449495
vn 0.628621 -0.283645 -0.724141
vn 0.628626 -0.283646 -0.724137
vn 0.320347 -0.164233 -0.932955
vn 0.945362 -0.317623 -0.073531
vn 0.945360 -0.317625 -0.073546
vn 0.831535 -0.326353 -0.449493
vn 0.595474 -0.268688 -0.757112
vn 0.595475 -0.268689 -0.757110
vn 0.279212 -0.143144 -0.949500
vn 0.279218 -0.143146 -0.949498
vn 0.940802 -0.316093 -0.122381
vn 0.940803 -0.316092 -0.122370
vn 0.810002 -0.317902 -0.492783
vn 0.810000 -0.317902 -0.492785
vn 0.560897 -0.253086 -0.788253
vn 0.560897 -0.253086 -0.788252
vn 0.195028 -0.099985 -0.975688
vn 0.237410 -0.121713 -0.963754
vn 0.237408 -0.121712 -0.963755
vn 0.933980 -0.313800 -0.170912
vn 0.933981 -0.313800 -0.170906
vn 0.786522 -0.308688 -0.534878
vn 0.786520 -0.308687 -0.534881
vn 0.524961 -0.236872 -0.817501
vn 0.524963 -0.236872 -0.817499
vn 0.195029 -0.099986 -0.975688
vn 0.152181 -0.078019 -0.985268
vn 0.924907 -0.310752 -0.219043
vn 0.924909 -0.310752 -0.219035
vn 0.761143 -0.298728 -0.575693
vn 0.761151 -0.298729 -0.575682
vn 0.487760 -0.220086 -0.844779
vn 0.487762 -0.220087 -0.844778
vn 0.152181 -0.078019 -0.985268
vn 0.913612 -0.306957 -0.266629
vn 0.913612 -0.306957 -0.266630
vn 0.733941 -0.288050 -0.615108
vn 0.733934 -0.288048 -0.615117
vn 0.449390 -0.202772 -0.870019
vn 0.449381 -0.202769 -0.870024
vn 0.108963 -0.055862 -0.992475
vn 0.108963 -0.055862 -0.992475
vn 0.065483 -0.033571 -0.997289
vn 0.900111 -0.302420 -0.313596
vn 0.900109 -0.302420 -0.313601
vn 0.704960 -0.276677 -0.653056
vn 0.704962 -0.276677 -0.653053
vn 0.409925 -0.184965 -0.893168
vn 0.409927 -0.184965 -0.893167
vn 0.022376 -0.010097 -0.999699
vn 0.065484 -0.033572 -0.997289
vn 0.021845 -0.011199 -0.999699
vn 0.884447 -0.297157 -0.359792
vn 0.884442 -0.297157 -0.359804
vn 0.674277 -0.264634 -0.689434
vn 0.674280 -0.264635 -0.689431
vn 0.369475 -0.166713 -0.914163
vn 0.369476 -0.166714 -0.914163
vn 0.962334 -0.270760 -0.024534
vn 0.866648 -0.291179 -0.405137
vn 0.866647 -0.291179 -0.405139
vn 0.641983 -0.251959 -0.724137
vn 0.641980 -0.251958 -0.724140
vn 0.328136 -0.148060 -0.932955
vn 0.328136 -0.148060 -0.932955
vn 0.960019 -0.270106 -0.073531
vn 0.960017 -0.270108 -0.073547
vn 0.846769 -0.284498 -0.449493
vn 0.846764 -0.284498 -0.449501
vn 0.608132 -0.238673 -0.757107
vn 0.608126 -0.238672 -0.757112
vn 0.286002 -0.129049 -0.949500
vn 0.286000 -0.129048 -0.949500
vn 0.955389 -0.268804 -0.122375
vn 0.955388 -0.268805 -0.122381
vn 0.824841 -0.277132 -0.492783
vn 0.824843 -0.277132 -0.492780
vn 0.572814 -0.224813 -0.788253
vn 0.572815 -0.224813 -0.788252
vn 0.243181 -0.109727 -0.963755
vn 0.243182 -0.109728 -0.963754
vn 0.948461 -0.266855 -0.170909
vn 0.948460 -0.266856 -0.170912
vn 0.800932 -0.269098 -0.534878
vn 0.800931 -0.269098 -0.534879
vn 0.536117 -0.210410 -0.817500
vn 0.536118 -0.210411 -0.817499
vn 0.199772 -0.090141 -0.975687
vn 0.199771 -0.090140 -0.975688
vn 0.927776 -0.261037 -0.266630
vn 0.939250 -0.264264 -0.219029
vn 0.939249 -0.264265 -0.219035
vn 0.775088 -0.260416 -0.575693
vn 0.775093 -0.260417 -0.575685
vn 0.498126 -0.195500 -0.844778
vn 0.498127 -0.195500 -0.844777
vn 0.155881 -0.070336 -0.985268
vn 0.155879 -0.070335 -0.985269
vn 0.914065 -0.257177 -0.313601
vn 0.927774 -0.261035 -0.266641
vn 0.747386 -0.251108 -0.615108
vn 0.747382 -0.251108 -0.615114
vn 0.458933 -0.180118 -0.870022
vn 0.458930 -0.180117 -0.870024
vn 0.111612 -0.050361 -0.992475
vn 0.111612 -0.050361 -0.992475
vn 0.914068 -0.257180 -0.313589
vn 0.717875 -0.241193 -0.653056
vn 0.686630 -0.230695 -0.689434
vn 0.717873 -0.241192 -0.653058
vn 0.418636 -0.164303 -0.893167
vn 0.418637 -0.164303 -0.893167
vn 0.022376 -0.010097 -0.999699
vn 0.067075 -0.030266 -0.997289
vn 0.067076 -0.030266 -0.997289
vn 0.898156 -0.252703 -0.359801
vn 0.898160 -0.252703 -0.359792
vn 0.880084 -0.247617 -0.405139
vn 0.686632 -0.230696 -0.689431
vn 0.377325 -0.148090 -0.914164
vn 0.377327 -0.148090 -0.914163
vn 0.974634 -0.222454 -0.024534
vn 0.974634 -0.222454 -0.024534
vn 0.880086 -0.247618 -0.405134
vn 0.653746 -0.219647 -0.724135
vn 0.653740 -0.219646 -0.724140
vn 0.619272 -0.208065 -0.757107
vn 0.335109 -0.131521 -0.932955
vn 0.335108 -0.131520 -0.932955
vn 0.972288 -0.221918 -0.073547
vn 0.972288 -0.221918 -0.073547
vn 0.859892 -0.241937 -0.449503
vn 0.859893 -0.241937 -0.449501
vn 0.837631 -0.235673 -0.492780
vn 0.619268 -0.208063 -0.757111
vn 0.583308 -0.195981 -0.788253
vn 0.292080 -0.114633 -0.949499
vn 0.292078 -0.114633 -0.949500
vn 0.967600 -0.220848 -0.122375
vn 0.967600 -0.220848 -0.122377
vn 0.837631 -0.235673 -0.492781
vn 0.583310 -0.195982 -0.788251
vn 0.248346 -0.097469 -0.963755
vn 0.248348 -0.097469 -0.963755
vn 0.960585 -0.219247 -0.170904
vn 0.960584 -0.219247 -0.170909
vn 0.813347 -0.228840 -0.534882
vn 0.813349 -0.228841 -0.534879
vn 0.545934 -0.183425 -0.817503
vn 0.507253 -0.170428 -0.844777
vn 0.545938 -0.183425 -0.817500
vn 0.204017 -0.080071 -0.975687
vn 0.204017 -0.080071 -0.975687
vn 0.159191 -0.062478 -0.985269
vn 0.951254 -0.217118 -0.219033
vn 0.951255 -0.217118 -0.219029
vn 0.787107 -0.221457 -0.575690
vn 0.787111 -0.221458 -0.575685
vn 0.507252 -0.170427 -0.844778
vn 0.159191 -0.062478 -0.985269
vn 0.925751 -0.211297 -0.313589
vn 0.939633 -0.214465 -0.266636
vn 0.939631 -0.214465 -0.266641
vn 0.758970 -0.213540 -0.615114
vn 0.758972 -0.213541 -0.615111
vn 0.467340 -0.157018 -0.870022
vn 0.467344 -0.157019 -0.870020
vn 0.426306 -0.143232 -0.893167
vn 0.113984 -0.044735 -0.992475
vn 0.113985 -0.044736 -0.992475
vn 0.925750 -0.211297 -0.313593
vn 0.729002 -0.205110 -0.653058
vn 0.697278 -0.196184 -0.689431
vn 0.729008 -0.205110 -0.653052
vn 0.426302 -0.143229 -0.893170
vn 0.068500 -0.026884 -0.997289
vn 0.022852 -0.008969 -0.999699
vn 0.068501 -0.026885 -0.997289
vn 0.022852 -0.008969 -0.999699
vn 0.909636 -0.207619 -0.359801
vn 0.909637 -0.207619 -0.359797
vn 0.697278 -0.196184 -0.689432
vn 0.384238 -0.129097 -0.914164
vn 0.341248 -0.114653 -0.932955
vn 0.384241 -0.129098 -0.914162
vn 0.984511 -0.173596 -0.024534
vn 0.984512 -0.173595 -0.024528
vn 0.891335 -0.203441 -0.405134
vn 0.891331 -0.203441 -0.405143
vn 0.663882 -0.186787 -0.724135
vn 0.663876 -0.186786 -0.724140
vn 0.341247 -0.114653 -0.932955
vn 0.982141 -0.173178 -0.073545
vn 0.982141 -0.173178 -0.073547
vn 0.870883 -0.198773 -0.449502
vn 0.870883 -0.198773 -0.449503
vn 0.592354 -0.166662 -0.788251
vn 0.628872 -0.176936 -0.757109
vn 0.628869 -0.176936 -0.757111
vn 0.297431 -0.099931 -0.949499
vn 0.297430 -0.099931 -0.949499
vn 0.977406 -0.172344 -0.122376
vn 0.977407 -0.172343 -0.122366
vn 0.848338 -0.193627 -0.492779
vn 0.848337 -0.193627 -0.492781
vn 0.592354 -0.166662 -0.788252
vn 0.252897 -0.084969 -0.963755
vn 0.252896 -0.084969 -0.963755
vn 0.970317 -0.171094 -0.170912
vn 0.970319 -0.171094 -0.170904
vn 0.823744 -0.188014 -0.534879
vn 0.823743 -0.188014 -0.534882
vn 0.554399 -0.155984 -0.817503
vn 0.515116 -0.144931 -0.844778
vn 0.554401 -0.155984 -0.817501
vn 0.207753 -0.069801 -0.975688
vn 0.207755 -0.069802 -0.975687
vn 0.960892 -0.169431 -0.219040
vn 0.960894 -0.169431 -0.219033
vn 0.797169 -0.181949 -0.575688
vn 0.797167 -0.181949 -0.575690
vn 0.515115 -0.144931 -0.844779
vn 0.162109 -0.054466 -0.985269
vn 0.162107 -0.054465 -0.985269
vn 0.949156 -0.167361 -0.266632
vn 0.949155 -0.167361 -0.266636
vn 0.768672 -0.175445 -0.615112
vn 0.768672 -0.175445 -0.615111
vn 0.474591 -0.133529 -0.870019
vn 0.474590 -0.133529 -0.870020
vn 0.432911 -0.121802 -0.893170
vn 0.116073 -0.038998 -0.992475
vn 0.116071 -0.038998 -0.992475
vn 0.935132 -0.164888 -0.313593
vn 0.935130 -0.164888 -0.313597
vn 0.738326 -0.168518 -0.653051
vn 0.738323 -0.168518 -0.653055
vn 0.432912 -0.121803 -0.893169
vn 0.023271 -0.007819 -0.999699
vn 0.023631 -0.006649 -0.999699
vn 0.023270 -0.007818 -0.999699
vn 0.069756 -0.023437 -0.997289
vn 0.069755 -0.023436 -0.997289
vn 0.918856 -0.162019 -0.359797
vn 0.918858 -0.162019 -0.359791
vn 0.706190 -0.161184 -0.689432
vn 0.706194 -0.161184 -0.689427
vn 0.390195 -0.109784 -0.914164
vn 0.346538 -0.097500 -0.932955
vn 0.390199 -0.109784 -0.914162
vn 0.991941 -0.124306 -0.024528
vn 0.991941 -0.124306 -0.024531
vn 0.996904 -0.074709 -0.024531
vn 0.900363 -0.158758 -0.405145
vn 0.900364 -0.158758 -0.405143
vn 0.672357 -0.153462 -0.724144
vn 0.672362 -0.153462 -0.724140
vn 0.346541 -0.097501 -0.932954
vn 0.989552 -0.124007 -0.073542
vn 0.989552 -0.124007 -0.073545
vn 0.879708 -0.155117 -0.449502
vn 0.879711 -0.155117 -0.449496
vn 0.636909 -0.145371 -0.757109
vn 0.636913 -0.145371 -0.757106
vn 0.302042 -0.084981 -0.949499
vn 0.302042 -0.084981 -0.949499
vn 0.984783 -0.123409 -0.122366
vn 0.984782 -0.123409 -0.122371
vn 0.856932 -0.151101 -0.492784
vn 0.856935 -0.151101 -0.492779
vn 0.599920 -0.136928 -0.788255
vn 0.599925 -0.136928 -0.788252
vn 0.256818 -0.072257 -0.963755
vn 0.256818 -0.072257 -0.963755
vn 0.210974 -0.059359 -0.975688
vn 0.977639 -0.122513 -0.170915
vn 0.977640 -0.122513 -0.170912
vn 0.832092 -0.146721 -0.534879
vn 0.832095 -0.146721 -0.534874
vn 0.561489 -0.128156 -0.817500
vn 0.561487 -0.128156 -0.817501
vn 0.210975 -0.059359 -0.975688
vn 0.164622 -0.046317 -0.985269
vn 0.968146 -0.121324 -0.219029
vn 0.968143 -0.121325 -0.219040
vn 0.956318 -0.119843 -0.266632
vn 0.805246 -0.141987 -0.575689
vn 0.805247 -0.141987 -0.575688
vn 0.521699 -0.119075 -0.844779
vn 0.521703 -0.119075 -0.844776
vn 0.164622 -0.046318 -0.985269
vn 0.956317 -0.119842 -0.266636
vn 0.776462 -0.136911 -0.615111
vn 0.776457 -0.136911 -0.615118
vn 0.480657 -0.109707 -0.870019
vn 0.480653 -0.109706 -0.870022
vn 0.070837 -0.019930 -0.997289
vn 0.117870 -0.033164 -0.992475
vn 0.117871 -0.033164 -0.992475
vn 0.942187 -0.118071 -0.313595
vn 0.942187 -0.118071 -0.313597
vn 0.745805 -0.131506 -0.653055
vn 0.745809 -0.131506 -0.653051
vn 0.438446 -0.100072 -0.893169
vn 0.438446 -0.100072 -0.893169
vn 0.023631 -0.006649 -0.999699
vn 0.070837 -0.019930 -0.997289
vn 0.907157 -0.113681 -0.405145
vn 0.925792 -0.116016 -0.359791
vn 0.925789 -0.116016 -0.359799
vn 0.713350 -0.125783 -0.689427
vn 0.713350 -0.125783 -0.689428
vn 0.395182 -0.090198 -0.914164
vn 0.395182 -0.090198 -0.914164
vn 0.999388 -0.024923 -0.024544
vn 0.996903 -0.074707 -0.024544
vn 0.907162 -0.113683 -0.405134
vn 0.679172 -0.119756 -0.724144
vn 0.679171 -0.119756 -0.724144
vn 0.350970 -0.080106 -0.932954
vn 0.350966 -0.080106 -0.932955
vn 0.994504 -0.074528 -0.073542
vn 0.996982 -0.024863 -0.073540
vn 0.996982 -0.024863 -0.073539
vn 0.994504 -0.074527 -0.073540
vn 0.886350 -0.111073 -0.449497
vn 0.863398 -0.108197 -0.492785
vn 0.886345 -0.111074 -0.449505
vn 0.643367 -0.113443 -0.757106
vn 0.643368 -0.113443 -0.757105
vn 0.305902 -0.069820 -0.949499
vn 0.305904 -0.069820 -0.949499
vn 0.989709 -0.074168 -0.122369
vn 0.992176 -0.024744 -0.122369
vn 0.989709 -0.074169 -0.122371
vn 0.992176 -0.024743 -0.122372
vn 0.984981 -0.024564 -0.170907
vn 0.982531 -0.073631 -0.170915
vn 0.863403 -0.108199 -0.492776
vn 0.606000 -0.106854 -0.788255
vn 0.606000 -0.106854 -0.788255
vn 0.260100 -0.059366 -0.963755
vn 0.260102 -0.059366 -0.963754
vn 0.982531 -0.073631 -0.170912
vn 0.984980 -0.024564 -0.170912
vn 0.838369 -0.105062 -0.534882
vn 0.838375 -0.105061 -0.534874
vn 0.567176 -0.100009 -0.817502
vn 0.567179 -0.100009 -0.817500
vn 0.213670 -0.048769 -0.975688
vn 0.213671 -0.048769 -0.975688
vn 0.972990 -0.072916 -0.219029
vn 0.972990 -0.072916 -0.219029
vn 0.975412 -0.024324 -0.219041
vn 0.975415 -0.024326 -0.219029
vn 0.961102 -0.072025 -0.266636
vn 0.811326 -0.101672 -0.575684
vn 0.811323 -0.101672 -0.575689
vn 0.526990 -0.092922 -0.844776
vn 0.526988 -0.092922 -0.844778
vn 0.166726 -0.038054 -0.985269
vn 0.166727 -0.038054 -0.985269
vn 0.961101 -0.072025 -0.266640
vn 0.946902 -0.070960 -0.313595
vn 0.963499 -0.024028 -0.266633
vn 0.949263 -0.023673 -0.313591
vn 0.963497 -0.024027 -0.266640
vn 0.782320 -0.098037 -0.615114
vn 0.782317 -0.098038 -0.615118
vn 0.485527 -0.085611 -0.870020
vn 0.485524 -0.085611 -0.870022
vn 0.119379 -0.027247 -0.992475
vn 0.119377 -0.027247 -0.992475
vn 0.949263 -0.023673 -0.313592
vn 0.946903 -0.070961 -0.313592
vn 0.718733 -0.090068 -0.689428
vn 0.751428 -0.094167 -0.653061
vn 0.751437 -0.094166 -0.653051
vn 0.442889 -0.078093 -0.893169
vn 0.442889 -0.078093 -0.893169
vn 0.023934 -0.005463 -0.999699
vn 0.024176 -0.004263 -0.999699
vn 0.071742 -0.016375 -0.997289
vn 0.023933 -0.005463 -0.999699
vn 0.071742 -0.016375 -0.997289
vn 0.930421 -0.069725 -0.359799
vn 0.932738 -0.023261 -0.359805
vn 0.930419 -0.069726 -0.359805
vn 0.932740 -0.023262 -0.359799
vn 0.911701 -0.068322 -0.405134
vn 0.718733 -0.090068 -0.689428
vn 0.399187 -0.070388 -0.914164
vn 0.399187 -0.070388 -0.914164
vn 0.913971 -0.022792 -0.405140
vn 0.890780 -0.066755 -0.449505
vn 0.913976 -0.022794 -0.405128
vn 0.911704 -0.068323 -0.405128
vn 0.684297 -0.085753 -0.724144
vn 0.684301 -0.085753 -0.724140
vn 0.648223 -0.081233 -0.757105
vn 0.354523 -0.062513 -0.932955
vn 0.354526 -0.062513 -0.932954
vn 0.867723 -0.065028 -0.492776
vn 0.893002 -0.022269 -0.449501
vn 0.893003 -0.022270 -0.449500
vn 0.890782 -0.066756 -0.449501
vn 0.648220 -0.081232 -0.757108
vn 0.610573 -0.076514 -0.788255
vn 0.309004 -0.054486 -0.949499
vn 0.309002 -0.054486 -0.949499
vn 0.867717 -0.065026 -0.492787
vn 0.869879 -0.021693 -0.492787
vn 0.869881 -0.021693 -0.492785
vn 0.610575 -0.076515 -0.788254
vn 0.262735 -0.046328 -0.963755
vn 0.262738 -0.046328 -0.963754
vn 0.842569 -0.063141 -0.534874
vn 0.844669 -0.021065 -0.534874
vn 0.844671 -0.021065 -0.534871
vn 0.842564 -0.063142 -0.534882
vn 0.530965 -0.066538 -0.844778
vn 0.571456 -0.071613 -0.817502
vn 0.571458 -0.071613 -0.817501
vn 0.215836 -0.038058 -0.975688
vn 0.168416 -0.029696 -0.985269
vn 0.215836 -0.038058 -0.975688
vn 0.815386 -0.061105 -0.575684
vn 0.817416 -0.020385 -0.575687
vn 0.815384 -0.061105 -0.575687
vn 0.817411 -0.020384 -0.575694
vn 0.530967 -0.066539 -0.844776
vn 0.168415 -0.029696 -0.985269
vn 0.788193 -0.019656 -0.615114
vn 0.786234 -0.058920 -0.615114
vn 0.786234 -0.058920 -0.615114
vn 0.788194 -0.019656 -0.615114
vn 0.755188 -0.056593 -0.653061
vn 0.489191 -0.061303 -0.870020
vn 0.489188 -0.061303 -0.870021
vn 0.120589 -0.021263 -0.992475
vn 0.120588 -0.021263 -0.992475
vn 0.755193 -0.056595 -0.653054
vn 0.757076 -0.018880 -0.653054
vn 0.757074 -0.018879 -0.653057
vn 0.722329 -0.054132 -0.689428
vn 0.446234 -0.055920 -0.893167
vn 0.446231 -0.055920 -0.893169
vn 0.072469 -0.012778 -0.997289
vn 0.024176 -0.004263 -0.999699
vn 0.072469 -0.012778 -0.997289
vn 0.724125 -0.018058 -0.689432
vn 0.722325 -0.054131 -0.689432
vn 0.724133 -0.018059 -0.689424
vn 0.402200 -0.050402 -0.914164
vn 0.357201 -0.044763 -0.932954
vn 0.402197 -0.050402 -0.914165
vn 0.689441 -0.017194 -0.724138
vn 0.687727 -0.051538 -0.724138
vn 0.689438 -0.017193 -0.724141
vn 0.687725 -0.051538 -0.724140
vn 0.357199 -0.044763 -0.932955
vn 0.651462 -0.048821 -0.757109
vn 0.651463 -0.048821 -0.757108
vn 0.653085 -0.016287 -0.757109
vn 0.653083 -0.016286 -0.757111
vn 0.311334 -0.039015 -0.949499
vn 0.311336 -0.039015 -0.949499
vn 0.613628 -0.045985 -0.788255
vn 0.615157 -0.015341 -0.788255
vn 0.615162 -0.015341 -0.788252
vn 0.613629 -0.045985 -0.788254
vn 0.264718 -0.033174 -0.963755
vn 0.217465 -0.027252 -0.975688
vn 0.264719 -0.033174 -0.963755
vn 0.574317 -0.043039 -0.817501
vn 0.533624 -0.039990 -0.844776
vn 0.575749 -0.014358 -0.817500
vn 0.574318 -0.043039 -0.817500
vn 0.575746 -0.014358 -0.817502
vn 0.217465 -0.027252 -0.975688
vn 0.534948 -0.013340 -0.844780
vn 0.533618 -0.039989 -0.844780
vn 0.534954 -0.013342 -0.844776
vn 0.121499 -0.015226 -0.992475
vn 0.169686 -0.021265 -0.985269
vn 0.169687 -0.021265 -0.985269
vn 0.491637 -0.036843 -0.870021
vn 0.491635 -0.036843 -0.870021
vn 0.492859 -0.012291 -0.870022
vn 0.492862 -0.012292 -0.870021
vn 0.121497 -0.015226 -0.992475
vn 0.448467 -0.033608 -0.893167
vn 0.448467 -0.033608 -0.893168
vn 0.449583 -0.011212 -0.893168
vn 0.449584 -0.011212 -0.893168
vn 0.073016 -0.009150 -0.997289
vn 0.024358 -0.003052 -0.999699
vn 0.024358 -0.003052 -0.999699
vn 0.073016 -0.009150 -0.997289
vn 0.405222 -0.010106 -0.914162
vn 0.404215 -0.030291 -0.914162
vn 0.404210 -0.030292 -0.914165
vn 0.405221 -0.010105 -0.914163
vn 0.358986 -0.026903 -0.932955
vn 0.358984 -0.026902 -0.932956
vn 0.359879 -0.008975 -0.932956
vn 0.359881 -0.008975 -0.932955
vn 0.312894 -0.023448 -0.949498
vn 0.312894 -0.023448 -0.949499
vn 0.313671 -0.007822 -0.949500
vn 0.313674 -0.007823 -0.949498
vn 0.266707 -0.006651 -0.963755
vn 0.266044 -0.019937 -0.963755
vn 0.266709 -0.006651 -0.963754
vn 0.266043 -0.019937 -0.963755
vn 0.219099 -0.005464 -0.975687
vn 0.218553 -0.016378 -0.975688
vn 0.219097 -0.005464 -0.975688
vn 0.218552 -0.016378 -0.975688
vn 0.170535 -0.012780 -0.985269
vn 0.170959 -0.004263 -0.985269
vn 0.170960 -0.004264 -0.985269
vn 0.170536 -0.012780 -0.985268
vn 0.122105 -0.009151 -0.992475
vn 0.122106 -0.009150 -0.992475
vn 0.122410 -0.003053 -0.992475
vn 0.073382 -0.005499 -0.997289
vn 0.122411 -0.003053 -0.992475
vn 0.073564 -0.001835 -0.997289
vn 0.024480 -0.001835 -0.999699
vn 0.073382 -0.005499 -0.997289
vn 0.073565 -0.001835 -0.997289
vn 0.024541 -0.000612 -0.999699
vn 0.024480 -0.001835 -0.999699
vn 0.000000 0.000000 -1.000000
vn 0.000000 0.000000 -1.000000
vn 0.000000 0.000000 -1.000000
vn 0.000000 0.000000 -1.000000
vn 0.000000 0.000000 -1.000000
vn 0.000000 0.000000 -1.000000
vn 0.000000 0.000000 -1.000000
vn 0.000000 0.000000 -1.000000
vn 0.000000 0.000000 -1.000000
vn 0.000000 0.000000 -1.000000
vn 0.000000 0.000000 -1.000000
vn 0.000000 0.000000 -1.000000
vn 0.000000 0.000000 -1.000000
vn 0.000000 0.000000 -1.000000
vn 0.000000 0.000000 -1.000000
vn 0.000000 0.000000 -1.000000
vn 0.000000 0.000000 -1.000000
vn 0.000000 0.000000 -1.000000
vn 0.000000 0.000000 -1.000000
vn 0.000000 0.000000 -1.000000
vn 0.000000 0.000000 -1.000000
vn 0.000000 0.000000 -1.000000
vn 0.000000 0.000000 -1.000000
vn 0.000000 0.000000 -1.000000
vn 0.000000 0.000000 -1.000000
vn 0.000000 0.000000 -1.000000
vn 0.000000 0.000000 -1.000000
vn 0.000000 0.000000 -1.000000
vn 0.000000 -0.000000 -1.000000
vn 0.000000 0.000000 -1.000000
vn 0.000000 0.000000 -1.000000
vn 0.000000 0.000000 -1.000000
vn 0.000000 0.000000 -1.000000
vn 0.000000 0.000000 -1.000000
vn 0.000000 0.000000 -1.000000
vn 0.000000 -0.000000 -1.000000
vn 0.000000 -0.000000 -1.000000
vn 0.000000 -0.000000 -1.000000
vn 0.000000 -0.000000 -1.000000
vn 0.000000 -0.000000 -1.000000
vn 0.000000 0.000000 -1.000000
vn 0.000000 0.000000 -1.000000
vn 0.000000 -0.000000 -1.000000
vn 0.000000 -0.000000 -1.000000
vn 0.000000 -0.000000 -1.000000
vn 0.000000 -0.000000 -1.000000
vn 0.000000 -0.000000 -1.000000
vn 0.000000 0.000000 -1.000000
vn 0.000000 -0.000000 -1.000000
vn 0.000000 -0.000000 -1.000000
vn 0.000000 0.000000 -1.000000
vn 0.000000 0.000000 -1.000000
vn 0.000000 0.000000 -1.000000
vn 0.000000 -0.000000 -1.000000
vn 0.000000 0.000000 -1.000000
vn 0.000000 -0.000000 -1.000000
vn 0.000000 0.000000 -1.000000
vn 0.000000 0.000000 -1.000000
vn 0.000000 0.000000 -1.000000
vn 0.000000 0.000000 -1.000000
vn 0.000000 0.000000 -1.000000
vn 0.000000 0.000000 -1.000000
vn 0.000000 -0.000000 -1.000000
vn 0.000000 -0.000000 -1.000000
vn 0.000000 -0.000000 -1.000000
vn 0.000000 0.000000 -1.000000
vn 0.000000 -0.000000 -1.000000
vn 0.000000 0.000000 -1.000000
vn 0.000000 0.000000 -1.000000
vn 0.000000 0.000000 -1.000000
vn 0.000000 0.000000 -1.000000
vn 0.000000 -0.000000 -1.000000
vn 0.000000 -0.000000 -1.000000
vn 0.000000 -0.000000 -1.000000
vn 0.000000 -0.000000 -1.000000
vn 0.000000 -0.000000 -1.000000
vn 0.000000 0.000000 -1.000000
vn 0.000000 0.000000 -1.000000
vn 0.000000 0.000000 -1.000000
vn 0.000000 0.000000 -1.000000
vn 0.000000 0.000000 -1.000000
vn 0.000000 0.000000 -1.000000
vn 0.000000 0.000000 -1.000000
vn 0.000000 -0.000000 -1.000000
vn 0.000000 -0.000000 -1.000000
vn 0.000000 -0.000000 -1.000000
vn 0.000000 -0.000000 -1.000000
vn 0.000000 -0.000000 -1.000000
vn 0.000000 0.000000 -1.000000
vn 0.000000 -0.000000 -1.000000
vn 0.000000 -0.000000 -1.000000
vn 0.000000 0.000000 -1.000000
vn 0.000000 0.000000 -1.000000
vn 0.000000 0.000000 -1.000000
vn -0.000000 -0.000000 -1.000000
vn -0.000000 -0.000000 -1.000000
vn -0.000000 -0.000000 -1.000000
vn -0.000000 -0.000000 -1.000000
vn 0.000000 0.000000 -1.000000
vn 0.000000 0.000000 -1.000000
vn 0.000000 0.000000 -1.000000
vn 0.000000 0.000000 -1.000000
vn -0.000000 -0.000000 -1.000000
vn 0.000000 0.000000 -1.000000
vn 0.000000 0.000000 -1.000000
vn 0.000000 0.000000 -1.000000
vn 0.000000 0.000000 -1.000000
vn 0.000000 0.000000 -1.000000
vn 0.000000 0.000000 -1.000000
vn -0.000000 -0.000000 -1.000000
vn 0.000000 -0.000000 -1.000000
vn -0.000000 -0.000000 -1.000000
vn -0.000000 -0.000000 -1.000000
vn -0.000000 -0.000000 -1.000000
vn -0.000000 -0.000000 -1.000000
vn 0.000000 0.000000 -1.000000
vn 0.000000 -0.000000 -1.000000
vn 0.000000 0.000000 -1.000000
vn 0.000000 0.000000 -1.000000
vn 0.000000 0.000000 -1.000000
vn -0.000000 -0.000000 -1.000000
vn -0.000000 -0.000000 -1.000000
vn 0.000000 0.000000 -1.000000
vn 0.000000 0.000000 -1.000000
f 1//1 2//1 3//1
f 2//2 4//2 3//2
f 5//3 2//3 6//3
f 6//4 2//4 1//4
f 3//5 7//5 1//5
f 8//6 7//6 3//6
f 9//7 10//7 11//7
f 4//8 11//8 10//8
f 12//9 9//9 11//9
f 13//10 11//10 4//10
f 14//11 9//11 12//11
f 2//12 13//12 4//12
f 5//13 14//13 12//13
f 15//14 2//14 5//14
f 15//15 5//15 12//15
f 15//16 13//16 2//16
f 4//17 10//17 3//17
f 3//18 10//18 16//18
f 14//19 5//19 17//19
f 17//20 5//20 6//20
f 1//21 18//21 6//21
f 7//22 18//22 1//22
f 8//23 19//23 20//23
f 21//24 8//24 20//24
f 7//25 8//25 21//25
f 18//26 7//26 21//26
f 16//27 8//27 3//27
f 19//28 8//28 16//28
f 22//29 23//29 11//29
f 11//30 23//30 12//30
f 24//31 22//31 13//31
f 13//32 22//32 11//32
f 23//33 25//33 12//33
f 12//34 25//34 15//34
f 25//35 24//35 15//35
f 15//36 24//36 13//36
f 16//37 10//37 26//37
f 10//38 9//38 26//38
f 9//39 14//39 26//39
f 26//40 14//40 17//40
f 18//41 21//41 17//41
f 18//42 17//42 6//42
f 26//43 19//43 16//43
f 20//44 19//44 26//44
f 21//45 20//45 26//45
f 21//46 26//46 17//46
f 27//47 28//47 22//47
f 22//48 29//48 27//48
f 28//49 30//49 22//49
f 22//50 31//50 29//50
f 30//51 32//51 22//51
f 22//52 33//52 31//52
f 32//53 34//53 22//53
f 22//54 35//54 33//54
f 34//55 36//55 22//55
f 22//56 37//56 35//56
f 36//57 38//57 22//57
f 22//58 39//58 37//58
f 38//59 40//59 22//59
f 22//60 41//60 39//60
f 40//61 42//61 22//61
f 22//62 43//62 41//62
f 42//63 44//63 22//63
f 22//64 45//64 43//64
f 44//65 46//65 22//65
f 22//66 47//66 45//66
f 46//67 48//67 22//67
f 22//68 49//68 47//68
f 48//69 50//69 22//69
f 22//70 51//70 49//70
f 50//71 52//71 22//71
f 22//72 53//72 51//72
f 52//73 54//73 22//73
f 22//74 55//74 53//74
f 54//75 56//75 22//75
f 56//76 57//76 22//76
f 58//77 23//77 57//77
f 59//78 23//78 58//78
f 60//79 23//79 59//79
f 61//80 23//80 60//80
f 62//81 23//81 61//81
f 63//82 23//82 62//82
f 64//83 23//83 63//83
f 65//84 23//84 64//84
f 66//85 23//85 65//85
f 67//86 23//86 66//86
f 68//87 23//87 67//87
f 69//88 23//88 68//88
f 70//89 23//89 69//89
f 71//90 23//90 70//90
f 57//91 23//91 22//91
f 71//92 72//92 23//92
f 72//93 73//93 23//93
f 74//94 24//94 75//94
f 76//95 24//95 74//95
f 77//96 24//96 76//96
f 78//97 24//97 77//97
f 79//98 24//98 78//98
f 80//99 24//99 79//99
f 81//100 24//100 80//100
f 82//101 24//101 81//101
f 83//102 24//102 82//102
f 84//103 24//103 83//103
f 85//104 24//104 84//104
f 86//105 24//105 85//105
f 87//106 24//106 86//106
f 88//107 24//107 87//107
f 89//108 24//108 88//108
f 73//109 90//109 23//109
f 24//110 91//110 75//110
f 90//111 92//111 23//111
f 24//112 93//112 91//112
f 92//113 94//113 23//113
f 24//114 95//114 93//114
f 94//115 96//115 23//115
f 24//116 97//116 95//116
f 96//117 98//117 23//117
f 24//118 99//118 97//118
f 98//119 100//119 23//119
f 24//120 101//120 99//120
f 100//121 102//121 23//121
f 24//122 103//122 101//122
f 102//123 104//123 23//123
f 24//124 105//124 103//124
f 104//125 106//125 23//125
f 24//126 107//126 105//126
f 106//127 108//127 23//127
f 24//128 109//128 107//128
f 108//129 110//129 23//129
f 24//130 111//130 109//130
f 110//131 112//131 23//131
f 24//132 113//132 111//132
f 112//133 114//133 23//133
f 114//134 115//134 23//134
f 116//135 25//135 117//135
f 118//136 25//136 116//136
f 119//137 25//137 118//137
f 120//138 25//138 119//138
f 121//139 25//139 120//139
f 122//140 25//140 121//140
f 123//141 25//141 122//141
f 124//142 25//142 123//142
f 125//143 25//143 124//143
f 126//144 25//144 125//144
f 127//145 25//145 126//145
f 128//146 25//146 127//146
f 129//147 25//147 128//147
f 130//148 25//148 129//148
f 131//149 25//149 130//149
f 132//150 25//150 131//150
f 133//151 25//151 132//151
f 134//152 25//152 133//152
f 135//153 25//153 134//153
f 136//154 25//154 135//154
f 137//155 25//155 136//155
f 138//156 25//156 137//156
f 139//157 25//157 138//157
f 140//158 25//158 139//158
f 141//159 25//159 140//159
f 142//160 25//160 141//160
f 143//161 25//161 142//161
f 25//162 23//162 144//162
f 25//163 144//163 117//163
f 144//164 23//164 145//164
f 145//165 23//165 115//165
f 24//166 25//166 146//166
f 24//167 146//167 147//167
f 24//168 147//168 148//168
f 24//169 148//169 113//169
f 146//170 25//170 149//170
f 149//171 25//171 150//171
f 150//172 25//172 143//172
f 22//173 24//173 151//173
f 22//174 151//174 152//174
f 22//175 152//175 55//175
f 151//176 24//176 89//176
f 57//177 153//177 58//177
f 153//178 154//178 58//178
f 58//179 155//179 59//179
f 154//180 155//180 58//180
f 59//181 156//181 60//181
f 155//182 156//182 59//182
f 60//183 157//183 61//183
f 156//184 157//184 60//184
f 61//185 158//185 62//185
f 157//186 158//186 61//186
f 62//187 159//187 63//187
f 63//188 159//188 64//188
f 158//189 159//189 62//189
f 159//190 160//190 64//190
f 64//191 161//191 65//191
f 160//192 161//192 64//192
f 65//193 162//193 66//193
f 161//194 162//194 65//194
f 66//195 163//195 67//195
f 67//196 163//196 68//196
f 162//197 163//197 66//197
f 163//198 164//198 68//198
f 164//199 165//199 68//199
f 68//200 165//200 69//200
f 165//201 166//201 69//201
f 69//202 166//202 70//202
f 166//203 167//203 70//203
f 70//204 167//204 71//204
f 71//205 168//205 72//205
f 167//206 168//206 71//206
f 72//207 169//207 73//207
f 168//208 169//208 72//208
f 73//209 170//209 90//209
f 90//210 170//210 92//210
f 169//211 170//211 73//211
f 170//212 171//212 92//212
f 171//213 172//213 92//213
f 92//214 172//214 94//214
f 94//215 173//215 96//215
f 96//216 173//216 98//216
f 172//217 173//217 94//217
f 98//218 174//218 100//218
f 173//219 174//219 98//219
f 174//220 175//220 100//220
f 100//221 176//221 102//221
f 175//222 176//222 100//222
f 102//223 177//223 104//223
f 176//224 177//224 102//224
f 104//225 178//225 106//225
f 177//226 178//226 104//226
f 106//227 179//227 108//227
f 178//228 179//228 106//228
f 108//229 180//229 110//229
f 179//230 180//230 108//230
f 110//231 181//231 112//231
f 180//232 181//232 110//232
f 112//233 182//233 114//233
f 181//234 182//234 112//234
f 114//235 183//235 115//235
f 182//236 183//236 114//236
f 115//237 184//237 145//237
f 183//238 184//238 115//238
f 145//239 185//239 144//239
f 144//240 185//240 117//240
f 184//241 185//241 145//241
f 185//242 186//242 117//242
f 117//243 187//243 116//243
f 186//244 187//244 117//244
f 116//245 188//245 118//245
f 187//246 188//246 116//246
f 118//247 189//247 119//247
f 188//248 189//248 118//248
f 119//249 190//249 120//249
f 189//250 190//250 119//250
f 190//251 191//251 120//251
f 120//252 191//252 121//252
f 191//253 192//253 121//253
f 121//254 192//254 122//254
f 192//255 193//255 122//255
f 122//256 193//256 123//256
f 193//257 194//257 123//257
f 123//258 194//258 124//258
f 194//259 195//259 124//259
f 124//260 195//260 125//260
f 195//261 196//261 125//261
f 125//262 196//262 126//262
f 196//263 197//263 126//263
f 126//264 197//264 127//264
f 197//265 198//265 127//265
f 127//266 198//266 128//266
f 198//267 199//267 128//267
f 128//268 199//268 129//268
f 199//269 200//269 129//269
f 129//270 200//270 130//270
f 130//271 201//271 131//271
f 200//272 201//272 130//272
f 131//273 201//273 132//273
f 201//274 202//274 132//274
f 202//275 203//275 132//275
f 132//276 203//276 133//276
f 133//277 204//277 134//277
f 203//278 204//278 133//278
f 134//279 205//279 135//279
f 135//280 205//280 136//280
f 204//281 205//281 134//281
f 205//282 206//282 136//282
f 136//283 207//283 137//283
f 206//284 207//284 136//284
f 137//285 208//285 138//285
f 207//286 208//286 137//286
f 138//287 209//287 139//287
f 208//288 209//288 138//288
f 139//289 210//289 140//289
f 209//290 210//290 139//290
f 140//291 211//291 141//291
f 210//292 211//292 140//292
f 141//293 212//293 142//293
f 211//294 212//294 141//294
f 142//295 213//295 143//295
f 212//296 213//296 142//296
f 143//297 214//297 150//297
f 213//298 214//298 143//298
f 214//299 215//299 150//299
f 150//300 215//300 149//300
f 215//301 216//301 149//301
f 149//302 216//302 146//302
f 216//303 217//303 146//303
f 146//304 217//304 147//304
f 217//305 218//305 147//305
f 147//306 218//306 148//306
f 218//307 219//307 148//307
f 148//308 219//308 113//308
f 219//309 220//309 113//309
f 113//310 220//310 111//310
f 220//311 221//311 111//311
f 111//312 221//312 109//312
f 221//313 222//313 109//313
f 109//314 222//314 107//314
f 222//315 223//315 107//315
f 107//316 223//316 105//316
f 223//317 224//317 105//317
f 105//318 224//318 103//318
f 224//319 225//319 103//319
f 103//320 225//320 101//320
f 225//321 226//321 101//321
f 101//322 226//322 99//322
f 99//323 226//323 97//323
f 226//324 227//324 97//324
f 227//325 228//325 97//325
f 97//326 228//326 95//326
f 228//327 229//327 95//327
f 95//328 229//328 93//328
f 229//329 230//329 93//329
f 93//330 230//330 91//330
f 230//331 231//331 91//331
f 91//332 231//332 75//332
f 231//333 232//333 75//333
f 75//334 232//334 74//334
f 232//335 233//335 74//335
f 74//336 233//336 76//336
f 233//337 234//337 76//337
f 76//338 234//338 77//338
f 234//339 235//339 77//339
f 77//340 235//340 78//340
f 78//341 236//341 79//341
f 235//342 236//342 78//342
f 79//343 237//343 80//343
f 236//344 237//344 79//344
f 80//345 238//345 81//345
f 81//346 238//346 82//346
f 237//347 238//347 80//347
f 238//348 239//348 82//348
f 82//349 240//349 83//349
f 239//350 240//350 82//350
f 240//351 241//351 83//351
f 83//352 241//352 84//352
f 241//353 242//353 84//353
f 84//354 242//354 85//354
f 242//355 243//355 85//355
f 85//356 243//356 86//356
f 243//357 244//357 86//357
f 86//358 244//358 87//358
f 87//359 244//359 88//359
f 244//360 245//360 88//360
f 245//361 246//361 88//361
f 88//362 246//362 89//362
f 246//363 247//363 89//363
f 89//364 247//364 151//364
f 247//365 248//365 151//365
f 151//366 248//366 152//366
f 248//367 249//367 152//367
f 152//368 249//368 55//368
f 249//369 250//369 55//369
f 55//370 250//370 53//370
f 250//371 251//371 53//371
f 53//372 251//372 51//372
f 251//373 252//373 51//373
f 51//374 252//374 49//374
f 49//375 253//375 47//375
f 252//376 253//376 49//376
f 47//377 254//377 45//377
f 253//378 254//378 47//378
f 45//379 255//379 43//379
f 254//380 255//380 45//380
f 43//381 256//381 41//381
f 255//382 256//382 43//382
f 41//383 257//383 39//383
f 256//384 257//384 41//384
f 39//385 258//385 37//385
f 257//386 258//386 39//386
f 37//387 259//387 35//387
f 35//388 259//388 33//388
f 258//389 259//389 37//389
f 259//390 260//390 33//390
f 33//391 261//391 31//391
f 260//392 261//392 33//392
f 31//393 262//393 29//393
f 261//394 262//394 31//394
f 29//395 263//395 27//395
f 262//396 263//396 29//396
f 27//397 264//397 28//397
f 263//398 264//398 27//398
f 264//399 265//399 28//399
f 28//400 265//400 30//400
f 265//401 266//401 30//401
f 30//402 266//402 32//402
f 266//403 267//403 32//403
f 32//404 267//404 34//404
f 267//405 268//405 34//405
f 34//406 268//406 36//406
f 268//407 269//407 36//407
f 36//408 269//408 38//408
f 38//409 270//409 40//409
f 269//410 270//410 38//410
f 40//411 271//411 42//411
f 270//412 271//412 40//412
f 42//413 272//413 44//413
f 271//414 272//414 42//414
f 44//415 273//415 46//415
f 272//416 273//416 44//416
f 46//417 274//417 48//417
f 273//418 274//418 46//418
f 48//419 275//419 50//419
f 274//420 275//420 48//420
f 50//421 276//421 52//421
f 275//422 276//422 50//422
f 52//423 277//423 54//423
f 54//424 277//424 56//424
f 276//425 277//425 52//425
f 277//426 278//426 56//426
f 56//427 153//427 57//427
f 278//428 153//428 56//428
f 279//429 280//429 281//429
f 278//430 282//430 153//430
f 283//431 279//431 281//431
f 282//432 284//432 153//432
f 153//433 284//433 154//433
f 285//434 286//434 282//434
f 282//435 286//435 284//435
f 287//436 288//436 285//436
f 285//437 288//437 286//437
f 289//438 290//438 287//438
f 287//439 290//439 288//439
f 291//440 292//440 289//440
f 289//441 292//441 290//441
f 293//442 294//442 291//442
f 291//443 294//443 292//443
f 295//444 296//444 293//444
f 293//445 296//445 294//445
f 297//446 298//446 295//446
f 295//447 298//447 296//447
f 154//448 299//448 155//448
f 284//449 299//449 154//449
f 300//450 301//450 297//450
f 297//451 301//451 298//451
f 286//452 302//452 284//452
f 284//453 302//453 299//453
f 303//454 304//454 300//454
f 300//455 304//455 301//455
f 286//456 305//456 302//456
f 288//457 305//457 286//457
f 306//458 307//458 303//458
f 303//459 307//459 304//459
f 290//460 308//460 288//460
f 288//461 308//461 305//461
f 309//462 310//462 306//462
f 306//463 310//463 307//463
f 290//464 311//464 308//464
f 292//465 311//465 290//465
f 312//466 313//466 309//466
f 309//467 313//467 310//467
f 292//468 314//468 311//468
f 294//469 314//469 292//469
f 315//470 316//470 312//470
f 312//471 316//471 313//471
f 294//472 317//472 314//472
f 296//473 317//473 294//473
f 315//474 318//474 316//474
f 319//475 318//475 315//475
f 296//476 320//476 317//476
f 298//477 320//477 296//477
f 321//478 322//478 319//478
f 319//479 322//479 318//479
f 155//480 323//480 156//480
f 299//481 323//481 155//481
f 301//482 324//482 298//482
f 298//483 324//483 320//483
f 321//484 325//484 322//484
f 326//485 325//485 321//485
f 302//486 327//486 299//486
f 299//487 327//487 323//487
f 304//488 328//488 301//488
f 307//489 328//489 304//489
f 301//490 328//490 324//490
f 329//491 330//491 326//491
f 326//492 330//492 325//492
f 305//493 331//493 302//493
f 302//494 331//494 327//494
f 307//495 332//495 328//495
f 333//496 334//496 329//496
f 329//497 334//497 330//497
f 305//498 335//498 331//498
f 308//499 335//499 305//499
f 310//500 336//500 307//500
f 307//501 336//501 332//501
f 337//502 338//502 333//502
f 333//503 338//503 334//503
f 311//504 339//504 308//504
f 308//505 339//505 335//505
f 313//506 340//506 310//506
f 310//507 340//507 336//507
f 341//508 342//508 337//508
f 337//509 342//509 338//509
f 311//510 343//510 339//510
f 314//511 343//511 311//511
f 316//512 344//512 313//512
f 313//513 344//513 340//513
f 345//514 346//514 341//514
f 341//515 346//515 342//515
f 317//516 347//516 314//516
f 314//517 347//517 343//517
f 318//518 348//518 316//518
f 316//519 348//519 344//519
f 345//520 349//520 346//520
f 350//521 349//521 345//521
f 317//522 351//522 347//522
f 320//523 351//523 317//523
f 324//524 351//524 320//524
f 322//525 352//525 318//525
f 318//526 352//526 348//526
f 353//527 354//527 350//527
f 350//528 354//528 349//528
f 156//529 355//529 157//529
f 323//530 355//530 156//530
f 324//531 356//531 351//531
f 325//532 357//532 322//532
f 322//533 357//533 352//533
f 358//534 359//534 353//534
f 353//535 359//535 354//535
f 327//536 360//536 323//536
f 323//537 360//537 355//537
f 324//538 361//538 356//538
f 328//539 361//539 324//539
f 325//540 362//540 357//540
f 330//541 362//541 325//541
f 363//542 364//542 358//542
f 358//543 364//543 359//543
f 327//544 365//544 360//544
f 331//545 365//545 327//545
f 328//546 366//546 361//546
f 332//547 366//547 328//547
f 334//548 367//548 330//548
f 330//549 367//549 362//549
f 368//550 369//550 363//550
f 363//551 369//551 364//551
f 331//552 370//552 365//552
f 335//553 370//553 331//553
f 340//554 371//554 336//554
f 336//555 371//555 332//555
f 332//556 371//556 366//556
f 334//557 372//557 367//557
f 338//558 372//558 334//558
f 373//559 374//559 368//559
f 368//560 374//560 369//560
f 339//561 375//561 335//561
f 335//562 375//562 370//562
f 340//563 376//563 371//563
f 342//564 377//564 338//564
f 338//565 377//565 372//565
f 346//566 377//566 342//566
f 378//567 379//567 373//567
f 373//568 379//568 374//568
f 339//569 380//569 375//569
f 343//570 380//570 339//570
f 344//571 381//571 340//571
f 340//572 381//572 376//572
f 348//573 381//573 344//573
f 346//574 382//574 377//574
f 378//575 383//575 379//575
f 384//576 383//576 378//576
f 347//577 385//577 343//577
f 343//578 385//578 380//578
f 348//579 386//579 381//579
f 346//580 387//580 382//580
f 349//581 387//581 346//581
f 281//582 388//582 384//582
f 280//583 388//583 281//583
f 384//584 388//584 383//584
f 347//585 389//585 385//585
f 351//586 389//586 347//586
f 352//587 390//587 348//587
f 348//588 390//588 386//588
f 354//589 391//589 349//589
f 349//590 391//590 387//590
f 157//591 392//591 158//591
f 355//592 392//592 157//592
f 360//593 392//593 355//593
f 361//594 393//594 356//594
f 351//595 393//595 389//595
f 356//596 393//596 351//596
f 352//597 394//597 390//597
f 357//598 394//598 352//598
f 362//599 394//599 357//599
f 354//600 395//600 391//600
f 359//601 395//601 354//601
f 360//602 396//602 392//602
f 361//603 397//603 393//603
f 362//604 398//604 394//604
f 359//605 399//605 395//605
f 364//606 399//606 359//606
f 365//607 400//607 360//607
f 370//608 400//608 365//608
f 360//609 400//609 396//609
f 361//610 401//610 397//610
f 366//611 401//611 361//611
f 362//612 402//612 398//612
f 367//613 402//613 362//613
f 369//614 403//614 364//614
f 364//615 403//615 399//615
f 370//616 404//616 400//616
f 371//617 405//617 366//617
f 376//618 405//618 371//618
f 366//619 405//619 401//619
f 367//620 406//620 402//620
f 372//621 406//621 367//621
f 374//622 407//622 369//622
f 369//623 407//623 403//623
f 370//624 408//624 404//624
f 375//625 408//625 370//625
f 376//626 409//626 405//626
f 372//627 410//627 406//627
f 377//628 410//628 372//628
f 374//629 411//629 407//629
f 379//630 411//630 374//630
f 380//631 412//631 375//631
f 375//632 412//632 408//632
f 376//633 413//633 409//633
f 381//634 413//634 376//634
f 382//635 414//635 377//635
f 377//636 414//636 410//636
f 383//637 415//637 379//637
f 379//638 415//638 411//638
f 385//639 416//639 380//639
f 380//640 416//640 412//640
f 389//641 416//641 385//641
f 381//642 417//642 413//642
f 386//643 417//643 381//643
f 387//644 418//644 382//644
f 382//645 418//645 414//645
f 388//646 419//646 383//646
f 280//647 419//647 388//647
f 383//648 419//648 415//648
f 420//649 419//649 280//649
f 389//650 421//650 416//650
f 386//651 422//651 417//651
f 394//652 422//652 390//652
f 390//653 422//653 386//653
f 395//654 423//654 391//654
f 387//655 423//655 418//655
f 391//656 423//656 387//656
f 396//657 424//657 392//657
f 158//658 424//658 159//658
f 392//659 424//659 158//659
f 393//660 425//660 389//660
f 389//661 425//661 421//661
f 394//662 426//662 422//662
f 399//663 427//663 395//663
f 395//664 427//664 423//664
f 396//665 428//665 424//665
f 397//666 429//666 393//666
f 393//667 429//667 425//667
f 398//668 430//668 394//668
f 394//669 430//669 426//669
f 399//670 431//670 427//670
f 396//671 432//671 428//671
f 400//672 432//672 396//672
f 397//673 433//673 429//673
f 405//674 433//674 401//674
f 401//675 433//675 397//675
f 402//676 434//676 398//676
f 398//677 434//677 430//677
f 403//678 435//678 399//678
f 399//679 435//679 431//679
f 404//680 436//680 400//680
f 400//681 436//681 432//681
f 405//682 437//682 433//682
f 406//683 438//683 402//683
f 402//684 438//684 434//684
f 407//685 439//685 403//685
f 411//686 439//686 407//686
f 403//687 439//687 435//687
f 408//688 440//688 404//688
f 404//689 440//689 436//689
f 412//690 440//690 408//690
f 405//691 441//691 437//691
f 409//692 441//692 405//692
f 406//693 442//693 438//693
f 414//694 442//694 410//694
f 410//695 442//695 406//695
f 411//696 443//696 439//696
f 412//697 444//697 440//697
f 409//698 445//698 441//698
f 417//699 445//699 413//699
f 413//700 445//700 409//700
f 414//701 446//701 442//701
f 415//702 447//702 411//702
f 411//703 447//703 443//703
f 416//704 448//704 412//704
f 412//705 448//705 444//705
f 417//706 449//706 445//706
f 414//707 450//707 446//707
f 418//708 450//708 414//708
f 419//709 451//709 415//709
f 415//710 451//710 447//710
f 420//711 451//711 419//711
f 452//712 451//712 420//712
f 421//713 453//713 416//713
f 425//714 453//714 421//714
f 416//715 453//715 448//715
f 422//716 454//716 417//716
f 417//717 454//717 449//717
f 423//718 455//718 418//718
f 418//719 455//719 450//719
f 159//720 456//720 160//720
f 160//721 456//721 161//721
f 424//722 456//722 159//722
f 425//723 457//723 453//723
f 429//724 457//724 425//724
f 426//725 458//725 422//725
f 422//726 458//726 454//726
f 423//727 459//727 455//727
f 427//728 459//728 423//728
f 424//729 460//729 456//729
f 428//730 460//730 424//730
f 429//731 461//731 457//731
f 434//732 462//732 430//732
f 426//733 462//733 458//733
f 430//734 462//734 426//734
f 427//735 463//735 459//735
f 431//736 463//736 427//736
f 428//737 464//737 460//737
f 432//738 464//738 428//738
f 429//739 465//739 461//739
f 433//740 465//740 429//740
f 437//741 465//741 433//741
f 434//742 466//742 462//742
f 431//743 467//743 463//743
f 435//744 467//744 431//744
f 436//745 468//745 432//745
f 432//746 468//746 464//746
f 437//747 469//747 465//747
f 434//748 470//748 466//748
f 438//749 470//749 434//749
f 435//750 471//750 467//750
f 439//751 471//751 435//751
f 440//752 472//752 436//752
f 436//753 472//753 468//753
f 437//754 473//754 469//754
f 441//755 473//755 437//755
f 445//756 473//756 441//756
f 438//757 474//757 470//757
f 442//758 474//758 438//758
f 446//759 474//759 442//759
f 439//760 475//760 471//760
f 443//761 475//761 439//761
f 440//762 476//762 472//762
f 444//763 476//763 440//763
f 445//764 477//764 473//764
f 446//765 478//765 474//765
f 447//766 479//766 443//766
f 451//767 479//767 447//767
f 443//768 479//768 475//768
f 444//769 480//769 476//769
f 448//770 480//770 444//770
f 449//771 481//771 445//771
f 445//772 481//772 477//772
f 446//773 482//773 478//773
f 450//774 482//774 446//774
f 451//775 483//775 479//775
f 452//776 483//776 451//776
f 484//777 483//777 452//777
f 448//778 485//778 480//778
f 453//779 485//779 448//779
f 449//780 486//780 481//780
f 454//781 486//781 449//781
f 455//782 487//782 450//782
f 450//783 487//783 482//783
f 456//784 488//784 161//784
f 453//785 489//785 485//785
f 457//786 489//786 453//786
f 462//787 490//787 458//787
f 454//788 490//788 486//788
f 458//789 490//789 454//789
f 455//790 491//790 487//790
f 459//791 491//791 455//791
f 463//792 491//792 459//792
f 460//793 492//793 456//793
f 464//794 492//794 460//794
f 456//795 492//795 488//795
f 457//796 493//796 489//796
f 461//797 493//797 457//797
f 465//798 493//798 461//798
f 462//799 494//799 490//799
f 463//800 495//800 491//800
f 464//801 496//801 492//801
f 465//802 497//802 493//802
f 462//803 498//803 494//803
f 466//804 498//804 462//804
f 463//805 499//805 495//805
f 467//806 499//806 463//806
f 464//807 500//807 496//807
f 468//808 500//808 464//808
f 469//809 501//809 465//809
f 465//810 501//810 497//810
f 470//811 502//811 466//811
f 466//812 502//812 498//812
f 474//813 502//813 470//813
f 475//814 503//814 471//814
f 467//815 503//815 499//815
f 471//816 503//816 467//816
f 476//817 504//817 472//817
f 468//818 504//818 500//818
f 472//819 504//819 468//819
f 469//820 505//820 501//820
f 473//821 505//821 469//821
f 477//822 505//822 473//822
f 474//823 506//823 502//823
f 479//824 507//824 475//824
f 475//825 507//825 503//825
f 476//826 508//826 504//826
f 477//827 509//827 505//827
f 482//828 510//828 478//828
f 474//829 510//829 506//829
f 478//830 510//830 474//830
f 479//831 511//831 507//831
f 480//832 512//832 476//832
f 476//833 512//833 508//833
f 486//834 513//834 481//834
f 481//835 513//835 477//835
f 477//836 513//836 509//836
f 482//837 514//837 510//837
f 483//838 515//838 479//838
f 484//839 515//839 483//839
f 516//840 515//840 484//840
f 479//841 515//841 511//841
f 485//842 517//842 480//842
f 489//843 517//843 485//843
f 480//844 517//844 512//844
f 490//845 518//845 486//845
f 486//846 518//846 513//846
f 491//847 519//847 487//847
f 482//848 519//848 514//848
f 487//849 519//849 482//849
f 161//850 520//850 162//850
f 162//851 520//851 163//851
f 488//852 520//852 161//852
f 489//853 521//853 517//853
f 490//854 522//854 518//854
f 491//855 523//855 519//855
f 488//856 524//856 520//856
f 492//857 524//857 488//857
f 493//858 525//858 489//858
f 489//859 525//859 521//859
f 490//860 526//860 522//860
f 494//861 526//861 490//861
f 491//862 527//862 523//862
f 495//863 527//863 491//863
f 492//864 528//864 524//864
f 496//865 528//865 492//865
f 497//866 529//866 493//866
f 493//867 529//867 525//867
f 494//868 530//868 526//868
f 498//869 530//869 494//869
f 495//870 531//870 527//870
f 499//871 531//871 495//871
f 500//872 532//872 496//872
f 496//873 532//873 528//873
f 497//874 533//874 529//874
f 505//875 533//875 501//875
f 501//876 533//876 497//876
f 498//877 534//877 530//877
f 506//878 534//878 502//878
f 502//879 534//879 498//879
f 503//880 535//880 499//880
f 499//881 535//881 531//881
f 500//882 536//882 532//882
f 504//883 536//883 500//883
f 505//884 537//884 533//884
f 506//885 538//885 534//885
f 503//886 539//886 535//886
f 507//887 539//887 503//887
f 504//888 540//888 536//888
f 508//889 540//889 504//889
f 509//890 541//890 505//890
f 505//891 541//891 537//891
f 510//892 542//892 506//892
f 506//893 542//893 538//893
f 514//894 542//894 510//894
f 511//895 543//895 507//895
f 507//896 543//896 539//896
f 517//897 544//897 512//897
f 508//898 544//898 540//898
f 512//899 544//899 508//899
f 513//900 545//900 509//900
f 509//901 545//901 541//901
f 514//902 546//902 542//902
f 515//903 547//903 511//903
f 516//904 547//904 515//904
f 511//905 547//905 543//905
f 548//906 547//906 516//906
f 517//907 549//907 544//907
f 518//908 550//908 513//908
f 522//909 550//909 518//909
f 513//910 550//910 545//910
f 514//911 551//911 546//911
f 519//912 551//912 514//912
f 520//913 552//913 163//913
f 521//914 553//914 517//914
f 517//915 553//915 549//915
f 522//916 554//916 550//916
f 523//917 555//917 519//917
f 519//918 555//918 551//918
f 520//919 556//919 552//919
f 524//920 556//920 520//920
f 521//921 557//921 553//921
f 525//922 557//922 521//922
f 522//923 558//923 554//923
f 526//924 558//924 522//924
f 523//925 559//925 555//925
f 527//926 559//926 523//926
f 531//927 559//927 527//927
f 524//928 560//928 556//928
f 528//929 560//929 524//929
f 525//930 561//930 557//930
f 529//931 561//931 525//931
f 530//932 562//932 526//932
f 526//933 562//933 558//933
f 531//934 563//934 559//934
f 528//935 564//935 560//935
f 532//936 564//936 528//936
f 529//937 565//937 561//937
f 533//938 565//938 529//938
f 534//939 566//939 530//939
f 530//940 566//940 562//940
f 531//941 567//941 563//941
f 535//942 567//942 531//942
f 539//943 567//943 535//943
f 536//944 568//944 532//944
f 532//945 568//945 564//945
f 533//946 569//946 565//946
f 537//947 569//947 533//947
f 542//948 570//948 538//948
f 534//949 570//949 566//949
f 538//950 570//950 534//950
f 539//951 571//951 567//951
f 544//952 572//952 540//952
f 536//953 572//953 568//953
f 540//954 572//954 536//954
f 537//955 573//955 569//955
f 541//956 573//956 537//956
f 542//957 574//957 570//957
f 547//958 575//958 543//958
f 539//959 575//959 571//959
f 543//960 575//960 539//960
f 544//961 576//961 572//961
f 545//962 577//962 541//962
f 541//963 577//963 573//963
f 542//964 578//964 574//964
f 546//965 578//965 542//965
f 548//966 579//966 547//966
f 580//967 579//967 548//967
f 547//968 579//968 575//968
f 581//969 579//969 580//969
f 549//970 582//970 544//970
f 544//971 582//971 576//971
f 550//972 583//972 545//972
f 545//973 583//973 577//973
f 551//974 584//974 546//974
f 546//975 584//975 578//975
f 163//976 585//976 164//976
f 552//977 585//977 163//977
f 553//978 586//978 549//978
f 549//979 586//979 582//979
f 554//980 587//980 550//980
f 550//981 587//981 583//981
f 555//982 588//982 551//982
f 551//983 588//983 584//983
f 552//984 589//984 585//984
f 560//985 589//985 556//985
f 556//986 589//986 552//986
f 557//987 590//987 553//987
f 561//988 590//988 557//988
f 553//989 590//989 586//989
f 554//990 591//990 587//990
f 558//991 591//991 554//991
f 559//992 592//992 555//992
f 555//993 592//993 588//993
f 560//994 593//994 589//994
f 564//995 593//995 560//995
f 561//996 594//996 590//996
f 562//997 595//997 558//997
f 558//998 595//998 591//998
f 559//999 596//999 592//999
f 563//1000 596//1000 559//1000
f 564//1001 597//1001 593//1001
f 569//1002 598//1002 565//1002
f 561//1003 598//1003 594//1003
f 565//1004 598//1004 561//1004
f 566//1005 599//1005 562//1005
f 562//1006 599//1006 595//1006
f 563//1007 600//1007 596//1007
f 567//1008 600//1008 563//1008
f 564//1009 601//1009 597//1009
f 568//1010 601//1010 564//1010
f 572//1011 601//1011 568//1011
f 569//1012 602//1012 598//1012
f 566//1013 603//1013 599//1013
f 570//1014 603//1014 566//1014
f 571//1015 604//1015 567//1015
f 567//1016 604//1016 600//1016
f 572//1017 605//1017 601//1017
f 577//1018 606//1018 573//1018
f 573//1019 606//1019 569//1019
f 569//1020 606//1020 602//1020
f 570//1021 607//1021 603//1021
f 574//1022 607//1022 570//1022
f 571//1023 608//1023 604//1023
f 575//1024 608//1024 571//1024
f 579//1025 608//1025 575//1025
f 576//1026 609//1026 572//1026
f 572//1027 609//1027 605//1027
f 577//1028 610//1028 606//1028
f 578//1029 611//1029 574//1029
f 574//1030 611//1030 607//1030
f 581//1031 612//1031 579//1031
f 579//1032 612//1032 608//1032
f 586//1033 613//1033 582//1033
f 582//1034 613//1034 576//1034
f 576//1035 613//1035 609//1035
f 577//1036 614//1036 610//1036
f 583//1037 614//1037 577//1037
f 584//1038 615//1038 578//1038
f 578//1039 615//1039 611//1039
f 164//1040 616//1040 165//1040
f 165//1041 616//1041 166//1041
f 585//1042 616//1042 164//1042
f 586//1043 617//1043 613//1043
f 587//1044 618//1044 583//1044
f 583//1045 618//1045 614//1045
f 588//1046 619//1046 584//1046
f 584//1047 619//1047 615//1047
f 589//1048 620//1048 585//1048
f 585//1049 620//1049 616//1049
f 590//1050 621//1050 586//1050
f 586//1051 621//1051 617//1051
f 591//1052 622//1052 587//1052
f 587//1053 622//1053 618//1053
f 596//1054 623//1054 592//1054
f 588//1055 623//1055 619//1055
f 592//1056 623//1056 588//1056
f 597//1057 624//1057 593//1057
f 593//1058 624//1058 589//1058
f 589//1059 624//1059 620//1059
f 598//1060 625//1060 594//1060
f 594//1061 625//1061 590//1061
f 590//1062 625//1062 621//1062
f 591//1063 626//1063 622//1063
f 599//1064 626//1064 595//1064
f 595//1065 626//1065 591//1065
f 596//1066 627//1066 623//1066
f 597//1067 628//1067 624//1067
f 598//1068 629//1068 625//1068
f 602//1069 629//1069 598//1069
f 599//1070 630//1070 626//1070
f 596//1071 631//1071 627//1071
f 600//1072 631//1072 596//1072
f 604//1073 631//1073 600//1073
f 601//1074 632//1074 597//1074
f 597//1075 632//1075 628//1075
f 602//1076 633//1076 629//1076
f 599//1077 634//1077 630//1077
f 603//1078 634//1078 599//1078
f 604//1079 635//1079 631//1079
f 601//1080 636//1080 632//1080
f 605//1081 636//1081 601//1081
f 606//1082 637//1082 602//1082
f 602//1083 637//1083 633//1083
f 610//1084 637//1084 606//1084
f 603//1085 638//1085 634//1085
f 607//1086 638//1086 603//1086
f 611//1087 638//1087 607//1087
f 608//1088 639//1088 604//1088
f 604//1089 639//1089 635//1089
f 605//1090 640//1090 636//1090
f 609//1091 640//1091 605//1091
f 610//1092 641//1092 637//1092
f 611//1093 642//1093 638//1093
f 581//1094 643//1094 612//1094
f 608//1095 643//1095 639//1095
f 612//1096 643//1096 608//1096
f 644//1097 643//1097 581//1097
f 613//1098 645//1098 609//1098
f 609//1099 645//1099 640//1099
f 614//1100 646//1100 610//1100
f 610//1101 646//1101 641//1101
f 615//1102 647//1102 611//1102
f 611//1103 647//1103 642//1103
f 616//1104 648//1104 166//1104
f 617//1105 649//1105 613//1105
f 613//1106 649//1106 645//1106
f 614//1107 650//1107 646//1107
f 618//1108 650//1108 614//1108
f 619//1109 651//1109 615//1109
f 615//1110 651//1110 647//1110
f 624//1111 652//1111 620//1111
f 616//1112 652//1112 648//1112
f 620//1113 652//1113 616//1113
f 617//1114 653//1114 649//1114
f 625//1115 653//1115 621//1115
f 621//1116 653//1116 617//1116
f 618//1117 654//1117 650//1117
f 622//1118 654//1118 618//1118
f 623//1119 655//1119 619//1119
f 619//1120 655//1120 651//1120
f 624//1121 656//1121 652//1121
f 625//1122 657//1122 653//1122
f 626//1123 658//1123 622//1123
f 630//1124 658//1124 626//1124
f 622//1125 658//1125 654//1125
f 623//1126 659//1126 655//1126
f 627//1127 659//1127 623//1127
f 631//1128 659//1128 627//1128
f 624//1129 660//1129 656//1129
f 628//1130 660//1130 624//1130
f 629//1131 661//1131 625//1131
f 625//1132 661//1132 657//1132
f 630//1133 662//1133 658//1133
f 631//1134 663//1134 659//1134
f 636//1135 664//1135 632//1135
f 628//1136 664//1136 660//1136
f 632//1137 664//1137 628//1137
f 629//1138 665//1138 661//1138
f 633//1139 665//1139 629//1139
f 634//1140 666//1140 630//1140
f 630//1141 666//1141 662//1141
f 631//1142 667//1142 663//1142
f 635//1143 667//1143 631//1143
f 639//1144 667//1144 635//1144
f 636//1145 668//1145 664//1145
f 633//1146 669//1146 665//1146
f 637//1147 669//1147 633//1147
f 638//1148 670//1148 634//1148
f 634//1149 670//1149 666//1149
f 639//1150 671//1150 667//1150
f 643//1151 671//1151 639//1151
f 640//1152 672//1152 636//1152
f 636//1153 672//1153 668//1153
f 645//1154 672//1154 640//1154
f 641//1155 673//1155 637//1155
f 637//1156 673//1156 669//1156
f 638//1157 674//1157 670//1157
f 642//1158 674//1158 638//1158
f 643//1159 675//1159 671//1159
f 644//1160 675//1160 643//1160
f 676//1161 675//1161 644//1161
f 645//1162 677//1162 672//1162
f 641//1163 678//1163 673//1163
f 646//1164 678//1164 641//1164
f 651//1165 679//1165 647//1165
f 642//1166 679//1166 674//1166
f 647//1167 679//1167 642//1167
f 648//1168 680//1168 166//1168
f 166//1169 680//1169 167//1169
f 649//1170 681//1170 645//1170
f 645//1171 681//1171 677//1171
f 646//1172 682//1172 678//1172
f 650//1173 682//1173 646//1173
f 651//1174 683//1174 679//1174
f 648//1175 684//1175 680//1175
f 652//1176 684//1176 648//1176
f 653//1177 685//1177 649//1177
f 649//1178 685//1178 681//1178
f 654//1179 686//1179 650//1179
f 650//1180 686//1180 682//1180
f 659//1181 687//1181 655//1181
f 655//1182 687//1182 651//1182
f 651//1183 687//1183 683//1183
f 656//1184 688//1184 652//1184
f 652//1185 688//1185 684//1185
f 657//1186 689//1186 653//1186
f 653//1187 689//1187 685//1187
f 658//1188 690//1188 654//1188
f 654//1189 690//1189 686//1189
f 659//1190 691//1190 687//1190
f 656//1191 692//1191 688//1191
f 660//1192 692//1192 656//1192
f 665//1193 693//1193 661//1193
f 661//1194 693//1194 657//1194
f 657//1195 693//1195 689//1195
f 662//1196 694//1196 658//1196
f 658//1197 694//1197 690//1197
f 663//1198 695//1198 659//1198
f 659//1199 695//1199 691//1199
f 667//1200 695//1200 663//1200
f 668//1201 696//1201 664//1201
f 664//1202 696//1202 660//1202
f 660//1203 696//1203 692//1203
f 665//1204 697//1204 693//1204
f 662//1205 698//1205 694//1205
f 666//1206 698//1206 662//1206
f 667//1207 699//1207 695//1207
f 668//1208 700//1208 696//1208
f 672//1209 700//1209 668//1209
f 669//1210 701//1210 665//1210
f 665//1211 701//1211 697//1211
f 666//1212 702//1212 698//1212
f 670//1213 702//1213 666//1213
f 667//1214 703//1214 699//1214
f 671//1215 703//1215 667//1215
f 672//1216 704//1216 700//1216
f 669//1217 705//1217 701//1217
f 673//1218 705//1218 669//1218
f 670//1219 706//1219 702//1219
f 674//1220 706//1220 670//1220
f 671//1221 707//1221 703//1221
f 675//1222 707//1222 671//1222
f 676//1223 707//1223 675//1223
f 708//1224 707//1224 676//1224
f 672//1225 709//1225 704//1225
f 677//1226 709//1226 672//1226
f 673//1227 710//1227 705//1227
f 678//1228 710//1228 673//1228
f 682//1229 710//1229 678//1229
f 674//1230 711//1230 706//1230
f 679//1231 711//1231 674//1231
f 167//1232 712//1232 168//1232
f 168//1233 712//1233 169//1233
f 680//1234 712//1234 167//1234
f 677//1235 713//1235 709//1235
f 681//1236 713//1236 677//1236
f 682//1237 714//1237 710//1237
f 679//1238 715//1238 711//1238
f 683//1239 715//1239 679//1239
f 684//1240 716//1240 680//1240
f 680//1241 716//1241 712//1241
f 689//1242 717//1242 685//1242
f 685//1243 717//1243 681//1243
f 681//1244 717//1244 713//1244
f 682//1245 718//1245 714//1245
f 686//1246 718//1246 682//1246
f 687//1247 719//1247 683//1247
f 683//1248 719//1248 715//1248
f 688//1249 720//1249 684//1249
f 684//1250 720//1250 716//1250
f 689//1251 721//1251 717//1251
f 690//1252 722//1252 686//1252
f 686//1253 722//1253 718//1253
f 691//1254 723//1254 687//1254
f 687//1255 723//1255 719//1255
f 692//1256 724//1256 688//1256
f 688//1257 724//1257 720//1257
f 689//1258 725//1258 721//1258
f 693//1259 725//1259 689//1259
f 690//1260 726//1260 722//1260
f 694//1261 726//1261 690//1261
f 695//1262 727//1262 691//1262
f 699//1263 727//1263 695//1263
f 691//1264 727//1264 723//1264
f 696//1265 728//1265 692//1265
f 692//1266 728//1266 724//1266
f 693//1267 729//1267 725//1267
f 697//1268 729//1268 693//1268
f 694//1269 730//1269 726//1269
f 698//1270 730//1270 694//1270
f 699//1271 731//1271 727//1271
f 703//1272 731//1272 699//1272
f 696//1273 732//1273 728//1273
f 700//1274 732//1274 696//1274
f 701//1275 733//1275 697//1275
f 705//1276 733//1276 701//1276
f 697//1277 733//1277 729//1277
f 702//1278 734//1278 698//1278
f 698//1279 734//1279 730//1279
f 703//1280 735//1280 731//1280
f 700//1281 736//1281 732//1281
f 704//1282 736//1282 700//1282
f 710//1283 737//1283 705//1283
f 705//1284 737//1284 733//1284
f 706//1285 738//1285 702//1285
f 702//1286 738//1286 734//1286
f 739//1287 740//1287 708//1287
f 708//1288 740//1288 707//1288
f 703//1289 740//1289 735//1289
f 707//1290 740//1290 703//1290
f 704//1291 741//1291 736//1291
f 709//1292 741//1292 704//1292
f 710//1293 742//1293 737//1293
f 706//1294 743//1294 738//1294
f 711//1295 743//1295 706//1295
f 169//1296 744//1296 170//1296
f 712//1297 744//1297 169//1297
f 716//1298 744//1298 712//1298
f 713//1299 745//1299 709//1299
f 709//1300 745//1300 741//1300
f 710//1301 746//1301 742//1301
f 714//1302 746//1302 710//1302
f 711//1303 747//1303 743//1303
f 715//1304 747//1304 711//1304
f 716//1305 748//1305 744//1305
f 721//1306 749//1306 717//1306
f 713//1307 749//1307 745//1307
f 717//1308 749//1308 713//1308
f 718//1309 750//1309 714//1309
f 714//1310 750//1310 746//1310
f 719//1311 751//1311 715//1311
f 715//1312 751//1312 747//1312
f 720//1313 752//1313 716//1313
f 716//1314 752//1314 748//1314
f 721//1315 753//1315 749//1315
f 726//1316 754//1316 722//1316
f 718//1317 754//1317 750//1317
f 722//1318 754//1318 718//1318
f 723//1319 755//1319 719//1319
f 719//1320 755//1320 751//1320
f 724//1321 756//1321 720//1321
f 728//1322 756//1322 724//1322
f 720//1323 756//1323 752//1323
f 725//1324 757//1324 721//1324
f 721//1325 757//1325 753//1325
f 726//1326 758//1326 754//1326
f 730//1327 758//1327 726//1327
f 727//1328 759//1328 723//1328
f 723//1329 759//1329 755//1329
f 732//1330 760//1330 728//1330
f 728//1331 760//1331 756//1331
f 729//1332 761//1332 725//1332
f 725//1333 761//1333 757//1333
f 730//1334 762//1334 758//1334
f 727//1335 763//1335 759//1335
f 731//1336 763//1336 727//1336
f 732//1337 764//1337 760//1337
f 733//1338 765//1338 729//1338
f 729//1339 765//1339 761//1339
f 734//1340 766//1340 730//1340
f 730//1341 766//1341 762//1341
f 731//1342 767//1342 763//1342
f 735//1343 767//1343 731//1343
f 740//1344 767//1344 735//1344
f 732//1345 768//1345 764//1345
f 741//1346 768//1346 736//1346
f 736//1347 768//1347 732//1347
f 733//1348 769//1348 765//1348
f 737//1349 769//1349 733//1349
f 734//1350 770//1350 766//1350
f 738//1351 770//1351 734//1351
f 771//1352 772//1352 739//1352
f 740//1353 772//1353 767//1353
f 739//1354 772//1354 740//1354
f 741//1355 773//1355 768//1355
f 742//1356 774//1356 737//1356
f 737//1357 774//1357 769//1357
f 738//1358 775//1358 770//1358
f 743//1359 775//1359 738//1359
f 747//1360 775//1360 743//1360
f 744//1361 776//1361 170//1361
f 745//1362 777//1362 741//1362
f 741//1363 777//1363 773//1363
f 742//1364 778//1364 774//1364
f 746//1365 778//1365 742//1365
f 747//1366 779//1366 775//1366
f 751//1367 779//1367 747//1367
f 744//1368 780//1368 776//1368
f 748//1369 780//1369 744//1369
f 745//1370 781//1370 777//1370
f 749//1371 781//1371 745//1371
f 746//1372 782//1372 778//1372
f 750//1373 782//1373 746//1373
f 751//1374 783//1374 779//1374
f 748//1375 784//1375 780//1375
f 752//1376 784//1376 748//1376
f 757//1377 785//1377 753//1377
f 749//1378 785//1378 781//1378
f 753//1379 785//1379 749//1379
f 754//1380 786//1380 750//1380
f 750//1381 786//1381 782//1381
f 755//1382 787//1382 751//1382
f 759//1383 787//1383 755//1383
f 751//1384 787//1384 783//1384
f 756//1385 788//1385 752//1385
f 752//1386 788//1386 784//1386
f 761//1387 789//1387 757//1387
f 757//1388 789//1388 785//1388
f 758//1389 790//1389 754//1389
f 754//1390 790//1390 786//1390
f 763//1391 791//1391 759//1391
f 759//1392 791//1392 787//1392
f 760//1393 792//1393 756//1393
f 756//1394 792//1394 788//1394
f 761//1395 793//1395 789//1395
f 762//1396 794//1396 758//1396
f 766//1397 794//1397 762//1397
f 758//1398 794//1398 790//1398
f 767//1399 795//1399 763//1399
f 763//1400 795//1400 791//1400
f 760//1401 796//1401 792//1401
f 764//1402 796//1402 760//1402
f 761//1403 797//1403 793//1403
f 769//1404 797//1404 765//1404
f 765//1405 797//1405 761//1405
f 766//1406 798//1406 794//1406
f 767//1407 799//1407 795//1407
f 764//1408 800//1408 796//1408
f 768//1409 800//1409 764//1409
f 769//1410 801//1410 797//1410
f 770//1411 802//1411 766//1411
f 766//1412 802//1412 798//1412
f 803//1413 804//1413 771//1413
f 771//1414 804//1414 772//1414
f 767//1415 804//1415 799//1415
f 772//1416 804//1416 767//1416
f 768//1417 805//1417 800//1417
f 773//1418 805//1418 768//1418
f 774//1419 806//1419 769//1419
f 769//1420 806//1420 801//1420
f 770//1421 807//1421 802//1421
f 775//1422 807//1422 770//1422
f 776//1423 808//1423 170//1423
f 170//1424 808//1424 171//1424
f 777//1425 809//1425 773//1425
f 773//1426 809//1426 805//1426
f 774//1427 810//1427 806//1427
f 778//1428 810//1428 774//1428
f 782//1429 810//1429 778//1429
f 775//1430 811//1430 807//1430
f 779//1431 811//1431 775//1431
f 776//1432 812//1432 808//1432
f 780//1433 812//1433 776//1433
f 785//1434 813//1434 781//1434
f 777//1435 813//1435 809//1435
f 781//1436 813//1436 777//1436
f 782//1437 814//1437 810//1437
f 779//1438 815//1438 811//1438
f 783//1439 815//1439 779//1439
f 780//1440 816//1440 812//1440
f 784//1441 816//1441 780//1441
f 785//1442 817//1442 813//1442
f 790//1443 818//1443 786//1443
f 782//1444 818//1444 814//1444
f 786//1445 818//1445 782//1445
f 787//1446 819//1446 783//1446
f 783//1447 819//1447 815//1447
f 788//1448 820//1448 784//1448
f 784//1449 820//1449 816//1449
f 785//1450 821//1450 817//1450
f 789//1451 821//1451 785//1451
f 790//1452 822//1452 818//1452
f 794//1453 822//1453 790//1453
f 791//1454 823//1454 787//1454
f 787//1455 823//1455 819//1455
f 788//1456 824//1456 820//1456
f 792//1457 824//1457 788//1457
f 793//1458 825//1458 789//1458
f 789//1459 825//1459 821//1459
f 794//1460 826//1460 822//1460
f 795//1461 827//1461 791//1461
f 791//1462 827//1462 823//1462
f 792//1463 828//1463 824//1463
f 796//1464 828//1464 792//1464
f 797//1465 829//1465 793//1465
f 793//1466 829//1466 825//1466
f 801//1467 829//1467 797//1467
f 798//1468 830//1468 794//1468
f 794//1469 830//1469 826//1469
f 795//1470 831//1470 827//1470
f 799//1471 831//1471 795//1471
f 804//1472 831//1472 799//1472
f 800//1473 832//1473 796//1473
f 796//1474 832//1474 828//1474
f 801//1475 833//1475 829//1475
f 806//1476 833//1476 801//1476
f 802//1477 834//1477 798//1477
f 798//1478 834//1478 830//1478
f 835//1479 836//1479 803//1479
f 804//1480 836//1480 831//1480
f 803//1481 836//1481 804//1481
f 805//1482 837//1482 800//1482
f 800//1483 837//1483 832//1483
f 806//1484 838//1484 833//1484
f 802//1485 839//1485 834//1485
f 807//1486 839//1486 802//1486
f 811//1487 839//1487 807//1487
f 171//1488 840//1488 172//1488
f 808//1489 840//1489 171//1489
f 805//1490 841//1490 837//1490
f 809//1491 841//1491 805//1491
f 810//1492 842//1492 806//1492
f 814//1493 842//1493 810//1493
f 806//1494 842//1494 838//1494
f 811//1495 843//1495 839//1495
f 812//1496 844//1496 808//1496
f 808//1497 844//1497 840//1497
f 817//1498 845//1498 813//1498
f 809//1499 845//1499 841//1499
f 813//1500 845//1500 809//1500
f 814//1501 846//1501 842//1501
f 818//1502 846//1502 814//1502
f 811//1503 847//1503 843//1503
f 815//1504 847//1504 811//1504
f 819//1505 847//1505 815//1505
f 812//1506 848//1506 844//1506
f 816//1507 848//1507 812//1507
f 817//1508 849//1508 845//1508
f 818//1509 850//1509 846//1509
f 819//1510 851//1510 847//1510
f 820//1511 852//1511 816//1511
f 816//1512 852//1512 848//1512
f 817//1513 853//1513 849//1513
f 821//1514 853//1514 817//1514
f 818//1515 854//1515 850//1515
f 822//1516 854//1516 818//1516
f 826//1517 854//1517 822//1517
f 823//1518 855//1518 819//1518
f 819//1519 855//1519 851//1519
f 824//1520 856//1520 820//1520
f 828//1521 856//1521 824//1521
f 820//1522 856//1522 852//1522
f 825//1523 857//1523 821//1523
f 821//1524 857//1524 853//1524
f 830//1525 858//1525 826//1525
f 826//1526 858//1526 854//1526
f 827//1527 859//1527 823//1527
f 823//1528 859//1528 855//1528
f 832//1529 860//1529 828//1529
f 828//1530 860//1530 856//1530
f 829//1531 861//1531 825//1531
f 833//1532 861//1532 829//1532
f 825//1533 861//1533 857//1533
f 830//1534 862//1534 858//1534
f 827//1535 863//1535 859//1535
f 831//1536 863//1536 827//1536
f 837//1537 864//1537 832//1537
f 832//1538 864//1538 860//1538
f 838//1539 865//1539 833//1539
f 833//1540 865//1540 861//1540
f 834//1541 866//1541 830//1541
f 839//1542 866//1542 834//1542
f 830//1543 866//1543 862//1543
f 835//1544 867//1544 836//1544
f 868//1545 867//1545 835//1545
f 831//1546 867//1546 863//1546
f 836//1547 867//1547 831//1547
f 837//1548 869//1548 864//1548
f 838//1549 870//1549 865//1549
f 839//1550 871//1550 866//1550
f 840//1551 872//1551 172//1551
f 172//1552 872//1552 173//1552
f 844//1553 872//1553 840//1553
f 837//1554 873//1554 869//1554
f 845//1555 873//1555 841//1555
f 841//1556 873//1556 837//1556
f 838//1557 874//1557 870//1557
f 842//1558 874//1558 838//1558
f 846//1559 874//1559 842//1559
f 839//1560 875//1560 871//1560
f 843//1561 875//1561 839//1561
f 844//1562 876//1562 872//1562
f 845//1563 877//1563 873//1563
f 850//1564 878//1564 846//1564
f 846//1565 878//1565 874//1565
f 843//1566 879//1566 875//1566
f 847//1567 879//1567 843//1567
f 844//1568 880//1568 876//1568
f 848//1569 880//1569 844//1569
f 849//1570 881//1570 845//1570
f 845//1571 881//1571 877//1571
f 850//1572 882//1572 878//1572
f 847//1573 883//1573 879//1573
f 851//1574 883//1574 847//1574
f 855//1575 883//1575 851//1575
f 848//1576 884//1576 880//1576
f 852//1577 884//1577 848//1577
f 857//1578 885//1578 853//1578
f 849//1579 885//1579 881//1579
f 853//1580 885//1580 849//1580
f 854//1581 886//1581 850//1581
f 850//1582 886//1582 882//1582
f 855//1583 887//1583 883//1583
f 852//1584 888//1584 884//1584
f 856//1585 888//1585 852//1585
f 857//1586 889//1586 885//1586
f 858//1587 890//1587 854//1587
f 854//1588 890//1588 886//1588
f 863//1589 891//1589 859//1589
f 855//1590 891//1590 887//1590
f 859//1591 891//1591 855//1591
f 860//1592 892//1592 856//1592
f 856//1593 892//1593 888//1593
f 861//1594 893//1594 857//1594
f 857//1595 893//1595 889//1595
f 862//1596 894//1596 858//1596
f 858//1597 894//1597 890//1597
f 863//1598 895//1598 891//1598
f 864//1599 896//1599 860//1599
f 860//1600 896//1600 892//1600
f 865//1601 897//1601 861//1601
f 861//1602 897//1602 893//1602
f 866//1603 898//1603 862//1603
f 862//1604 898//1604 894//1604
f 899//1605 900//1605 868//1605
f 863//1606 900//1606 895//1606
f 867//1607 900//1607 863//1607
f 868//1608 900//1608 867//1608
f 864//1609 901//1609 896//1609
f 869//1610 901//1610 864//1610
f 870//1611 902//1611 865//1611
f 865//1612 902//1612 897//1612
f 866//1613 903//1613 898//1613
f 871//1614 903//1614 866//1614
f 875//1615 903//1615 871//1615
f 876//1616 904//1616 872//1616
f 173//1617 904//1617 174//1617
f 872//1618 904//1618 173//1618
f 873//1619 905//1619 869//1619
f 869//1620 905//1620 901//1620
f 870//1621 906//1621 902//1621
f 874//1622 906//1622 870//1622
f 875//1623 907//1623 903//1623
f 876//1624 908//1624 904//1624
f 873//1625 909//1625 905//1625
f 877//1626 909//1626 873//1626
f 874//1627 910//1627 906//1627
f 878//1628 910//1628 874//1628
f 875//1629 911//1629 907//1629
f 879//1630 911//1630 875//1630
f 876//1631 912//1631 908//1631
f 880//1632 912//1632 876//1632
f 877//1633 913//1633 909//1633
f 881//1634 913//1634 877//1634
f 878//1635 914//1635 910//1635
f 882//1636 914//1636 878//1636
f 879//1637 915//1637 911//1637
f 883//1638 915//1638 879//1638
f 880//1639 916//1639 912//1639
f 884//1640 916//1640 880//1640
f 881//1641 917//1641 913//1641
f 885//1642 917//1642 881//1642
f 890//1643 918//1643 886//1643
f 886//1644 918//1644 882//1644
f 882//1645 918//1645 914//1645
f 883//1646 919//1646 915//1646
f 887//1647 919//1647 883//1647
f 891//1648 919//1648 887//1648
f 892//1649 920//1649 888//1649
f 884//1650 920//1650 916//1650
f 888//1651 920//1651 884//1651
f 885//1652 921//1652 917//1652
f 889//1653 921//1653 885//1653
f 890//1654 922//1654 918//1654
f 891//1655 923//1655 919//1655
f 892//1656 924//1656 920//1656
f 896//1657 924//1657 892//1657
f 897//1658 925//1658 893//1658
f 893//1659 925//1659 889//1659
f 889//1660 925//1660 921//1660
f 894//1661 926//1661 890//1661
f 890//1662 926//1662 922//1662
f 895//1663 927//1663 891//1663
f 900//1664 927//1664 895//1664
f 891//1665 927//1665 923//1665
f 901//1666 928//1666 896//1666
f 896//1667 928//1667 924//1667
f 902//1668 929//1668 897//1668
f 897//1669 929//1669 925//1669
f 898//1670 930//1670 894//1670
f 894//1671 930//1671 926//1671
f 900//1672 931//1672 927//1672
f 932//1673 931//1673 899//1673
f 899//1674 931//1674 900//1674
f 901//1675 933//1675 928//1675
f 902//1676 934//1676 929//1676
f 903//1677 935//1677 898//1677
f 898//1678 935//1678 930//1678
f 174//1679 936//1679 175//1679
f 904//1680 936//1680 174//1680
f 905//1681 937//1681 901//1681
f 901//1682 937//1682 933//1682
f 906//1683 938//1683 902//1683
f 910//1684 938//1684 906//1684
f 902//1685 938//1685 934//1685
f 907//1686 939//1686 903//1686
f 911//1687 939//1687 907//1687
f 903//1688 939//1688 935//1688
f 908//1689 940//1689 904//1689
f 904//1690 940//1690 936//1690
f 909//1691 941//1691 905//1691
f 905//1692 941//1692 937//1692
f 913//1693 941//1693 909//1693
f 910//1694 942//1694 938//1694
f 914//1695 942//1695 910//1695
f 911//1696 943//1696 939//1696
f 912//1697 944//1697 908//1697
f 908//1698 944//1698 940//1698
f 913//1699 945//1699 941//1699
f 914//1700 946//1700 942//1700
f 915//1701 947//1701 911//1701
f 911//1702 947//1702 943//1702
f 919//1703 947//1703 915//1703
f 912//1704 948//1704 944//1704
f 916//1705 948//1705 912//1705
f 913//1706 949//1706 945//1706
f 917//1707 949//1707 913//1707
f 921//1708 949//1708 917//1708
f 914//1709 950//1709 946//1709
f 918//1710 950//1710 914//1710
f 919//1711 951//1711 947//1711
f 923//1712 951//1712 919//1712
f 916//1713 952//1713 948//1713
f 920//1714 952//1714 916//1714
f 921//1715 953//1715 949//1715
f 918//1716 954//1716 950//1716
f 922//1717 954//1717 918//1717
f 923//1718 955//1718 951//1718
f 920//1719 956//1719 952//1719
f 924//1720 956//1720 920//1720
f 921//1721 957//1721 953//1721
f 925//1722 957//1722 921//1722
f 926//1723 958//1723 922//1723
f 922//1724 958//1724 954//1724
f 927//1725 959//1725 923//1725
f 923//1726 959//1726 955//1726
f 928//1727 960//1727 924//1727
f 924//1728 960//1728 956//1728
f 934//1729 961//1729 929//1729
f 925//1730 961//1730 957//1730
f 929//1731 961//1731 925//1731
f 926//1732 962//1732 958//1732
f 930//1733 962//1733 926//1733
f 963//1734 964//1734 932//1734
f 965//1735 964//1735 963//1735
f 932//1736 964//1736 931//1736
f 931//1737 964//1737 927//1737
f 927//1738 964//1738 959//1738
f 928//1739 966//1739 960//1739
f 933//1740 966//1740 928//1740
f 934//1741 967//1741 961//1741
f 939//1742 968//1742 935//1742
f 935//1743 968//1743 930//1743
f 930//1744 968//1744 962//1744
f 175//1745 969//1745 176//1745
f 940//1746 969//1746 936//1746
f 936//1747 969//1747 175//1747
f 937//1748 970//1748 933//1748
f 933//1749 970//1749 966//1749
f 938//1750 971//1750 934//1750
f 942//1751 971//1751 938//1751
f 934//1752 971//1752 967//1752
f 939//1753 972//1753 968//1753
f 940//1754 973//1754 969//1754
f 941//1755 974//1755 937//1755
f 937//1756 974//1756 970//1756
f 942//1757 975//1757 971//1757
f 939//1758 976//1758 972//1758
f 943//1759 976//1759 939//1759
f 940//1760 977//1760 973//1760
f 944//1761 977//1761 940//1761
f 945//1762 978//1762 941//1762
f 941//1763 978//1763 974//1763
f 946//1764 979//1764 942//1764
f 942//1765 979//1765 975//1765
f 943//1766 980//1766 976//1766
f 947//1767 980//1767 943//1767
f 944//1768 981//1768 977//1768
f 948//1769 981//1769 944//1769
f 949//1770 982//1770 945//1770
f 945//1771 982//1771 978//1771
f 946//1772 983//1772 979//1772
f 950//1773 983//1773 946//1773
f 947//1774 984//1774 980//1774
f 951//1775 984//1775 947//1775
f 948//1776 985//1776 981//1776
f 952//1777 985//1777 948//1777
f 949//1778 986//1778 982//1778
f 953//1779 986//1779 949//1779
f 950//1780 987//1780 983//1780
f 954//1781 987//1781 950//1781
f 958//1782 987//1782 954//1782
f 951//1783 988//1783 984//1783
f 955//1784 988//1784 951//1784
f 952//1785 989//1785 985//1785
f 956//1786 989//1786 952//1786
f 953//1787 990//1787 986//1787
f 957//1788 990//1788 953//1788
f 958//1789 991//1789 987//1789
f 955//1790 992//1790 988//1790
f 959//1791 992//1791 955//1791
f 956//1792 993//1792 989//1792
f 960//1793 993//1793 956//1793
f 961//1794 994//1794 957//1794
f 957//1795 994//1795 990//1795
f 962//1796 995//1796 958//1796
f 958//1797 995//1797 991//1797
f 964//1798 996//1798 959//1798
f 997//1799 996//1799 965//1799
f 965//1800 996//1800 964//1800
f 959//1801 996//1801 992//1801
f 966//1802 998//1802 960//1802
f 960//1803 998//1803 993//1803
f 967//1804 999//1804 961//1804
f 961//1805 999//1805 994//1805
f 972//1806 1000//1806 968//1806
f 962//1807 1000//1807 995//1807
f 968//1808 1000//1808 962//1808
f 969//1809 1001//1809 176//1809
f 176//1810 1001//1810 177//1810
f 970//1811 1002//1811 966//1811
f 966//1812 1002//1812 998//1812
f 971//1813 1003//1813 967//1813
f 967//1814 1003//1814 999//1814
f 976//1815 1004//1815 972//1815
f 972//1816 1004//1816 1000//1816
f 973//1817 1005//1817 969//1817
f 969//1818 1005//1818 1001//1818
f 974//1819 1006//1819 970//1819
f 970//1820 1006//1820 1002//1820
f 971//1821 1007//1821 1003//1821
f 975//1822 1007//1822 971//1822
f 976//1823 1008//1823 1004//1823
f 977//1824 1009//1824 973//1824
f 973//1825 1009//1825 1005//1825
f 978//1826 1010//1826 974//1826
f 974//1827 1010//1827 1006//1827
f 982//1828 1010//1828 978//1828
f 975//1829 1011//1829 1007//1829
f 983//1830 1011//1830 979//1830
f 979//1831 1011//1831 975//1831
f 976//1832 1012//1832 1008//1832
f 980//1833 1012//1833 976//1833
f 984//1834 1012//1834 980//1834
f 981//1835 1013//1835 977//1835
f 977//1836 1013//1836 1009//1836
f 982//1837 1014//1837 1010//1837
f 983//1838 1015//1838 1011//1838
f 984//1839 1016//1839 1012//1839
f 981//1840 1017//1840 1013//1840
f 989//1841 1017//1841 985//1841
f 985//1842 1017//1842 981//1842
f 986//1843 1018//1843 982//1843
f 990//1844 1018//1844 986//1844
f 982//1845 1018//1845 1014//1845
f 983//1846 1019//1846 1015//1846
f 987//1847 1019//1847 983//1847
f 984//1848 1020//1848 1016//1848
f 988//1849 1020//1849 984//1849
f 989//1850 1021//1850 1017//1850
f 990//1851 1022//1851 1018//1851
f 987//1852 1023//1852 1019//1852
f 995//1853 1023//1853 991//1853
f 991//1854 1023//1854 987//1854
f 988//1855 1024//1855 1020//1855
f 992//1856 1024//1856 988//1856
f 998//1857 1025//1857 993//1857
f 993//1858 1025//1858 989//1858
f 989//1859 1025//1859 1021//1859
f 994//1860 1026//1860 990//1860
f 990//1861 1026//1861 1022//1861
f 999//1862 1026//1862 994//1862
f 995//1863 1027//1863 1023//1863
f 1028//1864 1029//1864 997//1864
f 992//1865 1029//1865 1024//1865
f 997//1866 1029//1866 996//1866
f 996//1867 1029//1867 992//1867
f 998//1868 1030//1868 1025//1868
f 1003//1869 1031//1869 999//1869
f 999//1870 1031//1870 1026//1870
f 995//1871 1032//1871 1027//1871
f 1000//1872 1032//1872 995//1872
f 1001//1873 1033//1873 177//1873
f 1005//1874 1033//1874 1001//1874
f 177//1875 1033//1875 178//1875
f 1002//1876 1034//1876 998//1876
f 998//1877 1034//1877 1030//1877
f 1003//1878 1035//1878 1031//1878
f 1007//1879 1035//1879 1003//1879
f 1004//1880 1036//1880 1000//1880
f 1000//1881 1036//1881 1032//1881
f 1008//1882 1036//1882 1004//1882
f 1009//1883 1037//1883 1005//1883
f 1005//1884 1037//1884 1033//1884
f 1010//1885 1038//1885 1006//1885
f 1006//1886 1038//1886 1002//1886
f 1002//1887 1038//1887 1034//1887
f 1007//1888 1039//1888 1035//1888
f 1011//1889 1039//1889 1007//1889
f 1008//1890 1040//1890 1036//1890
f 1009//1891 1041//1891 1037//1891
f 1010//1892 1042//1892 1038//1892
f 1011//1893 1043//1893 1039//1893
f 1008//1894 1044//1894 1040//1894
f 1012//1895 1044//1895 1008//1895
f 1009//1896 1045//1896 1041//1896
f 1013//1897 1045//1897 1009//1897
f 1014//1898 1046//1898 1010//1898
f 1018//1899 1046//1899 1014//1899
f 1010//1900 1046//1900 1042//1900
f 1011//1901 1047//1901 1043//1901
f 1015//1902 1047//1902 1011//1902
f 1016//1903 1048//1903 1012//1903
f 1012//1904 1048//1904 1044//1904
f 1013//1905 1049//1905 1045//1905
f 1017//1906 1049//1906 1013//1906
f 1018//1907 1050//1907 1046//1907
f 1015//1908 1051//1908 1047//1908
f 1019//1909 1051//1909 1015//1909
f 1020//1910 1052//1910 1016//1910
f 1016//1911 1052//1911 1048//1911
f 1017//1912 1053//1912 1049//1912
f 1021//1913 1053//1913 1017//1913
f 1025//1914 1053//1914 1021//1914
f 1018//1915 1054//1915 1050//1915
f 1022//1916 1054//1916 1018//1916
f 1027//1917 1055//1917 1023//1917
f 1019//1918 1055//1918 1051//1918
f 1023//1919 1055//1919 1019//1919
f 1024//1920 1056//1920 1020//1920
f 1020//1921 1056//1921 1052//1921
f 1025//1922 1057//1922 1053//1922
f 1026//1923 1058//1923 1022//1923
f 1022//1924 1058//1924 1054//1924
f 1027//1925 1059//1925 1055//1925
f 1024//1926 1060//1926 1056//1926
f 1028//1927 1060//1927 1029//1927
f 1029//1928 1060//1928 1024//1928
f 1025//1929 1061//1929 1057//1929
f 1030//1930 1061//1930 1025//1930
f 1026//1931 1062//1931 1058//1931
f 1031//1932 1062//1932 1026//1932
f 1032//1933 1063//1933 1027//1933
f 1027//1934 1063//1934 1059//1934
f 1036//1935 1063//1935 1032//1935
f 1033//1936 1064//1936 178//1936
f 178//1937 1064//1937 179//1937
f 1034//1938 1065//1938 1030//1938
f 1030//1939 1065//1939 1061//1939
f 1035//1940 1066//1940 1031//1940
f 1031//1941 1066//1941 1062//1941
f 1040//1942 1067//1942 1036//1942
f 1036//1943 1067//1943 1063//1943
f 1037//1944 1068//1944 1033//1944
f 1033//1945 1068//1945 1064//1945
f 1038//1946 1069//1946 1034//1946
f 1034//1947 1069//1947 1065//1947
f 1039//1948 1070//1948 1035//1948
f 1035//1949 1070//1949 1066//1949
f 1040//1950 1071//1950 1067//1950
f 1037//1951 1072//1951 1068//1951
f 1041//1952 1072//1952 1037//1952
f 1042//1953 1073//1953 1038//1953
f 1038//1954 1073//1954 1069//1954
f 1039//1955 1074//1955 1070//1955
f 1043//1956 1074//1956 1039//1956
f 1040//1957 1075//1957 1071//1957
f 1048//1958 1075//1958 1044//1958
f 1044//1959 1075//1959 1040//1959
f 1041//1960 1076//1960 1072//1960
f 1045//1961 1076//1961 1041//1961
f 1050//1962 1077//1962 1046//1962
f 1046//1963 1077//1963 1042//1963
f 1042//1964 1077//1964 1073//1964
f 1043//1965 1078//1965 1074//1965
f 1047//1966 1078//1966 1043//1966
f 1048//1967 1079//1967 1075//1967
f 1045//1968 1080//1968 1076//1968
f 1049//1969 1080//1969 1045//1969
f 1050//1970 1081//1970 1077//1970
f 1047//1971 1082//1971 1078//1971
f 1051//1972 1082//1972 1047//1972
f 1055//1973 1082//1973 1051//1973
f 1056//1974 1083//1974 1052//1974
f 1052//1975 1083//1975 1048//1975
f 1048//1976 1083//1976 1079//1976
f 1049//1977 1084//1977 1080//1977
f 1053//1978 1084//1978 1049//1978
f 1050//1979 1085//1979 1081//1979
f 1054//1980 1085//1980 1050//1980
f 1055//1981 1086//1981 1082//1981
f 1056//1982 1087//1982 1083//1982
f 1053//1983 1088//1983 1084//1983
f 1057//1984 1088//1984 1053//1984
f 1058//1985 1089//1985 1054//1985
f 1054//1986 1089//1986 1085//1986
f 1055//1987 1090//1987 1086//1987
f 1059//1988 1090//1988 1055//1988
f 1091//1989 1092//1989 1028//1989
f 1093//1990 1092//1990 1091//1990
f 1028//1991 1092//1991 1060//1991
f 1056//1992 1092//1992 1087//1992
f 1060//1993 1092//1993 1056//1993
f 1057//1994 1094//1994 1088//1994
f 1061//1995 1094//1995 1057//1995
f 1062//1996 1095//1996 1058//1996
f 1058//1997 1095//1997 1089//1997
f 1063//1998 1096//1998 1059//1998
f 1059//1999 1096//1999 1090//1999
f 1064//2000 1097//2000 179//2000
f 179//2001 1097//2001 180//2001
f 1068//2002 1097//2002 1064//2002
f 1061//2003 1098//2003 1094//2003
f 1065//2004 1098//2004 1061//2004
f 1062//2005 1099//2005 1095//2005
f 1066//2006 1099//2006 1062//2006
f 1067//2007 1100//2007 1063//2007
f 1063//2008 1100//2008 1096//2008
f 1068//2009 1101//2009 1097//2009
f 1069//2010 1102//2010 1065//2010
f 1065//2011 1102//2011 1098//2011
f 1070//2012 1103//2012 1066//2012
f 1066//2013 1103//2013 1099//2013
f 1071//2014 1104//2014 1067//2014
f 1067//2015 1104//2015 1100//2015
f 1072//2016 1105//2016 1068//2016
f 1068//2017 1105//2017 1101//2017
f 1073//2018 1106//2018 1069//2018
f 1077//2019 1106//2019 1073//2019
f 1069//2020 1106//2020 1102//2020
f 1070//2021 1107//2021 1103//2021
f 1074//2022 1107//2022 1070//2022
f 1071//2023 1108//2023 1104//2023
f 1075//2024 1108//2024 1071//2024
f 1076//2025 1109//2025 1072//2025
f 1072//2026 1109//2026 1105//2026
f 1077//2027 1110//2027 1106//2027
f 1078//2028 1111//2028 1074//2028
f 1074//2029 1111//2029 1107//2029
f 1075//2030 1112//2030 1108//2030
f 1079//2031 1112//2031 1075//2031
f 1084//2032 1113//2032 1080//2032
f 1076//2033 1113//2033 1109//2033
f 1080//2034 1113//2034 1076//2034
f 1081//2035 1114//2035 1077//2035
f 1077//2036 1114//2036 1110//2036
f 1078//2037 1115//2037 1111//2037
f 1082//2038 1115//2038 1078//2038
f 1079//2039 1116//2039 1112//2039
f 1083//2040 1116//2040 1079//2040
f 1084//2041 1117//2041 1113//2041
f 1081//2042 1118//2042 1114//2042
f 1085//2043 1118//2043 1081//2043
f 1089//2044 1118//2044 1085//2044
f 1082//2045 1119//2045 1115//2045
f 1086//2046 1119//2046 1082//2046
f 1083//2047 1120//2047 1116//2047
f 1087//2048 1120//2048 1083//2048
f 1094//2049 1121//2049 1088//2049
f 1084//2050 1121//2050 1117//2050
f 1088//2051 1121//2051 1084//2051
f 1095//2052 1122//2052 1089//2052
f 1089//2053 1122//2053 1118//2053
f 1090//2054 1123//2054 1086//2054
f 1086//2055 1123//2055 1119//2055
f 1087//2056 1124//2056 1120//2056
f 1093//2057 1124//2057 1092//2057
f 1092//2058 1124//2058 1087//2058
f 1094//2059 1125//2059 1121//2059
f 1095//2060 1126//2060 1122//2060
f 1090//2061 1127//2061 1123//2061
f 1096//2062 1127//2062 1090//2062
f 180//2063 1128//2063 181//2063
f 1097//2064 1128//2064 180//2064
f 1101//2065 1128//2065 1097//2065
f 1094//2066 1129//2066 1125//2066
f 1098//2067 1129//2067 1094//2067
f 1102//2068 1129//2068 1098//2068
f 1095//2069 1130//2069 1126//2069
f 1099//2070 1130//2070 1095//2070
f 1103//2071 1130//2071 1099//2071
f 1096//2072 1131//2072 1127//2072
f 1100//2073 1131//2073 1096//2073
f 1101//2074 1132//2074 1128//2074
f 1102//2075 1133//2075 1129//2075
f 1107//2076 1134//2076 1103//2076
f 1103//2077 1134//2077 1130//2077
f 1104//2078 1135//2078 1100//2078
f 1100//2079 1135//2079 1131//2079
f 1105//2080 1136//2080 1101//2080
f 1101//2081 1136//2081 1132//2081
f 1106//2082 1137//2082 1102//2082
f 1110//2083 1137//2083 1106//2083
f 1102//2084 1137//2084 1133//2084
f 1107//2085 1138//2085 1134//2085
f 1108//2086 1139//2086 1104//2086
f 1104//2087 1139//2087 1135//2087
f 1112//2088 1139//2088 1108//2088
f 1105//2089 1140//2089 1136//2089
f 1109//2090 1140//2090 1105//2090
f 1113//2091 1140//2091 1109//2091
f 1110//2092 1141//2092 1137//2092
f 1111//2093 1142//2093 1107//2093
f 1107//2094 1142//2094 1138//2094
f 1112//2095 1143//2095 1139//2095
f 1113//2096 1144//2096 1140//2096
f 1110//2097 1145//2097 1141//2097
f 1118//2098 1145//2098 1114//2098
f 1114//2099 1145//2099 1110//2099
f 1111//2100 1146//2100 1142//2100
f 1115//2101 1146//2101 1111//2101
f 1112//2102 1147//2102 1143//2102
f 1116//2103 1147//2103 1112//2103
f 1121//2104 1148//2104 1117//2104
f 1117//2105 1148//2105 1113//2105
f 1113//2106 1148//2106 1144//2106
f 1118//2107 1149//2107 1145//2107
f 1115//2108 1150//2108 1146//2108
f 1119//2109 1150//2109 1115//2109
f 1116//2110 1151//2110 1147//2110
f 1120//2111 1151//2111 1116//2111
f 1121//2112 1152//2112 1148//2112
f 1125//2113 1152//2113 1121//2113
f 1122//2114 1153//2114 1118//2114
f 1118//2115 1153//2115 1149//2115
f 1123//2116 1154//2116 1119//2116
f 1119//2117 1154//2117 1150//2117
f 1155//2118 1156//2118 1093//2118
f 1157//2119 1156//2119 1155//2119
f 1093//2120 1156//2120 1124//2120
f 1120//2121 1156//2121 1151//2121
f 1124//2122 1156//2122 1120//2122
f 1125//2123 1158//2123 1152//2123
f 1122//2124 1159//2124 1153//2124
f 1126//2125 1159//2125 1122//2125
f 1130//2126 1159//2126 1126//2126
f 1123//2127 1160//2127 1154//2127
f 1127//2128 1160//2128 1123//2128
f 1131//2129 1160//2129 1127//2129
f 181//2130 1161//2130 182//2130
f 1128//2131 1161//2131 181//2131
f 1125//2132 1162//2132 1158//2132
f 1129//2133 1162//2133 1125//2133
f 1133//2134 1162//2134 1129//2134
f 1130//2135 1163//2135 1159//2135
f 1131//2136 1164//2136 1160//2136
f 1135//2137 1164//2137 1131//2137
f 1132//2138 1165//2138 1128//2138
f 1128//2139 1165//2139 1161//2139
f 1133//2140 1166//2140 1162//2140
f 1134//2141 1167//2141 1130//2141
f 1130//2142 1167//2142 1163//2142
f 1135//2143 1168//2143 1164//2143
f 1136//2144 1169//2144 1132//2144
f 1132//2145 1169//2145 1165//2145
f 1133//2146 1170//2146 1166//2146
f 1137//2147 1170//2147 1133//2147
f 1138//2148 1171//2148 1134//2148
f 1134//2149 1171//2149 1167//2149
f 1139//2150 1172//2150 1135//2150
f 1135//2151 1172//2151 1168//2151
f 1140//2152 1173//2152 1136//2152
f 1136//2153 1173//2153 1169//2153
f 1141//2154 1174//2154 1137//2154
f 1137//2155 1174//2155 1170//2155
f 1138//2156 1175//2156 1171//2156
f 1142//2157 1175//2157 1138//2157
f 1143//2158 1176//2158 1139//2158
f 1139//2159 1176//2159 1172//2159
f 1144//2160 1177//2160 1140//2160
f 1140//2161 1177//2161 1173//2161
f 1149//2162 1178//2162 1145//2162
f 1145//2163 1178//2163 1141//2163
f 1141//2164 1178//2164 1174//2164
f 1146//2165 1179//2165 1142//2165
f 1142//2166 1179//2166 1175//2166
f 1143//2167 1180//2167 1176//2167
f 1147//2168 1180//2168 1143//2168
f 1148//2169 1181//2169 1144//2169
f 1144//2170 1181//2170 1177//2170
f 1149//2171 1182//2171 1178//2171
f 1146//2172 1183//2172 1179//2172
f 1150//2173 1183//2173 1146//2173
f 1147//2174 1184//2174 1180//2174
f 1151//2175 1184//2175 1147//2175
f 1148//2176 1185//2176 1181//2176
f 1152//2177 1185//2177 1148//2177
f 1153//2178 1186//2178 1149//2178
f 1149//2179 1186//2179 1182//2179
f 1159//2180 1186//2180 1153//2180
f 1150//2181 1187//2181 1183//2181
f 1154//2182 1187//2182 1150//2182
f 1151//2183 1188//2183 1184//2183
f 1157//2184 1188//2184 1156//2184
f 1156//2185 1188//2185 1151//2185
f 1158//2186 1189//2186 1152//2186
f 1152//2187 1189//2187 1185//2187
f 1162//2188 1189//2188 1158//2188
f 1159//2189 1190//2189 1186//2189
f 1163//2190 1190//2190 1159//2190
f 1154//2191 1191//2191 1187//2191
f 1160//2192 1191//2192 1154//2192
f 182//2193 1192//2193 183//2193
f 183//2194 1192//2194 184//2194
f 1161//2195 1192//2195 182//2195
f 1162//2196 1193//2196 1189//2196
f 1163//2197 1194//2197 1190//2197
f 1167//2198 1194//2198 1163//2198
f 1160//2199 1195//2199 1191//2199
f 1164//2200 1195//2200 1160//2200
f 1161//2201 1196//2201 1192//2201
f 1165//2202 1196//2202 1161//2202
f 1162//2203 1197//2203 1193//2203
f 1166//2204 1197//2204 1162//2204
f 1167//2205 1198//2205 1194//2205
f 1164//2206 1199//2206 1195//2206
f 1168//2207 1199//2207 1164//2207
f 1169//2208 1200//2208 1165//2208
f 1165//2209 1200//2209 1196//2209
f 1166//2210 1201//2210 1197//2210
f 1170//2211 1201//2211 1166//2211
f 1171//2212 1202//2212 1167//2212
f 1167//2213 1202//2213 1198//2213
f 1172//2214 1203//2214 1168//2214
f 1176//2215 1203//2215 1172//2215
f 1168//2216 1203//2216 1199//2216
f 1173//2217 1204//2217 1169//2217
f 1169//2218 1204//2218 1200//2218
f 1174//2219 1205//2219 1170//2219
f 1170//2220 1205//2220 1201//2220
f 1171//2221 1206//2221 1202//2221
f 1175//2222 1206//2222 1171//2222
f 1180//2223 1207//2223 1176//2223
f 1176//2224 1207//2224 1203//2224
f 1177//2225 1208//2225 1173//2225
f 1173//2226 1208//2226 1204//2226
f 1174//2227 1209//2227 1205//2227
f 1178//2228 1209//2228 1174//2228
f 1175//2229 1210//2229 1206//2229
f 1179//2230 1210//2230 1175//2230
f 1180//2231 1211//2231 1207//2231
f 1185//2232 1212//2232 1181//2232
f 1181//2233 1212//2233 1177//2233
f 1177//2234 1212//2234 1208//2234
f 1182//2235 1213//2235 1178//2235
f 1178//2236 1213//2236 1209//2236
f 1179//2237 1214//2237 1210//2237
f 1183//2238 1214//2238 1179//2238
f 1180//2239 1215//2239 1211//2239
f 1184//2240 1215//2240 1180//2240
f 1185//2241 1216//2241 1212//2241
f 1186//2242 1217//2242 1182//2242
f 1182//2243 1217//2243 1213//2243
f 1187//2244 1218//2244 1183//2244
f 1183//2245 1218//2245 1214//2245
f 1219//2246 1220//2246 1157//2246
f 1157//2247 1220//2247 1188//2247
f 1184//2248 1220//2248 1215//2248
f 1188//2249 1220//2249 1184//2249
f 1185//2250 1221//2250 1216//2250
f 1189//2251 1221//2251 1185//2251
f 1186//2252 1222//2252 1217//2252
f 1190//2253 1222//2253 1186//2253
f 1195//2254 1223//2254 1191//2254
f 1187//2255 1223//2255 1218//2255
f 1191//2256 1223//2256 1187//2256
f 1192//2257 1224//2257 184//2257
f 184//2258 1224//2258 185//2258
f 1189//2259 1225//2259 1221//2259
f 1193//2260 1225//2260 1189//2260
f 1194//2261 1226//2261 1190//2261
f 1190//2262 1226//2262 1222//2262
f 1195//2263 1227//2263 1223//2263
f 1199//2264 1227//2264 1195//2264
f 1192//2265 1228//2265 1224//2265
f 1196//2266 1228//2266 1192//2266
f 1200//2267 1228//2267 1196//2267
f 1197//2268 1229//2268 1193//2268
f 1193//2269 1229//2269 1225//2269
f 1198//2270 1230//2270 1194//2270
f 1194//2271 1230//2271 1226//2271
f 1203//2272 1231//2272 1199//2272
f 1199//2273 1231//2273 1227//2273
f 1200//2274 1232//2274 1228//2274
f 1197//2275 1233//2275 1229//2275
f 1201//2276 1233//2276 1197//2276
f 1198//2277 1234//2277 1230//2277
f 1202//2278 1234//2278 1198//2278
f 1203//2279 1235//2279 1231//2279
f 1200//2280 1236//2280 1232//2280
f 1204//2281 1236//2281 1200//2281
f 1205//2282 1237//2282 1201//2282
f 1201//2283 1237//2283 1233//2283
f 1206//2284 1238//2284 1202//2284
f 1202//2285 1238//2285 1234//2285
f 1207//2286 1239//2286 1203//2286
f 1211//2287 1239//2287 1207//2287
f 1203//2288 1239//2288 1235//2288
f 1212//2289 1240//2289 1208//2289
f 1208//2290 1240//2290 1204//2290
f 1204//2291 1240//2291 1236//2291
f 1209//2292 1241//2292 1205//2292
f 1205//2293 1241//2293 1237//2293
f 1210//2294 1242//2294 1206//2294
f 1206//2295 1242//2295 1238//2295
f 1211//2296 1243//2296 1239//2296
f 1212//2297 1244//2297 1240//2297
f 1213//2298 1245//2298 1209//2298
f 1209//2299 1245//2299 1241//2299
f 1214//2300 1246//2300 1210//2300
f 1210//2301 1246//2301 1242//2301
f 1211//2302 1247//2302 1243//2302
f 1215//2303 1247//2303 1211//2303
f 1220//2304 1247//2304 1215//2304
f 1212//2305 1248//2305 1244//2305
f 1216//2306 1248//2306 1212//2306
f 1217//2307 1249//2307 1213//2307
f 1213//2308 1249//2308 1245//2308
f 1218//2309 1250//2309 1214//2309
f 1214//2310 1250//2310 1246//2310
f 1251//2311 1252//2311 1219//2311
f 1220//2312 1252//2312 1247//2312
f 1219//2313 1252//2313 1220//2313
f 1221//2314 1253//2314 1216//2314
f 1216//2315 1253//2315 1248//2315
f 1225//2316 1253//2316 1221//2316
f 1226//2317 1254//2317 1222//2317
f 1217//2318 1254//2318 1249//2318
f 1222//2319 1254//2319 1217//2319
f 1223//2320 1255//2320 1218//2320
f 1218//2321 1255//2321 1250//2321
f 1224//2322 1256//2322 185//2322
f 1225//2323 1257//2323 1253//2323
f 1229//2324 1257//2324 1225//2324
f 1226//2325 1258//2325 1254//2325
f 1223//2326 1259//2326 1255//2326
f 1227//2327 1259//2327 1223//2327
f 1224//2328 1260//2328 1256//2328
f 1232//2329 1260//2329 1228//2329
f 1228//2330 1260//2330 1224//2330
f 1229//2331 1261//2331 1257//2331
f 1226//2332 1262//2332 1258//2332
f 1230//2333 1262//2333 1226//2333
f 1227//2334 1263//2334 1259//2334
f 1231//2335 1263//2335 1227//2335
f 1232//2336 1264//2336 1260//2336
f 1229//2337 1265//2337 1261//2337
f 1233//2338 1265//2338 1229//2338
f 1237//2339 1265//2339 1233//2339
f 1234//2340 1266//2340 1230//2340
f 1230//2341 1266//2341 1262//2341
f 1235//2342 1267//2342 1231//2342
f 1231//2343 1267//2343 1263//2343
f 1232//2344 1268//2344 1264//2344
f 1236//2345 1268//2345 1232//2345
f 1237//2346 1269//2346 1265//2346
f 1234//2347 1270//2347 1266//2347
f 1238//2348 1270//2348 1234//2348
f 1235//2349 1271//2349 1267//2349
f 1239//2350 1271//2350 1235//2350
f 1240//2351 1272//2351 1236//2351
f 1236//2352 1272//2352 1268//2352
f 1244//2353 1272//2353 1240//2353
f 1245//2354 1273//2354 1241//2354
f 1237//2355 1273//2355 1269//2355
f 1241//2356 1273//2356 1237//2356
f 1238//2357 1274//2357 1270//2357
f 1242//2358 1274//2358 1238//2358
f 1243//2359 1275//2359 1239//2359
f 1239//2360 1275//2360 1271//2360
f 1244//2361 1276//2361 1272//2361
f 1245//2362 1277//2362 1273//2362
f 1246//2363 1278//2363 1242//2363
f 1242//2364 1278//2364 1274//2364
f 1247//2365 1279//2365 1243//2365
f 1243//2366 1279//2366 1275//2366
f 1253//2367 1280//2367 1248//2367
f 1248//2368 1280//2368 1244//2368
f 1244//2369 1280//2369 1276//2369
f 1249//2370 1281//2370 1245//2370
f 1245//2371 1281//2371 1277//2371
f 1250//2372 1282//2372 1246//2372
f 1246//2373 1282//2373 1278//2373
f 1247//2374 1283//2374 1279//2374
f 1284//2375 1283//2375 1251//2375
f 1252//2376 1283//2376 1247//2376
f 1251//2377 1283//2377 1252//2377
f 1253//2378 1285//2378 1280//2378
f 1254//2379 1286//2379 1249//2379
f 1249//2380 1286//2380 1281//2380
f 1255//2381 1287//2381 1250//2381
f 1250//2382 1287//2382 1282//2382
f 1256//2383 1288//2383 185//2383
f 185//2384 1288//2384 186//2384
f 186//2385 1288//2385 187//2385
f 1253//2386 1289//2386 1285//2386
f 1257//2387 1289//2387 1253//2387
f 1261//2388 1289//2388 1257//2388
f 1254//2389 1290//2389 1286//2389
f 1258//2390 1290//2390 1254//2390
f 1259//2391 1291//2391 1255//2391
f 1255//2392 1291//2392 1287//2392
f 1256//2393 1292//2393 1288//2393
f 1260//2394 1292//2394 1256//2394
f 1261//2395 1293//2395 1289//2395
f 1262//2396 1294//2396 1258//2396
f 1266//2397 1294//2397 1262//2397
f 1258//2398 1294//2398 1290//2398
f 1259//2399 1295//2399 1291//2399
f 1263//2400 1295//2400 1259//2400
f 1264//2401 1296//2401 1260//2401
f 1260//2402 1296//2402 1292//2402
f 1261//2403 1297//2403 1293//2403
f 1265//2404 1297//2404 1261//2404
f 1266//2405 1298//2405 1294//2405
f 1263//2406 1299//2406 1295//2406
f 1267//2407 1299//2407 1263//2407
f 1268//2408 1300//2408 1264//2408
f 1264//2409 1300//2409 1296//2409
f 1265//2410 1301//2410 1297//2410
f 1269//2411 1301//2411 1265//2411
f 1274//2412 1302//2412 1270//2412
f 1266//2413 1302//2413 1298//2413
f 1270//2414 1302//2414 1266//2414
f 1275//2415 1303//2415 1271//2415
f 1267//2416 1303//2416 1299//2416
f 1271//2417 1303//2417 1267//2417
f 1272//2418 1304//2418 1268//2418
f 1268//2419 1304//2419 1300//2419
f 1273//2420 1305//2420 1269//2420
f 1269//2421 1305//2421 1301//2421
f 1274//2422 1306//2422 1302//2422
f 1275//2423 1307//2423 1303//2423
f 1276//2424 1308//2424 1272//2424
f 1272//2425 1308//2425 1304//2425
f 1281//2426 1309//2426 1277//2426
f 1277//2427 1309//2427 1273//2427
f 1273//2428 1309//2428 1305//2428
f 1282//2429 1310//2429 1278//2429
f 1278//2430 1310//2430 1274//2430
f 1274//2431 1310//2431 1306//2431
f 1279//2432 1311//2432 1275//2432
f 1275//2433 1311//2433 1307//2433
f 1276//2434 1312//2434 1308//2434
f 1280//2435 1312//2435 1276//2435
f 1281//2436 1313//2436 1309//2436
f 1282//2437 1314//2437 1310//2437
f 1279//2438 1315//2438 1311//2438
f 1283//2439 1315//2439 1279//2439
f 1316//2440 1315//2440 1284//2440
f 1284//2441 1315//2441 1283//2441
f 1280//2442 1317//2442 1312//2442
f 1285//2443 1317//2443 1280//2443
f 1281//2444 1318//2444 1313//2444
f 1286//2445 1318//2445 1281//2445
f 1287//2446 1319//2446 1282//2446
f 1282//2447 1319//2447 1314//2447
f 1288//2448 1320//2448 187//2448
f 1285//2449 1321//2449 1317//2449
f 1289//2450 1321//2450 1285//2450
f 1286//2451 1322//2451 1318//2451
f 1290//2452 1322//2452 1286//2452
f 1287//2453 1323//2453 1319//2453
f 1291//2454 1323//2454 1287//2454
f 1295//2455 1323//2455 1291//2455
f 1292//2456 1324//2456 1288//2456
f 1296//2457 1324//2457 1292//2457
f 1288//2458 1324//2458 1320//2458
f 1289//2459 1325//2459 1321//2459
f 1293//2460 1325//2460 1289//2460
f 1290//2461 1326//2461 1322//2461
f 1294//2462 1326//2462 1290//2462
f 1295//2463 1327//2463 1323//2463
f 1296//2464 1328//2464 1324//2464
f 1301//2465 1329//2465 1297//2465
f 1297//2466 1329//2466 1293//2466
f 1293//2467 1329//2467 1325//2467
f 1294//2468 1330//2468 1326//2468
f 1298//2469 1330//2469 1294//2469
f 1295//2470 1331//2470 1327//2470
f 1299//2471 1331//2471 1295//2471
f 1296//2472 1332//2472 1328//2472
f 1300//2473 1332//2473 1296//2473
f 1301//2474 1333//2474 1329//2474
f 1298//2475 1334//2475 1330//2475
f 1302//2476 1334//2476 1298//2476
f 1299//2477 1335//2477 1331//2477
f 1303//2478 1335//2478 1299//2478
f 1300//2479 1336//2479 1332//2479
f 1308//2480 1336//2480 1304//2480
f 1304//2481 1336//2481 1300//2481
f 1309//2482 1337//2482 1305//2482
f 1305//2483 1337//2483 1301//2483
f 1301//2484 1337//2484 1333//2484
f 1302//2485 1338//2485 1334//2485
f 1306//2486 1338//2486 1302//2486
f 1303//2487 1339//2487 1335//2487
f 1307//2488 1339//2488 1303//2488
f 1312//2489 1340//2489 1308//2489
f 1308//2490 1340//2490 1336//2490
f 1309//2491 1341//2491 1337//2491
f 1306//2492 1342//2492 1338//2492
f 1310//2493 1342//2493 1306//2493
f 1311//2494 1343//2494 1307//2494
f 1307//2495 1343//2495 1339//2495
f 1312//2496 1344//2496 1340//2496
f 1313//2497 1345//2497 1309//2497
f 1318//2498 1345//2498 1313//2498
f 1309//2499 1345//2499 1341//2499
f 1310//2500 1346//2500 1342//2500
f 1314//2501 1346//2501 1310//2501
f 1316//2502 1347//2502 1315//2502
f 1348//2503 1347//2503 1316//2503
f 1311//2504 1347//2504 1343//2504
f 1315//2505 1347//2505 1311//2505
f 1317//2506 1349//2506 1312//2506
f 1321//2507 1349//2507 1317//2507
f 1312//2508 1349//2508 1344//2508
f 1318//2509 1350//2509 1345//2509
f 1314//2510 1351//2510 1346//2510
f 1323//2511 1351//2511 1319//2511
f 1319//2512 1351//2512 1314//2512
f 187//2513 1352//2513 188//2513
f 1320//2514 1352//2514 187//2514
f 1321//2515 1353//2515 1349//2515
f 1325//2516 1353//2516 1321//2516
f 1318//2517 1354//2517 1350//2517
f 1322//2518 1354//2518 1318//2518
f 1323//2519 1355//2519 1351//2519
f 1327//2520 1355//2520 1323//2520
f 1324//2521 1356//2521 1320//2521
f 1328//2522 1356//2522 1324//2522
f 1320//2523 1356//2523 1352//2523
f 1325//2524 1357//2524 1353//2524
f 1322//2525 1358//2525 1354//2525
f 1326//2526 1358//2526 1322//2526
f 1330//2527 1358//2527 1326//2527
f 1331//2528 1359//2528 1327//2528
f 1327//2529 1359//2529 1355//2529
f 1328//2530 1360//2530 1356//2530
f 1325//2531 1361//2531 1357//2531
f 1329//2532 1361//2532 1325//2532
f 1330//2533 1362//2533 1358//2533
f 1331//2534 1363//2534 1359//2534
f 1328//2535 1364//2535 1360//2535
f 1332//2536 1364//2536 1328//2536
f 1329//2537 1365//2537 1361//2537
f 1333//2538 1365//2538 1329//2538
f 1330//2539 1366//2539 1362//2539
f 1334//2540 1366//2540 1330//2540
f 1338//2541 1366//2541 1334//2541
f 1331//2542 1367//2542 1363//2542
f 1335//2543 1367//2543 1331//2543
f 1340//2544 1368//2544 1336//2544
f 1332//2545 1368//2545 1364//2545
f 1336//2546 1368//2546 1332//2546
f 1333//2547 1369//2547 1365//2547
f 1337//2548 1369//2548 1333//2548
f 1338//2549 1370//2549 1366//2549
f 1335//2550 1371//2550 1367//2550
f 1339//2551 1371//2551 1335//2551
f 1340//2552 1372//2552 1368//2552
f 1337//2553 1373//2553 1369//2553
f 1341//2554 1373//2554 1337//2554
f 1342//2555 1374//2555 1338//2555
f 1346//2556 1374//2556 1342//2556
f 1338//2557 1374//2557 1370//2557
f 1339//2558 1375//2558 1371//2558
f 1343//2559 1375//2559 1339//2559
f 1344//2560 1376//2560 1340//2560
f 1340//2561 1376//2561 1372//2561
f 1341//2562 1377//2562 1373//2562
f 1345//2563 1377//2563 1341//2563
f 1346//2564 1378//2564 1374//2564
f 1347//2565 1379//2565 1343//2565
f 1348//2566 1379//2566 1347//2566
f 1380//2567 1379//2567 1348//2567
f 1343//2568 1379//2568 1375//2568
f 1353//2569 1381//2569 1349//2569
f 1349//2570 1381//2570 1344//2570
f 1344//2571 1381//2571 1376//2571
f 1345//2572 1382//2572 1377//2572
f 1350//2573 1382//2573 1345//2573
f 1346//2574 1383//2574 1378//2574
f 1355//2575 1383//2575 1351//2575
f 1351//2576 1383//2576 1346//2576
f 1352//2577 1384//2577 188//2577
f 188//2578 1384//2578 189//2578
f 1357//2579 1385//2579 1353//2579
f 1353//2580 1385//2580 1381//2580
f 1350//2581 1386//2581 1382//2581
f 1354//2582 1386//2582 1350//2582
f 1359//2583 1387//2583 1355//2583
f 1355//2584 1387//2584 1383//2584
f 1352//2585 1388//2585 1384//2585
f 1356//2586 1388//2586 1352//2586
f 1357//2587 1389//2587 1385//2587
f 1358//2588 1390//2588 1354//2588
f 1354//2589 1390//2589 1386//2589
f 1359//2590 1391//2590 1387//2590
f 1364//2591 1392//2591 1360//2591
f 1356//2592 1392//2592 1388//2592
f 1360//2593 1392//2593 1356//2593
f 1357//2594 1393//2594 1389//2594
f 1365//2595 1393//2595 1361//2595
f 1361//2596 1393//2596 1357//2596
f 1358//2597 1394//2597 1390//2597
f 1362//2598 1394//2598 1358//2598
f 1359//2599 1395//2599 1391//2599
f 1363//2600 1395//2600 1359//2600
f 1364//2601 1396//2601 1392//2601
f 1365//2602 1397//2602 1393//2602
f 1362//2603 1398//2603 1394//2603
f 1366//2604 1398//2604 1362//2604
f 1367//2605 1399//2605 1363//2605
f 1363//2606 1399//2606 1395//2606
f 1364//2607 1400//2607 1396//2607
f 1368//2608 1400//2608 1364//2608
f 1365//2609 1401//2609 1397//2609
f 1369//2610 1401//2610 1365//2610
f 1373//2611 1401//2611 1369//2611
f 1366//2612 1402//2612 1398//2612
f 1370//2613 1402//2613 1366//2613
f 1371//2614 1403//2614 1367//2614
f 1367//2615 1403//2615 1399//2615
f 1368//2616 1404//2616 1400//2616
f 1372//2617 1404//2617 1368//2617
f 1373//2618 1405//2618 1401//2618
f 1370//2619 1406//2619 1402//2619
f 1374//2620 1406//2620 1370//2620
f 1379//2621 1407//2621 1375//2621
f 1371//2622 1407//2622 1403//2622
f 1375//2623 1407//2623 1371//2623
f 1372//2624 1408//2624 1404//2624
f 1376//2625 1408//2625 1372//2625
f 1382//2626 1409//2626 1377//2626
f 1373//2627 1409//2627 1405//2627
f 1377//2628 1409//2628 1373//2628
f 1374//2629 1410//2629 1406//2629
f 1378//2630 1410//2630 1374//2630
f 1380//2631 1411//2631 1379//2631
f 1412//2632 1411//2632 1380//2632
f 1379//2633 1411//2633 1407//2633
f 1381//2634 1413//2634 1376//2634
f 1376//2635 1413//2635 1408//2635
f 1382//2636 1414//2636 1409//2636
f 1383//2637 1415//2637 1378//2637
f 1378//2638 1415//2638 1410//2638
f 1387//2639 1415//2639 1383//2639
f 1388//2640 1416//2640 1384//2640
f 1384//2641 1416//2641 189//2641
f 189//2642 1416//2642 190//2642
f 1381//2643 1417//2643 1413//2643
f 1385//2644 1417//2644 1381//2644
f 1386//2645 1418//2645 1382//2645
f 1382//2646 1418//2646 1414//2646
f 1387//2647 1419//2647 1415//2647
f 1388//2648 1420//2648 1416//2648
f 1389//2649 1421//2649 1385//2649
f 1385//2650 1421//2650 1417//2650
f 1394//2651 1422//2651 1390//2651
f 1386//2652 1422//2652 1418//2652
f 1390//2653 1422//2653 1386//2653
f 1391//2654 1423//2654 1387//2654
f 1387//2655 1423//2655 1419//2655
f 1392//2656 1424//2656 1388//2656
f 1388//2657 1424//2657 1420//2657
f 1389//2658 1425//2658 1421//2658
f 1393//2659 1425//2659 1389//2659
f 1394//2660 1426//2660 1422//2660
f 1391//2661 1427//2661 1423//2661
f 1395//2662 1427//2662 1391//2662
f 1392//2663 1428//2663 1424//2663
f 1396//2664 1428//2664 1392//2664
f 1393//2665 1429//2665 1425//2665
f 1397//2666 1429//2666 1393//2666
f 1402//2667 1430//2667 1398//2667
f 1398//2668 1430//2668 1394//2668
f 1394//2669 1430//2669 1426//2669
f 1399//2670 1431//2670 1395//2670
f 1395//2671 1431//2671 1427//2671
f 1396//2672 1432//2672 1428//2672
f 1404//2673 1432//2673 1400//2673
f 1400//2674 1432//2674 1396//2674
f 1401//2675 1433//2675 1397//2675
f 1397//2676 1433//2676 1429//2676
f 1402//2677 1434//2677 1430//2677
f 1403//2678 1435//2678 1399//2678
f 1399//2679 1435//2679 1431//2679
f 1404//2680 1436//2680 1432//2680
f 1408//2681 1436//2681 1404//2681
f 1401//2682 1437//2682 1433//2682
f 1405//2683 1437//2683 1401//2683
f 1409//2684 1437//2684 1405//2684
f 1402//2685 1438//2685 1434//2685
f 1406//2686 1438//2686 1402//2686
f 1410//2687 1438//2687 1406//2687
f 1403//2688 1439//2688 1435//2688
f 1407//2689 1439//2689 1403//2689
f 1408//2690 1440//2690 1436//2690
f 1409//2691 1441//2691 1437//2691
f 1410//2692 1442//2692 1438//2692
f 1443//2693 1444//2693 1412//2693
f 1407//2694 1444//2694 1439//2694
f 1412//2695 1444//2695 1411//2695
f 1411//2696 1444//2696 1407//2696
f 1408//2697 1445//2697 1440//2697
f 1413//2698 1445//2698 1408//2698
f 1418//2699 1446//2699 1414//2699
f 1414//2700 1446//2700 1409//2700
f 1409//2701 1446//2701 1441//2701
f 1419//2702 1447//2702 1415//2702
f 1415//2703 1447//2703 1410//2703
f 1410//2704 1447//2704 1442//2704
f 1416//2705 1448//2705 190//2705
f 190//2706 1448//2706 191//2706
f 191//2707 1448//2707 192//2707
f 1413//2708 1449//2708 1445//2708
f 1417//2709 1449//2709 1413//2709
f 1421//2710 1449//2710 1417//2710
f 1418//2711 1450//2711 1446//2711
f 1423//2712 1451//2712 1419//2712
f 1419//2713 1451//2713 1447//2713
f 1420//2714 1452//2714 1416//2714
f 1424//2715 1452//2715 1420//2715
f 1416//2716 1452//2716 1448//2716
f 1421//2717 1453//2717 1449//2717
f 1422//2718 1454//2718 1418//2718
f 1418//2719 1454//2719 1450//2719
f 1427//2720 1455//2720 1423//2720
f 1423//2721 1455//2721 1451//2721
f 1424//2722 1456//2722 1452//2722
f 1425//2723 1457//2723 1421//2723
f 1421//2724 1457//2724 1453//2724
f 1422//2725 1458//2725 1454//2725
f 1426//2726 1458//2726 1422//2726
f 1427//2727 1459//2727 1455//2727
f 1424//2728 1460//2728 1456//2728
f 1428//2729 1460//2729 1424//2729
f 1425//2730 1461//2730 1457//2730
f 1429//2731 1461//2731 1425//2731
f 1426//2732 1462//2732 1458//2732
f 1430//2733 1462//2733 1426//2733
f 1431//2734 1463//2734 1427//2734
f 1427//2735 1463//2735 1459//2735
f 1428//2736 1464//2736 1460//2736
f 1432//2737 1464//2737 1428//2737
f 1436//2738 1464//2738 1432//2738
f 1437//2739 1465//2739 1433//2739
f 1429//2740 1465//2740 1461//2740
f 1433//2741 1465//2741 1429//2741
f 1430//2742 1466//2742 1462//2742
f 1434//2743 1466//2743 1430//2743
f 1431//2744 1467//2744 1463//2744
f 1435//2745 1467//2745 1431//2745
f 1436//2746 1468//2746 1464//2746
f 1437//2747 1469//2747 1465//2747
f 1438//2748 1470//2748 1434//2748
f 1434//2749 1470//2749 1466//2749
f 1439//2750 1471//2750 1435//2750
f 1435//2751 1471//2751 1467//2751
f 1444//2752 1471//2752 1439//2752
f 1436//2753 1472//2753 1468//2753
f 1440//2754 1472//2754 1436//2754
f 1441//2755 1473//2755 1437//2755
f 1437//2756 1473//2756 1469//2756
f 1438//2757 1474//2757 1470//2757
f 1442//2758 1474//2758 1438//2758
f 1475//2759 1476//2759 1443//2759
f 1444//2760 1476//2760 1471//2760
f 1443//2761 1476//2761 1444//2761
f 1449//2762 1477//2762 1445//2762
f 1440//2763 1477//2763 1472//2763
f 1445//2764 1477//2764 1440//2764
f 1441//2765 1478//2765 1473//2765
f 1446//2766 1478//2766 1441//2766
f 1450//2767 1478//2767 1446//2767
f 1442//2768 1479//2768 1474//2768
f 1447//2769 1479//2769 1442//2769
f 1448//2770 1480//2770 192//2770
f 1453//2771 1481//2771 1449//2771
f 1449//2772 1481//2772 1477//2772
f 1450//2773 1482//2773 1478//2773
f 1451//2774 1483//2774 1447//2774
f 1447//2775 1483//2775 1479//2775
f 1452//2776 1484//2776 1448//2776
f 1448//2777 1484//2777 1480//2777
f 1453//2778 1485//2778 1481//2778
f 1454//2779 1486//2779 1450//2779
f 1450//2780 1486//2780 1482//2780
f 1458//2781 1486//2781 1454//2781
f 1455//2782 1487//2782 1451//2782
f 1451//2783 1487//2783 1483//2783
f 1456//2784 1488//2784 1452//2784
f 1452//2785 1488//2785 1484//2785
f 1453//2786 1489//2786 1485//2786
f 1461//2787 1489//2787 1457//2787
f 1457//2788 1489//2788 1453//2788
f 1458//2789 1490//2789 1486//2789
f 1459//2790 1491//2790 1455//2790
f 1455//2791 1491//2791 1487//2791
f 1456//2792 1492//2792 1488//2792
f 1460//2793 1492//2793 1456//2793
f 1461//2794 1493//2794 1489//2794
f 1466//2795 1494//2795 1462//2795
f 1462//2796 1494//2796 1458//2796
f 1458//2797 1494//2797 1490//2797
f 1459//2798 1495//2798 1491//2798
f 1463//2799 1495//2799 1459//2799
f 1464//2800 1496//2800 1460//2800
f 1460//2801 1496//2801 1492//2801
f 1469//2802 1497//2802 1465//2802
f 1465//2803 1497//2803 1461//2803
f 1461//2804 1497//2804 1493//2804
f 1466//2805 1498//2805 1494//2805
f 1463//2806 1499//2806 1495//2806
f 1467//2807 1499//2807 1463//2807
f 1464//2808 1500//2808 1496//2808
f 1468//2809 1500//2809 1464//2809
f 1472//2810 1500//2810 1468//2810
f 1469//2811 1501//2811 1497//2811
f 1473//2812 1501//2812 1469//2812
f 1466//2813 1502//2813 1498//2813
f 1470//2814 1502//2814 1466//2814
f 1471//2815 1503//2815 1467//2815
f 1467//2816 1503//2816 1499//2816
f 1472//2817 1504//2817 1500//2817
f 1473//2818 1505//2818 1501//2818
f 1470//2819 1506//2819 1502//2819
f 1474//2820 1506//2820 1470//2820
f 1479//2821 1506//2821 1474//2821
f 1507//2822 1508//2822 1475//2822
f 1475//2823 1508//2823 1476//2823
f 1471//2824 1508//2824 1503//2824
f 1476//2825 1508//2825 1471//2825
f 1481//2826 1509//2826 1477//2826
f 1472//2827 1509//2827 1504//2827
f 1477//2828 1509//2828 1472//2828
f 1482//2829 1510//2829 1478//2829
f 1478//2830 1510//2830 1473//2830
f 1473//2831 1510//2831 1505//2831
f 1479//2832 1511//2832 1506//2832
f 1480//2833 1512//2833 192//2833
f 192//2834 1512//2834 193//2834
f 1481//2835 1513//2835 1509//2835
f 1485//2836 1513//2836 1481//2836
f 1482//2837 1514//2837 1510//2837
f 1487//2838 1515//2838 1483//2838
f 1479//2839 1515//2839 1511//2839
f 1483//2840 1515//2840 1479//2840
f 1484//2841 1516//2841 1480//2841
f 1480//2842 1516//2842 1512//2842
f 1485//2843 1517//2843 1513//2843
f 1486//2844 1518//2844 1482//2844
f 1482//2845 1518//2845 1514//2845
f 1487//2846 1519//2846 1515//2846
f 1488//2847 1520//2847 1484//2847
f 1484//2848 1520//2848 1516//2848
f 1493//2849 1521//2849 1489//2849
f 1485//2850 1521//2850 1517//2850
f 1489//2851 1521//2851 1485//2851
f 1490//2852 1522//2852 1486//2852
f 1486//2853 1522//2853 1518//2853
f 1491//2854 1523//2854 1487//2854
f 1487//2855 1523//2855 1519//2855
f 1488//2856 1524//2856 1520//2856
f 1492//2857 1524//2857 1488//2857
f 1493//2858 1525//2858 1521//2858
f 1490//2859 1526//2859 1522//2859
f 1494//2860 1526//2860 1490//2860
f 1491//2861 1527//2861 1523//2861
f 1495//2862 1527//2862 1491//2862
f 1499//2863 1527//2863 1495//2863
f 1496//2864 1528//2864 1492//2864
f 1492//2865 1528//2865 1524//2865
f 1497//2866 1529//2866 1493//2866
f 1493//2867 1529//2867 1525//2867
f 1498//2868 1530//2868 1494//2868
f 1494//2869 1530//2869 1526//2869
f 1499//2870 1531//2870 1527//2870
f 1500//2871 1532//2871 1496//2871
f 1496//2872 1532//2872 1528//2872
f 1505//2873 1533//2873 1501//2873
f 1497//2874 1533//2874 1529//2874
f 1501//2875 1533//2875 1497//2875
f 1502//2876 1534//2876 1498//2876
f 1498//2877 1534//2877 1530//2877
f 1499//2878 1535//2878 1531//2878
f 1503//2879 1535//2879 1499//2879
f 1500//2880 1536//2880 1532//2880
f 1504//2881 1536//2881 1500//2881
f 1505//2882 1537//2882 1533//2882
f 1502//2883 1538//2883 1534//2883
f 1506//2884 1538//2884 1502//2884
f 1539//2885 1540//2885 1507//2885
f 1503//2886 1540//2886 1535//2886
f 1507//2887 1540//2887 1508//2887
f 1508//2888 1540//2888 1503//2888
f 1504//2889 1541//2889 1536//2889
f 1509//2890 1541//2890 1504//2890
f 1510//2891 1542//2891 1505//2891
f 1505//2892 1542//2892 1537//2892
f 1514//2893 1542//2893 1510//2893
f 1506//2894 1543//2894 1538//2894
f 1511//2895 1543//2895 1506//2895
f 1515//2896 1543//2896 1511//2896
f 193//2897 1544//2897 194//2897
f 1512//2898 1544//2898 193//2898
f 1509//2899 1545//2899 1541//2899
f 1513//2900 1545//2900 1509//2900
f 1514//2901 1546//2901 1542//2901
f 1519//2902 1547//2902 1515//2902
f 1515//2903 1547//2903 1543//2903
f 1512//2904 1548//2904 1544//2904
f 1516//2905 1548//2905 1512//2905
f 1513//2906 1549//2906 1545//2906
f 1517//2907 1549//2907 1513//2907
f 1518//2908 1550//2908 1514//2908
f 1514//2909 1550//2909 1546//2909
f 1522//2910 1550//2910 1518//2910
f 1519//2911 1551//2911 1547//2911
f 1520//2912 1552//2912 1516//2912
f 1524//2913 1552//2913 1520//2913
f 1516//2914 1552//2914 1548//2914
f 1521//2915 1553//2915 1517//2915
f 1517//2916 1553//2916 1549//2916
f 1522//2917 1554//2917 1550//2917
f 1519//2918 1555//2918 1551//2918
f 1527//2919 1555//2919 1523//2919
f 1523//2920 1555//2920 1519//2920
f 1524//2921 1556//2921 1552//2921
f 1521//2922 1557//2922 1553//2922
f 1525//2923 1557//2923 1521//2923
f 1526//2924 1558//2924 1522//2924
f 1530//2925 1558//2925 1526//2925
f 1522//2926 1558//2926 1554//2926
f 1527//2927 1559//2927 1555//2927
f 1528//2928 1560//2928 1524//2928
f 1532//2929 1560//2929 1528//2929
f 1524//2930 1560//2930 1556//2930
f 1525//2931 1561//2931 1557//2931
f 1529//2932 1561//2932 1525//2932
f 1530//2933 1562//2933 1558//2933
f 1527//2934 1563//2934 1559//2934
f 1531//2935 1563//2935 1527//2935
f 1532//2936 1564//2936 1560//2936
f 1529//2937 1565//2937 1561//2937
f 1533//2938 1565//2938 1529//2938
f 1538//2939 1566//2939 1534//2939
f 1530//2940 1566//2940 1562//2940
f 1534//2941 1566//2941 1530//2941
f 1531//2942 1567//2942 1563//2942
f 1535//2943 1567//2943 1531//2943
f 1536//2944 1568//2944 1532//2944
f 1532//2945 1568//2945 1564//2945
f 1533//2946 1569//2946 1565//2946
f 1537//2947 1569//2947 1533//2947
f 1538//2948 1570//2948 1566//2948
f 1571//2949 1572//2949 1539//2949
f 1535//2950 1572//2950 1567//2950
f 1539//2951 1572//2951 1540//2951
f 1540//2952 1572//2952 1535//2952
f 1541//2953 1573//2953 1536//2953
f 1545//2954 1573//2954 1541//2954
f 1536//2955 1573//2955 1568//2955
f 1542//2956 1574//2956 1537//2956
f 1537//2957 1574//2957 1569//2957
f 1538//2958 1575//2958 1570//2958
f 1543//2959 1575//2959 1538//2959
f 194//2960 1576//2960 195//2960
f 1544//2961 1576//2961 194//2961
f 1545//2962 1577//2962 1573//2962
f 1549//2963 1577//2963 1545//2963
f 1542//2964 1578//2964 1574//2964
f 1546//2965 1578//2965 1542//2965
f 1543//2966 1579//2966 1575//2966
f 1547//2967 1579//2967 1543//2967
f 1544//2968 1580//2968 1576//2968
f 1548//2969 1580//2969 1544//2969
f 1552//2970 1580//2970 1548//2970
f 1549//2971 1581//2971 1577//2971
f 1550//2972 1582//2972 1546//2972
f 1546//2973 1582//2973 1578//2973
f 1547//2974 1583//2974 1579//2974
f 1551//2975 1583//2975 1547//2975
f 1556//2976 1584//2976 1552//2976
f 1552//2977 1584//2977 1580//2977
f 1553//2978 1585//2978 1549//2978
f 1549//2979 1585//2979 1581//2979
f 1550//2980 1586//2980 1582//2980
f 1554//2981 1586//2981 1550//2981
f 1551//2982 1587//2982 1583//2982
f 1555//2983 1587//2983 1551//2983
f 1556//2984 1588//2984 1584//2984
f 1557//2985 1589//2985 1553//2985
f 1553//2986 1589//2986 1585//2986
f 1558//2987 1590//2987 1554//2987
f 1554//2988 1590//2988 1586//2988
f 1559//2989 1591//2989 1555//2989
f 1563//2990 1591//2990 1559//2990
f 1555//2991 1591//2991 1587//2991
f 1560//2992 1592//2992 1556//2992
f 1556//2993 1592//2993 1588//2993
f 1564//2994 1592//2994 1560//2994
f 1565//2995 1593//2995 1561//2995
f 1557//2996 1593//2996 1589//2996
f 1561//2997 1593//2997 1557//2997
f 1562//2998 1594//2998 1558//2998
f 1558//2999 1594//2999 1590//2999
f 1563//3000 1595//3000 1591//3000
f 1564//3001 1596//3001 1592//3001
f 1565//3002 1597//3002 1593//3002
f 1566//3003 1598//3003 1562//3003
f 1562//3004 1598//3004 1594//3004
f 1563//3005 1599//3005 1595//3005
f 1567//3006 1599//3006 1563//3006
f 1568//3007 1600//3007 1564//3007
f 1564//3008 1600//3008 1596//3008
f 1565//3009 1601//3009 1597//3009
f 1569//3010 1601//3010 1565//3010
f 1566//3011 1602//3011 1598//3011
f 1570//3012 1602//3012 1566//3012
f 1603//3013 1604//3013 1571//3013
f 1567//3014 1604//3014 1599//3014
f 1571//3015 1604//3015 1572//3015
f 1572//3016 1604//3016 1567//3016
f 1573//3017 1605//3017 1568//3017
f 1568//3018 1605//3018 1600//3018
f 1577//3019 1605//3019 1573//3019
f 1569//3020 1606//3020 1601//3020
f 1578//3021 1606//3021 1574//3021
f 1574//3022 1606//3022 1569//3022
f 1570//3023 1607//3023 1602//3023
f 1575//3024 1607//3024 1570//3024
f 1576//3025 1608//3025 195//3025
f 195//3026 1608//3026 196//3026
f 1577//3027 1609//3027 1605//3027
f 1578//3028 1610//3028 1606//3028
f 1582//3029 1610//3029 1578//3029
f 1575//3030 1611//3030 1607//3030
f 1579//3031 1611//3031 1575//3031
f 1576//3032 1612//3032 1608//3032
f 1580//3033 1612//3033 1576//3033
f 1577//3034 1613//3034 1609//3034
f 1581//3035 1613//3035 1577//3035
f 1582//3036 1614//3036 1610//3036
f 1583//3037 1615//3037 1579//3037
f 1579//3038 1615//3038 1611//3038
f 1580//3039 1616//3039 1612//3039
f 1584//3040 1616//3040 1580//3040
f 1581//3041 1617//3041 1613//3041
f 1585//3042 1617//3042 1581//3042
f 1586//3043 1618//3043 1582//3043
f 1582//3044 1618//3044 1614//3044
f 1583//3045 1619//3045 1615//3045
f 1587//3046 1619//3046 1583//3046
f 1588//3047 1620//3047 1584//3047
f 1584//3048 1620//3048 1616//3048
f 1585//3049 1621//3049 1617//3049
f 1589//3050 1621//3050 1585//3050
f 1594//3051 1622//3051 1590//3051
f 1590//3052 1622//3052 1586//3052
f 1586//3053 1622//3053 1618//3053
f 1591//3054 1623//3054 1587//3054
f 1587//3055 1623//3055 1619//3055
f 1592//3056 1624//3056 1588//3056
f 1588//3057 1624//3057 1620//3057
f 1593//3058 1625//3058 1589//3058
f 1589//3059 1625//3059 1621//3059
f 1597//3060 1625//3060 1593//3060
f 1594//3061 1626//3061 1622//3061
f 1595//3062 1627//3062 1591//3062
f 1591//3063 1627//3063 1623//3063
f 1596//3064 1628//3064 1592//3064
f 1592//3065 1628//3065 1624//3065
f 1597//3066 1629//3066 1625//3066
f 1598//3067 1630//3067 1594//3067
f 1602//3068 1630//3068 1598//3068
f 1594//3069 1630//3069 1626//3069
f 1599//3070 1631//3070 1595//3070
f 1595//3071 1631//3071 1627//3071
f 1600//3072 1632//3072 1596//3072
f 1596//3073 1632//3073 1628//3073
f 1601//3074 1633//3074 1597//3074
f 1597//3075 1633//3075 1629//3075
f 1602//3076 1634//3076 1630//3076
f 1599//3077 1635//3077 1631//3077
f 1636//3078 1635//3078 1603//3078
f 1604//3079 1635//3079 1599//3079
f 1603//3080 1635//3080 1604//3080
f 1605//3081 1637//3081 1600//3081
f 1600//3082 1637//3082 1632//3082
f 1601//3083 1638//3083 1633//3083
f 1606//3084 1638//3084 1601//3084
f 1610//3085 1638//3085 1606//3085
f 1602//3086 1639//3086 1634//3086
f 1607//3087 1639//3087 1602//3087
f 1611//3088 1639//3088 1607//3088
f 1608//3089 1640//3089 196//3089
f 196//3090 1640//3090 197//3090
f 1605//3091 1641//3091 1637//3091
f 1609//3092 1641//3092 1605//3092
f 1610//3093 1642//3093 1638//3093
f 1614//3094 1642//3094 1610//3094
f 1611//3095 1643//3095 1639//3095
f 1612//3096 1644//3096 1608//3096
f 1616//3097 1644//3097 1612//3097
f 1608//3098 1644//3098 1640//3098
f 1613//3099 1645//3099 1609//3099
f 1609//3100 1645//3100 1641//3100
f 1614//3101 1646//3101 1642//3101
f 1619//3102 1647//3102 1615//3102
f 1611//3103 1647//3103 1643//3103
f 1615//3104 1647//3104 1611//3104
f 1616//3105 1648//3105 1644//3105
f 1620//3106 1648//3106 1616//3106
f 1613//3107 1649//3107 1645//3107
f 1617//3108 1649//3108 1613//3108
f 1618//3109 1650//3109 1614//3109
f 1614//3110 1650//3110 1646//3110
f 1619//3111 1651//3111 1647//3111
f 1623//3112 1651//3112 1619//3112
f 1620//3113 1652//3113 1648//3113
f 1617//3114 1653//3114 1649//3114
f 1621//3115 1653//3115 1617//3115
f 1626//3116 1654//3116 1622//3116
f 1622//3117 1654//3117 1618//3117
f 1618//3118 1654//3118 1650//3118
f 1623//3119 1655//3119 1651//3119
f 1628//3120 1656//3120 1624//3120
f 1624//3121 1656//3121 1620//3121
f 1620//3122 1656//3122 1652//3122
f 1621//3123 1657//3123 1653//3123
f 1625//3124 1657//3124 1621//3124
f 1630//3125 1658//3125 1626//3125
f 1626//3126 1658//3126 1654//3126
f 1627//3127 1659//3127 1623//3127
f 1631//3128 1659//3128 1627//3128
f 1623//3129 1659//3129 1655//3129
f 1632//3130 1660//3130 1628//3130
f 1628//3131 1660//3131 1656//3131
f 1629//3132 1661//3132 1625//3132
f 1625//3133 1661//3133 1657//3133
f 1630//3134 1662//3134 1658//3134
f 1631//3135 1663//3135 1659//3135
f 1632//3136 1664//3136 1660//3136
f 1629//3137 1665//3137 1661//3137
f 1633//3138 1665//3138 1629//3138
f 1634//3139 1666//3139 1630//3139
f 1630//3140 1666//3140 1662//3140
f 1635//3141 1667//3141 1631//3141
f 1668//3142 1667//3142 1636//3142
f 1636//3143 1667//3143 1635//3143
f 1631//3144 1667//3144 1663//3144
f 1637//3145 1669//3145 1632//3145
f 1641//3146 1669//3146 1637//3146
f 1632//3147 1669//3147 1664//3147
f 1633//3148 1670//3148 1665//3148
f 1638//3149 1670//3149 1633//3149
f 1634//3150 1671//3150 1666//3150
f 1639//3151 1671//3151 1634//3151
f 1644//3152 1672//3152 1640//3152
f 1640//3153 1672//3153 197//3153
f 197//3154 1672//3154 198//3154
f 1641//3155 1673//3155 1669//3155
f 1638//3156 1674//3156 1670//3156
f 1642//3157 1674//3157 1638//3157
f 1639//3158 1675//3158 1671//3158
f 1643//3159 1675//3159 1639//3159
f 1644//3160 1676//3160 1672//3160
f 1641//3161 1677//3161 1673//3161
f 1645//3162 1677//3162 1641//3162
f 1642//3163 1678//3163 1674//3163
f 1646//3164 1678//3164 1642//3164
f 1651//3165 1679//3165 1647//3165
f 1643//3166 1679//3166 1675//3166
f 1647//3167 1679//3167 1643//3167
f 1644//3168 1680//3168 1676//3168
f 1648//3169 1680//3169 1644//3169
f 1652//3170 1680//3170 1648//3170
f 1649//3171 1681//3171 1645//3171
f 1645//3172 1681//3172 1677//3172
f 1653//3173 1681//3173 1649//3173
f 1650//3174 1682//3174 1646//3174
f 1646//3175 1682//3175 1678//3175
f 1655//3176 1683//3176 1651//3176
f 1651//3177 1683//3177 1679//3177
f 1652//3178 1684//3178 1680//3178
f 1653//3179 1685//3179 1681//3179
f 1650//3180 1686//3180 1682//3180
f 1654//3181 1686//3181 1650//3181
f 1655//3182 1687//3182 1683//3182
f 1660//3183 1688//3183 1656//3183
f 1656//3184 1688//3184 1652//3184
f 1652//3185 1688//3185 1684//3185
f 1657//3186 1689//3186 1653//3186
f 1653//3187 1689//3187 1685//3187
f 1658//3188 1690//3188 1654//3188
f 1654//3189 1690//3189 1686//3189
f 1659//3190 1691//3190 1655//3190
f 1663//3191 1691//3191 1659//3191
f 1655//3192 1691//3192 1687//3192
f 1660//3193 1692//3193 1688//3193
f 1661//3194 1693//3194 1657//3194
f 1657//3195 1693//3195 1689//3195
f 1658//3196 1694//3196 1690//3196
f 1662//3197 1694//3197 1658//3197
f 1663//3198 1695//3198 1691//3198
f 1664//3199 1696//3199 1660//3199
f 1660//3200 1696//3200 1692//3200
f 1665//3201 1697//3201 1661//3201
f 1661//3202 1697//3202 1693//3202
f 1666//3203 1698//3203 1662//3203
f 1662//3204 1698//3204 1694//3204
f 1667//3205 1699//3205 1663//3205
f 1700//3206 1699//3206 1668//3206
f 1668//3207 1699//3207 1667//3207
f 1663//3208 1699//3208 1695//3208
f 1669//3209 1701//3209 1664//3209
f 1664//3210 1701//3210 1696//3210
f 1673//3211 1701//3211 1669//3211
f 1670//3212 1702//3212 1665//3212
f 1674//3213 1702//3213 1670//3213
f 1665//3214 1702//3214 1697//3214
f 1671//3215 1703//3215 1666//3215
f 1666//3216 1703//3216 1698//3216
f 1672//3217 1704//3217 198//3217
f 1676//3218 1704//3218 1672//3218
f 198//3219 1704//3219 199//3219
f 1677//3220 1705//3220 1673//3220
f 1673//3221 1705//3221 1701//3221
f 1674//3222 1706//3222 1702//3222
f 1675//3223 1707//3223 1671//3223
f 1671//3224 1707//3224 1703//3224
f 1676//3225 1708//3225 1704//3225
f 1677//3226 1709//3226 1705//3226
f 1678//3227 1710//3227 1674//3227
f 1674//3228 1710//3228 1706//3228
f 1675//3229 1711//3229 1707//3229
f 1679//3230 1711//3230 1675//3230
f 1680//3231 1712//3231 1676//3231
f 1676//3232 1712//3232 1708//3232
f 1677//3233 1713//3233 1709//3233
f 1681//3234 1713//3234 1677//3234
f 1678//3235 1714//3235 1710//3235
f 1682//3236 1714//3236 1678//3236
f 1679//3237 1715//3237 1711//3237
f 1683//3238 1715//3238 1679//3238
f 1687//3239 1715//3239 1683//3239
f 1680//3240 1716//3240 1712//3240
f 1684//3241 1716//3241 1680//3241
f 1685//3242 1717//3242 1681//3242
f 1681//3243 1717//3243 1713//3243
f 1682//3244 1718//3244 1714//3244
f 1686//3245 1718//3245 1682//3245
f 1687//3246 1719//3246 1715//3246
f 1692//3247 1720//3247 1688//3247
f 1684//3248 1720//3248 1716//3248
f 1688//3249 1720//3249 1684//3249
f 1689//3250 1721//3250 1685//3250
f 1685//3251 1721//3251 1717//3251
f 1690//3252 1722//3252 1686//3252
f 1686//3253 1722//3253 1718//3253
f 1694//3254 1722//3254 1690//3254
f 1691//3255 1723//3255 1687//3255
f 1695//3256 1723//3256 1691//3256
f 1687//3257 1723//3257 1719//3257
f 1692//3258 1724//3258 1720//3258
f 1689//3259 1725//3259 1721//3259
f 1693//3260 1725//3260 1689//3260
f 1694//3261 1726//3261 1722//3261
f 1695//3262 1727//3262 1723//3262
f 1692//3263 1728//3263 1724//3263
f 1696//3264 1728//3264 1692//3264
f 1697//3265 1729//3265 1693//3265
f 1693//3266 1729//3266 1725//3266
f 1698//3267 1730//3267 1694//3267
f 1694//3268 1730//3268 1726//3268
f 1699//3269 1731//3269 1695//3269
f 1700//3270 1731//3270 1699//3270
f 1732//3271 1731//3271 1700//3271
f 1695//3272 1731//3272 1727//3272
f 1701//3273 1733//3273 1696//3273
f 1705//3274 1733//3274 1701//3274
f 1696//3275 1733//3275 1728//3275
f 1706//3276 1734//3276 1702//3276
f 1702//3277 1734//3277 1697//3277
f 1697//3278 1734//3278 1729//3278
f 1703//3279 1735//3279 1698//3279
f 1698//3280 1735//3280 1730//3280
f 1704//3281 1736//3281 199//3281
f 199//3282 1736//3282 200//3282
f 1709//3283 1737//3283 1705//3283
f 1705//3284 1737//3284 1733//3284
f 1706//3285 1738//3285 1734//3285
f 1703//3286 1739//3286 1735//3286
f 1707//3287 1739//3287 1703//3287
f 1708//3288 1740//3288 1704//3288
f 1704//3289 1740//3289 1736//3289
f 1709//3290 1741//3290 1737//3290
f 1710//3291 1742//3291 1706//3291
f 1706//3292 1742//3292 1738//3292
f 1711//3293 1743//3293 1707//3293
f 1707//3294 1743//3294 1739//3294
f 1712//3295 1744//3295 1708//3295
f 1716//3296 1744//3296 1712//3296
f 1708//3297 1744//3297 1740//3297
f 1709//3298 1745//3298 1741//3298
f 1713//3299 1745//3299 1709//3299
f 1710//3300 1746//3300 1742//3300
f 1714//3301 1746//3301 1710//3301
f 1711//3302 1747//3302 1743//3302
f 1715//3303 1747//3303 1711//3303
f 1716//3304 1748//3304 1744//3304
f 1713//3305 1749//3305 1745//3305
f 1717//3306 1749//3306 1713//3306
f 1714//3307 1750//3307 1746//3307
f 1718//3308 1750//3308 1714//3308
f 1715//3309 1751//3309 1747//3309
f 1719//3310 1751//3310 1715//3310
f 1716//3311 1752//3311 1748//3311
f 1720//3312 1752//3312 1716//3312
f 1725//3313 1753//3313 1721//3313
f 1717//3314 1753//3314 1749//3314
f 1721//3315 1753//3315 1717//3315
f 1718//3316 1754//3316 1750//3316
f 1722//3317 1754//3317 1718//3317
f 1719//3318 1755//3318 1751//3318
f 1723//3319 1755//3319 1719//3319
f 1720//3320 1756//3320 1752//3320
f 1724//3321 1756//3321 1720//3321
f 1725//3322 1757//3322 1753//3322
f 1722//3323 1758//3323 1754//3323
f 1726//3324 1758//3324 1722//3324
f 1727//3325 1759//3325 1723//3325
f 1723//3326 1759//3326 1755//3326
f 1724//3327 1760//3327 1756//3327
f 1728//3328 1760//3328 1724//3328
f 1729//3329 1761//3329 1725//3329
f 1725//3330 1761//3330 1757//3330
f 1730//3331 1762//3331 1726//3331
f 1726//3332 1762//3332 1758//3332
f 1731//3333 1763//3333 1727//3333
f 1732//3334 1763//3334 1731//3334
f 1764//3335 1763//3335 1732//3335
f 1727//3336 1763//3336 1759//3336
f 1733//3337 1765//3337 1728//3337
f 1728//3338 1765//3338 1760//3338
f 1734//3339 1766//3339 1729//3339
f 1729//3340 1766//3340 1761//3340
f 1735//3341 1767//3341 1730//3341
f 1739//3342 1767//3342 1735//3342
f 1730//3343 1767//3343 1762//3343
f 1736//3344 1768//3344 200//3344
f 200//3345 1768//3345 201//3345
f 1733//3346 1769//3346 1765//3346
f 1737//3347 1769//3347 1733//3347
f 1738//3348 1770//3348 1734//3348
f 1734//3349 1770//3349 1766//3349
f 1739//3350 1771//3350 1767//3350
f 1743//3351 1771//3351 1739//3351
f 1740//3352 1772//3352 1736//3352
f 1736//3353 1772//3353 1768//3353
f 1741//3354 1773//3354 1737//3354
f 1737//3355 1773//3355 1769//3355
f 1742//3356 1774//3356 1738//3356
f 1738//3357 1774//3357 1770//3357
f 1746//3358 1774//3358 1742//3358
f 1743//3359 1775//3359 1771//3359
f 1744//3360 1776//3360 1740//3360
f 1740//3361 1776//3361 1772//3361
f 1745//3362 1777//3362 1741//3362
f 1741//3363 1777//3363 1773//3363
f 1746//3364 1778//3364 1774//3364
f 1743//3365 1779//3365 1775//3365
f 1751//3366 1779//3366 1747//3366
f 1747//3367 1779//3367 1743//3367
f 1744//3368 1780//3368 1776//3368
f 1748//3369 1780//3369 1744//3369
f 1749//3370 1781//3370 1745//3370
f 1745//3371 1781//3371 1777//3371
f 1746//3372 1782//3372 1778//3372
f 1754//3373 1782//3373 1750//3373
f 1750//3374 1782//3374 1746//3374
f 1751//3375 1783//3375 1779//3375
f 1752//3376 1784//3376 1748//3376
f 1748//3377 1784//3377 1780//3377
f 1756//3378 1784//3378 1752//3378
f 1753//3379 1785//3379 1749//3379
f 1749//3380 1785//3380 1781//3380
f 1754//3381 1786//3381 1782//3381
f 1751//3382 1787//3382 1783//3382
f 1755//3383 1787//3383 1751//3383
f 1759//3384 1787//3384 1755//3384
f 1756//3385 1788//3385 1784//3385
f 1753//3386 1789//3386 1785//3386
f 1757//3387 1789//3387 1753//3387
f 1762//3388 1790//3388 1758//3388
f 1754//3389 1790//3389 1786//3389
f 1758//3390 1790//3390 1754//3390
f 1759//3391 1791//3391 1787//3391
f 1760//3392 1792//3392 1756//3392
f 1756//3393 1792//3393 1788//3393
f 1761//3394 1793//3394 1757//3394
f 1757//3395 1793//3395 1789//3395
f 1767//3396 1794//3396 1762//3396
f 1762//3397 1794//3397 1790//3397
f 1764//3398 1795//3398 1763//3398
f 1763//3399 1795//3399 1759//3399
f 1796//3400 1795//3400 1764//3400
f 1759//3401 1795//3401 1791//3401
f 1765//3402 1797//3402 1760//3402
f 1760//3403 1797//3403 1792//3403
f 1766//3404 1798//3404 1761//3404
f 1761//3405 1798//3405 1793//3405
f 1767//3406 1799//3406 1794//3406
f 1768//3407 1800//3407 201//3407
f 201//3408 1800//3408 202//3408
f 1769//3409 1801//3409 1765//3409
f 1765//3410 1801//3410 1797//3410
f 1770//3411 1802//3411 1766//3411
f 1766//3412 1802//3412 1798//3412
f 1771//3413 1803//3413 1767//3413
f 1775//3414 1803//3414 1771//3414
f 1767//3415 1803//3415 1799//3415
f 1776//3416 1804//3416 1772//3416
f 1772//3417 1804//3417 1768//3417
f 1768//3418 1804//3418 1800//3418
f 1773//3419 1805//3419 1769//3419
f 1769//3420 1805//3420 1801//3420
f 1774//3421 1806//3421 1770//3421
f 1770//3422 1806//3422 1802//3422
f 1775//3423 1807//3423 1803//3423
f 1776//3424 1808//3424 1804//3424
f 1780//3425 1808//3425 1776//3425
f 1773//3426 1809//3426 1805//3426
f 1777//3427 1809//3427 1773//3427
f 1774//3428 1810//3428 1806//3428
f 1778//3429 1810//3429 1774//3429
f 1775//3430 1811//3430 1807//3430
f 1779//3431 1811//3431 1775//3431
f 1780//3432 1812//3432 1808//3432
f 1777//3433 1813//3433 1809//3433
f 1781//3434 1813//3434 1777//3434
f 1782//3435 1814//3435 1778//3435
f 1778//3436 1814//3436 1810//3436
f 1783//3437 1815//3437 1779//3437
f 1779//3438 1815//3438 1811//3438
f 1784//3439 1816//3439 1780//3439
f 1780//3440 1816//3440 1812//3440
f 1788//3441 1816//3441 1784//3441
f 1781//3442 1817//3442 1813//3442
f 1785//3443 1817//3443 1781//3443
f 1786//3444 1818//3444 1782//3444
f 1782//3445 1818//3445 1814//3445
f 1783//3446 1819//3446 1815//3446
f 1787//3447 1819//3447 1783//3447
f 1788//3448 1820//3448 1816//3448
f 1785//3449 1821//3449 1817//3449
f 1789//3450 1821//3450 1785//3450
f 1786//3451 1822//3451 1818//3451
f 1790//3452 1822//3452 1786//3452
f 1787//3453 1823//3453 1819//3453
f 1791//3454 1823//3454 1787//3454
f 1788//3455 1824//3455 1820//3455
f 1792//3456 1824//3456 1788//3456
f 1789//3457 1825//3457 1821//3457
f 1793//3458 1825//3458 1789//3458
f 1790//3459 1826//3459 1822//3459
f 1794//3460 1826//3460 1790//3460
f 1795//3461 1827//3461 1791//3461
f 1828//3462 1827//3462 1796//3462
f 1791//3463 1827//3463 1823//3463
f 1796//3464 1827//3464 1795//3464
f 1797//3465 1829//3465 1792//3465
f 1792//3466 1829//3466 1824//3466
f 1801//3467 1829//3467 1797//3467
f 1802//3468 1830//3468 1798//3468
f 1793//3469 1830//3469 1825//3469
f 1798//3470 1830//3470 1793//3470
f 1794//3471 1831//3471 1826//3471
f 1799//3472 1831//3472 1794//3472
f 1800//3473 1832//3473 202//3473
f 202//3474 1832//3474 203//3474
f 1801//3475 1833//3475 1829//3475
f 1802//3476 1834//3476 1830//3476
f 1803//3477 1835//3477 1799//3477
f 1799//3478 1835//3478 1831//3478
f 1800//3479 1836//3479 1832//3479
f 1804//3480 1836//3480 1800//3480
f 1809//3481 1837//3481 1805//3481
f 1805//3482 1837//3482 1801//3482
f 1801//3483 1837//3483 1833//3483
f 1806//3484 1838//3484 1802//3484
f 1802//3485 1838//3485 1834//3485
f 1803//3486 1839//3486 1835//3486
f 1807//3487 1839//3487 1803//3487
f 1804//3488 1840//3488 1836//3488
f 1812//3489 1840//3489 1808//3489
f 1808//3490 1840//3490 1804//3490
f 1809//3491 1841//3491 1837//3491
f 1810//3492 1842//3492 1806//3492
f 1806//3493 1842//3493 1838//3493
f 1811//3494 1843//3494 1807//3494
f 1807//3495 1843//3495 1839//3495
f 1812//3496 1844//3496 1840//3496
f 1813//3497 1845//3497 1809//3497
f 1809//3498 1845//3498 1841//3498
f 1814//3499 1846//3499 1810//3499
f 1810//3500 1846//3500 1842//3500
f 1811//3501 1847//3501 1843//3501
f 1815//3502 1847//3502 1811//3502
f 1816//3503 1848//3503 1812//3503
f 1812//3504 1848//3504 1844//3504
f 1813//3505 1849//3505 1845//3505
f 1817//3506 1849//3506 1813//3506
f 1821//3507 1849//3507 1817//3507
f 1814//3508 1850//3508 1846//3508
f 1818//3509 1850//3509 1814//3509
f 1815//3510 1851//3510 1847//3510
f 1819//3511 1851//3511 1815//3511
f 1820//3512 1852//3512 1816//3512
f 1816//3513 1852//3513 1848//3513
f 1824//3514 1852//3514 1820//3514
f 1821//3515 1853//3515 1849//3515
f 1818//3516 1854//3516 1850//3516
f 1822//3517 1854//3517 1818//3517
f 1819//3518 1855//3518 1851//3518
f 1823//3519 1855//3519 1819//3519
f 1824//3520 1856//3520 1852//3520
f 1825//3521 1857//3521 1821//3521
f 1821//3522 1857//3522 1853//3522
f 1822//3523 1858//3523 1854//3523
f 1826//3524 1858//3524 1822//3524
f 1859//3525 1860//3525 1828//3525
f 1823//3526 1860//3526 1855//3526
f 1827//3527 1860//3527 1823//3527
f 1828//3528 1860//3528 1827//3528
f 1824//3529 1861//3529 1856//3529
f 1829//3530 1861//3530 1824//3530
f 1834//3531 1862//3531 1830//3531
f 1825//3532 1862//3532 1857//3532
f 1830//3533 1862//3533 1825//3533
f 1831//3534 1863//3534 1826//3534
f 1826//3535 1863//3535 1858//3535
f 1832//3536 1864//3536 203//3536
f 203//3537 1864//3537 204//3537
f 1833//3538 1865//3538 1829//3538
f 1829//3539 1865//3539 1861//3539
f 1834//3540 1866//3540 1862//3540
f 1838//3541 1866//3541 1834//3541
f 1835//3542 1867//3542 1831//3542
f 1831//3543 1867//3543 1863//3543
f 1832//3544 1868//3544 1864//3544
f 1836//3545 1868//3545 1832//3545
f 1833//3546 1869//3546 1865//3546
f 1837//3547 1869//3547 1833//3547
f 1838//3548 1870//3548 1866//3548
f 1839//3549 1871//3549 1835//3549
f 1835//3550 1871//3550 1867//3550
f 1840//3551 1872//3551 1836//3551
f 1836//3552 1872//3552 1868//3552
f 1841//3553 1873//3553 1837//3553
f 1837//3554 1873//3554 1869//3554
f 1838//3555 1874//3555 1870//3555
f 1842//3556 1874//3556 1838//3556
f 1839//3557 1875//3557 1871//3557
f 1847//3558 1875//3558 1843//3558
f 1843//3559 1875//3559 1839//3559
f 1844//3560 1876//3560 1840//3560
f 1840//3561 1876//3561 1872//3561
f 1845//3562 1877//3562 1841//3562
f 1841//3563 1877//3563 1873//3563
f 1842//3564 1878//3564 1874//3564
f 1850//3565 1878//3565 1846//3565
f 1846//3566 1878//3566 1842//3566
f 1847//3567 1879//3567 1875//3567
f 1844//3568 1880//3568 1876//3568
f 1852//3569 1880//3569 1848//3569
f 1848//3570 1880//3570 1844//3570
f 1849//3571 1881//3571 1845//3571
f 1845//3572 1881//3572 1877//3572
f 1850//3573 1882//3573 1878//3573
f 1854//3574 1882//3574 1850//3574
f 1847//3575 1883//3575 1879//3575
f 1851//3576 1883//3576 1847//3576
f 1852//3577 1884//3577 1880//3577
f 1853//3578 1885//3578 1849//3578
f 1849//3579 1885//3579 1881//3579
f 1854//3580 1886//3580 1882//3580
f 1851//3581 1887//3581 1883//3581
f 1855//3582 1887//3582 1851//3582
f 1856//3583 1888//3583 1852//3583
f 1852//3584 1888//3584 1884//3584
f 1853//3585 1889//3585 1885//3585
f 1857//3586 1889//3586 1853//3586
f 1854//3587 1890//3587 1886//3587
f 1858//3588 1890//3588 1854//3588
f 1891//3589 1892//3589 1859//3589
f 1855//3590 1892//3590 1887//3590
f 1859//3591 1892//3591 1860//3591
f 1860//3592 1892//3592 1855//3592
f 1856//3593 1893//3593 1888//3593
f 1865//3594 1893//3594 1861//3594
f 1861//3595 1893//3595 1856//3595
f 1857//3596 1894//3596 1889//3596
f 1862//3597 1894//3597 1857//3597
f 1858//3598 1895//3598 1890//3598
f 1863//3599 1895//3599 1858//3599
f 1867//3600 1895//3600 1863//3600
f 1868//3601 1896//3601 1864//3601
f 204//3602 1896//3602 205//3602
f 1864//3603 1896//3603 204//3603
f 1869//3604 1897//3604 1865//3604
f 1865//3605 1897//3605 1893//3605
f 1862//3606 1898//3606 1894//3606
f 1866//3607 1898//3607 1862//3607
f 1870//3608 1898//3608 1866//3608
f 1867//3609 1899//3609 1895//3609
f 1868//3610 1900//3610 1896//3610
f 1869//3611 1901//3611 1897//3611
f 1870//3612 1902//3612 1898//3612
f 1867//3613 1903//3613 1899//3613
f 1871//3614 1903//3614 1867//3614
f 1875//3615 1903//3615 1871//3615
f 1876//3616 1904//3616 1872//3616
f 1872//3617 1904//3617 1868//3617
f 1868//3618 1904//3618 1900//3618
f 1873//3619 1905//3619 1869//3619
f 1869//3620 1905//3620 1901//3620
f 1874//3621 1906//3621 1870//3621
f 1870//3622 1906//3622 1902//3622
f 1879//3623 1907//3623 1875//3623
f 1875//3624 1907//3624 1903//3624
f 1876//3625 1908//3625 1904//3625
f 1873//3626 1909//3626 1905//3626
f 1877//3627 1909//3627 1873//3627
f 1874//3628 1910//3628 1906//3628
f 1878//3629 1910//3629 1874//3629
f 1879//3630 1911//3630 1907//3630
f 1880//3631 1912//3631 1876//3631
f 1884//3632 1912//3632 1880//3632
f 1876//3633 1912//3633 1908//3633
f 1877//3634 1913//3634 1909//3634
f 1881//3635 1913//3635 1877//3635
f 1885//3636 1913//3636 1881//3636
f 1882//3637 1914//3637 1878//3637
f 1878//3638 1914//3638 1910//3638
f 1879//3639 1915//3639 1911//3639
f 1883//3640 1915//3640 1879//3640
f 1884//3641 1916//3641 1912//3641
f 1885//3642 1917//3642 1913//3642
f 1882//3643 1918//3643 1914//3643
f 1886//3644 1918//3644 1882//3644
f 1883//3645 1919//3645 1915//3645
f 1887//3646 1919//3646 1883//3646
f 1884//3647 1920//3647 1916//3647
f 1888//3648 1920//3648 1884//3648
f 1885//3649 1921//3649 1917//3649
f 1889//3650 1921//3650 1885//3650
f 1886//3651 1922//3651 1918//3651
f 1890//3652 1922//3652 1886//3652
f 1923//3653 1924//3653 1891//3653
f 1887//3654 1924//3654 1919//3654
f 1891//3655 1924//3655 1892//3655
f 1892//3656 1924//3656 1887//3656
f 1888//3657 1925//3657 1920//3657
f 1893//3658 1925//3658 1888//3658
f 1897//3659 1925//3659 1893//3659
f 1898//3660 1926//3660 1894//3660
f 1889//3661 1926//3661 1921//3661
f 1894//3662 1926//3662 1889//3662
f 1890//3663 1927//3663 1922//3663
f 1895//3664 1927//3664 1890//3664
f 1899//3665 1927//3665 1895//3665
f 1900//3666 1928//3666 1896//3666
f 205//3667 1928//3667 206//3667
f 1896//3668 1928//3668 205//3668
f 1897//3669 1929//3669 1925//3669
f 1898//3670 1930//3670 1926//3670
f 1899//3671 1931//3671 1927//3671
f 1904//3672 1932//3672 1900//3672
f 1900//3673 1932//3673 1928//3673
f 1905//3674 1933//3674 1901//3674
f 1897//3675 1933//3675 1929//3675
f 1901//3676 1933//3676 1897//3676
f 1906//3677 1934//3677 1902//3677
f 1902//3678 1934//3678 1898//3678
f 1898//3679 1934//3679 1930//3679
f 1903//3680 1935//3680 1899//3680
f 1899//3681 1935//3681 1931//3681
f 1904//3682 1936//3682 1932//3682
f 1905//3683 1937//3683 1933//3683
f 1906//3684 1938//3684 1934//3684
f 1907//3685 1939//3685 1903//3685
f 1903//3686 1939//3686 1935//3686
f 1912//3687 1940//3687 1908//3687
f 1908//3688 1940//3688 1904//3688
f 1904//3689 1940//3689 1936//3689
f 1909//3690 1941//3690 1905//3690
f 1905//3691 1941//3691 1937//3691
f 1910//3692 1942//3692 1906//3692
f 1906//3693 1942//3693 1938//3693
f 1907//3694 1943//3694 1939//3694
f 1911//3695 1943//3695 1907//3695
f 1916//3696 1944//3696 1912//3696
f 1912//3697 1944//3697 1940//3697
f 1913//3698 1945//3698 1909//3698
f 1909//3699 1945//3699 1941//3699
f 1914//3700 1946//3700 1910//3700
f 1918//3701 1946//3701 1914//3701
f 1910//3702 1946//3702 1942//3702
f 1911//3703 1947//3703 1943//3703
f 1915//3704 1947//3704 1911//3704
f 1916//3705 1948//3705 1944//3705
f 1921//3706 1949//3706 1917//3706
f 1917//3707 1949//3707 1913//3707
f 1913//3708 1949//3708 1945//3708
f 1918//3709 1950//3709 1946//3709
f 1915//3710 1951//3710 1947//3710
f 1919//3711 1951//3711 1915//3711
f 1916//3712 1952//3712 1948//3712
f 1925//3713 1952//3713 1920//3713
f 1920//3714 1952//3714 1916//3714
f 1921//3715 1953//3715 1949//3715
f 1918//3716 1954//3716 1950//3716
f 1922//3717 1954//3717 1918//3717
f 1955//3718 1956//3718 1923//3718
f 1919//3719 1956//3719 1951//3719
f 1923//3720 1956//3720 1924//3720
f 1924//3721 1956//3721 1919//3721
f 1925//3722 1957//3722 1952//3722
f 1921//3723 1958//3723 1953//3723
f 1926//3724 1958//3724 1921//3724
f 1930//3725 1958//3725 1926//3725
f 1922//3726 1959//3726 1954//3726
f 1927//3727 1959//3727 1922//3727
f 1928//3728 1960//3728 206//3728
f 206//3729 1960//3729 207//3729
f 1932//3730 1960//3730 1928//3730
f 1929//3731 1961//3731 1925//3731
f 1933//3732 1961//3732 1929//3732
f 1925//3733 1961//3733 1957//3733
f 1930//3734 1962//3734 1958//3734
f 1927//3735 1963//3735 1959//3735
f 1931//3736 1963//3736 1927//3736
f 1932//3737 1964//3737 1960//3737
f 1933//3738 1965//3738 1961//3738
f 1930//3739 1966//3739 1962//3739
f 1934//3740 1966//3740 1930//3740
f 1935//3741 1967//3741 1931//3741
f 1931//3742 1967//3742 1963//3742
f 1939//3743 1967//3743 1935//3743
f 1936//3744 1968//3744 1932//3744
f 1932//3745 1968//3745 1964//3745
f 1940//3746 1968//3746 1936//3746
f 1933//3747 1969//3747 1965//3747
f 1937//3748 1969//3748 1933//3748
f 1938//3749 1970//3749 1934//3749
f 1934//3750 1970//3750 1966//3750
f 1943//3751 1971//3751 1939//3751
f 1939//3752 1971//3752 1967//3752
f 1940//3753 1972//3753 1968//3753
f 1945//3754 1973//3754 1941//3754
f 1937//3755 1973//3755 1969//3755
f 1941//3756 1973//3756 1937//3756
f 1938//3757 1974//3757 1970//3757
f 1942//3758 1974//3758 1938//3758
f 1943//3759 1975//3759 1971//3759
f 1940//3760 1976//3760 1972//3760
f 1948//3761 1976//3761 1944//3761
f 1944//3762 1976//3762 1940//3762
f 1949//3763 1977//3763 1945//3763
f 1945//3764 1977//3764 1973//3764
f 1942//3765 1978//3765 1974//3765
f 1950//3766 1978//3766 1946//3766
f 1946//3767 1978//3767 1942//3767
f 1943//3768 1979//3768 1975//3768
f 1947//3769 1979//3769 1943//3769
f 1951//3770 1979//3770 1947//3770
f 1948//3771 1980//3771 1976//3771
f 1949//3772 1981//3772 1977//3772
f 1950//3773 1982//3773 1978//3773
f 1951//3774 1983//3774 1979//3774
f 1952//3775 1984//3775 1948//3775
f 1948//3776 1984//3776 1980//3776
f 1953//3777 1985//3777 1949//3777
f 1958//3778 1985//3778 1953//3778
f 1949//3779 1985//3779 1981//3779
f 1959//3780 1986//3780 1954//3780
f 1950//3781 1986//3781 1982//3781
f 1954//3782 1986//3782 1950//3782
f 1987//3783 1988//3783 1955//3783
f 1951//3784 1988//3784 1983//3784
f 1989//3785 1988//3785 1987//3785
f 1956//3786 1988//3786 1951//3786
f 1955//3787 1988//3787 1956//3787
f 1952//3788 1990//3788 1984//3788
f 1957//3789 1990//3789 1952//3789
f 1961//3790 1990//3790 1957//3790
f 1958//3791 1991//3791 1985//3791
f 1959//3792 1992//3792 1986//3792
f 1963//3793 1992//3793 1959//3793
f 1960//3794 1993//3794 207//3794
f 207//3795 1993//3795 208//3795
f 1961//3796 1994//3796 1990//3796
f 1958//3797 1995//3797 1991//3797
f 1962//3798 1995//3798 1958//3798
f 1963//3799 1996//3799 1992//3799
f 1964//3800 1997//3800 1960//3800
f 1960//3801 1997//3801 1993//3801
f 1961//3802 1998//3802 1994//3802
f 1965//3803 1998//3803 1961//3803
f 1969//3804 1998//3804 1965//3804
f 1962//3805 1999//3805 1995//3805
f 1966//3806 1999//3806 1962//3806
f 1970//3807 1999//3807 1966//3807
f 1971//3808 2000//3808 1967//3808
f 1963//3809 2000//3809 1996//3809
f 1967//3810 2000//3810 1963//3810
f 1964//3811 2001//3811 1997//3811
f 1968//3812 2001//3812 1964//3812
f 1969//3813 2002//3813 1998//3813
f 1970//3814 2003//3814 1999//3814
f 1975//3815 2004//3815 1971//3815
f 1971//3816 2004//3816 2000//3816
f 1972//3817 2005//3817 1968//3817
f 1968//3818 2005//3818 2001//3818
f 1973//3819 2006//3819 1969//3819
f 1969//3820 2006//3820 2002//3820
f 1974//3821 2007//3821 1970//3821
f 1970//3822 2007//3822 2003//3822
f 1975//3823 2008//3823 2004//3823
f 1976//3824 2009//3824 1972//3824
f 1972//3825 2009//3825 2005//3825
f 1977//3826 2010//3826 1973//3826
f 1981//3827 2010//3827 1977//3827
f 1973//3828 2010//3828 2006//3828
f 1974//3829 2011//3829 2007//3829
f 1978//3830 2011//3830 1974//3830
f 1979//3831 2012//3831 1975//3831
f 1975//3832 2012//3832 2008//3832
f 1980//3833 2013//3833 1976//3833
f 1976//3834 2013//3834 2009//3834
f 1981//3835 2014//3835 2010//3835
f 1982//3836 2015//3836 1978//3836
f 1978//3837 2015//3837 2011//3837
f 1983//3838 2016//3838 1979//3838
f 1988//3839 2016//3839 1983//3839
f 1979//3840 2016//3840 2012//3840
f 1980//3841 2017//3841 2013//3841
f 1984//3842 2017//3842 1980//3842
f 1981//3843 2018//3843 2014//3843
f 1985//3844 2018//3844 1981//3844
f 1982//3845 2019//3845 2015//3845
f 1986//3846 2019//3846 1982//3846
f 1992//3847 2019//3847 1986//3847
f 1988//3848 2020//3848 2016//3848
f 1989//3849 2020//3849 1988//3849
f 1984//3850 2021//3850 2017//3850
f 1990//3851 2021//3851 1984//3851
f 1991//3852 2022//3852 1985//3852
f 1995//3853 2022//3853 1991//3853
f 1985//3854 2022//3854 2018//3854
f 1992//3855 2023//3855 2019//3855
f 1993//3856 2024//3856 208//3856
f 208//3857 2024//3857 209//3857
f 1990//3858 2025//3858 2021//3858
f 1994//3859 2025//3859 1990//3859
f 1995//3860 2026//3860 2022//3860
f 2000//3861 2027//3861 1996//3861
f 1992//3862 2027//3862 2023//3862
f 1996//3863 2027//3863 1992//3863
f 1997//3864 2028//3864 1993//3864
f 1993//3865 2028//3865 2024//3865
f 2001//3866 2028//3866 1997//3866
f 1994//3867 2029//3867 2025//3867
f 1998//3868 2029//3868 1994//3868
f 1999//3869 2030//3869 1995//3869
f 1995//3870 2030//3870 2026//3870
f 2003//3871 2030//3871 1999//3871
f 2000//3872 2031//3872 2027//3872
f 2001//3873 2032//3873 2028//3873
f 2002//3874 2033//3874 1998//3874
f 1998//3875 2033//3875 2029//3875
f 2003//3876 2034//3876 2030//3876
f 2000//3877 2035//3877 2031//3877
f 2004//3878 2035//3878 2000//3878
f 2009//3879 2036//3879 2005//3879
f 2001//3880 2036//3880 2032//3880
f 2005//3881 2036//3881 2001//3881
f 2006//3882 2037//3882 2002//3882
f 2002//3883 2037//3883 2033//3883
f 2007//3884 2038//3884 2003//3884
f 2003//3885 2038//3885 2034//3885
f 2008//3886 2039//3886 2004//3886
f 2004//3887 2039//3887 2035//3887
f 2009//3888 2040//3888 2036//3888
f 2010//3889 2041//3889 2006//3889
f 2014//3890 2041//3890 2010//3890
f 2006//3891 2041//3891 2037//3891
f 2011//3892 2042//3892 2007//3892
f 2015//3893 2042//3893 2011//3893
f 2007//3894 2042//3894 2038//3894
f 2012//3895 2043//3895 2008//3895
f 2008//3896 2043//3896 2039//3896
f 2009//3897 2044//3897 2040//3897
f 2013//3898 2044//3898 2009//3898
f 2014//3899 2045//3899 2041//3899
f 2015//3900 2046//3900 2042//3900
f 2016//3901 2047//3901 2012//3901
f 2012//3902 2047//3902 2043//3902
f 2021//3903 2048//3903 2017//3903
f 2013//3904 2048//3904 2044//3904
f 2017//3905 2048//3905 2013//3905
f 2014//3906 2049//3906 2045//3906
f 2018//3907 2049//3907 2014//3907
f 2019//3908 2050//3908 2015//3908
f 2023//3909 2050//3909 2019//3909
f 2015//3910 2050//3910 2046//3910
f 2016//3911 2051//3911 2047//3911
f 2020//3912 2051//3912 2016//3912
f 2052//3913 2051//3913 1989//3913
f 1989//3914 2051//3914 2020//3914
f 2021//3915 2053//3915 2048//3915
f 2018//3916 2054//3916 2049//3916
f 2022//3917 2054//3917 2018//3917
f 2027//3918 2055//3918 2023//3918
f 2023//3919 2055//3919 2050//3919
f 2024//3920 2056//3920 209//3920
f 209//3921 2056//3921 210//3921
f 210//3922 2056//3922 211//3922
f 2021//3923 2057//3923 2053//3923
f 2025//3924 2057//3924 2021//3924
f 2022//3925 2058//3925 2054//3925
f 2026//3926 2058//3926 2022//3926
f 2027//3927 2059//3927 2055//3927
f 2028//3928 2060//3928 2024//3928
f 2024//3929 2060//3929 2056//3929
f 2025//3930 2061//3930 2057//3930
f 2029//3931 2061//3931 2025//3931
f 2033//3932 2061//3932 2029//3932
f 2026//3933 2062//3933 2058//3933
f 2030//3934 2062//3934 2026//3934
f 2027//3935 2063//3935 2059//3935
f 2031//3936 2063//3936 2027//3936
f 2035//3937 2063//3937 2031//3937
f 2028//3938 2064//3938 2060//3938
f 2032//3939 2064//3939 2028//3939
f 2033//3940 2065//3940 2061//3940
f 2034//3941 2066//3941 2030//3941
f 2030//3942 2066//3942 2062//3942
f 2035//3943 2067//3943 2063//3943
f 2039//3944 2067//3944 2035//3944
f 2036//3945 2068//3945 2032//3945
f 2032//3946 2068//3946 2064//3946
f 2033//3947 2069//3947 2065//3947
f 2037//3948 2069//3948 2033//3948
f 2038//3949 2070//3949 2034//3949
f 2034//3950 2070//3950 2066//3950
f 2039//3951 2071//3951 2067//3951
f 2036//3952 2072//3952 2068//3952
f 2040//3953 2072//3953 2036//3953
f 2041//3954 2073//3954 2037//3954
f 2037//3955 2073//3955 2069//3955
f 2038//3956 2074//3956 2070//3956
f 2042//3957 2074//3957 2038//3957
f 2039//3958 2075//3958 2071//3958
f 2043//3959 2075//3959 2039//3959
f 2044//3960 2076//3960 2040//3960
f 2040//3961 2076//3961 2072//3961
f 2045//3962 2077//3962 2041//3962
f 2041//3963 2077//3963 2073//3963
f 2042//3964 2078//3964 2074//3964
f 2046//3965 2078//3965 2042//3965
f 2047//3966 2079//3966 2043//3966
f 2051//3967 2079//3967 2047//3967
f 2043//3968 2079//3968 2075//3968
f 2044//3969 2080//3969 2076//3969
f 2048//3970 2080//3970 2044//3970
f 2049//3971 2081//3971 2045//3971
f 2045//3972 2081//3972 2077//3972
f 2055//3973 2082//3973 2050//3973
f 2050//3974 2082//3974 2046//3974
f 2046//3975 2082//3975 2078//3975
f 2051//3976 2083//3976 2079//3976
f 2052//3977 2083//3977 2051//3977
f 2084//3978 2083//3978 2052//3978
f 2053//3979 2085//3979 2048//3979
f 2048//3980 2085//3980 2080//3980
f 2054//3981 2086//3981 2049//3981
f 2058//3982 2086//3982 2054//3982
f 2049//3983 2086//3983 2081//3983
f 2055//3984 2087//3984 2082//3984
f 2056//3985 2088//3985 211//3985
f 2057//3986 2089//3986 2053//3986
f 2053//3987 2089//3987 2085//3987
f 2058//3988 2090//3988 2086//3988
f 2055//3989 2091//3989 2087//3989
f 2059//3990 2091//3990 2055//3990
f 2063//3991 2091//3991 2059//3991
f 2056//3992 2092//3992 2088//3992
f 2060//3993 2092//3993 2056//3993
f 2064//3994 2092//3994 2060//3994
f 2061//3995 2093//3995 2057//3995
f 2057//3996 2093//3996 2089//3996
f 2058//3997 2094//3997 2090//3997
f 2062//3998 2094//3998 2058//3998
f 2063//3999 2095//3999 2091//3999
f 2064//4000 2096//4000 2092//4000
f 2065//4001 2097//4001 2061//4001
f 2061//4002 2097//4002 2093//4002
f 2062//4003 2098//4003 2094//4003
f 2066//4004 2098//4004 2062//4004
f 2063//4005 2099//4005 2095//4005
f 2067//4006 2099//4006 2063//4006
f 2068//4007 2100//4007 2064//4007
f 2064//4008 2100//4008 2096//4008
f 2072//4009 2100//4009 2068//4009
f 2065//4010 2101//4010 2097//4010
f 2069//4011 2101//4011 2065//4011
f 2070//4012 2102//4012 2066//4012
f 2066//4013 2102//4013 2098//4013
f 2067//4014 2103//4014 2099//4014
f 2071//4015 2103//4015 2067//4015
f 2076//4016 2104//4016 2072//4016
f 2072//4017 2104//4017 2100//4017
f 2073//4018 2105//4018 2069//4018
f 2077//4019 2105//4019 2073//4019
f 2069//4020 2105//4020 2101//4020
f 2070//4021 2106//4021 2102//4021
f 2074//4022 2106//4022 2070//4022
f 2078//4023 2106//4023 2074//4023
f 2075//4024 2107//4024 2071//4024
f 2071//4025 2107//4025 2103//4025
f 2076//4026 2108//4026 2104//4026
f 2077//4027 2109//4027 2105//4027
f 2078//4028 2110//4028 2106//4028
f 2079//4029 2111//4029 2075//4029
f 2075//4030 2111//4030 2107//4030
f 2085//4031 2112//4031 2080//4031
f 2080//4032 2112//4032 2076//4032
f 2076//4033 2112//4033 2108//4033
f 2077//4034 2113//4034 2109//4034
f 2086//4035 2113//4035 2081//4035
f 2081//4036 2113//4036 2077//4036
f 2078//4037 2114//4037 2110//4037
f 2082//4038 2114//4038 2078//4038
f 2083//4039 2115//4039 2079//4039
f 2084//4040 2115//4040 2083//4040
f 2116//4041 2115//4041 2084//4041
f 2079//4042 2115//4042 2111//4042
f 2085//4043 2117//4043 2112//4043
f 2090//4044 2118//4044 2086//4044
f 2086//4045 2118//4045 2113//4045
f 2087//4046 2119//4046 2082//4046
f 2082//4047 2119//4047 2114//4047
f 211//4048 2120//4048 212//4048
f 2088//4049 2120//4049 211//4049
f 2085//4050 2121//4050 2117//4050
f 2089//4051 2121//4051 2085//4051
f 2093//4052 2121//4052 2089//4052
f 2090//4053 2122//4053 2118//4053
f 2094//4054 2122//4054 2090//4054
f 2087//4055 2123//4055 2119//4055
f 2091//4056 2123//4056 2087//4056
f 2092//4057 2124//4057 2088//4057
f 2088//4058 2124//4058 2120//4058
f 2093//4059 2125//4059 2121//4059
f 2094//4060 2126//4060 2122//4060
f 2098//4061 2126//4061 2094//4061
f 2091//4062 2127//4062 2123//4062
f 2095//4063 2127//4063 2091//4063
f 2096//4064 2128//4064 2092//4064
f 2092//4065 2128//4065 2124//4065
f 2093//4066 2129//4066 2125//4066
f 2097//4067 2129//4067 2093//4067
f 2098//4068 2130//4068 2126//4068
f 2095//4069 2131//4069 2127//4069
f 2103//4070 2131//4070 2099//4070
f 2099//4071 2131//4071 2095//4071
f 2096//4072 2132//4072 2128//4072
f 2100//4073 2132//4073 2096//4073
f 2101//4074 2133//4074 2097//4074
f 2097//4075 2133//4075 2129//4075
f 2105//4076 2133//4076 2101//4076
f 2098//4077 2134//4077 2130//4077
f 2102//4078 2134//4078 2098//4078
f 2103//4079 2135//4079 2131//4079
f 2100//4080 2136//4080 2132//4080
f 2104//4081 2136//4081 2100//4081
f 2105//4082 2137//4082 2133//4082
f 2106//4083 2138//4083 2102//4083
f 2102//4084 2138//4084 2134//4084
f 2111//4085 2139//4085 2107//4085
f 2103//4086 2139//4086 2135//4086
f 2107//4087 2139//4087 2103//4087
f 2104//4088 2140//4088 2136//4088
f 2108//4089 2140//4089 2104//4089
f 2109//4090 2141//4090 2105//4090
f 2105//4091 2141//4091 2137//4091
f 2110//4092 2142//4092 2106//4092
f 2106//4093 2142//4093 2138//4093
f 2111//4094 2143//4094 2139//4094
f 2112//4095 2144//4095 2108//4095
f 2108//4096 2144//4096 2140//4096
f 2113//4097 2145//4097 2109//4097
f 2109//4098 2145//4098 2141//4098
f 2119//4099 2146//4099 2114//4099
f 2110//4100 2146//4100 2142//4100
f 2114//4101 2146//4101 2110//4101
f 2115//4102 2147//4102 2111//4102
f 2111//4103 2147//4103 2143//4103
f 2116//4104 2147//4104 2115//4104
f 2148//4105 2147//4105 2116//4105
f 2117//4106 2149//4106 2112//4106
f 2112//4107 2149//4107 2144//4107
f 2118//4108 2150//4108 2113//4108
f 2113//4109 2150//4109 2145//4109
f 2119//4110 2151//4110 2146//4110
f 2120//4111 2152//4111 212//4111
f 212//4112 2152//4112 213//4112
f 2117//4113 2153//4113 2149//4113
f 2121//4114 2153//4114 2117//4114
f 2122//4115 2154//4115 2118//4115
f 2118//4116 2154//4116 2150//4116
f 2123//4117 2155//4117 2119//4117
f 2119//4118 2155//4118 2151//4118
f 2127//4119 2155//4119 2123//4119
f 2124//4120 2156//4120 2120//4120
f 2120//4121 2156//4121 2152//4121
f 2125//4122 2157//4122 2121//4122
f 2121//4123 2157//4123 2153//4123
f 2126//4124 2158//4124 2122//4124
f 2122//4125 2158//4125 2154//4125
f 2127//4126 2159//4126 2155//4126
f 2124//4127 2160//4127 2156//4127
f 2128//4128 2160//4128 2124//4128
f 2125//4129 2161//4129 2157//4129
f 2129//4130 2161//4130 2125//4130
f 2130//4131 2162//4131 2126//4131
f 2126//4132 2162//4132 2158//4132
f 2127//4133 2163//4133 2159//4133
f 2131//4134 2163//4134 2127//4134
f 2135//4135 2163//4135 2131//4135
f 2128//4136 2164//4136 2160//4136
f 2132//4137 2164//4137 2128//4137
f 2129//4138 2165//4138 2161//4138
f 2133//4139 2165//4139 2129//4139
f 2134//4140 2166//4140 2130//4140
f 2130//4141 2166//4141 2162//4141
f 2135//4142 2167//4142 2163//4142
f 2132//4143 2168//4143 2164//4143
f 2136//4144 2168//4144 2132//4144
f 2133//4145 2169//4145 2165//4145
f 2137//4146 2169//4146 2133//4146
f 2141//4147 2169//4147 2137//4147
f 2138//4148 2170//4148 2134//4148
f 2134//4149 2170//4149 2166//4149
f 2143//4150 2171//4150 2139//4150
f 2135//4151 2171//4151 2167//4151
f 2139//4152 2171//4152 2135//4152
f 2136//4153 2172//4153 2168//4153
f 2140//4154 2172//4154 2136//4154
f 2141//4155 2173//4155 2169//4155
f 2142//4156 2174//4156 2138//4156
f 2138//4157 2174//4157 2170//4157
f 2143//4158 2175//4158 2171//4158
f 2144//4159 2176//4159 2140//4159
f 2140//4160 2176//4160 2172//4160
f 2141//4161 2177//4161 2173//4161
f 2145//4162 2177//4162 2141//4162
f 2150//4163 2177//4163 2145//4163
f 2146//4164 2178//4164 2142//4164
f 2142//4165 2178//4165 2174//4165
f 2148//4166 2179//4166 2147//4166
f 2180//4167 2179//4167 2148//4167
f 2181//4168 2179//4168 2180//4168
f 2147//4169 2179//4169 2143//4169
f 2143//4170 2179//4170 2175//4170
f 2149//4171 2182//4171 2144//4171
f 2144//4172 2182//4172 2176//4172
f 2154//4173 2183//4173 2150//4173
f 2150//4174 2183//4174 2177//4174
f 2151//4175 2184//4175 2146//4175
f 2146//4176 2184//4176 2178//4176
f 2152//4177 2185//4177 213//4177
f 213//4178 2185//4178 214//4178
f 2149//4179 2186//4179 2182//4179
f 2153//4180 2186//4180 2149//4180
f 2158//4181 2187//4181 2154//4181
f 2154//4182 2187//4182 2183//4182
f 2151//4183 2188//4183 2184//4183
f 2155//4184 2188//4184 2151//4184
f 2160//4185 2189//4185 2156//4185
f 2156//4186 2189//4186 2152//4186
f 2152//4187 2189//4187 2185//4187
f 2157//4188 2190//4188 2153//4188
f 2161//4189 2190//4189 2157//4189
f 2153//4190 2190//4190 2186//4190
f 2158//4191 2191//4191 2187//4191
f 2162//4192 2191//4192 2158//4192
f 2155//4193 2192//4193 2188//4193
f 2159//4194 2192//4194 2155//4194
f 2160//4195 2193//4195 2189//4195
f 2161//4196 2194//4196 2190//4196
f 2162//4197 2195//4197 2191//4197
f 2159//4198 2196//4198 2192//4198
f 2163//4199 2196//4199 2159//4199
f 2160//4200 2197//4200 2193//4200
f 2164//4201 2197//4201 2160//4201
f 2168//4202 2197//4202 2164//4202
f 2165//4203 2198//4203 2161//4203
f 2161//4204 2198//4204 2194//4204
f 2162//4205 2199//4205 2195//4205
f 2166//4206 2199//4206 2162//4206
f 2163//4207 2200//4207 2196//4207
f 2167//4208 2200//4208 2163//4208
f 2168//4209 2201//4209 2197//4209
f 2165//4210 2202//4210 2198//4210
f 2169//4211 2202//4211 2165//4211
f 2166//4212 2203//4212 2199//4212
f 2170//4213 2203//4213 2166//4213
f 2174//4214 2203//4214 2170//4214
f 2171//4215 2204//4215 2167//4215
f 2167//4216 2204//4216 2200//4216
f 2172//4217 2205//4217 2168//4217
f 2168//4218 2205//4218 2201//4218
f 2169//4219 2206//4219 2202//4219
f 2173//4220 2206//4220 2169//4220
f 2174//4221 2207//4221 2203//4221
f 2171//4222 2208//4222 2204//4222
f 2175//4223 2208//4223 2171//4223
f 2182//4224 2209//4224 2176//4224
f 2172//4225 2209//4225 2205//4225
f 2176//4226 2209//4226 2172//4226
f 2173//4227 2210//4227 2206//4227
f 2177//4228 2210//4228 2173//4228
f 2184//4229 2211//4229 2178//4229
f 2174//4230 2211//4230 2207//4230
f 2178//4231 2211//4231 2174//4231
f 2181//4232 2212//4232 2179//4232
f 2179//4233 2212//4233 2175//4233
f 2175//4234 2212//4234 2208//4234
f 2182//4235 2213//4235 2209//4235
f 2187//4236 2214//4236 2183//4236
f 2177//4237 2214//4237 2210//4237
f 2183//4238 2214//4238 2177//4238
f 2184//4239 2215//4239 2211//4239
f 2185//4240 2216//4240 214//4240
f 214//4241 2216//4241 215//4241
f 215//4242 2216//4242 216//4242
f 2186//4243 2217//4243 2182//4243
f 2182//4244 2217//4244 2213//4244
f 2187//4245 2218//4245 2214//4245
f 2184//4246 2219//4246 2215//4246
f 2188//4247 2219//4247 2184//4247
f 2192//4248 2219//4248 2188//4248
f 2185//4249 2220//4249 2216//4249
f 2189//4250 2220//4250 2185//4250
f 2190//4251 2221//4251 2186//4251
f 2186//4252 2221//4252 2217//4252
f 2187//4253 2222//4253 2218//4253
f 2191//4254 2222//4254 2187//4254
f 2192//4255 2223//4255 2219//4255
f 2193//4256 2224//4256 2189//4256
f 2189//4257 2224//4257 2220//4257
f 2190//4258 2225//4258 2221//4258
f 2194//4259 2225//4259 2190//4259
f 2198//4260 2225//4260 2194//4260
f 2191//4261 2226//4261 2222//4261
f 2195//4262 2226//4262 2191//4262
f 2192//4263 2227//4263 2223//4263
f 2196//4264 2227//4264 2192//4264
f 2193//4265 2228//4265 2224//4265
f 2197//4266 2228//4266 2193//4266
f 2198//4267 2229//4267 2225//4267
f 2195//4268 2230//4268 2226//4268
f 2199//4269 2230//4269 2195//4269
f 2196//4270 2231//4270 2227//4270
f 2200//4271 2231//4271 2196//4271
f 2204//4272 2231//4272 2200//4272
f 2197//4273 2232//4273 2228//4273
f 2201//4274 2232//4274 2197//4274
f 2198//4275 2233//4275 2229//4275
f 2202//4276 2233//4276 2198//4276
f 2206//4277 2233//4277 2202//4277
f 2199//4278 2234//4278 2230//4278
f 2203//4279 2234//4279 2199//4279
f 2204//4280 2235//4280 2231//4280
f 2201//4281 2236//4281 2232//4281
f 2205//4282 2236//4282 2201//4282
f 2206//4283 2237//4283 2233//4283
f 2203//4284 2238//4284 2234//4284
f 2207//4285 2238//4285 2203//4285
f 2204//4286 2239//4286 2235//4286
f 2208//4287 2239//4287 2204//4287
f 2205//4288 2240//4288 2236//4288
f 2209//4289 2240//4289 2205//4289
f 2210//4290 2241//4290 2206//4290
f 2206//4291 2241//4291 2237//4291
f 2207//4292 2242//4292 2238//4292
f 2211//4293 2242//4293 2207//4293
f 2243//4294 2244//4294 2181//4294
f 2245//4295 2244//4295 2243//4295
f 2181//4296 2244//4296 2212//4296
f 2208//4297 2244//4297 2239//4297
f 2212//4298 2244//4298 2208//4298
f 2209//4299 2246//4299 2240//4299
f 2213//4300 2246//4300 2209//4300
f 2210//4301 2247//4301 2241//4301
f 2214//4302 2247//4302 2210//4302
f 2215//4303 2248//4303 2211//4303
f 2211//4304 2248//4304 2242//4304
f 2216//4305 2249//4305 216//4305
f 2217//4306 2250//4306 2213//4306
f 2213//4307 2250//4307 2246//4307
f 2218//4308 2251//4308 2214//4308
f 2214//4309 2251//4309 2247//4309
f 2215//4310 2252//4310 2248//4310
f 2219//4311 2252//4311 2215//4311
f 2220//4312 2253//4312 2216//4312
f 2224//4313 2253//4313 2220//4313
f 2216//4314 2253//4314 2249//4314
f 2221//4315 2254//4315 2217//4315
f 2217//4316 2254//4316 2250//4316
f 2226//4317 2255//4317 2222//4317
f 2222//4318 2255//4318 2218//4318
f 2218//4319 2255//4319 2251//4319
f 2223//4320 2256//4320 2219//4320
f 2219//4321 2256//4321 2252//4321
f 2224//4322 2257//4322 2253//4322
f 2221//4323 2258//4323 2254//4323
f 2225//4324 2258//4324 2221//4324
f 2226//4325 2259//4325 2255//4325
f 2223//4326 2260//4326 2256//4326
f 2227//4327 2260//4327 2223//4327
f 2231//4328 2260//4328 2227//4328
f 2228//4329 2261//4329 2224//4329
f 2224//4330 2261//4330 2257//4330
f 2232//4331 2261//4331 2228//4331
f 2229//4332 2262//4332 2225//4332
f 2225//4333 2262//4333 2258//4333
f 2226//4334 2263//4334 2259//4334
f 2230//4335 2263//4335 2226//4335
f 2231//4336 2264//4336 2260//4336
f 2235//4337 2264//4337 2231//4337
f 2236//4338 2265//4338 2232//4338
f 2232//4339 2265//4339 2261//4339
f 2229//4340 2266//4340 2262//4340
f 2233//4341 2266//4341 2229//4341
f 2230//4342 2267//4342 2263//4342
f 2234//4343 2267//4343 2230//4343
f 2235//4344 2268//4344 2264//4344
f 2239//4345 2268//4345 2235//4345
f 2236//4346 2269//4346 2265//4346
f 2237//4347 2270//4347 2233//4347
f 2233//4348 2270//4348 2266//4348
f 2234//4349 2271//4349 2267//4349
f 2242//4350 2271//4350 2238//4350
f 2238//4351 2271//4351 2234//4351
f 2239//4352 2272//4352 2268//4352
f 2240//4353 2273//4353 2236//4353
f 2236//4354 2273//4354 2269//4354
f 2246//4355 2273//4355 2240//4355
f 2241//4356 2274//4356 2237//4356
f 2237//4357 2274//4357 2270//4357
f 2242//4358 2275//4358 2271//4358
f 2239//4359 2276//4359 2272//4359
f 2244//4360 2276//4360 2239//4360
f 2245//4361 2276//4361 2244//4361
f 2246//4362 2277//4362 2273//4362
f 2241//4363 2278//4363 2274//4363
f 2247//4364 2278//4364 2241//4364
f 2252//4365 2279//4365 2248//4365
f 2248//4366 2279//4366 2242//4366
f 2242//4367 2279//4367 2275//4367
f 2249//4368 2280//4368 216//4368
f 216//4369 2280//4369 217//4369
f 2246//4370 2281//4370 2277//4370
f 2250//4371 2281//4371 2246//4371
f 2247//4372 2282//4372 2278//4372
f 2251//4373 2282//4373 2247//4373
f 2252//4374 2283//4374 2279//4374
f 2249//4375 2284//4375 2280//4375
f 2253//4376 2284//4376 2249//4376
f 2258//4377 2285//4377 2254//4377
f 2254//4378 2285//4378 2250//4378
f 2250//4379 2285//4379 2281//4379
f 2255//4380 2286//4380 2251//4380
f 2251//4381 2286//4381 2282//4381
f 2256//4382 2287//4382 2252//4382
f 2252//4383 2287//4383 2283//4383
f 2257//4384 2288//4384 2253//4384
f 2253//4385 2288//4385 2284//4385
f 2258//4386 2289//4386 2285//4386
f 2259//4387 2290//4387 2255//4387
f 2255//4388 2290//4388 2286//4388
f 2256//4389 2291//4389 2287//4389
f 2264//4390 2291//4390 2260//4390
f 2260//4391 2291//4391 2256//4391
f 2257//4392 2292//4392 2288//4392
f 2261//4393 2292//4393 2257//4393
f 2262//4394 2293//4394 2258//4394
f 2266//4395 2293//4395 2262//4395
f 2258//4396 2293//4396 2289//4396
f 2263//4397 2294//4397 2259//4397
f 2259//4398 2294//4398 2290//4398
f 2264//4399 2295//4399 2291//4399
f 2268//4400 2295//4400 2264//4400
f 2265//4401 2296//4401 2261//4401
f 2261//4402 2296//4402 2292//4402
f 2266//4403 2297//4403 2293//4403
f 2270//4404 2297//4404 2266//4404
f 2263//4405 2298//4405 2294//4405
f 2267//4406 2298//4406 2263//4406
f 2268//4407 2299//4407 2295//4407
f 2272//4408 2299//4408 2268//4408
f 2269//4409 2300//4409 2265//4409
f 2265//4410 2300//4410 2296//4410
f 2270//4411 2301//4411 2297//4411
f 2267//4412 2302//4412 2298//4412
f 2271//4413 2302//4413 2267//4413
f 2272//4414 2303//4414 2299//4414
f 2269//4415 2304//4415 2300//4415
f 2273//4416 2304//4416 2269//4416
f 2274//4417 2305//4417 2270//4417
f 2270//4418 2305//4418 2301//4418
f 2278//4419 2305//4419 2274//4419
f 2275//4420 2306//4420 2271//4420
f 2271//4421 2306//4421 2302//4421
f 2307//4422 2308//4422 2245//4422
f 2272//4423 2308//4423 2303//4423
f 2245//4424 2308//4424 2276//4424
f 2276//4425 2308//4425 2272//4425
f 2273//4426 2309//4426 2304//4426
f 2277//4427 2309//4427 2273//4427
f 2278//4428 2310//4428 2305//4428
f 2282//4429 2310//4429 2278//4429
f 2275//4430 2311//4430 2306//4430
f 2279//4431 2311//4431 2275//4431
f 2280//4432 2312//4432 217//4432
f 217//4433 2312//4433 218//4433
f 218//4434 2312//4434 219//4434
f 2277//4435 2313//4435 2309//4435
f 2281//4436 2313//4436 2277//4436
f 2282//4437 2314//4437 2310//4437
f 2283//4438 2315//4438 2279//4438
f 2279//4439 2315//4439 2311//4439
f 2280//4440 2316//4440 2312//4440
f 2288//4441 2316//4441 2284//4441
f 2284//4442 2316//4442 2280//4442
f 2289//4443 2317//4443 2285//4443
f 2285//4444 2317//4444 2281//4444
f 2281//4445 2317//4445 2313//4445
f 2290//4446 2318//4446 2286//4446
f 2282//4447 2318//4447 2314//4447
f 2286//4448 2318//4448 2282//4448
f 2287//4449 2319//4449 2283//4449
f 2283//4450 2319//4450 2315//4450
f 2288//4451 2320//4451 2316//4451
f 2289//4452 2321//4452 2317//4452
f 2290//4453 2322//4453 2318//4453
f 2291//4454 2323//4454 2287//4454
f 2287//4455 2323//4455 2319//4455
f 2292//4456 2324//4456 2288//4456
f 2296//4457 2324//4457 2292//4457
f 2288//4458 2324//4458 2320//4458
f 2289//4459 2325//4459 2321//4459
f 2293//4460 2325//4460 2289//4460
f 2294//4461 2326//4461 2290//4461
f 2290//4462 2326//4462 2322//4462
f 2295//4463 2327//4463 2291//4463
f 2291//4464 2327//4464 2323//4464
f 2296//4465 2328//4465 2324//4465
f 2297//4466 2329//4466 2293//4466
f 2293//4467 2329//4467 2325//4467
f 2302//4468 2330//4468 2298//4468
f 2298//4469 2330//4469 2294//4469
f 2294//4470 2330//4470 2326//4470
f 2295//4471 2331//4471 2327//4471
f 2299//4472 2331//4472 2295//4472
f 2296//4473 2332//4473 2328//4473
f 2300//4474 2332//4474 2296//4474
f 2301//4475 2333//4475 2297//4475
f 2297//4476 2333//4476 2329//4476
f 2302//4477 2334//4477 2330//4477
f 2303//4478 2335//4478 2299//4478
f 2299//4479 2335//4479 2331//4479
f 2304//4480 2336//4480 2300//4480
f 2300//4481 2336//4481 2332//4481
f 2309//4482 2336//4482 2304//4482
f 2301//4483 2337//4483 2333//4483
f 2305//4484 2337//4484 2301//4484
f 2302//4485 2338//4485 2334//4485
f 2306//4486 2338//4486 2302//4486
f 2311//4487 2338//4487 2306//4487
f 2303//4488 2339//4488 2335//4488
f 2340//4489 2339//4489 2307//4489
f 2307//4490 2339//4490 2308//4490
f 2308//4491 2339//4491 2303//4491
f 2309//4492 2341//4492 2336//4492
f 2305//4493 2342//4493 2337//4493
f 2310//4494 2342//4494 2305//4494
f 2314//4495 2342//4495 2310//4495
f 2311//4496 2343//4496 2338//4496
f 2312//4497 2344//4497 219//4497
f 2309//4498 2345//4498 2341//4498
f 2313//4499 2345//4499 2309//4499
f 2314//4500 2346//4500 2342//4500
f 2319//4501 2347//4501 2315//4501
f 2311//4502 2347//4502 2343//4502
f 2315//4503 2347//4503 2311//4503
f 2312//4504 2348//4504 2344//4504
f 2320//4505 2348//4505 2316//4505
f 2316//4506 2348//4506 2312//4506
f 2317//4507 2349//4507 2313//4507
f 2321//4508 2349//4508 2317//4508
f 2313//4509 2349//4509 2345//4509
f 2322//4510 2350//4510 2318//4510
f 2318//4511 2350//4511 2314//4511
f 2314//4512 2350//4512 2346//4512
f 2319//4513 2351//4513 2347//4513
f 2320//4514 2352//4514 2348//4514
f 2321//4515 2353//4515 2349//4515
f 2322//4516 2354//4516 2350//4516
f 2323//4517 2355//4517 2319//4517
f 2319//4518 2355//4518 2351//4518
f 2320//4519 2356//4519 2352//4519
f 2328//4520 2356//4520 2324//4520
f 2324//4521 2356//4521 2320//4521
f 2325//4522 2357//4522 2321//4522
f 2321//4523 2357//4523 2353//4523
f 2326//4524 2358//4524 2322//4524
f 2322//4525 2358//4525 2354//4525
f 2327//4526 2359//4526 2323//4526
f 2323//4527 2359//4527 2355//4527
f 2332//4528 2360//4528 2328//4528
f 2328//4529 2360//4529 2356//4529
f 2329//4530 2361//4530 2325//4530
f 2325//4531 2361//4531 2357//4531
f 2330//4532 2362//4532 2326//4532
f 2334//4533 2362//4533 2330//4533
f 2326//4534 2362//4534 2358//4534
f 2331//4535 2363//4535 2327//4535
f 2327//4536 2363//4536 2359//4536
f 2332//4537 2364//4537 2360//4537
f 2329//4538 2365//4538 2361//4538
f 2333//4539 2365//4539 2329//4539
f 2338//4540 2366//4540 2334//4540
f 2334//4541 2366//4541 2362//4541
f 2331//4542 2367//4542 2363//4542
f 2335//4543 2367//4543 2331//4543
f 2332//4544 2368//4544 2364//4544
f 2336//4545 2368//4545 2332//4545
f 2341//4546 2368//4546 2336//4546
f 2333//4547 2369//4547 2365//4547
f 2337//4548 2369//4548 2333//4548
f 2338//4549 2370//4549 2366//4549
f 2335//4550 2371//4550 2367//4550
f 2372//4551 2371//4551 2340//4551
f 2339//4552 2371//4552 2335//4552
f 2340//4553 2371//4553 2339//4553
f 2341//4554 2373//4554 2368//4554
f 2342//4555 2374//4555 2337//4555
f 2337//4556 2374//4556 2369//4556
f 2346//4557 2374//4557 2342//4557
f 2338//4558 2375//4558 2370//4558
f 2347//4559 2375//4559 2343//4559
f 2343//4560 2375//4560 2338//4560
f 2344//4561 2376//4561 219//4561
f 219//4562 2376//4562 220//4562
f 2341//4563 2377//4563 2373//4563
f 2345//4564 2377//4564 2341//4564
f 2346//4565 2378//4565 2374//4565
f 2347//4566 2379//4566 2375//4566
f 2344//4567 2380//4567 2376//4567
f 2348//4568 2380//4568 2344//4568
f 2345//4569 2381//4569 2377//4569
f 2349//4570 2381//4570 2345//4570
f 2346//4571 2382//4571 2378//4571
f 2350//4572 2382//4572 2346//4572
f 2351//4573 2383//4573 2347//4573
f 2347//4574 2383//4574 2379//4574
f 2348//4575 2384//4575 2380//4575
f 2352//4576 2384//4576 2348//4576
f 2353//4577 2385//4577 2349//4577
f 2349//4578 2385//4578 2381//4578
f 2350//4579 2386//4579 2382//4579
f 2354//4580 2386//4580 2350//4580
f 2355//4581 2387//4581 2351//4581
f 2359//4582 2387//4582 2355//4582
f 2351//4583 2387//4583 2383//4583
f 2356//4584 2388//4584 2352//4584
f 2352//4585 2388//4585 2384//4585
f 2361//4586 2389//4586 2357//4586
f 2357//4587 2389//4587 2353//4587
f 2353//4588 2389//4588 2385//4588
f 2358//4589 2390//4589 2354//4589
f 2354//4590 2390//4590 2386//4590
f 2359//4591 2391//4591 2387//4591
f 2363//4592 2391//4592 2359//4592
f 2360//4593 2392//4593 2356//4593
f 2356//4594 2392//4594 2388//4594
f 2361//4595 2393//4595 2389//4595
f 2365//4596 2393//4596 2361//4596
f 2366//4597 2394//4597 2362//4597
f 2358//4598 2394//4598 2390//4598
f 2362//4599 2394//4599 2358//4599
f 2363//4600 2395//4600 2391//4600
f 2367//4601 2395//4601 2363//4601
f 2364//4602 2396//4602 2360//4602
f 2360//4603 2396//4603 2392//4603
f 2365//4604 2397//4604 2393//4604
f 2366//4605 2398//4605 2394//4605
f 2367//4606 2399//4606 2395//4606
f 2368//4607 2400//4607 2364//4607
f 2364//4608 2400//4608 2396//4608
f 2369//4609 2401//4609 2365//4609
f 2365//4610 2401//4610 2397//4610
f 2366//4611 2402//4611 2398//4611
f 2370//4612 2402//4612 2366//4612
f 2367//4613 2403//4613 2399//4613
f 2371//4614 2403//4614 2367//4614
f 2404//4615 2403//4615 2372//4615
f 2372//4616 2403//4616 2371//4616
f 2373//4617 2405//4617 2368//4617
f 2368//4618 2405//4618 2400//4618
f 2369//4619 2406//4619 2401//4619
f 2374//4620 2406//4620 2369//4620
f 2370//4621 2407//4621 2402//4621
f 2375//4622 2407//4622 2370//4622
f 2376//4623 2408//4623 220//4623
f 220//4624 2408//4624 221//4624
f 2373//4625 2409//4625 2405//4625
f 2377//4626 2409//4626 2373//4626
f 2378//4627 2410//4627 2374//4627
f 2374//4628 2410//4628 2406//4628
f 2375//4629 2411//4629 2407//4629
f 2379//4630 2411//4630 2375//4630
f 2384//4631 2412//4631 2380//4631
f 2376//4632 2412//4632 2408//4632
f 2380//4633 2412//4633 2376//4633
f 2377//4634 2413//4634 2409//4634
f 2381//4635 2413//4635 2377//4635
f 2385//4636 2413//4636 2381//4636
f 2386//4637 2414//4637 2382//4637
f 2378//4638 2414//4638 2410//4638
f 2382//4639 2414//4639 2378//4639
f 2379//4640 2415//4640 2411//4640
f 2383//4641 2415//4641 2379//4641
f 2384//4642 2416//4642 2412//4642
f 2385//4643 2417//4643 2413//4643
f 2386//4644 2418//4644 2414//4644
f 2391//4645 2419//4645 2387//4645
f 2387//4646 2419//4646 2383//4646
f 2383//4647 2419//4647 2415//4647
f 2388//4648 2420//4648 2384//4648
f 2392//4649 2420//4649 2388//4649
f 2384//4650 2420//4650 2416//4650
f 2385//4651 2421//4651 2417//4651
f 2389//4652 2421//4652 2385//4652
f 2386//4653 2422//4653 2418//4653
f 2390//4654 2422//4654 2386//4654
f 2395//4655 2423//4655 2391//4655
f 2391//4656 2423//4656 2419//4656
f 2396//4657 2424//4657 2392//4657
f 2392//4658 2424//4658 2420//4658
f 2393//4659 2425//4659 2389//4659
f 2389//4660 2425//4660 2421//4660
f 2390//4661 2426//4661 2422//4661
f 2394//4662 2426//4662 2390//4662
f 2399//4663 2427//4663 2395//4663
f 2395//4664 2427//4664 2423//4664
f 2396//4665 2428//4665 2424//4665
f 2397//4666 2429//4666 2393//4666
f 2393//4667 2429//4667 2425//4667
f 2398//4668 2430//4668 2394//4668
f 2402//4669 2430//4669 2398//4669
f 2394//4670 2430//4670 2426//4670
f 2399//4671 2431//4671 2427//4671
f 2400//4672 2432//4672 2396//4672
f 2405//4673 2432//4673 2400//4673
f 2396//4674 2432//4674 2428//4674
f 2397//4675 2433//4675 2429//4675
f 2401//4676 2433//4676 2397//4676
f 2402//4677 2434//4677 2430//4677
f 2399//4678 2435//4678 2431//4678
f 2403//4679 2435//4679 2399//4679
f 2404//4680 2435//4680 2403//4680
f 2436//4681 2435//4681 2404//4681
f 2405//4682 2437//4682 2432//4682
f 2410//4683 2438//4683 2406//4683
f 2401//4684 2438//4684 2433//4684
f 2406//4685 2438//4685 2401//4685
f 2402//4686 2439//4686 2434//4686
f 2407//4687 2439//4687 2402//4687
f 221//4688 2440//4688 222//4688
f 2412//4689 2440//4689 2408//4689
f 2408//4690 2440//4690 221//4690
f 2405//4691 2441//4691 2437//4691
f 2409//4692 2441//4692 2405//4692
f 2410//4693 2442//4693 2438//4693
f 2411//4694 2443//4694 2407//4694
f 2415//4695 2443//4695 2411//4695
f 2407//4696 2443//4696 2439//4696
f 2412//4697 2444//4697 2440//4697
f 2413//4698 2445//4698 2409//4698
f 2409//4699 2445//4699 2441//4699
f 2410//4700 2446//4700 2442//4700
f 2414//4701 2446//4701 2410//4701
f 2415//4702 2447//4702 2443//4702
f 2416//4703 2448//4703 2412//4703
f 2412//4704 2448//4704 2444//4704
f 2413//4705 2449//4705 2445//4705
f 2417//4706 2449//4706 2413//4706
f 2414//4707 2450//4707 2446//4707
f 2418//4708 2450//4708 2414//4708
f 2419//4709 2451//4709 2415//4709
f 2415//4710 2451//4710 2447//4710
f 2416//4711 2452//4711 2448//4711
f 2420//4712 2452//4712 2416//4712
f 2421//4713 2453//4713 2417//4713
f 2425//4714 2453//4714 2421//4714
f 2417//4715 2453//4715 2449//4715
f 2422//4716 2454//4716 2418//4716
f 2418//4717 2454//4717 2450//4717
f 2423//4718 2455//4718 2419//4718
f 2427//4719 2455//4719 2423//4719
f 2419//4720 2455//4720 2451//4720
f 2424//4721 2456//4721 2420//4721
f 2420//4722 2456//4722 2452//4722
f 2429//4723 2457//4723 2425//4723
f 2425//4724 2457//4724 2453//4724
f 2430//4725 2458//4725 2426//4725
f 2426//4726 2458//4726 2422//4726
f 2422//4727 2458//4727 2454//4727
f 2427//4728 2459//4728 2455//4728
f 2428//4729 2460//4729 2424//4729
f 2424//4730 2460//4730 2456//4730
f 2429//4731 2461//4731 2457//4731
f 2430//4732 2462//4732 2458//4732
f 2427//4733 2463//4733 2459//4733
f 2431//4734 2463//4734 2427//4734
f 2432//4735 2464//4735 2428//4735
f 2428//4736 2464//4736 2460//4736
f 2429//4737 2465//4737 2461//4737
f 2438//4738 2465//4738 2433//4738
f 2433//4739 2465//4739 2429//4739
f 2430//4740 2466//4740 2462//4740
f 2434//4741 2466//4741 2430//4741
f 2431//4742 2467//4742 2463//4742
f 2435//4743 2467//4743 2431//4743
f 2436//4744 2467//4744 2435//4744
f 2468//4745 2467//4745 2436//4745
f 2432//4746 2469//4746 2464//4746
f 2437//4747 2469//4747 2432//4747
f 2438//4748 2470//4748 2465//4748
f 2439//4749 2471//4749 2434//4749
f 2434//4750 2471//4750 2466//4750
f 222//4751 2472//4751 223//4751
f 2440//4752 2472//4752 222//4752
f 2441//4753 2473//4753 2437//4753
f 2437//4754 2473//4754 2469//4754
f 2438//4755 2474//4755 2470//4755
f 2442//4756 2474//4756 2438//4756
f 2439//4757 2475//4757 2471//4757
f 2443//4758 2475//4758 2439//4758
f 2440//4759 2476//4759 2472//4759
f 2444//4760 2476//4760 2440//4760
f 2445//4761 2477//4761 2441//4761
f 2441//4762 2477//4762 2473//4762
f 2450//4763 2478//4763 2446//4763
f 2442//4764 2478//4764 2474//4764
f 2446//4765 2478//4765 2442//4765
f 2443//4766 2479//4766 2475//4766
f 2447//4767 2479//4767 2443//4767
f 2444//4768 2480//4768 2476//4768
f 2448//4769 2480//4769 2444//4769
f 2445//4770 2481//4770 2477//4770
f 2449//4771 2481//4771 2445//4771
f 2450//4772 2482//4772 2478//4772
f 2447//4773 2483//4773 2479//4773
f 2455//4774 2483//4774 2451//4774
f 2451//4775 2483//4775 2447//4775
f 2448//4776 2484//4776 2480//4776
f 2452//4777 2484//4777 2448//4777
f 2449//4778 2485//4778 2481//4778
f 2453//4779 2485//4779 2449//4779
f 2454//4780 2486//4780 2450//4780
f 2450//4781 2486//4781 2482//4781
f 2459//4782 2487//4782 2455//4782
f 2455//4783 2487//4783 2483//4783
f 2456//4784 2488//4784 2452//4784
f 2452//4785 2488//4785 2484//4785
f 2457//4786 2489//4786 2453//4786
f 2453//4787 2489//4787 2485//4787
f 2454//4788 2490//4788 2486//4788
f 2458//4789 2490//4789 2454//4789
f 2459//4790 2491//4790 2487//4790
f 2460//4791 2492//4791 2456//4791
f 2456//4792 2492//4792 2488//4792
f 2461//4793 2493//4793 2457//4793
f 2457//4794 2493//4794 2489//4794
f 2458//4795 2494//4795 2490//4795
f 2462//4796 2494//4796 2458//4796
f 2466//4797 2494//4797 2462//4797
f 2459//4798 2495//4798 2491//4798
f 2463//4799 2495//4799 2459//4799
f 2464//4800 2496//4800 2460//4800
f 2460//4801 2496//4801 2492//4801
f 2465//4802 2497//4802 2461//4802
f 2461//4803 2497//4803 2493//4803
f 2466//4804 2498//4804 2494//4804
f 2463//4805 2499//4805 2495//4805
f 2467//4806 2499//4806 2463//4806
f 2468//4807 2499//4807 2467//4807
f 2500//4808 2499//4808 2468//4808
f 2464//4809 2501//4809 2496//4809
f 2469//4810 2501//4810 2464//4810
f 2470//4811 2502//4811 2465//4811
f 2465//4812 2502//4812 2497//4812
f 2466//4813 2503//4813 2498//4813
f 2471//4814 2503//4814 2466//4814
f 223//4815 2504//4815 224//4815
f 2472//4816 2504//4816 223//4816
f 2476//4817 2504//4817 2472//4817
f 2473//4818 2505//4818 2469//4818
f 2469//4819 2505//4819 2501//4819
f 2474//4820 2506//4820 2470//4820
f 2470//4821 2506//4821 2502//4821
f 2475//4822 2507//4822 2471//4822
f 2479//4823 2507//4823 2475//4823
f 2471//4824 2507//4824 2503//4824
f 2476//4825 2508//4825 2504//4825
f 2480//4826 2508//4826 2476//4826
f 2477//4827 2509//4827 2473//4827
f 2473//4828 2509//4828 2505//4828
f 2474//4829 2510//4829 2506//4829
f 2478//4830 2510//4830 2474//4830
f 2479//4831 2511//4831 2507//4831
f 2480//4832 2512//4832 2508//4832
f 2481//4833 2513//4833 2477//4833
f 2477//4834 2513//4834 2509//4834
f 2478//4835 2514//4835 2510//4835
f 2482//4836 2514//4836 2478//4836
f 2479//4837 2515//4837 2511//4837
f 2483//4838 2515//4838 2479//4838
f 2484//4839 2516//4839 2480//4839
f 2480//4840 2516//4840 2512//4840
f 2488//4841 2516//4841 2484//4841
f 2481//4842 2517//4842 2513//4842
f 2485//4843 2517//4843 2481//4843
f 2482//4844 2518//4844 2514//4844
f 2486//4845 2518//4845 2482//4845
f 2491//4846 2519//4846 2487//4846
f 2483//4847 2519//4847 2515//4847
f 2487//4848 2519//4848 2483//4848
f 2488//4849 2520//4849 2516//4849
f 2492//4850 2520//4850 2488//4850
f 2493//4851 2521//4851 2489//4851
f 2489//4852 2521//4852 2485//4852
f 2485//4853 2521//4853 2517//4853
f 2486//4854 2522//4854 2518//4854
f 2490//4855 2522//4855 2486//4855
f 2491//4856 2523//4856 2519//4856
f 2492//4857 2524//4857 2520//4857
f 2493//4858 2525//4858 2521//4858
f 2490//4859 2526//4859 2522//4859
f 2494//4860 2526//4860 2490//4860
f 2495//4861 2527//4861 2491//4861
f 2491//4862 2527//4862 2523//4862
f 2501//4863 2528//4863 2496//4863
f 2496//4864 2528//4864 2492//4864
f 2492//4865 2528//4865 2524//4865
f 2497//4866 2529//4866 2493//4866
f 2493//4867 2529//4867 2525//4867
f 2498//4868 2530//4868 2494//4868
f 2494//4869 2530//4869 2526//4869
f 2499//4870 2531//4870 2495//4870
f 2500//4871 2531//4871 2499//4871
f 2495//4872 2531//4872 2527//4872
f 2532//4873 2531//4873 2500//4873
f 2501//4874 2533//4874 2528//4874
f 2497//4875 2534//4875 2529//4875
f 2502//4876 2534//4876 2497//4876
f 2503//4877 2535//4877 2498//4877
f 2498//4878 2535//4878 2530//4878
f 224//4879 2536//4879 225//4879
f 2504//4880 2536//4880 224//4880
f 2505//4881 2537//4881 2501//4881
f 2509//4882 2537//4882 2505//4882
f 2501//4883 2537//4883 2533//4883
f 2502//4884 2538//4884 2534//4884
f 2506//4885 2538//4885 2502//4885
f 2507//4886 2539//4886 2503//4886
f 2503//4887 2539//4887 2535//4887
f 2504//4888 2540//4888 2536//4888
f 2508//4889 2540//4889 2504//4889
f 2509//4890 2541//4890 2537//4890
f 2510//4891 2542//4891 2506//4891
f 2506//4892 2542//4892 2538//4892
f 2514//4893 2542//4893 2510//4893
f 2507//4894 2543//4894 2539//4894
f 2511//4895 2543//4895 2507//4895
f 2508//4896 2544//4896 2540//4896
f 2512//4897 2544//4897 2508//4897
f 2516//4898 2544//4898 2512//4898
f 2509//4899 2545//4899 2541//4899
f 2513//4900 2545//4900 2509//4900
f 2514//4901 2546//4901 2542//4901
f 2515//4902 2547//4902 2511//4902
f 2511//4903 2547//4903 2543//4903
f 2516//4904 2548//4904 2544//4904
f 2513//4905 2549//4905 2545//4905
f 2517//4906 2549//4906 2513//4906
f 2521//4907 2549//4907 2517//4907
f 2514//4908 2550//4908 2546//4908
f 2518//4909 2550//4909 2514//4909
f 2515//4910 2551//4910 2547//4910
f 2519//4911 2551//4911 2515//4911
f 2523//4912 2551//4912 2519//4912
f 2516//4913 2552//4913 2548//4913
f 2520//4914 2552//4914 2516//4914
f 2521//4915 2553//4915 2549//4915
f 2522//4916 2554//4916 2518//4916
f 2518//4917 2554//4917 2550//4917
f 2523//4918 2555//4918 2551//4918
f 2524//4919 2556//4919 2520//4919
f 2520//4920 2556//4920 2552//4920
f 2525//4921 2557//4921 2521//4921
f 2521//4922 2557//4922 2553//4922
f 2526//4923 2558//4923 2522//4923
f 2530//4924 2558//4924 2526//4924
f 2522//4925 2558//4925 2554//4925
f 2527//4926 2559//4926 2523//4926
f 2523//4927 2559//4927 2555//4927
f 2528//4928 2560//4928 2524//4928
f 2524//4929 2560//4929 2556//4929
f 2525//4930 2561//4930 2557//4930
f 2529//4931 2561//4931 2525//4931
f 2530//4932 2562//4932 2558//4932
f 2532//4933 2563//4933 2531//4933
f 2531//4934 2563//4934 2527//4934
f 2564//4935 2563//4935 2532//4935
f 2527//4936 2563//4936 2559//4936
f 2533//4937 2565//4937 2528//4937
f 2528//4938 2565//4938 2560//4938
f 2534//4939 2566//4939 2529//4939
f 2538//4940 2566//4940 2534//4940
f 2529//4941 2566//4941 2561//4941
f 2535//4942 2567//4942 2530//4942
f 2539//4943 2567//4943 2535//4943
f 2530//4944 2567//4944 2562//4944
f 2536//4945 2568//4945 225//4945
f 225//4946 2568//4946 226//4946
f 226//4947 2568//4947 227//4947
f 2537//4948 2569//4948 2533//4948
f 2533//4949 2569//4949 2565//4949
f 2538//4950 2570//4950 2566//4950
f 2539//4951 2571//4951 2567//4951
f 2536//4952 2572//4952 2568//4952
f 2540//4953 2572//4953 2536//4953
f 2544//4954 2572//4954 2540//4954
f 2541//4955 2573//4955 2537//4955
f 2545//4956 2573//4956 2541//4956
f 2537//4957 2573//4957 2569//4957
f 2542//4958 2574//4958 2538//4958
f 2538//4959 2574//4959 2570//4959
f 2543//4960 2575//4960 2539//4960
f 2539//4961 2575//4961 2571//4961
f 2544//4962 2576//4962 2572//4962
f 2545//4963 2577//4963 2573//4963
f 2546//4964 2578//4964 2542//4964
f 2542//4965 2578//4965 2574//4965
f 2543//4966 2579//4966 2575//4966
f 2547//4967 2579//4967 2543//4967
f 2548//4968 2580//4968 2544//4968
f 2544//4969 2580//4969 2576//4969
f 2552//4970 2580//4970 2548//4970
f 2549//4971 2581//4971 2545//4971
f 2545//4972 2581//4972 2577//4972
f 2546//4973 2582//4973 2578//4973
f 2550//4974 2582//4974 2546//4974
f 2547//4975 2583//4975 2579//4975
f 2551//4976 2583//4976 2547//4976
f 2552//4977 2584//4977 2580//4977
f 2549//4978 2585//4978 2581//4978
f 2553//4979 2585//4979 2549//4979
f 2550//4980 2586//4980 2582//4980
f 2554//4981 2586//4981 2550//4981
f 2551//4982 2587//4982 2583//4982
f 2555//4983 2587//4983 2551//4983
f 2556//4984 2588//4984 2552//4984
f 2552//4985 2588//4985 2584//4985
f 2557//4986 2589//4986 2553//4986
f 2553//4987 2589//4987 2585//4987
f 2554//4988 2590//4988 2586//4988
f 2558//4989 2590//4989 2554//4989
f 2555//4990 2591//4990 2587//4990
f 2559//4991 2591//4991 2555//4991
f 2560//4992 2592//4992 2556//4992
f 2565//4993 2592//4993 2560//4993
f 2556//4994 2592//4994 2588//4994
f 2561//4995 2593//4995 2557//4995
f 2557//4996 2593//4996 2589//4996
f 2558//4997 2594//4997 2590//4997
f 2562//4998 2594//4998 2558//4998
f 2564//4999 2595//4999 2563//4999
f 2563//5000 2595//5000 2559//5000
f 2596//5001 2595//5001 2564//5001
f 2597//5002 2595//5002 2596//5002
f 2559//5003 2595//5003 2591//5003
f 2565//5004 2598//5004 2592//5004
f 2570//5005 2599//5005 2566//5005
f 2566//5006 2599//5006 2561//5006
f 2561//5007 2599//5007 2593//5007
f 2567//5008 2600//5008 2562//5008
f 2562//5009 2600//5009 2594//5009
f 2568//5010 2601//5010 227//5010
f 2565//5011 2602//5011 2598//5011
f 2573//5012 2602//5012 2569//5012
f 2569//5013 2602//5013 2565//5013
f 2570//5014 2603//5014 2599//5014
f 2571//5015 2604//5015 2567//5015
f 2567//5016 2604//5016 2600//5016
f 2568//5017 2605//5017 2601//5017
f 2572//5018 2605//5018 2568//5018
f 2577//5019 2606//5019 2573//5019
f 2573//5020 2606//5020 2602//5020
f 2574//5021 2607//5021 2570//5021
f 2570//5022 2607//5022 2603//5022
f 2571//5023 2608//5023 2604//5023
f 2575//5024 2608//5024 2571//5024
f 2576//5025 2609//5025 2572//5025
f 2572//5026 2609//5026 2605//5026
f 2577//5027 2610//5027 2606//5027
f 2578//5028 2611//5028 2574//5028
f 2574//5029 2611//5029 2607//5029
f 2579//5030 2612//5030 2575//5030
f 2583//5031 2612//5031 2579//5031
f 2575//5032 2612//5032 2608//5032
f 2580//5033 2613//5033 2576//5033
f 2576//5034 2613//5034 2609//5034
f 2581//5035 2614//5035 2577//5035
f 2577//5036 2614//5036 2610//5036
f 2578//5037 2615//5037 2611//5037
f 2582//5038 2615//5038 2578//5038
f 2583//5039 2616//5039 2612//5039
f 2587//5040 2616//5040 2583//5040
f 2580//5041 2617//5041 2613//5041
f 2584//5042 2617//5042 2580//5042
f 2581//5043 2618//5043 2614//5043
f 2585//5044 2618//5044 2581//5044
f 2589//5045 2618//5045 2585//5045
f 2582//5046 2619//5046 2615//5046
f 2590//5047 2619//5047 2586//5047
f 2586//5048 2619//5048 2582//5048
f 2587//5049 2620//5049 2616//5049
f 2588//5050 2621//5050 2584//5050
f 2584//5051 2621//5051 2617//5051
f 2589//5052 2622//5052 2618//5052
f 2590//5053 2623//5053 2619//5053
f 2594//5054 2623//5054 2590//5054
f 2587//5055 2624//5055 2620//5055
f 2591//5056 2624//5056 2587//5056
f 2592//5057 2625//5057 2588//5057
f 2588//5058 2625//5058 2621//5058
f 2599//5059 2626//5059 2593//5059
f 2589//5060 2626//5060 2622//5060
f 2593//5061 2626//5061 2589//5061
f 2594//5062 2627//5062 2623//5062
f 2597//5063 2628//5063 2595//5063
f 2595//5064 2628//5064 2591//5064
f 2591//5065 2628//5065 2624//5065
f 2598//5066 2629//5066 2592//5066
f 2592//5067 2629//5067 2625//5067
f 2603//5068 2630//5068 2599//5068
f 2599//5069 2630//5069 2626//5069
f 2600//5070 2631//5070 2594//5070
f 2594//5071 2631//5071 2627//5071
f 227//5072 2632//5072 228//5072
f 2601//5073 2632//5073 227//5073
f 2602//5074 2633//5074 2598//5074
f 2598//5075 2633//5075 2629//5075
f 2603//5076 2634//5076 2630//5076
f 2604//5077 2635//5077 2600//5077
f 2600//5078 2635//5078 2631//5078
f 2605//5079 2636//5079 2601//5079
f 2601//5080 2636//5080 2632//5080
f 2609//5081 2636//5081 2605//5081
f 2606//5082 2637//5082 2602//5082
f 2602//5083 2637//5083 2633//5083
f 2607//5084 2638//5084 2603//5084
f 2603//5085 2638//5085 2634//5085
f 2608//5086 2639//5086 2604//5086
f 2604//5087 2639//5087 2635//5087
f 2609//5088 2640//5088 2636//5088
f 2610//5089 2641//5089 2606//5089
f 2606//5090 2641//5090 2637//5090
f 2607//5091 2642//5091 2638//5091
f 2611//5092 2642//5092 2607//5092
f 2608//5093 2643//5093 2639//5093
f 2612//5094 2643//5094 2608//5094
f 2616//5095 2643//5095 2612//5095
f 2609//5096 2644//5096 2640//5096
f 2617//5097 2644//5097 2613//5097
f 2613//5098 2644//5098 2609//5098
f 2614//5099 2645//5099 2610//5099
f 2610//5100 2645//5100 2641//5100
f 2611//5101 2646//5101 2642//5101
f 2615//5102 2646//5102 2611//5102
f 2616//5103 2647//5103 2643//5103
f 2617//5104 2648//5104 2644//5104
f 2621//5105 2648//5105 2617//5105
f 2618//5106 2649//5106 2614//5106
f 2614//5107 2649//5107 2645//5107
f 2619//5108 2650//5108 2615//5108
f 2615//5109 2650//5109 2646//5109
f 2623//5110 2650//5110 2619//5110
f 2616//5111 2651//5111 2647//5111
f 2620//5112 2651//5112 2616//5112
f 2621//5113 2652//5113 2648//5113
f 2618//5114 2653//5114 2649//5114
f 2626//5115 2653//5115 2622//5115
f 2622//5116 2653//5116 2618//5116
f 2623//5117 2654//5117 2650//5117
f 2624//5118 2655//5118 2620//5118
f 2620//5119 2655//5119 2651//5119
f 2625//5120 2656//5120 2621//5120
f 2621//5121 2656//5121 2652//5121
f 2629//5122 2656//5122 2625//5122
f 2626//5123 2657//5123 2653//5123
f 2623//5124 2658//5124 2654//5124
f 2627//5125 2658//5125 2623//5125
f 2659//5126 2660//5126 2597//5126
f 2597//5127 2660//5127 2628//5127
f 2624//5128 2660//5128 2655//5128
f 2628//5129 2660//5129 2624//5129
f 2629//5130 2661//5130 2656//5130
f 2630//5131 2662//5131 2626//5131
f 2626//5132 2662//5132 2657//5132
f 2627//5133 2663//5133 2658//5133
f 2631//5134 2663//5134 2627//5134
f 228//5135 2664//5135 229//5135
f 2632//5136 2664//5136 228//5136
f 2633//5137 2665//5137 2629//5137
f 2637//5138 2665//5138 2633//5138
f 2629//5139 2665//5139 2661//5139
f 2634//5140 2666//5140 2630//5140
f 2630//5141 2666//5141 2662//5141
f 2635//5142 2667//5142 2631//5142
f 2631//5143 2667//5143 2663//5143
f 2636//5144 2668//5144 2632//5144
f 2632//5145 2668//5145 2664//5145
f 2641//5146 2669//5146 2637//5146
f 2637//5147 2669//5147 2665//5147
f 2638//5148 2670//5148 2634//5148
f 2634//5149 2670//5149 2666//5149
f 2639//5150 2671//5150 2635//5150
f 2643//5151 2671//5151 2639//5151
f 2635//5152 2671//5152 2667//5152
f 2640//5153 2672//5153 2636//5153
f 2636//5154 2672//5154 2668//5154
f 2641//5155 2673//5155 2669//5155
f 2642//5156 2674//5156 2638//5156
f 2646//5157 2674//5157 2642//5157
f 2638//5158 2674//5158 2670//5158
f 2643//5159 2675//5159 2671//5159
f 2647//5160 2675//5160 2643//5160
f 2644//5161 2676//5161 2640//5161
f 2640//5162 2676//5162 2672//5162
f 2645//5163 2677//5163 2641//5163
f 2641//5164 2677//5164 2673//5164
f 2646//5165 2678//5165 2674//5165
f 2647//5166 2679//5166 2675//5166
f 2648//5167 2680//5167 2644//5167
f 2644//5168 2680//5168 2676//5168
f 2653//5169 2681//5169 2649//5169
f 2645//5170 2681//5170 2677//5170
f 2649//5171 2681//5171 2645//5171
f 2646//5172 2682//5172 2678//5172
f 2650//5173 2682//5173 2646//5173
f 2647//5174 2683//5174 2679//5174
f 2651//5175 2683//5175 2647//5175
f 2655//5176 2683//5176 2651//5176
f 2648//5177 2684//5177 2680//5177
f 2652//5178 2684//5178 2648//5178
f 2653//5179 2685//5179 2681//5179
f 2650//5180 2686//5180 2682//5180
f 2654//5181 2686//5181 2650//5181
f 2658//5182 2686//5182 2654//5182
f 2655//5183 2687//5183 2683//5183
f 2652//5184 2688//5184 2684//5184
f 2656//5185 2688//5185 2652//5185
f 2657//5186 2689//5186 2653//5186
f 2662//5187 2689//5187 2657//5187
f 2653//5188 2689//5188 2685//5188
f 2658//5189 2690//5189 2686//5189
f 2691//5190 2692//5190 2659//5190
f 2655//5191 2692//5191 2687//5191
f 2659//5192 2692//5192 2660//5192
f 2660//5193 2692//5193 2655//5193
f 2656//5194 2693//5194 2688//5194
f 2661//5195 2693//5195 2656//5195
f 2666//5196 2694//5196 2662//5196
f 2662//5197 2694//5197 2689//5197
f 2658//5198 2695//5198 2690//5198
f 2663//5199 2695//5199 2658//5199
f 229//5200 2696//5200 230//5200
f 2664//5201 2696//5201 229//5201
f 2665//5202 2697//5202 2661//5202
f 2661//5203 2697//5203 2693//5203
f 2666//5204 2698//5204 2694//5204
f 2671//5205 2699//5205 2667//5205
f 2663//5206 2699//5206 2695//5206
f 2667//5207 2699//5207 2663//5207
f 2664//5208 2700//5208 2696//5208
f 2668//5209 2700//5209 2664//5209
f 2665//5210 2701//5210 2697//5210
f 2669//5211 2701//5211 2665//5211
f 2666//5212 2702//5212 2698//5212
f 2670//5213 2702//5213 2666//5213
f 2671//5214 2703//5214 2699//5214
f 2672//5215 2704//5215 2668//5215
f 2668//5216 2704//5216 2700//5216
f 2673//5217 2705//5217 2669//5217
f 2669//5218 2705//5218 2701//5218
f 2674//5219 2706//5219 2670//5219
f 2670//5220 2706//5220 2702//5220
f 2675//5221 2707//5221 2671//5221
f 2671//5222 2707//5222 2703//5222
f 2672//5223 2708//5223 2704//5223
f 2676//5224 2708//5224 2672//5224
f 2677//5225 2709//5225 2673//5225
f 2673//5226 2709//5226 2705//5226
f 2678//5227 2710//5227 2674//5227
f 2682//5228 2710//5228 2678//5228
f 2674//5229 2710//5229 2706//5229
f 2675//5230 2711//5230 2707//5230
f 2679//5231 2711//5231 2675//5231
f 2683//5232 2711//5232 2679//5232
f 2676//5233 2712//5233 2708//5233
f 2680//5234 2712//5234 2676//5234
f 2677//5235 2713//5235 2709//5235
f 2681//5236 2713//5236 2677//5236
f 2682//5237 2714//5237 2710//5237
f 2683//5238 2715//5238 2711//5238
f 2680//5239 2716//5239 2712//5239
f 2684//5240 2716//5240 2680//5240
f 2681//5241 2717//5241 2713//5241
f 2685//5242 2717//5242 2681//5242
f 2690//5243 2718//5243 2686//5243
f 2682//5244 2718//5244 2714//5244
f 2686//5245 2718//5245 2682//5245
f 2683//5246 2719//5246 2715//5246
f 2687//5247 2719//5247 2683//5247
f 2684//5248 2720//5248 2716//5248
f 2688//5249 2720//5249 2684//5249
f 2689//5250 2721//5250 2685//5250
f 2685//5251 2721//5251 2717//5251
f 2690//5252 2722//5252 2718//5252
f 2687//5253 2723//5253 2719//5253
f 2724//5254 2723//5254 2691//5254
f 2691//5255 2723//5255 2692//5255
f 2692//5256 2723//5256 2687//5256
f 2688//5257 2725//5257 2720//5257
f 2693//5258 2725//5258 2688//5258
f 2689//5259 2726//5259 2721//5259
f 2694//5260 2726//5260 2689//5260
f 2695//5261 2727//5261 2690//5261
f 2690//5262 2727//5262 2722//5262
f 230//5263 2728//5263 231//5263
f 2696//5264 2728//5264 230//5264
f 2693//5265 2729//5265 2725//5265
f 2697//5266 2729//5266 2693//5266
f 2694//5267 2730//5267 2726//5267
f 2698//5268 2730//5268 2694//5268
f 2699//5269 2731//5269 2695//5269
f 2703//5270 2731//5270 2699//5270
f 2695//5271 2731//5271 2727//5271
f 2704//5272 2732//5272 2700//5272
f 2696//5273 2732//5273 2728//5273
f 2700//5274 2732//5274 2696//5274
f 2697//5275 2733//5275 2729//5275
f 2701//5276 2733//5276 2697//5276
f 2705//5277 2733//5277 2701//5277
f 2698//5278 2734//5278 2730//5278
f 2702//5279 2734//5279 2698//5279
f 2703//5280 2735//5280 2731//5280
f 2708//5281 2736//5281 2704//5281
f 2704//5282 2736//5282 2732//5282
f 2705//5283 2737//5283 2733//5283
f 2706//5284 2738//5284 2702//5284
f 2702//5285 2738//5285 2734//5285
f 2711//5286 2739//5286 2707//5286
f 2707//5287 2739//5287 2703//5287
f 2703//5288 2739//5288 2735//5288
f 2708//5289 2740//5289 2736//5289
f 2709//5290 2741//5290 2705//5290
f 2705//5291 2741//5291 2737//5291
f 2710//5292 2742//5292 2706//5292
f 2706//5293 2742//5293 2738//5293
f 2711//5294 2743//5294 2739//5294
f 2708//5295 2744//5295 2740//5295
f 2712//5296 2744//5296 2708//5296
f 2716//5297 2744//5297 2712//5297
f 2713//5298 2745//5298 2709//5298
f 2717//5299 2745//5299 2713//5299
f 2709//5300 2745//5300 2741//5300
f 2714//5301 2746//5301 2710//5301
f 2710//5302 2746//5302 2742//5302
f 2711//5303 2747//5303 2743//5303
f 2715//5304 2747//5304 2711//5304
f 2716//5305 2748//5305 2744//5305
f 2717//5306 2749//5306 2745//5306
f 2714//5307 2750//5307 2746//5307
f 2718//5308 2750//5308 2714//5308
f 2715//5309 2751//5309 2747//5309
f 2719//5310 2751//5310 2715//5310
f 2723//5311 2751//5311 2719//5311
f 2716//5312 2752//5312 2748//5312
f 2720//5313 2752//5313 2716//5313
f 2725//5314 2752//5314 2720//5314
f 2726//5315 2753//5315 2721//5315
f 2717//5316 2753//5316 2749//5316
f 2721//5317 2753//5317 2717//5317
f 2718//5318 2754//5318 2750//5318
f 2722//5319 2754//5319 2718//5319
f 2723//5320 2755//5320 2751//5320
f 2756//5321 2755//5321 2724//5321
f 2724//5322 2755//5322 2723//5322
f 2725//5323 2757//5323 2752//5323
f 2730//5324 2758//5324 2726//5324
f 2726//5325 2758//5325 2753//5325
f 2727//5326 2759//5326 2722//5326
f 2722//5327 2759//5327 2754//5327
f 231//5328 2760//5328 232//5328
f 2728//5329 2760//5329 231//5329
f 2725//5330 2761//5330 2757//5330
f 2729//5331 2761//5331 2725//5331
f 2733//5332 2761//5332 2729//5332
f 2730//5333 2762//5333 2758//5333
f 2727//5334 2763//5334 2759//5334
f 2731//5335 2763//5335 2727//5335
f 2728//5336 2764//5336 2760//5336
f 2732//5337 2764//5337 2728//5337
f 2733//5338 2765//5338 2761//5338
f 2738//5339 2766//5339 2734//5339
f 2734//5340 2766//5340 2730//5340
f 2730//5341 2766//5341 2762//5341
f 2735//5342 2767//5342 2731//5342
f 2731//5343 2767//5343 2763//5343
f 2732//5344 2768//5344 2764//5344
f 2736//5345 2768//5345 2732//5345
f 2737//5346 2769//5346 2733//5346
f 2741//5347 2769//5347 2737//5347
f 2733//5348 2769//5348 2765//5348
f 2738//5349 2770//5349 2766//5349
f 2739//5350 2771//5350 2735//5350
f 2735//5351 2771//5351 2767//5351
f 2740//5352 2772//5352 2736//5352
f 2736//5353 2772//5353 2768//5353
f 2741//5354 2773//5354 2769//5354
f 2742//5355 2774//5355 2738//5355
f 2738//5356 2774//5356 2770//5356
f 2743//5357 2775//5357 2739//5357
f 2739//5358 2775//5358 2771//5358
f 2740//5359 2776//5359 2772//5359
f 2744//5360 2776//5360 2740//5360
f 2741//5361 2777//5361 2773//5361
f 2745//5362 2777//5362 2741//5362
f 2742//5363 2778//5363 2774//5363
f 2746//5364 2778//5364 2742//5364
f 2750//5365 2778//5365 2746//5365
f 2747//5366 2779//5366 2743//5366
f 2751//5367 2779//5367 2747//5367
f 2743//5368 2779//5368 2775//5368
f 2744//5369 2780//5369 2776//5369
f 2748//5370 2780//5370 2744//5370
f 2745//5371 2781//5371 2777//5371
f 2749//5372 2781//5372 2745//5372
f 2754//5373 2782//5373 2750//5373
f 2750//5374 2782//5374 2778//5374
f 2751//5375 2783//5375 2779//5375
f 2752//5376 2784//5376 2748//5376
f 2748//5377 2784//5377 2780//5377
f 2749//5378 2785//5378 2781//5378
f 2753//5379 2785//5379 2749//5379
f 2754//5380 2786//5380 2782//5380
f 2751//5381 2787//5381 2783//5381
f 2755//5382 2787//5382 2751//5382
f 2756//5383 2787//5383 2755//5383
f 2788//5384 2787//5384 2756//5384
f 2752//5385 2789//5385 2784//5385
f 2757//5386 2789//5386 2752//5386
f 2758//5387 2790//5387 2753//5387
f 2753//5388 2790//5388 2785//5388
f 2754//5389 2791//5389 2786//5389
f 2759//5390 2791//5390 2754//5390
f 2760//5391 2792//5391 232//5391
f 232//5392 2792//5392 233//5392
f 2761//5393 2793//5393 2757//5393
f 2757//5394 2793//5394 2789//5394
f 2758//5395 2794//5395 2790//5395
f 2762//5396 2794//5396 2758//5396
f 2763//5397 2795//5397 2759//5397
f 2759//5398 2795//5398 2791//5398
f 2767//5399 2795//5399 2763//5399
f 2760//5400 2796//5400 2792//5400
f 2764//5401 2796//5401 2760//5401
f 2768//5402 2796//5402 2764//5402
f 2761//5403 2797//5403 2793//5403
f 2765//5404 2797//5404 2761//5404
f 2766//5405 2798//5405 2762//5405
f 2762//5406 2798//5406 2794//5406
f 2767//5407 2799//5407 2795//5407
f 2772//5408 2800//5408 2768//5408
f 2768//5409 2800//5409 2796//5409
f 2765//5410 2801//5410 2797//5410
f 2769//5411 2801//5411 2765//5411
f 2770//5412 2802//5412 2766//5412
f 2766//5413 2802//5413 2798//5413
f 2774//5414 2802//5414 2770//5414
f 2771//5415 2803//5415 2767//5415
f 2767//5416 2803//5416 2799//5416
f 2772//5417 2804//5417 2800//5417
f 2769//5418 2805//5418 2801//5418
f 2773//5419 2805//5419 2769//5419
f 2774//5420 2806//5420 2802//5420
f 2775//5421 2807//5421 2771//5421
f 2779//5422 2807//5422 2775//5422
f 2771//5423 2807//5423 2803//5423
f 2772//5424 2808//5424 2804//5424
f 2780//5425 2808//5425 2776//5425
f 2776//5426 2808//5426 2772//5426
f 2777//5427 2809//5427 2773//5427
f 2773//5428 2809//5428 2805//5428
f 2774//5429 2810//5429 2806//5429
f 2778//5430 2810//5430 2774//5430
f 2779//5431 2811//5431 2807//5431
f 2780//5432 2812//5432 2808//5432
f 2785//5433 2813//5433 2781//5433
f 2781//5434 2813//5434 2777//5434
f 2777//5435 2813//5435 2809//5435
f 2782//5436 2814//5436 2778//5436
f 2778//5437 2814//5437 2810//5437
f 2779//5438 2815//5438 2811//5438
f 2783//5439 2815//5439 2779//5439
f 2780//5440 2816//5440 2812//5440
f 2789//5441 2816//5441 2784//5441
f 2784//5442 2816//5442 2780//5442
f 2785//5443 2817//5443 2813//5443
f 2782//5444 2818//5444 2814//5444
f 2786//5445 2818//5445 2782//5445
f 2783//5446 2819//5446 2815//5446
f 2787//5447 2819//5447 2783//5447
f 2788//5448 2819//5448 2787//5448
f 2820//5449 2819//5449 2788//5449
f 2821//5450 2819//5450 2820//5450
f 2789//5451 2822//5451 2816//5451
f 2785//5452 2823//5452 2817//5452
f 2790//5453 2823//5453 2785//5453
f 2791//5454 2824//5454 2786//5454
f 2786//5455 2824//5455 2818//5455
f 233//5456 2825//5456 234//5456
f 2792//5457 2825//5457 233//5457
f 2789//5458 2826//5458 2822//5458
f 2793//5459 2826//5459 2789//5459
f 2797//5460 2826//5460 2793//5460
f 2794//5461 2827//5461 2790//5461
f 2790//5462 2827//5462 2823//5462
f 2791//5463 2828//5463 2824//5463
f 2795//5464 2828//5464 2791//5464
f 2796//5465 2829//5465 2792//5465
f 2792//5466 2829//5466 2825//5466
f 2797//5467 2830//5467 2826//5467
f 2801//5468 2830//5468 2797//5468
f 2798//5469 2831//5469 2794//5469
f 2794//5470 2831//5470 2827//5470
f 2795//5471 2832//5471 2828//5471
f 2799//5472 2832//5472 2795//5472
f 2796//5473 2833//5473 2829//5473
f 2800//5474 2833//5474 2796//5474
f 2801//5475 2834//5475 2830//5475
f 2806//5476 2835//5476 2802//5476
f 2798//5477 2835//5477 2831//5477
f 2802//5478 2835//5478 2798//5478
f 2807//5479 2836//5479 2803//5479
f 2799//5480 2836//5480 2832//5480
f 2803//5481 2836//5481 2799//5481
f 2804//5482 2837//5482 2800//5482
f 2800//5483 2837//5483 2833//5483
f 2805//5484 2838//5484 2801//5484
f 2801//5485 2838//5485 2834//5485
f 2806//5486 2839//5486 2835//5486
f 2807//5487 2840//5487 2836//5487
f 2804//5488 2841//5488 2837//5488
f 2808//5489 2841//5489 2804//5489
f 2809//5490 2842//5490 2805//5490
f 2805//5491 2842//5491 2838//5491
f 2806//5492 2843//5492 2839//5492
f 2810//5493 2843//5493 2806//5493
f 2811//5494 2844//5494 2807//5494
f 2815//5495 2844//5495 2811//5495
f 2807//5496 2844//5496 2840//5496
f 2808//5497 2845//5497 2841//5497
f 2812//5498 2845//5498 2808//5498
f 2813//5499 2846//5499 2809//5499
f 2809//5500 2846//5500 2842//5500
f 2814//5501 2847//5501 2810//5501
f 2818//5502 2847//5502 2814//5502
f 2810//5503 2847//5503 2843//5503
f 2815//5504 2848//5504 2844//5504
f 2819//5505 2848//5505 2815//5505
f 2816//5506 2849//5506 2812//5506
f 2812//5507 2849//5507 2845//5507
f 2817//5508 2850//5508 2813//5508
f 2813//5509 2850//5509 2846//5509
f 2818//5510 2851//5510 2847//5510
f 2819//5511 2852//5511 2848//5511
f 2821//5512 2852//5512 2819//5512
f 2822//5513 2853//5513 2816//5513
f 2816//5514 2853//5514 2849//5514
f 2817//5515 2854//5515 2850//5515
f 2823//5516 2854//5516 2817//5516
f 2827//5517 2854//5517 2823//5517
f 2828//5518 2855//5518 2824//5518
f 2818//5519 2855//5519 2851//5519
f 2824//5520 2855//5520 2818//5520
f 234//5521 2856//5521 235//5521
f 2829//5522 2856//5522 2825//5522
f 2825//5523 2856//5523 234//5523
f 2822//5524 2857//5524 2853//5524
f 2826//5525 2857//5525 2822//5525
f 2827//5526 2858//5526 2854//5526
f 2828//5527 2859//5527 2855//5527
f 2829//5528 2860//5528 2856//5528
f 2830//5529 2861//5529 2826//5529
f 2826//5530 2861//5530 2857//5530
f 2827//5531 2862//5531 2858//5531
f 2831//5532 2862//5532 2827//5532
f 2832//5533 2863//5533 2828//5533
f 2828//5534 2863//5534 2859//5534
f 2836//5535 2863//5535 2832//5535
f 2829//5536 2864//5536 2860//5536
f 2833//5537 2864//5537 2829//5537
f 2830//5538 2865//5538 2861//5538
f 2834//5539 2865//5539 2830//5539
f 2831//5540 2866//5540 2862//5540
f 2835//5541 2866//5541 2831//5541
f 2836//5542 2867//5542 2863//5542
f 2841//5543 2868//5543 2837//5543
f 2837//5544 2868//5544 2833//5544
f 2833//5545 2868//5545 2864//5545
f 2834//5546 2869//5546 2865//5546
f 2838//5547 2869//5547 2834//5547
f 2835//5548 2870//5548 2866//5548
f 2839//5549 2870//5549 2835//5549
f 2840//5550 2871//5550 2836//5550
f 2836//5551 2871//5551 2867//5551
f 2841//5552 2872//5552 2868//5552
f 2842//5553 2873//5553 2838//5553
f 2838//5554 2873//5554 2869//5554
f 2839//5555 2874//5555 2870//5555
f 2847//5556 2874//5556 2843//5556
f 2843//5557 2874//5557 2839//5557
f 2844//5558 2875//5558 2840//5558
f 2840//5559 2875//5559 2871//5559
f 2845//5560 2876//5560 2841//5560
f 2841//5561 2876//5561 2872//5561
f 2846//5562 2877//5562 2842//5562
f 2842//5563 2877//5563 2873//5563
f 2847//5564 2878//5564 2874//5564
f 2848//5565 2879//5565 2844//5565
f 2844//5566 2879//5566 2875//5566
f 2849//5567 2880//5567 2845//5567
f 2845//5568 2880//5568 2876//5568
f 2850//5569 2881//5569 2846//5569
f 2846//5570 2881//5570 2877//5570
f 2851//5571 2882//5571 2847//5571
f 2847//5572 2882//5572 2878//5572
f 2852//5573 2883//5573 2848//5573
f 2821//5574 2883//5574 2852//5574
f 2884//5575 2883//5575 2821//5575
f 2848//5576 2883//5576 2879//5576
f 2849//5577 2885//5577 2880//5577
f 2853//5578 2885//5578 2849//5578
f 2854//5579 2886//5579 2850//5579
f 2850//5580 2886//5580 2881//5580
f 2851//5581 2887//5581 2882//5581
f 2855//5582 2887//5582 2851//5582
f 235//5583 2888//5583 236//5583
f 2856//5584 2888//5584 235//5584
f 2857//5585 2889//5585 2853//5585
f 2853//5586 2889//5586 2885//5586
f 2861//5587 2889//5587 2857//5587
f 2858//5588 2890//5588 2854//5588
f 2854//5589 2890//5589 2886//5589
f 2859//5590 2891//5590 2855//5590
f 2855//5591 2891//5591 2887//5591
f 2856//5592 2892//5592 2888//5592
f 2860//5593 2892//5593 2856//5593
f 2861//5594 2893//5594 2889//5594
f 2865//5595 2893//5595 2861//5595
f 2858//5596 2894//5596 2890//5596
f 2862//5597 2894//5597 2858//5597
f 2859//5598 2895//5598 2891//5598
f 2863//5599 2895//5599 2859//5599
f 2860//5600 2896//5600 2892//5600
f 2864//5601 2896//5601 2860//5601
f 2868//5602 2896//5602 2864//5602
f 2865//5603 2897//5603 2893//5603
f 2866//5604 2898//5604 2862//5604
f 2862//5605 2898//5605 2894//5605
f 2863//5606 2899//5606 2895//5606
f 2867//5607 2899//5607 2863//5607
f 2871//5608 2899//5608 2867//5608
f 2868//5609 2900//5609 2896//5609
f 2865//5610 2901//5610 2897//5610
f 2869//5611 2901//5611 2865//5611
f 2866//5612 2902//5612 2898//5612
f 2870//5613 2902//5613 2866//5613
f 2871//5614 2903//5614 2899//5614
f 2876//5615 2904//5615 2872//5615
f 2868//5616 2904//5616 2900//5616
f 2872//5617 2904//5617 2868//5617
f 2869//5618 2905//5618 2901//5618
f 2873//5619 2905//5619 2869//5619
f 2870//5620 2906//5620 2902//5620
f 2874//5621 2906//5621 2870//5621
f 2879//5622 2907//5622 2875//5622
f 2875//5623 2907//5623 2871//5623
f 2871//5624 2907//5624 2903//5624
f 2876//5625 2908//5625 2904//5625
f 2877//5626 2909//5626 2873//5626
f 2873//5627 2909//5627 2905//5627
f 2878//5628 2910//5628 2874//5628
f 2874//5629 2910//5629 2906//5629
f 2883//5630 2911//5630 2879//5630
f 2879//5631 2911//5631 2907//5631
f 2880//5632 2912//5632 2876//5632
f 2876//5633 2912//5633 2908//5633
f 2885//5634 2912//5634 2880//5634
f 2877//5635 2913//5635 2909//5635
f 2881//5636 2913//5636 2877//5636
f 2882//5637 2914//5637 2878//5637
f 2878//5638 2914//5638 2910//5638
f 2884//5639 2915//5639 2883//5639
f 2916//5640 2915//5640 2884//5640
f 2883//5641 2915//5641 2911//5641
f 2885//5642 2917//5642 2912//5642
f 2881//5643 2918//5643 2913//5643
f 2890//5644 2918//5644 2886//5644
f 2886//5645 2918//5645 2881//5645
f 2882//5646 2919//5646 2914//5646
f 2887//5647 2919//5647 2882//5647
f 2891//5648 2919//5648 2887//5648
f 236//5649 2920//5649 237//5649
f 2888//5650 2920//5650 236//5650
f 2889//5651 2921//5651 2885//5651
f 2885//5652 2921//5652 2917//5652
f 2890//5653 2922//5653 2918//5653
f 2891//5654 2923//5654 2919//5654
f 2896//5655 2924//5655 2892//5655
f 2892//5656 2924//5656 2888//5656
f 2888//5657 2924//5657 2920//5657
f 2897//5658 2925//5658 2893//5658
f 2893//5659 2925//5659 2889//5659
f 2889//5660 2925//5660 2921//5660
f 2890//5661 2926//5661 2922//5661
f 2894//5662 2926//5662 2890//5662
f 2895//5663 2927//5663 2891//5663
f 2891//5664 2927//5664 2923//5664
f 2896//5665 2928//5665 2924//5665
f 2900//5666 2928//5666 2896//5666
f 2897//5667 2929//5667 2925//5667
f 2898//5668 2930//5668 2894//5668
f 2894//5669 2930//5669 2926//5669
f 2902//5670 2930//5670 2898//5670
f 2899//5671 2931//5671 2895//5671
f 2895//5672 2931//5672 2927//5672
f 2900//5673 2932//5673 2928//5673
f 2901//5674 2933//5674 2897//5674
f 2897//5675 2933//5675 2929//5675
f 2902//5676 2934//5676 2930//5676
f 2906//5677 2934//5677 2902//5677
f 2899//5678 2935//5678 2931//5678
f 2903//5679 2935//5679 2899//5679
f 2900//5680 2936//5680 2932//5680
f 2904//5681 2936//5681 2900//5681
f 2901//5682 2937//5682 2933//5682
f 2905//5683 2937//5683 2901//5683
f 2909//5684 2937//5684 2905//5684
f 2906//5685 2938//5685 2934//5685
f 2903//5686 2939//5686 2935//5686
f 2907//5687 2939//5687 2903//5687
f 2912//5688 2940//5688 2908//5688
f 2908//5689 2940//5689 2904//5689
f 2904//5690 2940//5690 2936//5690
f 2913//5691 2941//5691 2909//5691
f 2909//5692 2941//5692 2937//5692
f 2910//5693 2942//5693 2906//5693
f 2906//5694 2942//5694 2938//5694
f 2911//5695 2943//5695 2907//5695
f 2907//5696 2943//5696 2939//5696
f 2912//5697 2944//5697 2940//5697
f 2913//5698 2945//5698 2941//5698
f 2914//5699 2946//5699 2910//5699
f 2910//5700 2946//5700 2942//5700
f 2916//5701 2947//5701 2915//5701
f 2915//5702 2947//5702 2911//5702
f 2911//5703 2947//5703 2943//5703
f 2948//5704 2947//5704 2916//5704
f 2949//5705 2947//5705 2948//5705
f 2917//5706 2950//5706 2912//5706
f 2921//5707 2950//5707 2917//5707
f 2912//5708 2950//5708 2944//5708
f 2922//5709 2951//5709 2918//5709
f 2918//5710 2951//5710 2913//5710
f 2913//5711 2951//5711 2945//5711
f 2919//5712 2952//5712 2914//5712
f 2914//5713 2952//5713 2946//5713
f 237//5714 2953//5714 238//5714
f 2920//5715 2953//5715 237//5715
f 2921//5716 2954//5716 2950//5716
f 2922//5717 2955//5717 2951//5717
f 2919//5718 2956//5718 2952//5718
f 2923//5719 2956//5719 2919//5719
f 2924//5720 2957//5720 2920//5720
f 2920//5721 2957//5721 2953//5721
f 2921//5722 2958//5722 2954//5722
f 2925//5723 2958//5723 2921//5723
f 2929//5724 2958//5724 2925//5724
f 2922//5725 2959//5725 2955//5725
f 2926//5726 2959//5726 2922//5726
f 2927//5727 2960//5727 2923//5727
f 2923//5728 2960//5728 2956//5728
f 2928//5729 2961//5729 2924//5729
f 2924//5730 2961//5730 2957//5730
f 2929//5731 2962//5731 2958//5731
f 2926//5732 2963//5732 2959//5732
f 2930//5733 2963//5733 2926//5733
f 2931//5734 2964//5734 2927//5734
f 2927//5735 2964//5735 2960//5735
f 2935//5736 2964//5736 2931//5736
f 2928//5737 2965//5737 2961//5737
f 2932//5738 2965//5738 2928//5738
f 2933//5739 2966//5739 2929//5739
f 2929//5740 2966//5740 2962//5740
f 2934//5741 2967//5741 2930//5741
f 2930//5742 2967//5742 2963//5742
f 2935//5743 2968//5743 2964//5743
f 2936//5744 2969//5744 2932//5744
f 2932//5745 2969//5745 2965//5745
f 2940//5746 2969//5746 2936//5746
f 2937//5747 2970//5747 2933//5747
f 2933//5748 2970//5748 2966//5748
f 2934//5749 2971//5749 2967//5749
f 2938//5750 2971//5750 2934//5750
f 2942//5751 2971//5751 2938//5751
f 2935//5752 2972//5752 2968//5752
f 2939//5753 2972//5753 2935//5753
f 2940//5754 2973//5754 2969//5754
f 2937//5755 2974//5755 2970//5755
f 2941//5756 2974//5756 2937//5756
f 2942//5757 2975//5757 2971//5757
f 2943//5758 2976//5758 2939//5758
f 2939//5759 2976//5759 2972//5759
f 2947//5760 2976//5760 2943//5760
f 2944//5761 2977//5761 2940//5761
f 2940//5762 2977//5762 2973//5762
f 2950//5763 2977//5763 2944//5763
f 2945//5764 2978//5764 2941//5764
f 2941//5765 2978//5765 2974//5765
f 2942//5766 2979//5766 2975//5766
f 2946//5767 2979//5767 2942//5767
f 2949//5768 2980//5768 2947//5768
f 2947//5769 2980//5769 2976//5769
f 2950//5770 2981//5770 2977//5770
f 2951//5771 2982//5771 2945//5771
f 2955//5772 2982//5772 2951//5772
f 2945//5773 2982//5773 2978//5773
f 2952//5774 2983//5774 2946//5774
f 2946//5775 2983//5775 2979//5775
f 238//5776 2984//5776 239//5776
f 2957//5777 2984//5777 2953//5777
f 2953//5778 2984//5778 238//5778
f 2950//5779 2985//5779 2981//5779
f 2954//5780 2985//5780 2950//5780
f 2958//5781 2985//5781 2954//5781
f 2955//5782 2986//5782 2982//5782
f 2952//5783 2987//5783 2983//5783
f 2956//5784 2987//5784 2952//5784
f 2957//5785 2988//5785 2984//5785
f 2958//5786 2989//5786 2985//5786
f 2955//5787 2990//5787 2986//5787
f 2959//5788 2990//5788 2955//5788
f 2956//5789 2991//5789 2987//5789
f 2960//5790 2991//5790 2956//5790
f 2964//5791 2991//5791 2960//5791
f 2961//5792 2992//5792 2957//5792
f 2957//5793 2992//5793 2988//5793
f 2965//5794 2992//5794 2961//5794
f 2958//5795 2993//5795 2989//5795
f 2966//5796 2993//5796 2962//5796
f 2962//5797 2993//5797 2958//5797
f 2963//5798 2994//5798 2959//5798
f 2959//5799 2994//5799 2990//5799
f 2968//5800 2995//5800 2964//5800
f 2964//5801 2995//5801 2991//5801
f 2965//5802 2996//5802 2992//5802
f 2969//5803 2996//5803 2965//5803
f 2966//5804 2997//5804 2993//5804
f 2967//5805 2998//5805 2963//5805
f 2963//5806 2998//5806 2994//5806
f 2968//5807 2999//5807 2995//5807
f 2969//5808 3000//5808 2996//5808
f 2973//5809 3000//5809 2969//5809
f 2970//5810 3001//5810 2966//5810
f 2974//5811 3001//5811 2970//5811
f 2966//5812 3001//5812 2997//5812
f 2975//5813 3002//5813 2971//5813
f 2967//5814 3002//5814 2998//5814
f 2971//5815 3002//5815 2967//5815
f 2968//5816 3003//5816 2999//5816
f 2972//5817 3003//5817 2968//5817
f 2976//5818 3003//5818 2972//5818
f 2973//5819 3004//5819 3000//5819
f 2974//5820 3005//5820 3001//5820
f 2978//5821 3005//5821 2974//5821
f 2979//5822 3006//5822 2975//5822
f 2975//5823 3006//5823 3002//5823
f 2976//5824 3007//5824 3003//5824
f 2973//5825 3008//5825 3004//5825
f 2977//5826 3008//5826 2973//5826
f 2978//5827 3009//5827 3005//5827
f 2979//5828 3010//5828 3006//5828
f 2980//5829 3011//5829 2976//5829
f 2976//5830 3011//5830 3007//5830
f 3012//5831 3011//5831 2949//5831
f 3013//5832 3011//5832 3012//5832
f 2949//5833 3011//5833 2980//5833
f 2981//5834 3014//5834 2977//5834
f 2977//5835 3014//5835 3008//5835
f 2982//5836 3015//5836 2978//5836
f 2978//5837 3015//5837 3009//5837
f 2987//5838 3016//5838 2983//5838
f 2979//5839 3016//5839 3010//5839
f 2983//5840 3016//5840 2979//5840
f 239//5841 3017//5841 240//5841
f 2988//5842 3017//5842 2984//5842
f 2984//5843 3017//5843 239//5843
f 2985//5844 3018//5844 2981//5844
f 2989//5845 3018//5845 2985//5845
f 2981//5846 3018//5846 3014//5846
f 2986//5847 3019//5847 2982//5847
f 2982//5848 3019//5848 3015//5848
f 2987//5849 3020//5849 3016//5849
f 2988//5850 3021//5850 3017//5850
f 2989//5851 3022//5851 3018//5851
f 2993//5852 3022//5852 2989//5852
f 2990//5853 3023//5853 2986//5853
f 2986//5854 3023//5854 3019//5854
f 2987//5855 3024//5855 3020//5855
f 2991//5856 3024//5856 2987//5856
f 2988//5857 3025//5857 3021//5857
f 2992//5858 3025//5858 2988//5858
f 2993//5859 3026//5859 3022//5859
f 2990//5860 3027//5860 3023//5860
f 2998//5861 3027//5861 2994//5861
f 2994//5862 3027//5862 2990//5862
f 2991//5863 3028//5863 3024//5863
f 2995//5864 3028//5864 2991//5864
f 2992//5865 3029//5865 3025//5865
f 2996//5866 3029//5866 2992//5866
f 2997//5867 3030//5867 2993//5867
f 2993//5868 3030//5868 3026//5868
f 2998//5869 3031//5869 3027//5869
f 3002//5870 3031//5870 2998//5870
f 2995//5871 3032//5871 3028//5871
f 2999//5872 3032//5872 2995//5872
f 2996//5873 3033//5873 3029//5873
f 3000//5874 3033//5874 2996//5874
f 2997//5875 3034//5875 3030//5875
f 3001//5876 3034//5876 2997//5876
f 3005//5877 3034//5877 3001//5877
f 3002//5878 3035//5878 3031//5878
f 2999//5879 3036//5879 3032//5879
f 3003//5880 3036//5880 2999//5880
f 3000//5881 3037//5881 3033//5881
f 3004//5882 3037//5882 3000//5882
f 3005//5883 3038//5883 3034//5883
f 3009//5884 3038//5884 3005//5884
f 3002//5885 3039//5885 3035//5885
f 3006//5886 3039//5886 3002//5886
f 3003//5887 3040//5887 3036//5887
f 3007//5888 3040//5888 3003//5888
f 3008//5889 3041//5889 3004//5889
f 3004//5890 3041//5890 3037//5890
f 3009//5891 3042//5891 3038//5891
f 3006//5892 3043//5892 3039//5892
f 3010//5893 3043//5893 3006//5893
f 3011//5894 3044//5894 3007//5894
f 3007//5895 3044//5895 3040//5895
f 3013//5896 3044//5896 3011//5896
f 3008//5897 3045//5897 3041//5897
f 3014//5898 3045//5898 3008//5898
f 3019//5899 3046//5899 3015//5899
f 3015//5900 3046//5900 3009//5900
f 3009//5901 3046//5901 3042//5901
f 3020//5902 3047//5902 3016//5902
f 3016//5903 3047//5903 3010//5903
f 3010//5904 3047//5904 3043//5904
f 240//5905 3048//5905 241//5905
f 3017//5906 3048//5906 240//5906
f 3018//5907 3049//5907 3014//5907
f 3014//5908 3049//5908 3045//5908
f 3019//5909 3050//5909 3046//5909
f 3020//5910 3051//5910 3047//5910
f 3021//5911 3052//5911 3017//5911
f 3017//5912 3052//5912 3048//5912
f 3025//5913 3052//5913 3021//5913
f 3022//5914 3053//5914 3018//5914
f 3018//5915 3053//5915 3049//5915
f 3023//5916 3054//5916 3019//5916
f 3019//5917 3054//5917 3050//5917
f 3024//5918 3055//5918 3020//5918
f 3028//5919 3055//5919 3024//5919
f 3020//5920 3055//5920 3051//5920
f 3025//5921 3056//5921 3052//5921
f 3029//5922 3056//5922 3025//5922
f 3022//5923 3057//5923 3053//5923
f 3026//5924 3057//5924 3022//5924
f 3031//5925 3058//5925 3027//5925
f 3027//5926 3058//5926 3023//5926
f 3023//5927 3058//5927 3054//5927
f 3028//5928 3059//5928 3055//5928
f 3029//5929 3060//5929 3056//5929
f 3026//5930 3061//5930 3057//5930
f 3030//5931 3061//5931 3026//5931
f 3031//5932 3062//5932 3058//5932
f 3035//5933 3062//5933 3031//5933
f 3028//5934 3063//5934 3059//5934
f 3032//5935 3063//5935 3028//5935
f 3029//5936 3064//5936 3060//5936
f 3033//5937 3064//5937 3029//5937
f 3037//5938 3064//5938 3033//5938
f 3030//5939 3065//5939 3061//5939
f 3034//5940 3065//5940 3030//5940
f 3035//5941 3066//5941 3062//5941
f 3039//5942 3066//5942 3035//5942
f 3032//5943 3067//5943 3063//5943
f 3036//5944 3067//5944 3032//5944
f 3037//5945 3068//5945 3064//5945
f 3034//5946 3069//5946 3065//5946
f 3038//5947 3069//5947 3034//5947
f 3039//5948 3070//5948 3066//5948
f 3040//5949 3071//5949 3036//5949
f 3036//5950 3071//5950 3067//5950
f 3037//5951 3072//5951 3068//5951
f 3045//5952 3072//5952 3041//5952
f 3041//5953 3072//5953 3037//5953
f 3038//5954 3073//5954 3069//5954
f 3042//5955 3073//5955 3038//5955
f 3039//5956 3074//5956 3070//5956
f 3043//5957 3074//5957 3039//5957
f 3040//5958 3075//5958 3071//5958
f 3076//5959 3075//5959 3013//5959
f 3044//5960 3075//5960 3040//5960
f 3013//5961 3075//5961 3044//5961
f 3045//5962 3077//5962 3072//5962
f 3046//5963 3078//5963 3042//5963
f 3042//5964 3078//5964 3073//5964
f 3051//5965 3079//5965 3047//5965
f 3043//5966 3079//5966 3074//5966
f 3047//5967 3079//5967 3043//5967
f 241//5968 3080//5968 242//5968
f 3048//5969 3080//5969 241//5969
f 3045//5970 3081//5970 3077//5970
f 3049//5971 3081//5971 3045//5971
f 3046//5972 3082//5972 3078//5972
f 3050//5973 3082//5973 3046//5973
f 3051//5974 3083//5974 3079//5974
f 3048//5975 3084//5975 3080//5975
f 3052//5976 3084//5976 3048//5976
f 3053//5977 3085//5977 3049//5977
f 3057//5978 3085//5978 3053//5978
f 3049//5979 3085//5979 3081//5979
f 3050//5980 3086//5980 3082//5980
f 3054//5981 3086//5981 3050//5981
f 3055//5982 3087//5982 3051//5982
f 3059//5983 3087//5983 3055//5983
f 3051//5984 3087//5984 3083//5984
f 3056//5985 3088//5985 3052//5985
f 3052//5986 3088//5986 3084//5986
f 3061//5987 3089//5987 3057//5987
f 3057//5988 3089//5988 3085//5988
f 3054//5989 3090//5989 3086//5989
f 3058//5990 3090//5990 3054//5990
f 3059//5991 3091//5991 3087//5991
f 3063//5992 3091//5992 3059//5992
f 3060//5993 3092//5993 3056//5993
f 3056//5994 3092//5994 3088//5994
f 3061//5995 3093//5995 3089//5995
f 3062//5996 3094//5996 3058//5996
f 3058//5997 3094//5997 3090//5997
f 3063//5998 3095//5998 3091//5998
f 3060//5999 3096//5999 3092//5999
f 3064//6000 3096//6000 3060//6000
f 3065//6001 3097//6001 3061//6001
f 3061//6002 3097//6002 3093//6002
f 3066//6003 3098//6003 3062//6003
f 3062//6004 3098//6004 3094//6004
f 3063//6005 3099//6005 3095//6005
f 3067//6006 3099//6006 3063//6006
f 3068//6007 3100//6007 3064//6007
f 3064//6008 3100//6008 3096//6008
f 3065//6009 3101//6009 3097//6009
f 3069//6010 3101//6010 3065//6010
f 3073//6011 3101//6011 3069//6011
f 3066//6012 3102//6012 3098//6012
f 3070//6013 3102//6013 3066//6013
f 3067//6014 3103//6014 3099//6014
f 3071//6015 3103//6015 3067//6015
f 3075//6016 3103//6016 3071//6016
f 3072//6017 3104//6017 3068//6017
f 3068//6018 3104//6018 3100//6018
f 3073//6019 3105//6019 3101//6019
f 3070//6020 3106//6020 3102//6020
f 3074//6021 3106//6021 3070//6021
f 3075//6022 3107//6022 3103//6022
f 3108//6023 3107//6023 3076//6023
f 3076//6024 3107//6024 3075//6024
f 3077//6025 3109//6025 3072//6025
f 3072//6026 3109//6026 3104//6026
f 3073//6027 3110//6027 3105//6027
f 3078//6028 3110//6028 3073//6028
f 3082//6029 3110//6029 3078//6029
f 3074//6030 3111//6030 3106//6030
f 3079//6031 3111//6031 3074//6031
f 3084//6032 3112//6032 3080//6032
f 242//6033 3112//6033 243//6033
f 3080//6034 3112//6034 242//6034
f 3077//6035 3113//6035 3109//6035
f 3081//6036 3113//6036 3077//6036
f 3082//6037 3114//6037 3110//6037
f 3083//6038 3115//6038 3079//6038
f 3079//6039 3115//6039 3111//6039
f 3084//6040 3116//6040 3112//6040
f 3085//6041 3117//6041 3081//6041
f 3081//6042 3117//6042 3113//6042
f 3086//6043 3118//6043 3082//6043
f 3082//6044 3118//6044 3114//6044
f 3087//6045 3119//6045 3083//6045
f 3083//6046 3119//6046 3115//6046
f 3088//6047 3120//6047 3084//6047
f 3084//6048 3120//6048 3116//6048
f 3089//6049 3121//6049 3085//6049
f 3085//6050 3121//6050 3117//6050
f 3090//6051 3122//6051 3086//6051
f 3094//6052 3122//6052 3090//6052
f 3086//6053 3122//6053 3118//6053
f 3091//6054 3123//6054 3087//6054
f 3087//6055 3123//6055 3119//6055
f 3096//6056 3124//6056 3092//6056
f 3092//6057 3124//6057 3088//6057
f 3088//6058 3124//6058 3120//6058
f 3093//6059 3125//6059 3089//6059
f 3089//6060 3125//6060 3121//6060
f 3094//6061 3126//6061 3122//6061
f 3095//6062 3127//6062 3091//6062
f 3091//6063 3127//6063 3123//6063
f 3096//6064 3128//6064 3124//6064
f 3100//6065 3128//6065 3096//6065
f 3093//6066 3129//6066 3125//6066
f 3097//6067 3129//6067 3093//6067
f 3094//6068 3130//6068 3126//6068
f 3102//6069 3130//6069 3098//6069
f 3098//6070 3130//6070 3094//6070
f 3095//6071 3131//6071 3127//6071
f 3099//6072 3131//6072 3095//6072
f 3100//6073 3132//6073 3128//6073
f 3097//6074 3133//6074 3129//6074
f 3101//6075 3133//6075 3097//6075
f 3106//6076 3134//6076 3102//6076
f 3102//6077 3134//6077 3130//6077
f 3103//6078 3135//6078 3099//6078
f 3099//6079 3135//6079 3131//6079
f 3100//6080 3136//6080 3132//6080
f 3104//6081 3136//6081 3100//6081
f 3101//6082 3137//6082 3133//6082
f 3105//6083 3137//6083 3101//6083
f 3106//6084 3138//6084 3134//6084
f 3103//6085 3139//6085 3135//6085
f 3107//6086 3139//6086 3103//6086
f 3108//6087 3139//6087 3107//6087
f 3140//6088 3139//6088 3108//6088
f 3104//6089 3141//6089 3136//6089
f 3109//6090 3141//6090 3104//6090
f 3105//6091 3142//6091 3137//6091
f 3110//6092 3142//6092 3105//6092
f 3106//6093 3143//6093 3138//6093
f 3111//6094 3143//6094 3106//6094
f 3115//6095 3143//6095 3111//6095
f 243//6096 3144//6096 244//6096
f 3112//6097 3144//6097 243//6097
f 3109//6098 3145//6098 3141//6098
f 3117//6099 3145//6099 3113//6099
f 3113//6100 3145//6100 3109//6100
f 3110//6101 3146//6101 3142//6101
f 3114//6102 3146//6102 3110//6102
f 3115//6103 3147//6103 3143//6103
f 3112//6104 3148//6104 3144//6104
f 3116//6105 3148//6105 3112//6105
f 3117//6106 3149//6106 3145//6106
f 3118//6107 3150//6107 3114//6107
f 3114//6108 3150//6108 3146//6108
f 3119//6109 3151//6109 3115//6109
f 3123//6110 3151//6110 3119//6110
f 3115//6111 3151//6111 3147//6111
f 3120//6112 3152//6112 3116//6112
f 3124//6113 3152//6113 3120//6113
f 3116//6114 3152//6114 3148//6114
f 3121//6115 3153//6115 3117//6115
f 3117//6116 3153//6116 3149//6116
f 3122//6117 3154//6117 3118//6117
f 3118//6118 3154//6118 3150//6118
f 3127//6119 3155//6119 3123//6119
f 3123//6120 3155//6120 3151//6120
f 3124//6121 3156//6121 3152//6121
f 3125//6122 3157//6122 3121//6122
f 3121//6123 3157//6123 3153//6123
f 3122//6124 3158//6124 3154//6124
f 3126//6125 3158//6125 3122//6125
f 3127//6126 3159//6126 3155//6126
f 3128//6127 3160//6127 3124//6127
f 3124//6128 3160//6128 3156//6128
f 3129//6129 3161//6129 3125//6129
f 3133//6130 3161//6130 3129//6130
f 3125//6131 3161//6131 3157//6131
f 3130//6132 3162//6132 3126//6132
f 3126//6133 3162//6133 3158//6133
f 3127//6134 3163//6134 3159//6134
f 3131//6135 3163//6135 3127//6135
f 3128//6136 3164//6136 3160//6136
f 3132//6137 3164//6137 3128//6137
f 3133//6138 3165//6138 3161//6138
f 3130//6139 3166//6139 3162//6139
f 3134//6140 3166//6140 3130//6140
f 3131//6141 3167//6141 3163//6141
f 3135//6142 3167//6142 3131//6142
f 3139//6143 3167//6143 3135//6143
f 3132//6144 3168//6144 3164//6144
f 3141//6145 3168//6145 3136//6145
f 3136//6146 3168//6146 3132//6146
f 3137//6147 3169//6147 3133//6147
f 3133//6148 3169//6148 3165//6148
f 3142//6149 3169//6149 3137//6149
f 3138//6150 3170//6150 3134//6150
f 3134//6151 3170//6151 3166//6151
f 3139//6152 3171//6152 3167//6152
f 3140//6153 3171//6153 3139//6153
f 3172//6154 3171//6154 3140//6154
f 3141//6155 3173//6155 3168//6155
f 3142//6156 3174//6156 3169//6156
f 3138//6157 3175//6157 3170//6157
f 3143//6158 3175//6158 3138//6158
f 244//6159 3176//6159 245//6159
f 3144//6160 3176//6160 244//6160
f 3145//6161 3177//6161 3141//6161
f 3141//6162 3177//6162 3173//6162
f 3142//6163 3178//6163 3174//6163
f 3146//6164 3178//6164 3142//6164
f 3147//6165 3179//6165 3143//6165
f 3143//6166 3179//6166 3175//6166
f 3144//6167 3180//6167 3176//6167
f 3148//6168 3180//6168 3144//6168
f 3153//6169 3181//6169 3149//6169
f 3145//6170 3181//6170 3177//6170
f 3149//6171 3181//6171 3145//6171
f 3146//6172 3182//6172 3178//6172
f 3150//6173 3182//6173 3146//6173
f 3147//6174 3183//6174 3179//6174
f 3151//6175 3183//6175 3147//6175
f 3152//6176 3184//6176 3148//6176
f 3148//6177 3184//6177 3180//6177
f 3156//6178 3184//6178 3152//6178
f 3153//6179 3185//6179 3181//6179
f 3150//6180 3186//6180 3182//6180
f 3154//6181 3186//6181 3150//6181
f 3151//6182 3187//6182 3183//6182
f 3155//6183 3187//6183 3151//6183
f 3156//6184 3188//6184 3184//6184
f 3153//6185 3189//6185 3185//6185
f 3157//6186 3189//6186 3153//6186
f 3158//6187 3190//6187 3154//6187
f 3154//6188 3190//6188 3186//6188
f 3155//6189 3191//6189 3187//6189
f 3159//6190 3191//6190 3155//6190
f 3156//6191 3192//6191 3188//6191
f 3160//6192 3192//6192 3156//6192
f 3161//6193 3193//6193 3157//6193
f 3157//6194 3193//6194 3189//6194
f 3162//6195 3194//6195 3158//6195
f 3158//6196 3194//6196 3190//6196
f 3159//6197 3195//6197 3191//6197
f 3163//6198 3195//6198 3159//6198
f 3164//6199 3196//6199 3160//6199
f 3160//6200 3196//6200 3192//6200
f 3165//6201 3197//6201 3161//6201
f 3161//6202 3197//6202 3193//6202
f 3162//6203 3198//6203 3194//6203
f 3166//6204 3198//6204 3162//6204
f 3167//6205 3199//6205 3163//6205
f 3163//6206 3199//6206 3195//6206
f 3168//6207 3200//6207 3164//6207
f 3164//6208 3200//6208 3196//6208
f 3165//6209 3201//6209 3197//6209
f 3169//6210 3201//6210 3165//6210
f 3166//6211 3202//6211 3198//6211
f 3170//6212 3202//6212 3166//6212
f 3167//6213 3203//6213 3199//6213
f 3171//6214 3203//6214 3167//6214
f 3172//6215 3203//6215 3171//6215
f 3204//6216 3203//6216 3172//6216
f 3173//6217 3205//6217 3168//6217
f 3168//6218 3205//6218 3200//6218
f 3169//6219 3206//6219 3201//6219
f 3178//6220 3206//6220 3174//6220
f 3174//6221 3206//6221 3169//6221
f 3170//6222 3207//6222 3202//6222
f 3175//6223 3207//6223 3170//6223
f 3176//6224 3208//6224 245//6224
f 245//6225 3208//6225 246//6225
f 3173//6226 3209//6226 3205//6226
f 3177//6227 3209//6227 3173//6227
f 3181//6228 3209//6228 3177//6228
f 3178//6229 3210//6229 3206//6229
f 3175//6230 3211//6230 3207//6230
f 3179//6231 3211//6231 3175//6231
f 3176//6232 3212//6232 3208//6232
f 3180//6233 3212//6233 3176//6233
f 3185//6234 3213//6234 3181//6234
f 3181//6235 3213//6235 3209//6235
f 3178//6236 3214//6236 3210//6236
f 3182//6237 3214//6237 3178//6237
f 3187//6238 3215//6238 3183//6238
f 3183//6239 3215//6239 3179//6239
f 3179//6240 3215//6240 3211//6240
f 3184//6241 3216//6241 3180//6241
f 3180//6242 3216//6242 3212//6242
f 3185//6243 3217//6243 3213//6243
f 3189//6244 3217//6244 3185//6244
f 3186//6245 3218//6245 3182//6245
f 3182//6246 3218//6246 3214//6246
f 3187//6247 3219//6247 3215//6247
f 3188//6248 3220//6248 3184//6248
f 3184//6249 3220//6249 3216//6249
f 3189//6250 3221//6250 3217//6250
f 3186//6251 3222//6251 3218//6251
f 3190//6252 3222//6252 3186//6252
f 3191//6253 3223//6253 3187//6253
f 3187//6254 3223//6254 3219//6254
f 3192//6255 3224//6255 3188//6255
f 3188//6256 3224//6256 3220//6256
f 3196//6257 3224//6257 3192//6257
f 3193//6258 3225//6258 3189//6258
f 3189//6259 3225//6259 3221//6259
f 3194//6260 3226//6260 3190//6260
f 3190//6261 3226//6261 3222//6261
f 3198//6262 3226//6262 3194//6262
f 3195//6263 3227//6263 3191//6263
f 3191//6264 3227//6264 3223//6264
f 3196//6265 3228//6265 3224//6265
f 3193//6266 3229//6266 3225//6266
f 3201//6267 3229//6267 3197//6267
f 3197//6268 3229//6268 3193//6268
f 3198//6269 3230//6269 3226//6269
f 3199//6270 3231//6270 3195//6270
f 3195//6271 3231//6271 3227//6271
f 3200//6272 3232//6272 3196//6272
f 3196//6273 3232//6273 3228//6273
f 3205//6274 3232//6274 3200//6274
f 3201//6275 3233//6275 3229//6275
f 3198//6276 3234//6276 3230//6276
f 3202//6277 3234//6277 3198//6277
f 3199//6278 3235//6278 3231//6278
f 3203//6279 3235//6279 3199//6279
f 3204//6280 3235//6280 3203//6280
f 3236//6281 3235//6281 3204//6281
f 3237//6282 3235//6282 3236//6282
f 3205//6283 3238//6283 3232//6283
f 3206//6284 3239//6284 3201//6284
f 3201//6285 3239//6285 3233//6285
f 3210//6286 3239//6286 3206//6286
f 3207//6287 3240//6287 3202//6287
f 3202//6288 3240//6288 3234//6288
f 246//6289 3241//6289 247//6289
f 3208//6290 3241//6290 246//6290
f 3205//6291 3242//6291 3238//6291
f 3209//6292 3242//6292 3205//6292
f 3210//6293 3243//6293 3239//6293
f 3207//6294 3244//6294 3240//6294
f 3211//6295 3244//6295 3207//6295
f 3212//6296 3245//6296 3208//6296
f 3208//6297 3245//6297 3241//6297
f 3213//6298 3246//6298 3209//6298
f 3209//6299 3246//6299 3242//6299
f 3214//6300 3247//6300 3210//6300
f 3210//6301 3247//6301 3243//6301
f 3211//6302 3248//6302 3244//6302
f 3215//6303 3248//6303 3211//6303
f 3212//6304 3249//6304 3245//6304
f 3216//6305 3249//6305 3212//6305
f 3213//6306 3250//6306 3246//6306
f 3217//6307 3250//6307 3213//6307
f 3214//6308 3251//6308 3247//6308
f 3218//6309 3251//6309 3214//6309
f 3222//6310 3251//6310 3218//6310
f 3223//6311 3252//6311 3219//6311
f 3215//6312 3252//6312 3248//6312
f 3219//6313 3252//6313 3215//6313
f 3216//6314 3253//6314 3249//6314
f 3220//6315 3253//6315 3216//6315
f 3217//6316 3254//6316 3250//6316
f 3221//6317 3254//6317 3217//6317
f 3222//6318 3255//6318 3251//6318
f 3223//6319 3256//6319 3252//6319
f 3224//6320 3257//6320 3220//6320
f 3220//6321 3257//6321 3253//6321
f 3225//6322 3258//6322 3221//6322
f 3221//6323 3258//6323 3254//6323
f 3226//6324 3259//6324 3222//6324
f 3222//6325 3259//6325 3255//6325
f 3231//6326 3260//6326 3227//6326
f 3227//6327 3260//6327 3223//6327
f 3223//6328 3260//6328 3256//6328
f 3224//6329 3261//6329 3257//6329
f 3228//6330 3261//6330 3224//6330
f 3225//6331 3262//6331 3258//6331
f 3229//6332 3262//6332 3225//6332
f 3226//6333 3263//6333 3259//6333
f 3230//6334 3263//6334 3226//6334
f 3235//6335 3264//6335 3231//6335
f 3231//6336 3264//6336 3260//6336
f 3228//6337 3265//6337 3261//6337
f 3232//6338 3265//6338 3228//6338
f 3233//6339 3266//6339 3229//6339
f 3229//6340 3266//6340 3262//6340
f 3230//6341 3267//6341 3263//6341
f 3234//6342 3267//6342 3230//6342
f 3235//6343 3268//6343 3264//6343
f 3237//6344 3268//6344 3235//6344
f 3238//6345 3269//6345 3232//6345
f 3232//6346 3269//6346 3265//6346
f 3239//6347 3270//6347 3233//6347
f 3233//6348 3270//6348 3266//6348
f 3244//6349 3271//6349 3240//6349
f 3240//6350 3271//6350 3234//6350
f 3234//6351 3271//6351 3267//6351
f 3241//6352 3272//6352 247//6352
f 3245//6353 3272//6353 3241//6353
f 247//6354 3272//6354 248//6354
f 3238//6355 3273//6355 3269//6355
f 3242//6356 3273//6356 3238//6356
f 3239//6357 3274//6357 3270//6357
f 3243//6358 3274//6358 3239//6358
f 3244//6359 3275//6359 3271//6359
f 3245//6360 3276//6360 3272//6360
f 3246//6361 3277//6361 3242//6361
f 3242//6362 3277//6362 3273//6362
f 3243//6363 3278//6363 3274//6363
f 3247//6364 3278//6364 3243//6364
f 3244//6365 3279//6365 3275//6365
f 3248//6366 3279//6366 3244//6366
f 3252//6367 3279//6367 3248//6367
f 3245//6368 3280//6368 3276//6368
f 3253//6369 3280//6369 3249//6369
f 3249//6370 3280//6370 3245//6370
f 3250//6371 3281//6371 3246//6371
f 3246//6372 3281//6372 3277//6372
f 3251//6373 3282//6373 3247//6373
f 3247//6374 3282//6374 3278//6374
f 3255//6375 3282//6375 3251//6375
f 3252//6376 3283//6376 3279//6376
f 3256//6377 3283//6377 3252//6377
f 3257//6378 3284//6378 3253//6378
f 3253//6379 3284//6379 3280//6379
f 3254//6380 3285//6380 3250//6380
f 3250//6381 3285//6381 3281//6381
f 3255//6382 3286//6382 3282//6382
f 3256//6383 3287//6383 3283//6383
f 3261//6384 3288//6384 3257//6384
f 3257//6385 3288//6385 3284//6385
f 3254//6386 3289//6386 3285//6386
f 3258//6387 3289//6387 3254//6387
f 3255//6388 3290//6388 3286//6388
f 3259//6389 3290//6389 3255//6389
f 3264//6390 3291//6390 3260//6390
f 3256//6391 3291//6391 3287//6391
f 3260//6392 3291//6392 3256//6392
f 3261//6393 3292//6393 3288//6393
f 3262//6394 3293//6394 3258//6394
f 3258//6395 3293//6395 3289//6395
f 3263//6396 3294//6396 3259//6396
f 3259//6397 3294//6397 3290//6397
f 3268//6398 3295//6398 3264//6398
f 3264//6399 3295//6399 3291//6399
f 3265//6400 3296//6400 3261//6400
f 3269//6401 3296//6401 3265//6401
f 3261//6402 3296//6402 3292//6402
f 3266//6403 3297//6403 3262//6403
f 3262//6404 3297//6404 3293//6404
f 3267//6405 3298//6405 3263//6405
f 3263//6406 3298//6406 3294//6406
f 3268//6407 3299//6407 3295//6407
f 3237//6408 3299//6408 3268//6408
f 3300//6409 3299//6409 3237//6409
f 3269//6410 3301//6410 3296//6410
f 3266//6411 3302//6411 3297//6411
f 3270//6412 3302//6412 3266//6412
f 3274//6413 3302//6413 3270//6413
f 3267//6414 3303//6414 3298//6414
f 3271//6415 3303//6415 3267//6415
f 248//6416 3304//6416 249//6416
f 3272//6417 3304//6417 248//6417
f 3277//6418 3305//6418 3273//6418
f 3273//6419 3305//6419 3269//6419
f 3269//6420 3305//6420 3301//6420
f 3274//6421 3306//6421 3302//6421
f 3275//6422 3307//6422 3271//6422
f 3271//6423 3307//6423 3303//6423
f 3272//6424 3308//6424 3304//6424
f 3276//6425 3308//6425 3272//6425
f 3277//6426 3309//6426 3305//6426
f 3281//6427 3309//6427 3277//6427
f 3274//6428 3310//6428 3306//6428
f 3278//6429 3310//6429 3274//6429
f 3283//6430 3311//6430 3279//6430
f 3275//6431 3311//6431 3307//6431
f 3279//6432 3311//6432 3275//6432
f 3276//6433 3312//6433 3308//6433
f 3280//6434 3312//6434 3276//6434
f 3281//6435 3313//6435 3309//6435
f 3278//6436 3314//6436 3310//6436
f 3282//6437 3314//6437 3278//6437
f 3283//6438 3315//6438 3311//6438
f 3280//6439 3316//6439 3312//6439
f 3284//6440 3316//6440 3280//6440
f 3285//6441 3317//6441 3281//6441
f 3281//6442 3317//6442 3313//6442
f 3282//6443 3318//6443 3314//6443
f 3286//6444 3318//6444 3282//6444
f 3283//6445 3319//6445 3315//6445
f 3287//6446 3319//6446 3283//6446
f 3288//6447 3320//6447 3284//6447
f 3284//6448 3320//6448 3316//6448
f 3293//6449 3321//6449 3289//6449
f 3289//6450 3321//6450 3285//6450
f 3285//6451 3321//6451 3317//6451
f 3290//6452 3322//6452 3286//6452
f 3294//6453 3322//6453 3290//6453
f 3286//6454 3322//6454 3318//6454
f 3291//6455 3323//6455 3287//6455
f 3287//6456 3323//6456 3319//6456
f 3292//6457 3324//6457 3288//6457
f 3288//6458 3324//6458 3320//6458
f 3297//6459 3325//6459 3293//6459
f 3293//6460 3325//6460 3321//6460
f 3294//6461 3326//6461 3322//6461
f 3295//6462 3327//6462 3291//6462
f 3291//6463 3327//6463 3323//6463
f 3296//6464 3328//6464 3292//6464
f 3292//6465 3328//6465 3324//6465
f 3297//6466 3329//6466 3325//6466
f 3294//6467 3330//6467 3326//6467
f 3298//6468 3330//6468 3294//6468
f 3300//6469 3331//6469 3299//6469
f 3299//6470 3331//6470 3295//6470
f 3332//6471 3331//6471 3300//6471
f 3295//6472 3331//6472 3327//6472
f 3296//6473 3333//6473 3328//6473
f 3301//6474 3333//6474 3296//6474
f 3297//6475 3334//6475 3329//6475
f 3302//6476 3334//6476 3297//6476
f 3306//6477 3334//6477 3302//6477
f 3298//6478 3335//6478 3330//6478
f 3303//6479 3335//6479 3298//6479
f 249//6480 3336//6480 250//6480
f 3304//6481 3336//6481 249//6481
f 3301//6482 3337//6482 3333//6482
f 3305//6483 3337//6483 3301//6483
f 3306//6484 3338//6484 3334//6484
f 3303//6485 3339//6485 3335//6485
f 3307//6486 3339//6486 3303//6486
f 3304//6487 3340//6487 3336//6487
f 3308//6488 3340//6488 3304//6488
f 3305//6489 3341//6489 3337//6489
f 3309//6490 3341//6490 3305//6490
f 3310//6491 3342//6491 3306//6491
f 3306//6492 3342//6492 3338//6492
f 3307//6493 3343//6493 3339//6493
f 3311//6494 3343//6494 3307//6494
f 3312//6495 3344//6495 3308//6495
f 3308//6496 3344//6496 3340//6496
f 3313//6497 3345//6497 3309//6497
f 3309//6498 3345//6498 3341//6498
f 3310//6499 3346//6499 3342//6499
f 3314//6500 3346//6500 3310//6500
f 3318//6501 3346//6501 3314//6501
f 3315//6502 3347//6502 3311//6502
f 3311//6503 3347//6503 3343//6503
f 3316//6504 3348//6504 3312//6504
f 3312//6505 3348//6505 3344//6505
f 3313//6506 3349//6506 3345//6506
f 3317//6507 3349//6507 3313//6507
f 3318//6508 3350//6508 3346//6508
f 3322//6509 3350//6509 3318//6509
f 3319//6510 3351//6510 3315//6510
f 3315//6511 3351//6511 3347//6511
f 3316//6512 3352//6512 3348//6512
f 3320//6513 3352//6513 3316//6513
f 3317//6514 3353//6514 3349//6514
f 3321//6515 3353//6515 3317//6515
f 3322//6516 3354//6516 3350//6516
f 3326//6517 3354//6517 3322//6517
f 3319//6518 3355//6518 3351//6518
f 3323//6519 3355//6519 3319//6519
f 3324//6520 3356//6520 3320//6520
f 3320//6521 3356//6521 3352//6521
f 3325//6522 3357//6522 3321//6522
f 3321//6523 3357//6523 3353//6523
f 3326//6524 3358//6524 3354//6524
f 3327//6525 3359//6525 3323//6525
f 3323//6526 3359//6526 3355//6526
f 3328//6527 3360//6527 3324//6527
f 3324//6528 3360//6528 3356//6528
f 3325//6529 3361//6529 3357//6529
f 3329//6530 3361//6530 3325//6530
f 3330//6531 3362//6531 3326//6531
f 3326//6532 3362//6532 3358//6532
f 3327//6533 3363//6533 3359//6533
f 3332//6534 3363//6534 3331//6534
f 3331//6535 3363//6535 3327//6535
f 3364//6536 3363//6536 3332//6536
f 3333//6537 3365//6537 3328//6537
f 3328//6538 3365//6538 3360//6538
f 3329//6539 3366//6539 3361//6539
f 3334//6540 3366//6540 3329//6540
f 3335//6541 3367//6541 3330//6541
f 3339//6542 3367//6542 3335//6542
f 3330//6543 3367//6543 3362//6543
f 250//6544 3368//6544 251//6544
f 3336//6545 3368//6545 250//6545
f 3333//6546 3369//6546 3365//6546
f 3337//6547 3369//6547 3333//6547
f 3338//6548 3370//6548 3334//6548
f 3334//6549 3370//6549 3366//6549
f 3339//6550 3371//6550 3367//6550
f 3340//6551 3372//6551 3336//6551
f 3336//6552 3372//6552 3368//6552
f 3341//6553 3373//6553 3337//6553
f 3337//6554 3373//6554 3369//6554
f 3342//6555 3374//6555 3338//6555
f 3338//6556 3374//6556 3370//6556
f 3343//6557 3375//6557 3339//6557
f 3339//6558 3375//6558 3371//6558
f 3347//6559 3375//6559 3343//6559
f 3340//6560 3376//6560 3372//6560
f 3344//6561 3376//6561 3340//6561
f 3348//6562 3376//6562 3344//6562
f 3341//6563 3377//6563 3373//6563
f 3345//6564 3377//6564 3341//6564
f 3346//6565 3378//6565 3342//6565
f 3342//6566 3378//6566 3374//6566
f 3351//6567 3379//6567 3347//6567
f 3347//6568 3379//6568 3375//6568
f 3348//6569 3380//6569 3376//6569
f 3352//6570 3380//6570 3348//6570
f 3345//6571 3381//6571 3377//6571
f 3349//6572 3381//6572 3345//6572
f 3350//6573 3382//6573 3346//6573
f 3346//6574 3382//6574 3378//6574
f 3351//6575 3383//6575 3379//6575
f 3352//6576 3384//6576 3380//6576
f 3356//6577 3384//6577 3352//6577
f 3353//6578 3385//6578 3349//6578
f 3349//6579 3385//6579 3381//6579
f 3350//6580 3386//6580 3382//6580
f 3354//6581 3386//6581 3350//6581
f 3351//6582 3387//6582 3383//6582
f 3355//6583 3387//6583 3351//6583
f 3359//6584 3387//6584 3355//6584
f 3356//6585 3388//6585 3384//6585
f 3357//6586 3389//6586 3353//6586
f 3353//6587 3389//6587 3385//6587
f 3358//6588 3390//6588 3354//6588
f 3354//6589 3390//6589 3386//6589
f 3359//6590 3391//6590 3387//6590
f 3365//6591 3392//6591 3360//6591
f 3360//6592 3392//6592 3356//6592
f 3356//6593 3392//6593 3388//6593
f 3361//6594 3393//6594 3357//6594
f 3357//6595 3393//6595 3389//6595
f 3362//6596 3394//6596 3358//6596
f 3358//6597 3394//6597 3390//6597
f 3364//6598 3395//6598 3363//6598
f 3363//6599 3395//6599 3359//6599
f 3396//6600 3395//6600 3364//6600
f 3359//6601 3395//6601 3391//6601
f 3365//6602 3397//6602 3392//6602
f 3361//6603 3398//6603 3393//6603
f 3366//6604 3398//6604 3361//6604
f 3367//6605 3399//6605 3362//6605
f 3362//6606 3399//6606 3394//6606
f 251//6607 3400//6607 252//6607
f 3368//6608 3400//6608 251//6608
f 3369//6609 3401//6609 3365//6609
f 3365//6610 3401//6610 3397//6610
f 3373//6611 3401//6611 3369//6611
f 3370//6612 3402//6612 3366//6612
f 3366//6613 3402//6613 3398//6613
f 3367//6614 3403//6614 3399//6614
f 3371//6615 3403//6615 3367//6615
f 3368//6616 3404//6616 3400//6616
f 3372//6617 3404//6617 3368//6617
f 3377//6618 3405//6618 3373//6618
f 3373//6619 3405//6619 3401//6619
f 3374//6620 3406//6620 3370//6620
f 3370//6621 3406//6621 3402//6621
f 3371//6622 3407//6622 3403//6622
f 3375//6623 3407//6623 3371//6623
f 3372//6624 3408//6624 3404//6624
f 3376//6625 3408//6625 3372//6625
f 3377//6626 3409//6626 3405//6626
f 3378//6627 3410//6627 3374//6627
f 3374//6628 3410//6628 3406//6628
f 3375//6629 3411//6629 3407//6629
f 3379//6630 3411//6630 3375//6630
f 3380//6631 3412//6631 3376//6631
f 3376//6632 3412//6632 3408//6632
f 3377//6633 3413//6633 3409//6633
f 3381//6634 3413//6634 3377//6634
f 3378//6635 3414//6635 3410//6635
f 3382//6636 3414//6636 3378//6636
f 3383//6637 3415//6637 3379//6637
f 3379//6638 3415//6638 3411//6638
f 3380//6639 3416//6639 3412//6639
f 3384//6640 3416//6640 3380//6640
f 3385//6641 3417//6641 3381//6641
f 3389//6642 3417//6642 3385//6642
f 3381//6643 3417//6643 3413//6643
f 3386//6644 3418//6644 3382//6644
f 3382//6645 3418//6645 3414//6645
f 3383//6646 3419//6646 3415//6646
f 3387//6647 3419//6647 3383//6647
f 3388//6648 3420//6648 3384//6648
f 3384//6649 3420//6649 3416//6649
f 3389//6650 3421//6650 3417//6650
f 3393//6651 3421//6651 3389//6651
f 3386//6652 3422//6652 3418//6652
f 3390//6653 3422//6653 3386//6653
f 3387//6654 3423//6654 3419//6654
f 3391//6655 3423//6655 3387//6655
f 3388//6656 3424//6656 3420//6656
f 3392//6657 3424//6657 3388//6657
f 3393//6658 3425//6658 3421//6658
f 3390//6659 3426//6659 3422//6659
f 3394//6660 3426//6660 3390//6660
f 3396//6661 3427//6661 3395//6661
f 3395//6662 3427//6662 3391//6662
f 3391//6663 3427//6663 3423//6663
f 3428//6664 3427//6664 3396//6664
f 3397//6665 3429//6665 3392//6665
f 3392//6666 3429//6666 3424//6666
f 3402//6667 3430//6667 3398//6667
f 3393//6668 3430//6668 3425//6668
f 3398//6669 3430//6669 3393//6669
f 3399//6670 3431//6670 3394//6670
f 3394//6671 3431//6671 3426//6671
f 252//6672 3432//6672 253//6672
f 3400//6673 3432//6673 252//6673
f 3404//6674 3432//6674 3400//6674
f 3397//6675 3433//6675 3429//6675
f 3401//6676 3433//6676 3397//6676
f 3402//6677 3434//6677 3430//6677
f 3403//6678 3435//6678 3399//6678
f 3399//6679 3435//6679 3431//6679
f 3404//6680 3436//6680 3432//6680
f 3401//6681 3437//6681 3433//6681
f 3405//6682 3437//6682 3401//6682
f 3406//6683 3438//6683 3402//6683
f 3402//6684 3438//6684 3434//6684
f 3407//6685 3439//6685 3403//6685
f 3403//6686 3439//6686 3435//6686
f 3404//6687 3440//6687 3436//6687
f 3412//6688 3440//6688 3408//6688
f 3408//6689 3440//6689 3404//6689
f 3409//6690 3441//6690 3405//6690
f 3405//6691 3441//6691 3437//6691
f 3414//6692 3442//6692 3410//6692
f 3410//6693 3442//6693 3406//6693
f 3406//6694 3442//6694 3438//6694
f 3407//6695 3443//6695 3439//6695
f 3411//6696 3443//6696 3407//6696
f 3412//6697 3444//6697 3440//6697
f 3416//6698 3444//6698 3412//6698
f 3409//6699 3445//6699 3441//6699
f 3413//6700 3445//6700 3409//6700
f 3414//6701 3446//6701 3442//6701
f 3418//6702 3446//6702 3414//6702
f 3411//6703 3447//6703 3443//6703
f 3415//6704 3447//6704 3411//6704
f 3416//6705 3448//6705 3444//6705
f 3420//6706 3448//6706 3416//6706
f 3413//6707 3449//6707 3445//6707
f 3417//6708 3449//6708 3413//6708
f 3418//6709 3450//6709 3446//6709
f 3422//6710 3450//6710 3418//6710
f 3415//6711 3451//6711 3447//6711
f 3419//6712 3451//6712 3415//6712
f 3420//6713 3452//6713 3448//6713
f 3417//6714 3453//6714 3449//6714
f 3421//6715 3453//6715 3417//6715
f 3422//6716 3454//6716 3450//6716
f 3419//6717 3455//6717 3451//6717
f 3423//6718 3455//6718 3419//6718
f 3424//6719 3456//6719 3420//6719
f 3420//6720 3456//6720 3452//6720
f 3429//6721 3456//6721 3424//6721
f 3425//6722 3457//6722 3421//6722
f 3421//6723 3457//6723 3453//6723
f 3426//6724 3458//6724 3422//6724
f 3422//6725 3458//6725 3454//6725
f 3423//6726 3459//6726 3455//6726
f 3460//6727 3459//6727 3428//6727
f 3427//6728 3459//6728 3423//6728
f 3428//6729 3459//6729 3427//6729
f 3429//6730 3461//6730 3456//6730
f 3430//6731 3462//6731 3425//6731
f 3425//6732 3462//6732 3457//6732
f 3435//6733 3463//6733 3431//6733
f 3426//6734 3463//6734 3458//6734
f 3431//6735 3463//6735 3426//6735
f 3432//6736 3464//6736 253//6736
f 253//6737 3464//6737 254//6737
f 3437//6738 3465//6738 3433//6738
f 3429//6739 3465//6739 3461//6739
f 3433//6740 3465//6740 3429//6740
f 3430//6741 3466//6741 3462//6741
f 3434//6742 3466//6742 3430//6742
f 3435//6743 3467//6743 3463//6743
f 3432//6744 3468//6744 3464//6744
f 3436//6745 3468//6745 3432//6745
f 3437//6746 3469//6746 3465//6746
f 3438//6747 3470//6747 3434//6747
f 3434//6748 3470//6748 3466//6748
f 3439//6749 3471//6749 3435//6749
f 3443//6750 3471//6750 3439//6750
f 3435//6751 3471//6751 3467//6751
f 3436//6752 3472//6752 3468//6752
f 3440//6753 3472//6753 3436//6753
f 3437//6754 3473//6754 3469//6754
f 3441//6755 3473//6755 3437//6755
f 3438//6756 3474//6756 3470//6756
f 3442//6757 3474//6757 3438//6757
f 3447//6758 3475//6758 3443//6758
f 3443//6759 3475//6759 3471//6759
f 3444//6760 3476//6760 3440//6760
f 3440//6761 3476//6761 3472//6761
f 3445//6762 3477//6762 3441//6762
f 3441//6763 3477//6763 3473//6763
f 3442//6764 3478//6764 3474//6764
f 3446//6765 3478//6765 3442//6765
f 3447//6766 3479//6766 3475//6766
f 3444//6767 3480//6767 3476//6767
f 3448//6768 3480//6768 3444//6768
f 3445//6769 3481//6769 3477//6769
f 3449//6770 3481//6770 3445//6770
f 3453//6771 3481//6771 3449//6771
f 3450//6772 3482//6772 3446//6772
f 3446//6773 3482//6773 3478//6773
f 3447//6774 3483//6774 3479//6774
f 3451//6775 3483//6775 3447//6775
f 3455//6776 3483//6776 3451//6776
f 3452//6777 3484//6777 3448//6777
f 3448//6778 3484//6778 3480//6778
f 3453//6779 3485//6779 3481//6779
f 3457//6780 3485//6780 3453//6780
f 3450//6781 3486//6781 3482//6781
f 3454//6782 3486//6782 3450//6782
f 3455//6783 3487//6783 3483//6783
f 3456//6784 3488//6784 3452//6784
f 3452//6785 3488//6785 3484//6785
f 3457//6786 3489//6786 3485//6786
f 3454//6787 3490//6787 3486//6787
f 3458//6788 3490//6788 3454//6788
f 3455//6789 3491//6789 3487//6789
f 3459//6790 3491//6790 3455//6790
f 3492//6791 3491//6791 3460//6791
f 3460//6792 3491//6792 3459//6792
f 3456//6793 3493//6793 3488//6793
f 3461//6794 3493//6794 3456//6794
f 3462//6795 3494//6795 3457//6795
f 3457//6796 3494//6796 3489//6796
f 3463//6797 3495//6797 3458//6797
f 3458//6798 3495//6798 3490//6798
f 3464//6799 3496//6799 254//6799
f 254//6800 3496//6800 255//6800
f 3465//6801 3497//6801 3461//6801
f 3461//6802 3497//6802 3493//6802
f 3466//6803 3498//6803 3462//6803
f 3462//6804 3498//6804 3494//6804
f 3467//6805 3499//6805 3463//6805
f 3463//6806 3499//6806 3495//6806
f 3472//6807 3500//6807 3468//6807
f 3464//6808 3500//6808 3496//6808
f 3468//6809 3500//6809 3464//6809
f 3465//6810 3501//6810 3497//6810
f 3469//6811 3501//6811 3465//6811
f 3473//6812 3501//6812 3469//6812
f 3466//6813 3502//6813 3498//6813
f 3470//6814 3502//6814 3466//6814
f 3471//6815 3503//6815 3467//6815
f 3467//6816 3503//6816 3499//6816
f 3472//6817 3504//6817 3500//6817
f 3473//6818 3505//6818 3501//6818
f 3478//6819 3506//6819 3474//6819
f 3470//6820 3506//6820 3502//6820
f 3474//6821 3506//6821 3470//6821
f 3471//6822 3507//6822 3503//6822
f 3475//6823 3507//6823 3471//6823
f 3472//6824 3508//6824 3504//6824
f 3476//6825 3508//6825 3472//6825
f 3477//6826 3509//6826 3473//6826
f 3473//6827 3509//6827 3505//6827
f 3482//6828 3510//6828 3478//6828
f 3478//6829 3510//6829 3506//6829
f 3475//6830 3511//6830 3507//6830
f 3479//6831 3511//6831 3475//6831
f 3480//6832 3512//6832 3476//6832
f 3484//6833 3512//6833 3480//6833
f 3476//6834 3512//6834 3508//6834
f 3477//6835 3513//6835 3509//6835
f 3481//6836 3513//6836 3477//6836
f 3482//6837 3514//6837 3510//6837
f 3483//6838 3515//6838 3479//6838
f 3479//6839 3515//6839 3511//6839
f 3484//6840 3516//6840 3512//6840
f 3488//6841 3516//6841 3484//6841
f 3485//6842 3517//6842 3481//6842
f 3481//6843 3517//6843 3513//6843
f 3486//6844 3518//6844 3482//6844
f 3482//6845 3518//6845 3514//6845
f 3483//6846 3519//6846 3515//6846
f 3487//6847 3519//6847 3483//6847
f 3488//6848 3520//6848 3516//6848
f 3489//6849 3521//6849 3485//6849
f 3485//6850 3521//6850 3517//6850
f 3486//6851 3522//6851 3518//6851
f 3490//6852 3522//6852 3486//6852
f 3487//6853 3523//6853 3519//6853
f 3491//6854 3523//6854 3487//6854
f 3492//6855 3523//6855 3491//6855
f 3524//6856 3523//6856 3492//6856
f 3488//6857 3525//6857 3520//6857
f 3493//6858 3525//6858 3488//6858
f 3497//6859 3525//6859 3493//6859
f 3489//6860 3526//6860 3521//6860
f 3494//6861 3526//6861 3489//6861
f 3498//6862 3526//6862 3494//6862
f 3495//6863 3527//6863 3490//6863
f 3490//6864 3527//6864 3522//6864
f 3499//6865 3527//6865 3495//6865
f 255//6866 3528//6866 256//6866
f 3496//6867 3528//6867 255//6867
f 3497//6868 3529//6868 3525//6868
f 3498//6869 3530//6869 3526//6869
f 3499//6870 3531//6870 3527//6870
f 3504//6871 3532//6871 3500//6871
f 3500//6872 3532//6872 3496//6872
f 3496//6873 3532//6873 3528//6873
f 3505//6874 3533//6874 3501//6874
f 3501//6875 3533//6875 3497//6875
f 3497//6876 3533//6876 3529//6876
f 3502//6877 3534//6877 3498//6877
f 3498//6878 3534//6878 3530//6878
f 3507//6879 3535//6879 3503//6879
f 3499//6880 3535//6880 3531//6880
f 3503//6881 3535//6881 3499//6881
f 3504//6882 3536//6882 3532//6882
f 3505//6883 3537//6883 3533//6883
f 3506//6884 3538//6884 3502//6884
f 3502//6885 3538//6885 3534//6885
f 3507//6886 3539//6886 3535//6886
f 3504//6887 3540//6887 3536//6887
f 3508//6888 3540//6888 3504//6888
f 3505//6889 3541//6889 3537//6889
f 3509//6890 3541//6890 3505//6890
f 3510//6891 3542//6891 3506//6891
f 3506//6892 3542//6892 3538//6892
f 3511//6893 3543//6893 3507//6893
f 3507//6894 3543//6894 3539//6894
f 3516//6895 3544//6895 3512//6895
f 3508//6896 3544//6896 3540//6896
f 3512//6897 3544//6897 3508//6897
f 3513//6898 3545//6898 3509//6898
f 3509//6899 3545//6899 3541//6899
f 3518//6900 3546//6900 3514//6900
f 3514//6901 3546//6901 3510//6901
f 3510//6902 3546//6902 3542//6902
f 3511//6903 3547//6903 3543//6903
f 3515//6904 3547//6904 3511//6904
f 3516//6905 3548//6905 3544//6905
f 3520//6906 3548//6906 3516//6906
f 3513//6907 3549//6907 3545//6907
f 3521//6908 3549//6908 3517//6908
f 3517//6909 3549//6909 3513//6909
f 3518//6910 3550//6910 3546//6910
f 3515//6911 3551//6911 3547//6911
f 3519//6912 3551//6912 3515//6912
f 3520//6913 3552//6913 3548//6913
f 3521//6914 3553//6914 3549//6914
f 3518//6915 3554//6915 3550//6915
f 3522//6916 3554//6916 3518//6916
f 3519//6917 3555//6917 3551//6917
f 3523//6918 3555//6918 3519//6918
f 3524//6919 3555//6919 3523//6919
f 3556//6920 3555//6920 3524//6920
f 3529//6921 3557//6921 3525//6921
f 3525//6922 3557//6922 3520//6922
f 3520//6923 3557//6923 3552//6923
f 3521//6924 3558//6924 3553//6924
f 3526//6925 3558//6925 3521//6925
f 3522//6926 3559//6926 3554//6926
f 3527//6927 3559//6927 3522//6927
f 3528//6928 3560//6928 256//6928
f 256//6929 3560//6929 257//6929
f 3533//6930 3561//6930 3529//6930
f 3529//6931 3561//6931 3557//6931
f 3530//6932 3562//6932 3526//6932
f 3526//6933 3562//6933 3558//6933
f 3527//6934 3563//6934 3559//6934
f 3531//6935 3563//6935 3527//6935
f 3528//6936 3564//6936 3560//6936
f 3532//6937 3564//6937 3528//6937
f 3533//6938 3565//6938 3561//6938
f 3538//6939 3566//6939 3534//6939
f 3530//6940 3566//6940 3562//6940
f 3534//6941 3566//6941 3530//6941
f 3535//6942 3567//6942 3531//6942
f 3531//6943 3567//6943 3563//6943
f 3532//6944 3568//6944 3564//6944
f 3536//6945 3568//6945 3532//6945
f 3533//6946 3569//6946 3565//6946
f 3537//6947 3569//6947 3533//6947
f 3542//6948 3570//6948 3538//6948
f 3538//6949 3570//6949 3566//6949
f 3539//6950 3571//6950 3535//6950
f 3543//6951 3571//6951 3539//6951
f 3535//6952 3571//6952 3567//6952
f 3540//6953 3572//6953 3536//6953
f 3536//6954 3572//6954 3568//6954
f 3537//6955 3573//6955 3569//6955
f 3541//6956 3573//6956 3537//6956
f 3542//6957 3574//6957 3570//6957
f 3543//6958 3575//6958 3571//6958
f 3540//6959 3576//6959 3572//6959
f 3544//6960 3576//6960 3540//6960
f 3541//6961 3577//6961 3573//6961
f 3545//6962 3577//6962 3541//6962
f 3542//6963 3578//6963 3574//6963
f 3550//6964 3578//6964 3546//6964
f 3546//6965 3578//6965 3542//6965
f 3543//6966 3579//6966 3575//6966
f 3547//6967 3579//6967 3543//6967
f 3544//6968 3580//6968 3576//6968
f 3548//6969 3580//6969 3544//6969
f 3549//6970 3581//6970 3545//6970
f 3545//6971 3581//6971 3577//6971
f 3550//6972 3582//6972 3578//6972
f 3551//6973 3583//6973 3547//6973
f 3547//6974 3583//6974 3579//6974
f 3555//6975 3583//6975 3551//6975
f 3552//6976 3584//6976 3548//6976
f 3548//6977 3584//6977 3580//6977
f 3549//6978 3585//6978 3581//6978
f 3553//6979 3585//6979 3549//6979
f 3550//6980 3586//6980 3582//6980
f 3554//6981 3586//6981 3550//6981
f 3555//6982 3587//6982 3583//6982
f 3556//6983 3587//6983 3555//6983
f 3588//6984 3587//6984 3556//6984
f 3557//6985 3589//6985 3552//6985
f 3552//6986 3589//6986 3584//6986
f 3558//6987 3590//6987 3553//6987
f 3553//6988 3590//6988 3585//6988
f 3554//6989 3591//6989 3586//6989
f 3559//6990 3591//6990 3554//6990
f 3563//6991 3591//6991 3559//6991
f 3560//6992 3592//6992 257//6992
f 257//6993 3592//6993 258//6993
f 3557//6994 3593//6994 3589//6994
f 3561//6995 3593//6995 3557//6995
f 3558//6996 3594//6996 3590//6996
f 3562//6997 3594//6997 3558//6997
f 3563//6998 3595//6998 3591//6998
f 3560//6999 3596//6999 3592//6999
f 3564//7000 3596//7000 3560//7000
f 3565//7001 3597//7001 3561//7001
f 3561//7002 3597//7002 3593//7002
f 3562//7003 3598//7003 3594//7003
f 3566//7004 3598//7004 3562//7004
f 3567//7005 3599//7005 3563//7005
f 3563//7006 3599//7006 3595//7006
f 3564//7007 3600//7007 3596//7007
f 3568//7008 3600//7008 3564//7008
f 3565//7009 3601//7009 3597//7009
f 3569//7010 3601//7010 3565//7010
f 3570//7011 3602//7011 3566//7011
f 3566//7012 3602//7012 3598//7012
f 3571//7013 3603//7013 3567//7013
f 3567//7014 3603//7014 3599//7014
f 3572//7015 3604//7015 3568//7015
f 3568//7016 3604//7016 3600//7016
f 3573//7017 3605//7017 3569//7017
f 3569//7018 3605//7018 3601//7018
f 3574//7019 3606//7019 3570//7019
f 3570//7020 3606//7020 3602//7020
f 3575//7021 3607//7021 3571//7021
f 3579//7022 3607//7022 3575//7022
f 3571//7023 3607//7023 3603//7023
f 3576//7024 3608//7024 3572//7024
f 3572//7025 3608//7025 3604//7025
f 3573//7026 3609//7026 3605//7026
f 3577//7027 3609//7027 3573//7027
f 3578//7028 3610//7028 3574//7028
f 3574//7029 3610//7029 3606//7029
f 3579//7030 3611//7030 3607//7030
f 3580//7031 3612//7031 3576//7031
f 3576//7032 3612//7032 3608//7032
f 3581//7033 3613//7033 3577//7033
f 3577//7034 3613//7034 3609//7034
f 3585//7035 3613//7035 3581//7035
f 3582//7036 3614//7036 3578//7036
f 3578//7037 3614//7037 3610//7037
f 3579//7038 3615//7038 3611//7038
f 3583//7039 3615//7039 3579//7039
f 3587//7040 3615//7040 3583//7040
f 3580//7041 3616//7041 3612//7041
f 3584//7042 3616//7042 3580//7042
f 3589//7043 3616//7043 3584//7043
f 3585//7044 3617//7044 3613//7044
f 3582//7045 3618//7045 3614//7045
f 3586//7046 3618//7046 3582//7046
f 3587//7047 3619//7047 3615//7047
f 3588//7048 3619//7048 3587//7048
f 3620//7049 3619//7049 3588//7049
f 3589//7050 3621//7050 3616//7050
f 3590//7051 3622//7051 3585//7051
f 3585//7052 3622//7052 3617//7052
f 3586//7053 3623//7053 3618//7053
f 3591//7054 3623//7054 3586//7054
f 258//7055 3624//7055 259//7055
f 3592//7056 3624//7056 258//7056
f 3589//7057 3625//7057 3621//7057
f 3593//7058 3625//7058 3589//7058
f 3590//7059 3626//7059 3622//7059
f 3594//7060 3626//7060 3590//7060
f 3591//7061 3627//7061 3623//7061
f 3595//7062 3627//7062 3591//7062
f 3592//7063 3628//7063 3624//7063
f 3596//7064 3628//7064 3592//7064
f 3600//7065 3628//7065 3596//7065
f 3601//7066 3629//7066 3597//7066
f 3593//7067 3629//7067 3625//7067
f 3597//7068 3629//7068 3593//7068
f 3598//7069 3630//7069 3594//7069
f 3594//7070 3630//7070 3626//7070
f 3602//7071 3630//7071 3598//7071
f 3595//7072 3631//7072 3627//7072
f 3599//7073 3631//7073 3595//7073
f 3600//7074 3632//7074 3628//7074
f 3601//7075 3633//7075 3629//7075
f 3606//7076 3634//7076 3602//7076
f 3602//7077 3634//7077 3630//7077
f 3603//7078 3635//7078 3599//7078
f 3599//7079 3635//7079 3631//7079
f 3604//7080 3636//7080 3600//7080
f 3600//7081 3636//7081 3632//7081
f 3601//7082 3637//7082 3633//7082
f 3605//7083 3637//7083 3601//7083
f 3606//7084 3638//7084 3634//7084
f 3611//7085 3639//7085 3607//7085
f 3603//7086 3639//7086 3635//7086
f 3607//7087 3639//7087 3603//7087
f 3608//7088 3640//7088 3604//7088
f 3604//7089 3640//7089 3636//7089
f 3609//7090 3641//7090 3605//7090
f 3605//7091 3641//7091 3637//7091
f 3606//7092 3642//7092 3638//7092
f 3610//7093 3642//7093 3606//7093
f 3611//7094 3643//7094 3639//7094
f 3608//7095 3644//7095 3640//7095
f 3612//7096 3644//7096 3608//7096
f 3613//7097 3645//7097 3609//7097
f 3609//7098 3645//7098 3641//7098
f 3610//7099 3646//7099 3642//7099
f 3614//7100 3646//7100 3610//7100
f 3611//7101 3647//7101 3643//7101
f 3615//7102 3647//7102 3611//7102
f 3612//7103 3648//7103 3644//7103
f 3616//7104 3648//7104 3612//7104
f 3613//7105 3649//7105 3645//7105
f 3617//7106 3649//7106 3613//7106
f 3618//7107 3650//7107 3614//7107
f 3614//7108 3650//7108 3646//7108
f 3615//7109 3651//7109 3647//7109
f 3619//7110 3651//7110 3615//7110
f 3620//7111 3651//7111 3619//7111
f 3652//7112 3651//7112 3620//7112
f 3616//7113 3653//7113 3648//7113
f 3621//7114 3653//7114 3616//7114
f 3617//7115 3654//7115 3649//7115
f 3622//7116 3654//7116 3617//7116
f 3626//7117 3654//7117 3622//7117
f 3618//7118 3655//7118 3650//7118
f 3623//7119 3655//7119 3618//7119
f 3627//7120 3655//7120 3623//7120
f 259//7121 3656//7121 260//7121
f 3624//7122 3656//7122 259//7122
f 3625//7123 3657//7123 3621//7123
f 3621//7124 3657//7124 3653//7124
f 3626//7125 3658//7125 3654//7125
f 3627//7126 3659//7126 3655//7126
f 3624//7127 3660//7127 3656//7127
f 3628//7128 3660//7128 3624//7128
f 3629//7129 3661//7129 3625//7129
f 3625//7130 3661//7130 3657//7130
f 3626//7131 3662//7131 3658//7131
f 3630//7132 3662//7132 3626//7132
f 3627//7133 3663//7133 3659//7133
f 3631//7134 3663//7134 3627//7134
f 3636//7135 3664//7135 3632//7135
f 3632//7136 3664//7136 3628//7136
f 3628//7137 3664//7137 3660//7137
f 3629//7138 3665//7138 3661//7138
f 3633//7139 3665//7139 3629//7139
f 3630//7140 3666//7140 3662//7140
f 3634//7141 3666//7141 3630//7141
f 3631//7142 3667//7142 3663//7142
f 3635//7143 3667//7143 3631//7143
f 3636//7144 3668//7144 3664//7144
f 3637//7145 3669//7145 3633//7145
f 3633//7146 3669//7146 3665//7146
f 3638//7147 3670//7147 3634//7147
f 3634//7148 3670//7148 3666//7148
f 3639//7149 3671//7149 3635//7149
f 3635//7150 3671//7150 3667//7150
f 3644//7151 3672//7151 3640//7151
f 3640//7152 3672//7152 3636//7152
f 3636//7153 3672//7153 3668//7153
f 3637//7154 3673//7154 3669//7154
f 3641//7155 3673//7155 3637//7155
f 3642//7156 3674//7156 3638//7156
f 3646//7157 3674//7157 3642//7157
f 3638//7158 3674//7158 3670//7158
f 3643//7159 3675//7159 3639//7159
f 3639//7160 3675//7160 3671//7160
f 3644//7161 3676//7161 3672//7161
f 3645//7162 3677//7162 3641//7162
f 3641//7163 3677//7163 3673//7163
f 3646//7164 3678//7164 3674//7164
f 3647//7165 3679//7165 3643//7165
f 3643//7166 3679//7166 3675//7166
f 3648//7167 3680//7167 3644//7167
f 3653//7168 3680//7168 3648//7168
f 3644//7169 3680//7169 3676//7169
f 3649//7170 3681//7170 3645//7170
f 3645//7171 3681//7171 3677//7171
f 3650//7172 3682//7172 3646//7172
f 3646//7173 3682//7173 3678//7173
f 3651//7174 3683//7174 3647//7174
f 3652//7175 3683//7175 3651//7175
f 3647//7176 3683//7176 3679//7176
f 3684//7177 3683//7177 3652//7177
f 3657//7178 3685//7178 3653//7178
f 3653//7179 3685//7179 3680//7179
f 3654//7180 3686//7180 3649//7180
f 3649//7181 3686//7181 3681//7181
f 3650//7182 3687//7182 3682//7182
f 3655//7183 3687//7183 3650//7183
f 3656//7184 3688//7184 260//7184
f 260//7185 3688//7185 261//7185
f 3661//7186 3689//7186 3657//7186
f 3657//7187 3689//7187 3685//7187
f 3654//7188 3690//7188 3686//7188
f 3658//7189 3690//7189 3654//7189
f 3659//7190 3691//7190 3655//7190
f 3655//7191 3691//7191 3687//7191
f 3656//7192 3692//7192 3688//7192
f 3660//7193 3692//7193 3656//7193
f 3661//7194 3693//7194 3689//7194
f 3665//7195 3693//7195 3661//7195
f 3658//7196 3694//7196 3690//7196
f 3662//7197 3694//7197 3658//7197
f 3659//7198 3695//7198 3691//7198
f 3663//7199 3695//7199 3659//7199
f 3664//7200 3696//7200 3660//7200
f 3668//7201 3696//7201 3664//7201
f 3660//7202 3696//7202 3692//7202
f 3665//7203 3697//7203 3693//7203
f 3662//7204 3698//7204 3694//7204
f 3666//7205 3698//7205 3662//7205
f 3663//7206 3699//7206 3695//7206
f 3667//7207 3699//7207 3663//7207
f 3671//7208 3699//7208 3667//7208
f 3668//7209 3700//7209 3696//7209
f 3669//7210 3701//7210 3665//7210
f 3665//7211 3701//7211 3697//7211
f 3670//7212 3702//7212 3666//7212
f 3666//7213 3702//7213 3698//7213
f 3671//7214 3703//7214 3699//7214
f 3676//7215 3704//7215 3672//7215
f 3668//7216 3704//7216 3700//7216
f 3672//7217 3704//7217 3668//7217
f 3669//7218 3705//7218 3701//7218
f 3673//7219 3705//7219 3669//7219
f 3670//7220 3706//7220 3702//7220
f 3674//7221 3706//7221 3670//7221
f 3675//7222 3707//7222 3671//7222
f 3679//7223 3707//7223 3675//7223
f 3671//7224 3707//7224 3703//7224
f 3676//7225 3708//7225 3704//7225
f 3677//7226 3709//7226 3673//7226
f 3681//7227 3709//7227 3677//7227
f 3673//7228 3709//7228 3705//7228
f 3678//7229 3710//7229 3674//7229
f 3674//7230 3710//7230 3706//7230
f 3683//7231 3711//7231 3679//7231
f 3679//7232 3711//7232 3707//7232
f 3676//7233 3712//7233 3708//7233
f 3680//7234 3712//7234 3676//7234
f 3685//7235 3712//7235 3680//7235
f 3681//7236 3713//7236 3709//7236
f 3682//7237 3714//7237 3678//7237
f 3678//7238 3714//7238 3710//7238
f 3683//7239 3715//7239 3711//7239
f 3684//7240 3715//7240 3683//7240
f 3716//7241 3715//7241 3684//7241
f 3685//7242 3717//7242 3712//7242
f 3689//7243 3717//7243 3685//7243
f 3686//7244 3718//7244 3681//7244
f 3690//7245 3718//7245 3686//7245
f 3681//7246 3718//7246 3713//7246
f 3682//7247 3719//7247 3714//7247
f 3687//7248 3719//7248 3682//7248
f 261//7249 3720//7249 262//7249
f 3688//7250 3720//7250 261//7250
f 3689//7251 3721//7251 3717//7251
f 3693//7252 3721//7252 3689//7252
f 3690//7253 3722//7253 3718//7253
f 3687//7254 3723//7254 3719//7254
f 3691//7255 3723//7255 3687//7255
f 3692//7256 3724//7256 3688//7256
f 3688//7257 3724//7257 3720//7257
f 3693//7258 3725//7258 3721//7258
f 3697//7259 3725//7259 3693//7259
f 3690//7260 3726//7260 3722//7260
f 3694//7261 3726//7261 3690//7261
f 3691//7262 3727//7262 3723//7262
f 3695//7263 3727//7263 3691//7263
f 3696//7264 3728//7264 3692//7264
f 3692//7265 3728//7265 3724//7265
f 3697//7266 3729//7266 3725//7266
f 3694//7267 3730//7267 3726//7267
f 3698//7268 3730//7268 3694//7268
f 3702//7269 3730//7269 3698//7269
f 3695//7270 3731//7270 3727//7270
f 3699//7271 3731//7271 3695//7271
f 3700//7272 3732//7272 3696//7272
f 3696//7273 3732//7273 3728//7273
f 3697//7274 3733//7274 3729//7274
f 3701//7275 3733//7275 3697//7275
f 3706//7276 3734//7276 3702//7276
f 3702//7277 3734//7277 3730//7277
f 3699//7278 3735//7278 3731//7278
f 3703//7279 3735//7279 3699//7279
f 3704//7280 3736//7280 3700//7280
f 3700//7281 3736//7281 3732//7281
f 3705//7282 3737//7282 3701//7282
f 3701//7283 3737//7283 3733//7283
f 3710//7284 3738//7284 3706//7284
f 3706//7285 3738//7285 3734//7285
f 3707//7286 3739//7286 3703//7286
f 3703//7287 3739//7287 3735//7287
f 3704//7288 3740//7288 3736//7288
f 3708//7289 3740//7289 3704//7289
f 3713//7290 3741//7290 3709//7290
f 3709//7291 3741//7291 3705//7291
f 3705//7292 3741//7292 3737//7292
f 3710//7293 3742//7293 3738//7293
f 3707//7294 3743//7294 3739//7294
f 3711//7295 3743//7295 3707//7295
f 3712//7296 3744//7296 3708//7296
f 3708//7297 3744//7297 3740//7297
f 3717//7298 3744//7298 3712//7298
f 3713//7299 3745//7299 3741//7299
f 3710//7300 3746//7300 3742//7300
f 3714//7301 3746//7301 3710//7301
f 3715//7302 3747//7302 3711//7302
f 3716//7303 3747//7303 3715//7303
f 3711//7304 3747//7304 3743//7304
f 3748//7305 3747//7305 3716//7305
f 3717//7306 3749//7306 3744//7306
f 3722//7307 3750//7307 3718//7307
f 3718//7308 3750//7308 3713//7308
f 3713//7309 3750//7309 3745//7309
f 3719//7310 3751//7310 3714//7310
f 3723//7311 3751//7311 3719//7311
f 3714//7312 3751//7312 3746//7312
f 262//7313 3752//7313 263//7313
f 3720//7314 3752//7314 262//7314
f 3717//7315 3753//7315 3749//7315
f 3721//7316 3753//7316 3717//7316
f 3725//7317 3753//7317 3721//7317
f 3722//7318 3754//7318 3750//7318
f 3723//7319 3755//7319 3751//7319
f 3720//7320 3756//7320 3752//7320
f 3724//7321 3756//7321 3720//7321
f 3725//7322 3757//7322 3753//7322
f 3729//7323 3757//7323 3725//7323
f 3726//7324 3758//7324 3722//7324
f 3722//7325 3758//7325 3754//7325
f 3723//7326 3759//7326 3755//7326
f 3727//7327 3759//7327 3723//7327
f 3724//7328 3760//7328 3756//7328
f 3732//7329 3760//7329 3728//7329
f 3728//7330 3760//7330 3724//7330
f 3729//7331 3761//7331 3757//7331
f 3730//7332 3762//7332 3726//7332
f 3734//7333 3762//7333 3730//7333
f 3726//7334 3762//7334 3758//7334
f 3727//7335 3763//7335 3759//7335
f 3731//7336 3763//7336 3727//7336
f 3735//7337 3763//7337 3731//7337
f 3732//7338 3764//7338 3760//7338
f 3729//7339 3765//7339 3761//7339
f 3733//7340 3765//7340 3729//7340
f 3738//7341 3766//7341 3734//7341
f 3734//7342 3766//7342 3762//7342
f 3735//7343 3767//7343 3763//7343
f 3732//7344 3768//7344 3764//7344
f 3736//7345 3768//7345 3732//7345
f 3737//7346 3769//7346 3733//7346
f 3733//7347 3769//7347 3765//7347
f 3738//7348 3770//7348 3766//7348
f 3742//7349 3770//7349 3738//7349
f 3743//7350 3771//7350 3739//7350
f 3735//7351 3771//7351 3767//7351
f 3739//7352 3771//7352 3735//7352
f 3740//7353 3772//7353 3736//7353
f 3736//7354 3772//7354 3768//7354
f 3737//7355 3773//7355 3769//7355
f 3741//7356 3773//7356 3737//7356
f 3742//7357 3774//7357 3770//7357
f 3747//7358 3775//7358 3743//7358
f 3743//7359 3775//7359 3771//7359
f 3740//7360 3776//7360 3772//7360
f 3744//7361 3776//7361 3740//7361
f 3745//7362 3777//7362 3741//7362
f 3741//7363 3777//7363 3773//7363
f 3746//7364 3778//7364 3742//7364
f 3742//7365 3778//7365 3774//7365
f 3748//7366 3779//7366 3747//7366
f 3747//7367 3779//7367 3775//7367
f 3780//7368 3779//7368 3748//7368
f 3744//7369 3781//7369 3776//7369
f 3749//7370 3781//7370 3744//7370
f 3750//7371 3782//7371 3745//7371
f 3745//7372 3782//7372 3777//7372
f 3755//7373 3783//7373 3751//7373
f 3746//7374 3783//7374 3778//7374
f 3751//7375 3783//7375 3746//7375
f 263//7376 3784//7376 264//7376
f 3752//7377 3784//7377 263//7377
f 3749//7378 3785//7378 3781//7378
f 3753//7379 3785//7379 3749//7379
f 3750//7380 3786//7380 3782//7380
f 3754//7381 3786//7381 3750//7381
f 3755//7382 3787//7382 3783//7382
f 3756//7383 3788//7383 3752//7383
f 3752//7384 3788//7384 3784//7384
f 3753//7385 3789//7385 3785//7385
f 3757//7386 3789//7386 3753//7386
f 3761//7387 3789//7387 3757//7387
f 3758//7388 3790//7388 3754//7388
f 3754//7389 3790//7389 3786//7389
f 3755//7390 3791//7390 3787//7390
f 3759//7391 3791//7391 3755//7391
f 3756//7392 3792//7392 3788//7392
f 3760//7393 3792//7393 3756//7393
f 3761//7394 3793//7394 3789//7394
f 3766//7395 3794//7395 3762//7395
f 3758//7396 3794//7396 3790//7396
f 3762//7397 3794//7397 3758//7397
f 3759//7398 3795//7398 3791//7398
f 3767//7399 3795//7399 3763//7399
f 3763//7400 3795//7400 3759//7400
f 3760//7401 3796//7401 3792//7401
f 3764//7402 3796//7402 3760//7402
f 3761//7403 3797//7403 3793//7403
f 3765//7404 3797//7404 3761//7404
f 3766//7405 3798//7405 3794//7405
f 3767//7406 3799//7406 3795//7406
f 3764//7407 3800//7407 3796//7407
f 3768//7408 3800//7408 3764//7408
f 3765//7409 3801//7409 3797//7409
f 3769//7410 3801//7410 3765//7410
f 3766//7411 3802//7411 3798//7411
f 3770//7412 3802//7412 3766//7412
f 3774//7413 3802//7413 3770//7413
f 3771//7414 3803//7414 3767//7414
f 3767//7415 3803//7415 3799//7415
f 3775//7416 3803//7416 3771//7416
f 3772//7417 3804//7417 3768//7417
f 3768//7418 3804//7418 3800//7418
f 3773//7419 3805//7419 3769//7419
f 3769//7420 3805//7420 3801//7420
f 3774//7421 3806//7421 3802//7421
f 3779//7422 3807//7422 3775//7422
f 3775//7423 3807//7423 3803//7423
f 3772//7424 3808//7424 3804//7424
f 3776//7425 3808//7425 3772//7425
f 3782//7426 3809//7426 3777//7426
f 3777//7427 3809//7427 3773//7427
f 3773//7428 3809//7428 3805//7428
f 3778//7429 3810//7429 3774//7429
f 3774//7430 3810//7430 3806//7430
f 3780//7431 3811//7431 3779//7431
f 3779//7432 3811//7432 3807//7432
f 3812//7433 3811//7433 3780//7433
f 3781//7434 3813//7434 3776//7434
f 3776//7435 3813//7435 3808//7435
f 3782//7436 3814//7436 3809//7436
f 3783//7437 3815//7437 3778//7437
f 3778//7438 3815//7438 3810//7438
f 3784//7439 3816//7439 264//7439
f 264//7440 3816//7440 265//7440
f 3781//7441 3817//7441 3813//7441
f 3785//7442 3817//7442 3781//7442
f 3782//7443 3818//7443 3814//7443
f 3786//7444 3818//7444 3782//7444
f 3783//7445 3819//7445 3815//7445
f 3787//7446 3819//7446 3783//7446
f 3788//7447 3820//7447 3784//7447
f 3784//7448 3820//7448 3816//7448
f 3785//7449 3821//7449 3817//7449
f 3789//7450 3821//7450 3785//7450
f 3790//7451 3822//7451 3786//7451
f 3786//7452 3822//7452 3818//7452
f 3795//7453 3823//7453 3791//7453
f 3787//7454 3823//7454 3819//7454
f 3791//7455 3823//7455 3787//7455
f 3792//7456 3824//7456 3788//7456
f 3788//7457 3824//7457 3820//7457
f 3789//7458 3825//7458 3821//7458
f 3793//7459 3825//7459 3789//7459
f 3790//7460 3826//7460 3822//7460
f 3794//7461 3826//7461 3790//7461
f 3795//7462 3827//7462 3823//7462
f 3799//7463 3827//7463 3795//7463
f 3792//7464 3828//7464 3824//7464
f 3796//7465 3828//7465 3792//7465
f 3793//7466 3829//7466 3825//7466
f 3797//7467 3829//7467 3793//7467
f 3794//7468 3830//7468 3826//7468
f 3798//7469 3830//7469 3794//7469
f 3799//7470 3831//7470 3827//7470
f 3800//7471 3832//7471 3796//7471
f 3796//7472 3832//7472 3828//7472
f 3801//7473 3833//7473 3797//7473
f 3797//7474 3833//7474 3829//7474
f 3802//7475 3834//7475 3798//7475
f 3798//7476 3834//7476 3830//7476
f 3799//7477 3835//7477 3831//7477
f 3803//7478 3835//7478 3799//7478
f 3807//7479 3835//7479 3803//7479
f 3800//7480 3836//7480 3832//7480
f 3804//7481 3836//7481 3800//7481
f 3805//7482 3837//7482 3801//7482
f 3801//7483 3837//7483 3833//7483
f 3802//7484 3838//7484 3834//7484
f 3806//7485 3838//7485 3802//7485
f 3807//7486 3839//7486 3835//7486
f 3808//7487 3840//7487 3804//7487
f 3804//7488 3840//7488 3836//7488
f 3809//7489 3841//7489 3805//7489
f 3805//7490 3841//7490 3837//7490
f 3806//7491 3842//7491 3838//7491
f 3810//7492 3842//7492 3806//7492
f 3812//7493 3843//7493 3811//7493
f 3807//7494 3843//7494 3839//7494
f 3844//7495 3843//7495 3812//7495
f 3811//7496 3843//7496 3807//7496
f 3808//7497 3845//7497 3840//7497
f 3813//7498 3845//7498 3808//7498
f 3809//7499 3846//7499 3841//7499
f 3814//7500 3846//7500 3809//7500
f 3810//7501 3847//7501 3842//7501
f 3815//7502 3847//7502 3810//7502
f 3816//7503 3848//7503 265//7503
f 265//7504 3848//7504 266//7504
f 3817//7505 3849//7505 3813//7505
f 3813//7506 3849//7506 3845//7506
f 3818//7507 3850//7507 3814//7507
f 3814//7508 3850//7508 3846//7508
f 3819//7509 3851//7509 3815//7509
f 3815//7510 3851//7510 3847//7510
f 3820//7511 3852//7511 3816//7511
f 3816//7512 3852//7512 3848//7512
f 3821//7513 3853//7513 3817//7513
f 3817//7514 3853//7514 3849//7514
f 3822//7515 3854//7515 3818//7515
f 3818//7516 3854//7516 3850//7516
f 3823//7517 3855//7517 3819//7517
f 3819//7518 3855//7518 3851//7518
f 3824//7519 3856//7519 3820//7519
f 3820//7520 3856//7520 3852//7520
f 3821//7521 3857//7521 3853//7521
f 3825//7522 3857//7522 3821//7522
f 3822//7523 3858//7523 3854//7523
f 3826//7524 3858//7524 3822//7524
f 3823//7525 3859//7525 3855//7525
f 3827//7526 3859//7526 3823//7526
f 3832//7527 3860//7527 3828//7527
f 3824//7528 3860//7528 3856//7528
f 3828//7529 3860//7529 3824//7529
f 3825//7530 3861//7530 3857//7530
f 3829//7531 3861//7531 3825//7531
f 3826//7532 3862//7532 3858//7532
f 3830//7533 3862//7533 3826//7533
f 3827//7534 3863//7534 3859//7534
f 3831//7535 3863//7535 3827//7535
f 3832//7536 3864//7536 3860//7536
f 3833//7537 3865//7537 3829//7537
f 3829//7538 3865//7538 3861//7538
f 3834//7539 3866//7539 3830//7539
f 3830//7540 3866//7540 3862//7540
f 3831//7541 3867//7541 3863//7541
f 3835//7542 3867//7542 3831//7542
f 3832//7543 3868//7543 3864//7543
f 3836//7544 3868//7544 3832//7544
f 3833//7545 3869//7545 3865//7545
f 3837//7546 3869//7546 3833//7546
f 3838//7547 3870//7547 3834//7547
f 3834//7548 3870//7548 3866//7548
f 3835//7549 3871//7549 3867//7549
f 3839//7550 3871//7550 3835//7550
f 3836//7551 3872//7551 3868//7551
f 3840//7552 3872//7552 3836//7552
f 3841//7553 3873//7553 3837//7553
f 3837//7554 3873//7554 3869//7554
f 3838//7555 3874//7555 3870//7555
f 3842//7556 3874//7556 3838//7556
f 3843//7557 3875//7557 3839//7557
f 3839//7558 3875//7558 3871//7558
f 3844//7559 3875//7559 3843//7559
f 3876//7560 3875//7560 3844//7560
f 3845//7561 3877//7561 3840//7561
f 3840//7562 3877//7562 3872//7562
f 3841//7563 3878//7563 3873//7563
f 3846//7564 3878//7564 3841//7564
f 3847//7565 3879//7565 3842//7565
f 3842//7566 3879//7566 3874//7566
f 3848//7567 3880//7567 266//7567
f 266//7568 3880//7568 267//7568
f 3849//7569 3881//7569 3845//7569
f 3853//7570 3881//7570 3849//7570
f 3845//7571 3881//7571 3877//7571
f 3850//7572 3882//7572 3846//7572
f 3846//7573 3882//7573 3878//7573
f 3851//7574 3883//7574 3847//7574
f 3847//7575 3883//7575 3879//7575
f 3852//7576 3884//7576 3848//7576
f 3848//7577 3884//7577 3880//7577
f 3853//7578 3885//7578 3881//7578
f 3854//7579 3886//7579 3850//7579
f 3850//7580 3886//7580 3882//7580
f 3855//7581 3887//7581 3851//7581
f 3851//7582 3887//7582 3883//7582
f 3856//7583 3888//7583 3852//7583
f 3860//7584 3888//7584 3856//7584
f 3852//7585 3888//7585 3884//7585
f 3857//7586 3889//7586 3853//7586
f 3861//7587 3889//7587 3857//7587
f 3853//7588 3889//7588 3885//7588
f 3854//7589 3890//7589 3886//7589
f 3858//7590 3890//7590 3854//7590
f 3859//7591 3891//7591 3855//7591
f 3855//7592 3891//7592 3887//7592
f 3860//7593 3892//7593 3888//7593
f 3861//7594 3893//7594 3889//7594
f 3862//7595 3894//7595 3858//7595
f 3858//7596 3894//7596 3890//7596
f 3863//7597 3895//7597 3859//7597
f 3859//7598 3895//7598 3891//7598
f 3868//7599 3896//7599 3864//7599
f 3864//7600 3896//7600 3860//7600
f 3860//7601 3896//7601 3892//7601
f 3861//7602 3897//7602 3893//7602
f 3865//7603 3897//7603 3861//7603
f 3862//7604 3898//7604 3894//7604
f 3866//7605 3898//7605 3862//7605
f 3863//7606 3899//7606 3895//7606
f 3867//7607 3899//7607 3863//7607
f 3868//7608 3900//7608 3896//7608
f 3865//7609 3901//7609 3897//7609
f 3869//7610 3901//7610 3865//7610
f 3866//7611 3902//7611 3898//7611
f 3870//7612 3902//7612 3866//7612
f 3871//7613 3903//7613 3867//7613
f 3867//7614 3903//7614 3899//7614
f 3872//7615 3904//7615 3868//7615
f 3868//7616 3904//7616 3900//7616
f 3869//7617 3905//7617 3901//7617
f 3878//7618 3905//7618 3873//7618
f 3873//7619 3905//7619 3869//7619
f 3874//7620 3906//7620 3870//7620
f 3870//7621 3906//7621 3902//7621
f 3871//7622 3907//7622 3903//7622
f 3876//7623 3907//7623 3875//7623
f 3875//7624 3907//7624 3871//7624
f 3908//7625 3907//7625 3876//7625
f 3881//7626 3909//7626 3877//7626
f 3877//7627 3909//7627 3872//7627
f 3872//7628 3909//7628 3904//7628
f 3878//7629 3910//7629 3905//7629
f 3879//7630 3911//7630 3874//7630
f 3874//7631 3911//7631 3906//7631
f 267//7632 3912//7632 268//7632
f 3880//7633 3912//7633 267//7633
f 3881//7634 3913//7634 3909//7634
f 3885//7635 3913//7635 3881//7635
f 3882//7636 3914//7636 3878//7636
f 3878//7637 3914//7637 3910//7637
f 3886//7638 3914//7638 3882//7638
f 3883//7639 3915//7639 3879//7639
f 3879//7640 3915//7640 3911//7640
f 3884//7641 3916//7641 3880//7641
f 3880//7642 3916//7642 3912//7642
f 3885//7643 3917//7643 3913//7643
f 3890//7644 3918//7644 3886//7644
f 3886//7645 3918//7645 3914//7645
f 3887//7646 3919//7646 3883//7646
f 3883//7647 3919//7647 3915//7647
f 3888//7648 3920//7648 3884//7648
f 3884//7649 3920//7649 3916//7649
f 3885//7650 3921//7650 3917//7650
f 3889//7651 3921//7651 3885//7651
f 3890//7652 3922//7652 3918//7652
f 3891//7653 3923//7653 3887//7653
f 3887//7654 3923//7654 3919//7654
f 3892//7655 3924//7655 3888//7655
f 3888//7656 3924//7656 3920//7656
f 3889//7657 3925//7657 3921//7657
f 3893//7658 3925//7658 3889//7658
f 3898//7659 3926//7659 3894//7659
f 3894//7660 3926//7660 3890//7660
f 3890//7661 3926//7661 3922//7661
f 3895//7662 3927//7662 3891//7662
f 3899//7663 3927//7663 3895//7663
f 3891//7664 3927//7664 3923//7664
f 3892//7665 3928//7665 3924//7665
f 3896//7666 3928//7666 3892//7666
f 3897//7667 3929//7667 3893//7667
f 3893//7668 3929//7668 3925//7668
f 3898//7669 3930//7669 3926//7669
f 3899//7670 3931//7670 3927//7670
f 3900//7671 3932//7671 3896//7671
f 3896//7672 3932//7672 3928//7672
f 3901//7673 3933//7673 3897//7673
f 3897//7674 3933//7674 3929//7674
f 3902//7675 3934//7675 3898//7675
f 3898//7676 3934//7676 3930//7676
f 3899//7677 3935//7677 3931//7677
f 3903//7678 3935//7678 3899//7678
f 3900//7679 3936//7679 3932//7679
f 3904//7680 3936//7680 3900//7680
f 3905//7681 3937//7681 3901//7681
f 3901//7682 3937//7682 3933//7682
f 3906//7683 3938//7683 3902//7683
f 3902//7684 3938//7684 3934//7684
f 3903//7685 3939//7685 3935//7685
f 3907//7686 3939//7686 3903//7686
f 3908//7687 3939//7687 3907//7687
f 3940//7688 3939//7688 3908//7688
f 3904//7689 3941//7689 3936//7689
f 3909//7690 3941//7690 3904//7690
f 3905//7691 3942//7691 3937//7691
f 3910//7692 3942//7692 3905//7692
f 3906//7693 3943//7693 3938//7693
f 3911//7694 3943//7694 3906//7694
f 268//7695 3944//7695 269//7695
f 3912//7696 3944//7696 268//7696
f 3909//7697 3945//7697 3941//7697
f 3913//7698 3945//7698 3909//7698
f 3914//7699 3946//7699 3910//7699
f 3910//7700 3946//7700 3942//7700
f 3919//7701 3947//7701 3915//7701
f 3915//7702 3947//7702 3911//7702
f 3911//7703 3947//7703 3943//7703
f 3916//7704 3948//7704 3912//7704
f 3912//7705 3948//7705 3944//7705
f 3913//7706 3949//7706 3945//7706
f 3917//7707 3949//7707 3913//7707
f 3918//7708 3950//7708 3914//7708
f 3914//7709 3950//7709 3946//7709
f 3919//7710 3951//7710 3947//7710
f 3920//7711 3952//7711 3916//7711
f 3916//7712 3952//7712 3948//7712
f 3921//7713 3953//7713 3917//7713
f 3917//7714 3953//7714 3949//7714
f 3918//7715 3954//7715 3950//7715
f 3922//7716 3954//7716 3918//7716
f 3919//7717 3955//7717 3951//7717
f 3923//7718 3955//7718 3919//7718
f 3920//7719 3956//7719 3952//7719
f 3924//7720 3956//7720 3920//7720
f 3925//7721 3957//7721 3921//7721
f 3921//7722 3957//7722 3953//7722
f 3922//7723 3958//7723 3954//7723
f 3926//7724 3958//7724 3922//7724
f 3927//7725 3959//7725 3923//7725
f 3923//7726 3959//7726 3955//7726
f 3928//7727 3960//7727 3924//7727
f 3924//7728 3960//7728 3956//7728
f 3929//7729 3961//7729 3925//7729
f 3925//7730 3961//7730 3957//7730
f 3926//7731 3962//7731 3958//7731
f 3930//7732 3962//7732 3926//7732
f 3931//7733 3963//7733 3927//7733
f 3927//7734 3963//7734 3959//7734
f 3928//7735 3964//7735 3960//7735
f 3936//7736 3964//7736 3932//7736
f 3932//7737 3964//7737 3928//7737
f 3929//7738 3965//7738 3961//7738
f 3933//7739 3965//7739 3929//7739
f 3930//7740 3966//7740 3962//7740
f 3934//7741 3966//7741 3930//7741
f 3935//7742 3967//7742 3931//7742
f 3931//7743 3967//7743 3963//7743
f 3939//7744 3967//7744 3935//7744
f 3936//7745 3968//7745 3964//7745
f 3933//7746 3969//7746 3965//7746
f 3937//7747 3969//7747 3933//7747
f 3934//7748 3970//7748 3966//7748
f 3938//7749 3970//7749 3934//7749
f 3971//7750 3972//7750 3940//7750
f 3940//7751 3972//7751 3939//7751
f 3939//7752 3972//7752 3967//7752
f 3936//7753 3973//7753 3968//7753
f 3941//7754 3973//7754 3936//7754
f 3937//7755 3974//7755 3969//7755
f 3942//7756 3974//7756 3937//7756
f 3938//7757 3975//7757 3970//7757
f 3943//7758 3975//7758 3938//7758
f 269//7759 3976//7759 270//7759
f 3944//7760 3976//7760 269//7760
f 3941//7761 3977//7761 3973//7761
f 3945//7762 3977//7762 3941//7762
f 3946//7763 3978//7763 3942//7763
f 3942//7764 3978//7764 3974//7764
f 3943//7765 3979//7765 3975//7765
f 3947//7766 3979//7766 3943//7766
f 3944//7767 3980//7767 3976//7767
f 3948//7768 3980//7768 3944//7768
f 3945//7769 3981//7769 3977//7769
f 3949//7770 3981//7770 3945//7770
f 3953//7771 3981//7771 3949//7771
f 3946//7772 3982//7772 3978//7772
f 3950//7773 3982//7773 3946//7773
f 3951//7774 3983//7774 3947//7774
f 3947//7775 3983//7775 3979//7775
f 3952//7776 3984//7776 3948//7776
f 3948//7777 3984//7777 3980//7777
f 3953//7778 3985//7778 3981//7778
f 3954//7779 3986//7779 3950//7779
f 3950//7780 3986//7780 3982//7780
f 3951//7781 3987//7781 3983//7781
f 3955//7782 3987//7782 3951//7782
f 3956//7783 3988//7783 3952//7783
f 3952//7784 3988//7784 3984//7784
f 3953//7785 3989//7785 3985//7785
f 3957//7786 3989//7786 3953//7786
f 3954//7787 3990//7787 3986//7787
f 3958//7788 3990//7788 3954//7788
f 3955//7789 3991//7789 3987//7789
f 3959//7790 3991//7790 3955//7790
f 3956//7791 3992//7791 3988//7791
f 3964//7792 3992//7792 3960//7792
f 3960//7793 3992//7793 3956//7793
f 3957//7794 3993//7794 3989//7794
f 3961//7795 3993//7795 3957//7795
f 3958//7796 3994//7796 3990//7796
f 3962//7797 3994//7797 3958//7797
f 3963//7798 3995//7798 3959//7798
f 3959//7799 3995//7799 3991//7799
f 3964//7800 3996//7800 3992//7800
f 3965//7801 3997//7801 3961//7801
f 3961//7802 3997//7802 3993//7802
f 3966//7803 3998//7803 3962//7803
f 3962//7804 3998//7804 3994//7804
f 3963//7805 3999//7805 3995//7805
f 3967//7806 3999//7806 3963//7806
f 3964//7807 4000//7807 3996//7807
f 3968//7808 4000//7808 3964//7808
f 3973//7809 4000//7809 3968//7809
f 3965//7810 4001//7810 3997//7810
f 3974//7811 4001//7811 3969//7811
f 3969//7812 4001//7812 3965//7812
f 3966//7813 4002//7813 3998//7813
f 3970//7814 4002//7814 3966//7814
f 4003//7815 4004//7815 3971//7815
f 3967//7816 4004//7816 3999//7816
f 3971//7817 4004//7817 3972//7817
f 3972//7818 4004//7818 3967//7818
f 3973//7819 4005//7819 4000//7819
f 3977//7820 4005//7820 3973//7820
f 3974//7821 4006//7821 4001//7821
f 3970//7822 4007//7822 4002//7822
f 3975//7823 4007//7823 3970//7823
f 3976//7824 4008//7824 270//7824
f 270//7825 4008//7825 271//7825
f 3977//7826 4009//7826 4005//7826
f 3974//7827 4010//7827 4006//7827
f 3978//7828 4010//7828 3974//7828
f 3975//7829 4011//7829 4007//7829
f 3979//7830 4011//7830 3975//7830
f 3976//7831 4012//7831 4008//7831
f 3980//7832 4012//7832 3976//7832
f 3981//7833 4013//7833 3977//7833
f 3977//7834 4013//7834 4009//7834
f 3978//7835 4014//7835 4010//7835
f 3982//7836 4014//7836 3978//7836
f 3986//7837 4014//7837 3982//7837
f 3979//7838 4015//7838 4011//7838
f 3983//7839 4015//7839 3979//7839
f 3980//7840 4016//7840 4012//7840
f 3984//7841 4016//7841 3980//7841
f 3985//7842 4017//7842 3981//7842
f 3981//7843 4017//7843 4013//7843
f 3986//7844 4018//7844 4014//7844
f 3987//7845 4019//7845 3983//7845
f 3983//7846 4019//7846 4015//7846
f 3988//7847 4020//7847 3984//7847
f 3984//7848 4020//7848 4016//7848
f 3989//7849 4021//7849 3985//7849
f 3985//7850 4021//7850 4017//7850
f 3994//7851 4022//7851 3990//7851
f 3990//7852 4022//7852 3986//7852
f 3986//7853 4022//7853 4018//7853
f 3991//7854 4023//7854 3987//7854
f 3987//7855 4023//7855 4019//7855
f 3988//7856 4024//7856 4020//7856
f 3992//7857 4024//7857 3988//7857
f 3989//7858 4025//7858 4021//7858
f 3993//7859 4025//7859 3989//7859
f 3994//7860 4026//7860 4022//7860
f 3991//7861 4027//7861 4023//7861
f 3995//7862 4027//7862 3991//7862
f 3992//7863 4028//7863 4024//7863
f 3996//7864 4028//7864 3992//7864
f 3997//7865 4029//7865 3993//7865
f 3993//7866 4029//7866 4025//7866
f 3994//7867 4030//7867 4026//7867
f 3998//7868 4030//7868 3994//7868
f 3999//7869 4031//7869 3995//7869
f 3995//7870 4031//7870 4027//7870
f 3996//7871 4032//7871 4028//7871
f 4000//7872 4032//7872 3996//7872
f 4006//7873 4033//7873 4001//7873
f 4001//7874 4033//7874 3997//7874
f 3997//7875 4033//7875 4029//7875
f 3998//7876 4034//7876 4030//7876
f 4002//7877 4034//7877 3998//7877
f 4035//7878 4036//7878 4003//7878
f 4003//7879 4036//7879 4004//7879
f 4004//7880 4036//7880 3999//7880
f 3999//7881 4036//7881 4031//7881
f 4000//7882 4037//7882 4032//7882
f 4005//7883 4037//7883 4000//7883
f 4006//7884 4038//7884 4033//7884
f 4007//7885 4039//7885 4002//7885
f 4011//7886 4039//7886 4007//7886
f 4002//7887 4039//7887 4034//7887
f 271//7888 4040//7888 272//7888
f 4008//7889 4040//7889 271//7889
f 4005//7890 4041//7890 4037//7890
f 4009//7891 4041//7891 4005//7891
f 4006//7892 4042//7892 4038//7892
f 4010//7893 4042//7893 4006//7893
f 4014//7894 4042//7894 4010//7894
f 4011//7895 4043//7895 4039//7895
f 4008//7896 4044//7896 4040//7896
f 4012//7897 4044//7897 4008//7897
f 4013//7898 4045//7898 4009//7898
f 4009//7899 4045//7899 4041//7899
f 4018//7900 4046//7900 4014//7900
f 4014//7901 4046//7901 4042//7901
f 4011//7902 4047//7902 4043//7902
f 4015//7903 4047//7903 4011//7903
f 4012//7904 4048//7904 4044//7904
f 4016//7905 4048//7905 4012//7905
f 4013//7906 4049//7906 4045//7906
f 4017//7907 4049//7907 4013//7907
f 4018//7908 4050//7908 4046//7908
f 4023//7909 4051//7909 4019//7909
f 4019//7910 4051//7910 4015//7910
f 4015//7911 4051//7911 4047//7911
f 4020//7912 4052//7912 4016//7912
f 4016//7913 4052//7913 4048//7913
f 4021//7914 4053//7914 4017//7914
f 4017//7915 4053//7915 4049//7915
f 4022//7916 4054//7916 4018//7916
f 4026//7917 4054//7917 4022//7917
f 4018//7918 4054//7918 4050//7918
f 4027//7919 4055//7919 4023//7919
f 4023//7920 4055//7920 4051//7920
f 4024//7921 4056//7921 4020//7921
f 4020//7922 4056//7922 4052//7922
f 4028//7923 4056//7923 4024//7923
f 4025//7924 4057//7924 4021//7924
f 4021//7925 4057//7925 4053//7925
f 4026//7926 4058//7926 4054//7926
f 4027//7927 4059//7927 4055//7927
f 4028//7928 4060//7928 4056//7928
f 4029//7929 4061//7929 4025//7929
f 4025//7930 4061//7930 4057//7930
f 4026//7931 4062//7931 4058//7931
f 4030//7932 4062//7932 4026//7932
f 4034//7933 4062//7933 4030//7933
f 4027//7934 4063//7934 4059//7934
f 4031//7935 4063//7935 4027//7935
f 4036//7936 4063//7936 4031//7936
f 4032//7937 4064//7937 4028//7937
f 4037//7938 4064//7938 4032//7938
f 4028//7939 4064//7939 4060//7939
f 4029//7940 4065//7940 4061//7940
f 4033//7941 4065//7941 4029//7941
f 4034//7942 4066//7942 4062//7942
f 4067//7943 4068//7943 4035//7943
f 4069//7944 4068//7944 4067//7944
f 4036//7945 4068//7945 4063//7945
f 4035//7946 4068//7946 4036//7946
f 4037//7947 4070//7947 4064//7947
f 4041//7948 4070//7948 4037//7948
f 4033//7949 4071//7949 4065//7949
f 4038//7950 4071//7950 4033//7950
f 4039//7951 4072//7951 4034//7951
f 4043//7952 4072//7952 4039//7952
f 4034//7953 4072//7953 4066//7953
f 272//7954 4073//7954 273//7954
f 273//7955 4073//7955 274//7955
f 4040//7956 4073//7956 272//7956
f 4041//7957 4074//7957 4070//7957
f 4045//7958 4074//7958 4041//7958
f 4042//7959 4075//7959 4038//7959
f 4038//7960 4075//7960 4071//7960
f 4043//7961 4076//7961 4072//7961
f 4040//7962 4077//7962 4073//7962
f 4044//7963 4077//7963 4040//7963
f 4045//7964 4078//7964 4074//7964
f 4042//7965 4079//7965 4075//7965
f 4046//7966 4079//7966 4042//7966
f 4043//7967 4080//7967 4076//7967
f 4047//7968 4080//7968 4043//7968
f 4044//7969 4081//7969 4077//7969
f 4048//7970 4081//7970 4044//7970
f 4045//7971 4082//7971 4078//7971
f 4049//7972 4082//7972 4045//7972
f 4050//7973 4083//7973 4046//7973
f 4046//7974 4083//7974 4079//7974
f 4055//7975 4084//7975 4051//7975
f 4047//7976 4084//7976 4080//7976
f 4051//7977 4084//7977 4047//7977
f 4048//7978 4085//7978 4081//7978
f 4052//7979 4085//7979 4048//7979
f 4049//7980 4086//7980 4082//7980
f 4053//7981 4086//7981 4049//7981
f 4054//7982 4087//7982 4050//7982
f 4050//7983 4087//7983 4083//7983
f 4055//7984 4088//7984 4084//7984
f 4059//7985 4088//7985 4055//7985
f 4056//7986 4089//7986 4052//7986
f 4052//7987 4089//7987 4085//7987
f 4053//7988 4090//7988 4086//7988
f 4057//7989 4090//7989 4053//7989
f 4058//7990 4091//7990 4054//7990
f 4054//7991 4091//7991 4087//7991
f 4059//7992 4092//7992 4088//7992
f 4060//7993 4093//7993 4056//7993
f 4056//7994 4093//7994 4089//7994
f 4057//7995 4094//7995 4090//7995
f 4061//7996 4094//7996 4057//7996
f 4062//7997 4095//7997 4058//7997
f 4058//7998 4095//7998 4091//7998
f 4059//7999 4096//7999 4092//7999
f 4063//8000 4096//8000 4059//8000
f 4068//8001 4096//8001 4063//8001
f 4064//8002 4097//8002 4060//8002
f 4060//8003 4097//8003 4093//8003
f 4061//8004 4098//8004 4094//8004
f 4065//8005 4098//8005 4061//8005
f 4066//8006 4099//8006 4062//8006
f 4062//8007 4099//8007 4095//8007
f 4100//8008 4101//8008 4069//8008
f 4068//8009 4101//8009 4096//8009
f 4069//8010 4101//8010 4068//8010
f 4064//8011 4102//8011 4097//8011
f 4070//8012 4102//8012 4064//8012
f 4065//8013 4103//8013 4098//8013
f 4071//8014 4103//8014 4065//8014
f 4072//8015 4104//8015 4066//8015
f 4066//8016 4104//8016 4099//8016
f 4073//8017 4105//8017 274//8017
f 4074//8018 4106//8018 4070//8018
f 4070//8019 4106//8019 4102//8019
f 4075//8020 4107//8020 4071//8020
f 4071//8021 4107//8021 4103//8021
f 4072//8022 4108//8022 4104//8022
f 4076//8023 4108//8023 4072//8023
f 4077//8024 4109//8024 4073//8024
f 4073//8025 4109//8025 4105//8025
f 4078//8026 4110//8026 4074//8026
f 4074//8027 4110//8027 4106//8027
f 4075//8028 4111//8028 4107//8028
f 4079//8029 4111//8029 4075//8029
f 4076//8030 4112//8030 4108//8030
f 4080//8031 4112//8031 4076//8031
f 4077//8032 4113//8032 4109//8032
f 4081//8033 4113//8033 4077//8033
f 4082//8034 4114//8034 4078//8034
f 4078//8035 4114//8035 4110//8035
f 4079//8036 4115//8036 4111//8036
f 4083//8037 4115//8037 4079//8037
f 4080//8038 4116//8038 4112//8038
f 4084//8039 4116//8039 4080//8039
f 4081//8040 4117//8040 4113//8040
f 4085//8041 4117//8041 4081//8041
f 4086//8042 4118//8042 4082//8042
f 4082//8043 4118//8043 4114//8043
f 4083//8044 4119//8044 4115//8044
f 4087//8045 4119//8045 4083//8045
f 4084//8046 4120//8046 4116//8046
f 4088//8047 4120//8047 4084//8047
f 4093//8048 4121//8048 4089//8048
f 4085//8049 4121//8049 4117//8049
f 4089//8050 4121//8050 4085//8050
f 4090//8051 4122//8051 4086//8051
f 4086//8052 4122//8052 4118//8052
f 4091//8053 4123//8053 4087//8053
f 4087//8054 4123//8054 4119//8054
f 4092//8055 4124//8055 4088//8055
f 4088//8056 4124//8056 4120//8056
f 4097//8057 4125//8057 4093//8057
f 4093//8058 4125//8058 4121//8058
f 4094//8059 4126//8059 4090//8059
f 4090//8060 4126//8060 4122//8060
f 4091//8061 4127//8061 4123//8061
f 4095//8062 4127//8062 4091//8062
f 4096//8063 4128//8063 4092//8063
f 4092//8064 4128//8064 4124//8064
f 4097//8065 4129//8065 4125//8065
f 4098//8066 4130//8066 4094//8066
f 4103//8067 4130//8067 4098//8067
f 4094//8068 4130//8068 4126//8068
f 4099//8069 4131//8069 4095//8069
f 4095//8070 4131//8070 4127//8070
f 4100//8071 4132//8071 4101//8071
f 4096//8072 4132//8072 4128//8072
f 4101//8073 4132//8073 4096//8073
f 4097//8074 4133//8074 4129//8074
f 4102//8075 4133//8075 4097//8075
f 4106//8076 4133//8076 4102//8076
f 4103//8077 4134//8077 4130//8077
f 4099//8078 4135//8078 4131//8078
f 4104//8079 4135//8079 4099//8079
f 4105//8080 4136//8080 274//8080
f 274//8081 4136//8081 275//8081
f 4106//8082 4137//8082 4133//8082
f 4103//8083 4138//8083 4134//8083
f 4107//8084 4138//8084 4103//8084
f 4111//8085 4138//8085 4107//8085
f 4104//8086 4139//8086 4135//8086
f 4108//8087 4139//8087 4104//8087
f 4109//8088 4140//8088 4105//8088
f 4105//8089 4140//8089 4136//8089
f 4106//8090 4141//8090 4137//8090
f 4110//8091 4141//8091 4106//8091
f 4114//8092 4141//8092 4110//8092
f 4111//8093 4142//8093 4138//8093
f 4115//8094 4142//8094 4111//8094
f 4108//8095 4143//8095 4139//8095
f 4112//8096 4143//8096 4108//8096
f 4113//8097 4144//8097 4109//8097
f 4109//8098 4144//8098 4140//8098
f 4114//8099 4145//8099 4141//8099
f 4115//8100 4146//8100 4142//8100
f 4112//8101 4147//8101 4143//8101
f 4116//8102 4147//8102 4112//8102
f 4113//8103 4148//8103 4144//8103
f 4117//8104 4148//8104 4113//8104
f 4114//8105 4149//8105 4145//8105
f 4118//8106 4149//8106 4114//8106
f 4115//8107 4150//8107 4146//8107
f 4123//8108 4150//8108 4119//8108
f 4119//8109 4150//8109 4115//8109
f 4116//8110 4151//8110 4147//8110
f 4120//8111 4151//8111 4116//8111
f 4124//8112 4151//8112 4120//8112
f 4117//8113 4152//8113 4148//8113
f 4121//8114 4152//8114 4117//8114
f 4118//8115 4153//8115 4149//8115
f 4122//8116 4153//8116 4118//8116
f 4123//8117 4154//8117 4150//8117
f 4124//8118 4155//8118 4151//8118
f 4129//8119 4156//8119 4125//8119
f 4121//8120 4156//8120 4152//8120
f 4125//8121 4156//8121 4121//8121
f 4126//8122 4157//8122 4122//8122
f 4122//8123 4157//8123 4153//8123
f 4127//8124 4158//8124 4123//8124
f 4123//8125 4158//8125 4154//8125
f 4131//8126 4158//8126 4127//8126
f 4128//8127 4159//8127 4124//8127
f 4124//8128 4159//8128 4155//8128
f 4129//8129 4160//8129 4156//8129
f 4130//8130 4161//8130 4126//8130
f 4134//8131 4161//8131 4130//8131
f 4126//8132 4161//8132 4157//8132
f 4131//8133 4162//8133 4158//8133
f 4128//8134 4163//8134 4159//8134
f 4164//8135 4163//8135 4100//8135
f 4132//8136 4163//8136 4128//8136
f 4100//8137 4163//8137 4132//8137
f 4133//8138 4165//8138 4129//8138
f 4129//8139 4165//8139 4160//8139
f 4134//8140 4166//8140 4161//8140
f 4135//8141 4167//8141 4131//8141
f 4139//8142 4167//8142 4135//8142
f 4131//8143 4167//8143 4162//8143
f 4136//8144 4168//8144 275//8144
f 275//8145 4168//8145 276//8145
f 4137//8146 4169//8146 4133//8146
f 4133//8147 4169//8147 4165//8147
f 4138//8148 4170//8148 4134//8148
f 4134//8149 4170//8149 4166//8149
f 4139//8150 4171//8150 4167//8150
f 4136//8151 4172//8151 4168//8151
f 4140//8152 4172//8152 4136//8152
f 4137//8153 4173//8153 4169//8153
f 4141//8154 4173//8154 4137//8154
f 4146//8155 4174//8155 4142//8155
f 4138//8156 4174//8156 4170//8156
f 4142//8157 4174//8157 4138//8157
f 4139//8158 4175//8158 4171//8158
f 4143//8159 4175//8159 4139//8159
f 4144//8160 4176//8160 4140//8160
f 4140//8161 4176//8161 4172//8161
f 4141//8162 4177//8162 4173//8162
f 4145//8163 4177//8163 4141//8163
f 4146//8164 4178//8164 4174//8164
f 4143//8165 4179//8165 4175//8165
f 4147//8166 4179//8166 4143//8166
f 4144//8167 4180//8167 4176//8167
f 4148//8168 4180//8168 4144//8168
f 4145//8169 4181//8169 4177//8169
f 4149//8170 4181//8170 4145//8170
f 4150//8171 4182//8171 4146//8171
f 4154//8172 4182//8172 4150//8172
f 4146//8173 4182//8173 4178//8173
f 4147//8174 4183//8174 4179//8174
f 4151//8175 4183//8175 4147//8175
f 4148//8176 4184//8176 4180//8176
f 4152//8177 4184//8177 4148//8177
f 4149//8178 4185//8178 4181//8178
f 4153//8179 4185//8179 4149//8179
f 4154//8180 4186//8180 4182//8180
f 4151//8181 4187//8181 4183//8181
f 4155//8182 4187//8182 4151//8182
f 4152//8183 4188//8183 4184//8183
f 4156//8184 4188//8184 4152//8184
f 4153//8185 4189//8185 4185//8185
f 4157//8186 4189//8186 4153//8186
f 4154//8187 4190//8187 4186//8187
f 4158//8188 4190//8188 4154//8188
f 4162//8189 4190//8189 4158//8189
f 4159//8190 4191//8190 4155//8190
f 4155//8191 4191//8191 4187//8191
f 4160//8192 4192//8192 4156//8192
f 4156//8193 4192//8193 4188//8193
f 4161//8194 4193//8194 4157//8194
f 4157//8195 4193//8195 4189//8195
f 4162//8196 4194//8196 4190//8196
f 4195//8197 4196//8197 4164//8197
f 4197//8198 4196//8198 4195//8198
f 4164//8199 4196//8199 4163//8199
f 4159//8200 4196//8200 4191//8200
f 4163//8201 4196//8201 4159//8201
f 4165//8202 4198//8202 4160//8202
f 4160//8203 4198//8203 4192//8203
f 4166//8204 4199//8204 4161//8204
f 4161//8205 4199//8205 4193//8205
f 4162//8206 4200//8206 4194//8206
f 4171//8207 4200//8207 4167//8207
f 4167//8208 4200//8208 4162//8208
f 4168//8209 4201//8209 276//8209
f 276//8210 4201//8210 277//8210
f 277//8211 4201//8211 278//8211
f 4165//8212 4202//8212 4198//8212
f 4169//8213 4202//8213 4165//8213
f 4166//8214 4203//8214 4199//8214
f 4170//8215 4203//8215 4166//8215
f 4171//8216 4204//8216 4200//8216
f 4168//8217 4205//8217 4201//8217
f 4172//8218 4205//8218 4168//8218
f 4173//8219 4206//8219 4169//8219
f 4169//8220 4206//8220 4202//8220
f 4174//8221 4207//8221 4170//8221
f 4170//8222 4207//8222 4203//8222
f 4175//8223 4208//8223 4171//8223
f 4171//8224 4208//8224 4204//8224
f 4176//8225 4209//8225 4172//8225
f 4172//8226 4209//8226 4205//8226
f 4173//8227 4210//8227 4206//8227
f 4177//8228 4210//8228 4173//8228
f 4174//8229 4211//8229 4207//8229
f 4178//8230 4211//8230 4174//8230
f 4175//8231 4212//8231 4208//8231
f 4179//8232 4212//8232 4175//8232
f 4183//8233 4212//8233 4179//8233
f 4176//8234 4213//8234 4209//8234
f 4180//8235 4213//8235 4176//8235
f 4181//8236 4214//8236 4177//8236
f 4177//8237 4214//8237 4210//8237
f 4178//8238 4215//8238 4211//8238
f 4182//8239 4215//8239 4178//8239
f 4183//8240 4216//8240 4212//8240
f 4187//8241 4216//8241 4183//8241
f 4180//8242 4217//8242 4213//8242
f 4184//8243 4217//8243 4180//8243
f 4188//8244 4217//8244 4184//8244
f 4181//8245 4218//8245 4214//8245
f 4185//8246 4218//8246 4181//8246
f 4186//8247 4219//8247 4182//8247
f 4182//8248 4219//8248 4215//8248
f 4187//8249 4220//8249 4216//8249
f 4188//8250 4221//8250 4217//8250
f 4189//8251 4222//8251 4185//8251
f 4185//8252 4222//8252 4218//8252
f 4190//8253 4223//8253 4186//8253
f 4186//8254 4223//8254 4219//8254
f 4196//8255 4224//8255 4191//8255
f 4187//8256 4224//8256 4220//8256
f 4191//8257 4224//8257 4187//8257
f 4188//8258 4225//8258 4221//8258
f 4192//8259 4225//8259 4188//8259
f 4193//8260 4226//8260 4189//8260
f 4189//8261 4226//8261 4222//8261
f 4194//8262 4227//8262 4190//8262
f 4190//8263 4227//8263 4223//8263
f 4197//8264 4228//8264 4196//8264
f 4196//8265 4228//8265 4224//8265
f 4202//8266 4229//8266 4198//8266
f 4198//8267 4229//8267 4192//8267
f 4192//8268 4229//8268 4225//8268
f 4199//8269 4230//8269 4193//8269
f 4193//8270 4230//8270 4226//8270
f 4200//8271 4231//8271 4194//8271
f 4194//8272 4231//8272 4227//8272
f 278//8273 4232//8273 282//8273
f 4201//8274 4232//8274 278//8274
f 4202//8275 4233//8275 4229//8275
f 4199//8276 4234//8276 4230//8276
f 4203//8277 4234//8277 4199//8277
f 4204//8278 4235//8278 4200//8278
f 4200//8279 4235//8279 4231//8279
f 4205//8280 4236//8280 4201//8280
f 4232//8281 4236//8281 282//8281
f 282//8282 4236//8282 285//8282
f 4201//8283 4236//8283 4232//8283
f 4206//8284 4237//8284 4202//8284
f 4210//8285 4237//8285 4206//8285
f 4202//8286 4237//8286 4233//8286
f 4207//8287 4238//8287 4203//8287
f 4203//8288 4238//8288 4234//8288
f 4208//8289 4239//8289 4204//8289
f 4204//8290 4239//8290 4235//8290
f 4205//8291 4240//8291 4236//8291
f 4236//8292 4240//8292 285//8292
f 4209//8293 4240//8293 4205//8293
f 285//8294 4240//8294 287//8294
f 287//8295 4240//8295 289//8295
f 4213//8296 4240//8296 4209//8296
f 4210//8297 4241//8297 4237//8297
f 4207//8298 4242//8298 4238//8298
f 4211//8299 4242//8299 4207//8299
f 4212//8300 4243//8300 4208//8300
f 4208//8301 4243//8301 4239//8301
f 4213//8302 4244//8302 4240//8302
f 4240//8303 4244//8303 289//8303
f 4210//8304 4245//8304 4241//8304
f 4214//8305 4245//8305 4210//8305
f 4211//8306 4246//8306 4242//8306
f 4215//8307 4246//8307 4211//8307
f 4212//8308 4247//8308 4243//8308
f 4216//8309 4247//8309 4212//8309
f 4213//8310 4248//8310 4244//8310
f 4217//8311 4248//8311 4213//8311
f 289//8312 4248//8312 291//8312
f 4244//8313 4248//8313 289//8313
f 4221//8314 4248//8314 4217//8314
f 4214//8315 4249//8315 4245//8315
f 4218//8316 4249//8316 4214//8316
f 4219//8317 4250//8317 4215//8317
f 4215//8318 4250//8318 4246//8318
f 4216//8319 4251//8319 4247//8319
f 4220//8320 4251//8320 4216//8320
f 4221//8321 4252//8321 4248//8321
f 4225//8322 4252//8322 4221//8322
f 291//8323 4252//8323 293//8323
f 293//8324 4252//8324 295//8324
f 4248//8325 4252//8325 291//8325
f 4218//8326 4253//8326 4249//8326
f 4222//8327 4253//8327 4218//8327
f 4219//8328 4254//8328 4250//8328
f 4223//8329 4254//8329 4219//8329
f 4220//8330 4255//8330 4251//8330
f 4224//8331 4255//8331 4220//8331
f 4252//8332 4256//8332 295//8332
f 4225//8333 4256//8333 4252//8333
f 4230//8334 4257//8334 4226//8334
f 4222//8335 4257//8335 4253//8335
f 4226//8336 4257//8336 4222//8336
f 4223//8337 4258//8337 4254//8337
f 4227//8338 4258//8338 4223//8338
f 4259//8339 4260//8339 4197//8339
f 4261//8340 4260//8340 4259//8340
f 4224//8341 4260//8341 4255//8341
f 4197//8342 4260//8342 4228//8342
f 4228//8343 4260//8343 4224//8343
f 4229//8344 4262//8344 4225//8344
f 4256//8345 4262//8345 295//8345
f 4225//8346 4262//8346 4256//8346
f 295//8347 4262//8347 297//8347
f 4233//8348 4262//8348 4229//8348
f 4230//8349 4263//8349 4257//8349
f 4231//8350 4264//8350 4227//8350
f 4227//8351 4264//8351 4258//8351
f 297//8352 4265//8352 300//8352
f 4237//8353 4265//8353 4233//8353
f 4262//8354 4265//8354 297//8354
f 4233//8355 4265//8355 4262//8355
f 4234//8356 4266//8356 4230//8356
f 4230//8357 4266//8357 4263//8357
f 4238//8358 4266//8358 4234//8358
f 4235//8359 4267//8359 4231//8359
f 4231//8360 4267//8360 4264//8360
f 4241//8361 4268//8361 4237//8361
f 4265//8362 4268//8362 300//8362
f 300//8363 4268//8363 303//8363
f 4237//8364 4268//8364 4265//8364
f 4238//8365 4269//8365 4266//8365
f 4242//8366 4269//8366 4238//8366
f 4239//8367 4270//8367 4235//8367
f 4235//8368 4270//8368 4267//8368
f 4241//8369 4271//8369 4268//8369
f 4268//8370 4271//8370 303//8370
f 303//8371 4271//8371 306//8371
f 4242//8372 4272//8372 4269//8372
f 4239//8373 4273//8373 4270//8373
f 4243//8374 4273//8374 4239//8374
f 4241//8375 4274//8375 4271//8375
f 4271//8376 4274//8376 306//8376
f 306//8377 4274//8377 309//8377
f 4245//8378 4274//8378 4241//8378
f 4250//8379 4275//8379 4246//8379
f 4246//8380 4275//8380 4242//8380
f 4242//8381 4275//8381 4272//8381
f 4243//8382 4276//8382 4273//8382
f 4251//8383 4276//8383 4247//8383
f 4247//8384 4276//8384 4243//8384
f 4249//8385 4277//8385 4245//8385
f 4274//8386 4277//8386 309//8386
f 4245//8387 4277//8387 4274//8387
f 309//8388 4277//8388 312//8388
f 4250//8389 4278//8389 4275//8389
f 4251//8390 4279//8390 4276//8390
f 4277//8391 4280//8391 312//8391
f 4249//8392 4280//8392 4277//8392
f 4253//8393 4280//8393 4249//8393
f 312//8394 4280//8394 315//8394
f 4257//8395 4280//8395 4253//8395
f 4254//8396 4281//8396 4250//8396
f 4250//8397 4281//8397 4278//8397
f 4251//8398 4282//8398 4279//8398
f 4255//8399 4282//8399 4251//8399
f 4257//8400 4283//8400 4280//8400
f 4280//8401 4283//8401 315//8401
f 315//8402 4283//8402 319//8402
f 4263//8403 4283//8403 4257//8403
f 4254//8404 4284//8404 4281//8404
f 4258//8405 4284//8405 4254//8405
f 4255//8406 4285//8406 4282//8406
f 4261//8407 4285//8407 4260//8407
f 4260//8408 4285//8408 4255//8408
f 4283//8409 4286//8409 319//8409
f 4263//8410 4286//8410 4283//8410
f 319//8411 4286//8411 321//8411
f 4264//8412 4287//8412 4258//8412
f 4267//8413 4287//8413 4264//8413
f 4258//8414 4287//8414 4284//8414
f 4286//8415 4288//8415 321//8415
f 4263//8416 4288//8416 4286//8416
f 321//8417 4288//8417 326//8417
f 4266//8418 4288//8418 4263//8418
f 4267//8419 4289//8419 4287//8419
f 4266//8420 4290//8420 4288//8420
f 4269//8421 4290//8421 4266//8421
f 4288//8422 4290//8422 326//8422
f 326//8423 4290//8423 329//8423
f 4270//8424 4291//8424 4267//8424
f 4267//8425 4291//8425 4289//8425
f 4269//8426 4292//8426 4290//8426
f 4290//8427 4292//8427 329//8427
f 329//8428 4292//8428 333//8428
f 4272//8429 4292//8429 4269//8429
f 4273//8430 4293//8430 4270//8430
f 4276//8431 4293//8431 4273//8431
f 4270//8432 4293//8432 4291//8432
f 4275//8433 4294//8433 4272//8433
f 4278//8434 4294//8434 4275//8434
f 4292//8435 4294//8435 333//8435
f 4272//8436 4294//8436 4292//8436
f 333//8437 4294//8437 337//8437
f 4276//8438 4295//8438 4293//8438
f 4294//8439 4296//8439 337//8439
f 4278//8440 4296//8440 4294//8440
f 337//8441 4296//8441 341//8441
f 4282//8442 4297//8442 4279//8442
f 4279//8443 4297//8443 4276//8443
f 4276//8444 4297//8444 4295//8444
f 4278//8445 4298//8445 4296//8445
f 4281//8446 4298//8446 4278//8446
f 341//8447 4298//8447 345//8447
f 4296//8448 4298//8448 341//8448
f 4282//8449 4299//8449 4297//8449
f 4284//8450 4300//8450 4281//8450
f 4281//8451 4300//8451 4298//8451
f 345//8452 4300//8452 350//8452
f 4298//8453 4300//8453 345//8453
f 4282//8454 4301//8454 4299//8454
f 4302//8455 4301//8455 4261//8455
f 4261//8456 4301//8456 4285//8456
f 4285//8457 4301//8457 4282//8457
f 4300//8458 4303//8458 350//8458
f 4284//8459 4303//8459 4300//8459
f 4287//8460 4303//8460 4284//8460
f 350//8461 4303//8461 353//8461
f 4289//8462 4303//8462 4287//8462
f 4289//8463 4304//8463 4303//8463
f 4303//8464 4304//8464 353//8464
f 353//8465 4304//8465 358//8465
f 4289//8466 4305//8466 4304//8466
f 4291//8467 4305//8467 4289//8467
f 358//8468 4305//8468 363//8468
f 4304//8469 4305//8469 358//8469
f 4305//8470 4306//8470 363//8470
f 4291//8471 4306//8471 4305//8471
f 363//8472 4306//8472 368//8472
f 4293//8473 4306//8473 4291//8473
f 368//8474 4306//8474 373//8474
f 4295//8475 4306//8475 4293//8475
f 4306//8476 4307//8476 373//8476
f 4295//8477 4307//8477 4306//8477
f 4295//8478 4308//8478 4307//8478
f 373//8479 4308//8479 378//8479
f 4307//8480 4308//8480 373//8480
f 4297//8481 4308//8481 4295//8481
f 4299//8482 4309//8482 4297//8482
f 4297//8483 4309//8483 4308//8483
f 4308//8484 4309//8484 378//8484
f 4301//8485 4309//8485 4299//8485
f 378//8486 4309//8486 384//8486
f 384//8487 4309//8487 281//8487
f 283//8488 4310//8488 4302//8488
f 4301//8489 4310//8489 4309//8489
f 4309//8490 4310//8490 281//8490
f 281//8491 4310//8491 283//8491
f 4302//8492 4310//8492 4301//8492
f 2820//8493 2948//8493 2821//8493
f 2821//8494 2948//8494 2884//8494
f 2884//8495 2948//8495 2916//8495
f 2948//8496 3012//8496 2949//8496
f 2820//8497 2724//8497 2948//8497
f 2756//8498 2724//8498 2788//8498
f 2788//8499 2724//8499 2820//8499
f 2948//8500 3013//8500 3012//8500
f 2691//8501 2659//8501 2724//8501
f 3013//8502 3108//8502 3076//8502
f 2724//8503 2597//8503 2948//8503
f 2659//8504 2597//8504 2724//8504
f 3013//8505 3172//8505 3108//8505
f 3108//8506 3172//8506 3140//8506
f 2597//8507 2564//8507 2948//8507
f 2596//8508 2564//8508 2597//8508
f 2532//8509 2500//8509 2564//8509
f 3204//8510 3237//8510 3236//8510
f 2948//8511 3364//8511 3013//8511
f 3013//8512 3364//8512 3172//8512
f 3204//8513 3364//8513 3237//8513
f 3172//8514 3364//8514 3204//8514
f 3237//8515 3364//8515 3300//8515
f 3300//8516 3364//8516 3332//8516
f 2404//8517 2372//8517 2436//8517
f 2436//8518 2372//8518 2468//8518
f 2468//8519 2372//8519 2500//8519
f 2500//8520 2372//8520 2564//8520
f 2340//8521 2307//8521 2372//8521
f 3364//8522 3460//8522 3396//8522
f 3396//8523 3460//8523 3428//8523
f 3460//8524 3524//8524 3492//8524
f 3460//8525 3556//8525 3524//8525
f 3364//8526 3588//8526 3460//8526
f 3460//8527 3588//8527 3556//8527
f 2180//8528 2148//8528 2181//8528
f 2181//8529 2148//8529 2243//8529
f 2243//8530 2148//8530 2245//8530
f 2245//8531 2148//8531 2307//8531
f 2307//8532 2148//8532 2372//8532
f 3588//8533 3652//8533 3620//8533
f 3652//8534 3716//8534 3684//8534
f 2052//8535 1989//8535 2084//8535
f 2084//8536 1989//8536 2116//8536
f 2116//8537 1989//8537 2148//8537
f 1989//8538 1955//8538 2148//8538
f 1987//8539 1955//8539 1989//8539
f 3748//8540 3812//8540 3780//8540
f 1923//8541 1891//8541 1955//8541
f 1891//8542 1859//8542 1955//8542
f 3812//8543 3908//8543 3844//8543
f 3844//8544 3908//8544 3876//8544
f 3748//8545 3908//8545 3812//8545
f 1859//8546 1828//8546 1955//8546
f 3908//8547 3971//8547 3940//8547
f 1796//8548 1764//8548 1828//8548
f 3716//8549 4003//8549 3748//8549
f 3588//8550 4003//8550 3652//8550
f 3652//8551 4003//8551 3716//8551
f 3908//8552 4003//8552 3971//8552
f 3748//8553 4003//8553 3908//8553
f 3364//8554 4003//8554 3588//8554
f 1828//8555 1732//8555 1955//8555
f 1764//8556 1732//8556 1828//8556
f 1955//8557 1732//8557 2148//8557
f 4003//8558 4067//8558 4035//8558
f 2148//8559 4067//8559 2372//8559
f 2564//8560 4067//8560 2948//8560
f 3364//8561 4067//8561 4003//8561
f 2948//8562 4067//8562 3364//8562
f 2372//8563 4067//8563 2564//8563
f 1732//8564 1668//8564 2148//8564
f 1700//8565 1668//8565 1732//8565
f 1668//8566 1636//8566 2148//8566
f 1603//8567 1571//8567 1636//8567
f 1571//8568 1539//8568 1636//8568
f 4067//8569 4259//8569 4069//8569
f 4069//8570 4259//8570 4100//8570
f 4100//8571 4259//8571 4164//8571
f 4164//8572 4259//8572 4195//8572
f 4195//8573 4259//8573 4197//8573
f 4259//8574 4302//8574 4261//8574
f 4067//8575 4302//8575 4259//8575
f 1443//8576 1412//8576 1475//8576
f 1475//8577 1412//8577 1507//8577
f 1507//8578 1412//8578 1539//8578
f 1412//8579 1380//8579 1539//8579
f 1380//8580 1348//8580 1539//8580
f 283//8581 280//8581 279//8581
f 1348//8582 1316//8582 1539//8582
f 1539//8583 1316//8583 1636//8583
f 280//8584 452//8584 420//8584
f 283//8585 452//8585 280//8585
f 4302//8586 452//8586 283//8586
f 1251//8587 1219//8587 1284//8587
f 1284//8588 1157//8588 1316//8588
f 1219//8589 1157//8589 1284//8589
f 1155//8590 1093//8590 1157//8590
f 484//8591 644//8591 516//8591
f 516//8592 644//8592 548//8592
f 548//8593 644//8593 580//8593
f 580//8594 644//8594 581//8594
f 1091//8595 1028//8595 1093//8595
f 452//8596 676//8596 484//8596
f 4067//8597 676//8597 4302//8597
f 4302//8598 676//8598 452//8598
f 484//8599 676//8599 644//8599
f 2148//8600 676//8600 4067//8600
f 676//8601 739//8601 708//8601
f 1028//8602 963//8602 1093//8602
f 1316//8603 963//8603 1636//8603
f 965//8604 963//8604 997//8604
f 997//8605 963//8605 1028//8605
f 1093//8606 963//8606 1157//8606
f 1157//8607 963//8607 1316//8607
f 2148//8608 963//8608 676//8608
f 1636//8609 963//8609 2148//8609
f 676//8610 771//8610 739//8610
f 676//8611 803//8611 771//8611
f 676//8612 835//8612 803//8612
f 899//8613 868//8613 932//8613
f 932//8614 868//8614 963//8614
f 963//8615 868//8615 676//8615
f 676//8616 868//8616 835//8616
