# Created by FreeCAD <http://www.freecadweb.org>
v 21.176104 0.000000 15.000000
v 20.987160 2.822498 15.000000
v 21.176104 0.000000 24.000000
v 20.987160 2.822498 24.000000
v 20.423700 5.594629 24.000000
v 20.423700 5.594629 15.000000
v 19.495777 8.266924 15.000000
v 19.495777 8.266924 24.000000
v 18.219954 10.791695 24.000000
v 18.219954 10.791695 15.000000
v 16.618994 13.123888 15.000000
v 16.618994 13.123888 24.000000
v 14.721467 15.221885 15.000000
v 14.721467 15.221885 24.000000
v 12.561236 17.048246 24.000000
v 12.561236 17.048246 15.000000
v 10.176849 18.570383 15.000000
v 10.176849 18.570383 24.000000
v 7.610857 19.761129 15.000000
v 7.610857 19.761129 24.000000
v 4.909048 20.599239 15.000000
v 4.909048 20.599239 24.000000
v 2.119637 21.069754 15.000000
v 2.119637 21.069754 24.000000
v -0.707599 21.164278 15.000000
v -0.707599 21.164278 24.000000
v -3.522208 20.881126 15.000000
v -3.522208 20.881126 24.000000
v -6.273962 20.225349 15.000000
v -6.273962 20.225349 24.000000
v -8.913758 19.208651 24.000000
v -8.913758 19.208651 15.000000
v -11.394488 17.849174 24.000000
v -11.394488 17.849174 15.000000
v -13.671883 16.171179 15.000000
v -13.671883 16.171179 24.000000
v -15.705302 14.204607 15.000000
v -15.705302 14.204607 24.000000
v -17.458460 11.984554 15.000000
v -17.458460 11.984554 24.000000
v -18.900072 9.550637 15.000000
v -18.900072 9.550637 24.000000
v -20.004412 6.946289 15.000000
v -20.004412 6.946289 24.000000
v -20.751772 4.217983 15.000000
v -20.751772 4.217983 24.000000
v -21.128815 1.414408 15.000000
v -21.128815 1.414408 24.000000
v -21.128815 -1.414408 15.000000
v -21.128815 -1.414408 24.000000
v -20.751772 -4.217983 15.000000
v -20.751772 -4.217983 24.000000
v -20.004412 -6.946289 15.000000
v -20.004412 -6.946289 24.000000
v -18.900072 -9.550637 15.000000
v -18.900072 -9.550637 24.000000
v -17.458460 -11.984554 24.000000
v -17.458460 -11.984554 15.000000
v -15.705302 -14.204607 15.000000
v -15.705302 -14.204607 24.000000
v -13.671883 -16.171179 15.000000
v -13.671883 -16.171179 24.000000
v -11.394488 -17.849174 15.000000
v -11.394488 -17.849174 24.000000
v -8.913758 -19.208651 15.000000
v -8.913758 -19.208651 24.000000
v -6.273962 -20.225349 15.000000
v -6.273962 -20.225349 24.000000
v -3.522208 -20.881126 15.000000
v -3.522208 -20.881126 24.000000
v -0.707599 -21.164278 15.000000
v -0.707599 -21.164278 24.000000
v 2.119637 -21.069754 15.000000
v 2.119637 -21.069754 24.000000
v 4.909048 -20.599239 15.000000
v 4.909048 -20.599239 24.000000
v 7.610857 -19.761129 15.000000
v 7.610857 -19.761129 24.000000
v 10.176849 -18.570383 15.000000
v 10.176849 -18.570383 24.000000
v 12.561236 -17.048246 24.000000
v 12.561236 -17.048246 15.000000
v 14.721467 -15.221885 15.000000
v 14.721467 -15.221885 24.000000
v 16.618994 -13.123888 15.000000
v 16.618994 -13.123888 24.000000
v 18.219954 -10.791695 24.000000
v 18.219954 -10.791695 15.000000
v 19.495777 -8.266924 15.000000
v 19.495777 -8.266924 24.000000
v 20.423700 -5.594629 15.000000
v 20.423700 -5.594629 24.000000
v 20.987160 -2.822498 15.000000
v 20.987160 -2.822498 24.000000
v 21.151031 -0.000000 24.222521
v 21.077072 -0.000000 24.433884
v 20.176104 -0.000000 25.000000
v 19.988182 -2.747313 25.000000
v 20.398624 -0.000000 24.974928
v 20.962311 2.819157 24.222521
v 20.889013 2.809299 24.433884
v 20.770939 2.793419 24.623489
v 20.957935 -0.000000 24.623489
v 20.614010 2.772315 24.781832
v 20.799593 -0.000000 24.781832
v 20.426094 2.747042 24.900969
v 20.609987 -0.000000 24.900969
v 20.216618 2.718871 24.974928
v 19.988182 2.747313 25.000000
v 20.399519 5.588006 24.222521
v 20.328188 5.568466 24.433884
v 20.213284 5.536990 24.623489
v 20.060568 5.495157 24.781832
v 19.877697 5.445064 24.900969
v 19.427919 5.443448 25.000000
v 19.673845 5.389223 24.974928
v 19.472694 8.257136 24.222521
v 19.404604 8.228263 24.433884
v 19.294922 8.181753 24.623489
v 19.149143 8.119938 24.781832
v 18.974583 8.045918 24.900969
v 18.505751 8.038182 25.000000
v 18.779991 7.963404 24.974928
v 18.198381 10.778918 24.222521
v 18.134747 10.741227 24.433884
v 18.032240 10.680512 24.623489
v 17.896004 10.599819 24.781832
v 17.238855 10.483180 25.000000
v 17.732866 10.503193 24.900969
v 17.551008 10.395479 24.974928
v 16.599318 13.108350 24.222521
v 16.541273 13.062513 24.433884
v 16.447775 12.988678 24.623489
v 16.323509 12.890546 24.781832
v 15.650831 12.732896 25.000000
v 16.174706 12.773038 24.900969
v 16.008829 12.642046 24.974928
v 14.704038 15.203863 24.222521
v 14.652621 15.150700 24.433884
v 14.569798 15.065061 24.623489
v 14.459720 14.951241 24.781832
v 13.771263 14.745422 25.000000
v 14.327908 14.814947 24.900969
v 14.180969 14.663014 24.974928
v 12.546364 17.028063 24.222521
v 12.502493 16.968521 24.433884
v 12.431823 16.872606 24.623489
v 12.337897 16.745131 24.781832
v 11.635162 16.483269 25.000000
v 12.225428 16.592484 24.900969
v 12.100051 16.422321 24.974928
v 10.164800 18.548395 24.222521
v 10.129256 18.483538 24.433884
v 10.072001 18.379061 24.623489
v 9.282320 17.914064 25.000000
v 9.995905 18.240202 24.781832
v 9.904784 18.073927 24.900969
v 9.803207 17.888573 24.974928
v 7.601845 19.737732 24.222521
v 7.575264 19.668716 24.433884
v 7.532445 19.557539 24.623489
v 6.756566 19.011154 25.000000
v 7.475536 19.409779 24.781832
v 7.407390 19.232841 24.900969
v 7.331424 19.035601 24.974928
v 4.903235 20.574850 24.222521
v 4.886090 20.502905 24.433884
v 4.858472 20.387012 24.623489
v 4.104949 19.754103 25.000000
v 4.821765 20.232985 24.781832
v 4.777811 20.048544 24.900969
v 4.728812 19.842939 24.974928
v 2.117127 21.044807 24.222521
v 2.109724 20.971220 24.433884
v 2.097799 20.852680 24.623489
v 1.376866 20.129068 25.000000
v 2.081950 20.695135 24.781832
v 2.062971 20.506481 24.900969
v 2.041815 20.296179 24.974928
v -0.706761 21.139221 24.222521
v -0.704290 21.065302 24.433884
v -0.700309 20.946232 24.623489
v -0.695018 20.787979 24.781832
v -1.443398 21.101725 24.222521
v -0.688682 20.598478 24.900969
v -1.438350 21.027937 24.433884
v -0.681620 20.387234 24.974928
v -1.376866 20.129068 25.000000
v -1.430220 20.909079 24.623489
v -1.419415 20.751104 24.781832
v -1.406475 20.561941 24.900969
v -1.392051 20.351070 24.974928
v -3.518038 20.856403 24.222521
v -3.505736 20.783474 24.433884
v -3.485920 20.665997 24.623489
v -3.459583 20.509861 24.781832
v -4.303305 20.708639 24.222521
v -3.428046 20.322895 24.900969
v -4.288257 20.636227 24.433884
v -3.392890 20.114477 24.974928
v -4.104949 19.754103 25.000000
v -4.264018 20.519581 24.623489
v -4.231802 20.364552 24.781832
v -4.193226 20.178911 24.900969
v -4.150223 19.971970 24.974928
v -6.266534 20.201403 24.222521
v -6.244622 20.130764 24.433884
v -6.209324 20.016977 24.623489
v -6.162412 19.865744 24.781832
v -7.083049 19.929790 24.222521
v -6.106236 19.684650 24.900969
v -7.058282 19.860102 24.433884
v -6.043614 19.482779 24.974928
v -6.756566 19.011154 25.000000
v -7.018385 19.747843 24.623489
v -6.965360 19.598644 24.781832
v -6.901865 19.419987 24.900969
v -6.831084 19.220827 24.974928
v -8.903205 19.185909 24.222521
v -8.872072 19.118822 24.433884
v -8.821923 19.010754 24.623489
v -8.755272 18.867123 24.781832
v -8.675460 18.695133 24.900969
v -9.730850 18.779688 24.222521
v -8.586491 18.503407 24.974928
v -9.282320 17.914064 25.000000
v -9.696824 18.714022 24.433884
v -9.642014 18.608242 24.623489
v -9.569166 18.467651 24.781832
v -9.481935 18.299303 24.900969
v -9.384694 18.111637 24.974928
v -11.380997 17.828041 24.222521
v -11.341201 17.765701 24.433884
v -11.277095 17.665281 24.623489
v -11.191895 17.531816 24.781832
v -11.089870 17.372000 24.900969
v -12.197384 17.279757 24.222521
v -10.976140 17.193844 24.974928
v -11.635162 16.483269 25.000000
v -12.154733 17.219334 24.433884
v -12.086029 17.122002 24.623489
v -11.994717 16.992641 24.781832
v -11.885374 16.837740 24.900969
v -11.763486 16.665062 24.974928
v -13.655695 16.152033 24.222521
v -13.607945 16.095552 24.433884
v -13.531027 16.004574 24.623489
v -13.428797 15.883656 24.781832
v -13.306382 15.738862 24.900969
v -14.436704 15.457934 24.222521
v -13.169920 15.577455 24.974928
v -13.771263 14.745422 25.000000
v -14.386222 15.403883 24.433884
v -14.304905 15.316813 24.623489
v -14.196828 15.201091 24.781832
v -14.067412 15.062520 24.900969
v -13.923145 14.908049 24.974928
v -15.686707 14.187789 24.222521
v -15.631855 14.138179 24.433884
v -15.543497 14.058263 24.623489
v -15.426063 13.952050 24.781832
v -15.285440 13.824865 24.900969
v -16.407095 13.348162 24.222521
v -15.128683 13.683086 24.974928
v -15.650831 12.732896 25.000000
v -16.349724 13.301487 24.433884
v -16.257307 13.226300 24.623489
v -16.134480 13.126373 24.781832
v -15.987400 13.006715 24.900969
v -15.823443 12.873326 24.974928
v -17.437790 11.970366 24.222521
v -17.376816 11.928508 24.433884
v -17.278593 11.861083 24.623489
v -17.148050 11.771470 24.781832
v -16.991730 11.664163 24.900969
v -16.817474 11.544542 24.974928
v -17.238855 10.483180 25.000000
v -18.071852 10.989737 24.222521
v -18.008659 10.951309 24.433884
v -17.906866 10.889407 24.623489
v -17.771576 10.807136 24.781832
v -17.609573 10.708619 24.900969
v -17.428982 10.598798 24.974928
v -18.877695 9.539330 24.222521
v -18.811684 9.505973 24.433884
v -18.705353 9.452241 24.623489
v -18.564030 9.380827 24.781832
v -18.394802 9.295313 24.900969
v -18.206158 9.199986 24.974928
v -18.505751 8.038182 25.000000
v -19.399965 8.426594 24.222521
v -19.332129 8.397129 24.433884
v -19.222855 8.349665 24.623489
v -19.077623 8.286581 24.781832
v -18.903713 8.211041 24.900969
v -18.709848 8.126835 24.974928
v -19.980726 6.938064 24.222521
v -19.910860 6.913804 24.433884
v -19.798313 6.874724 24.623489
v -19.648733 6.822784 24.781832
v -19.469618 6.760588 24.900969
v -19.269951 6.691256 24.974928
v -19.427919 5.443448 25.000000
v -20.366693 5.706480 24.222521
v -20.295477 5.686526 24.433884
v -20.180758 5.654383 24.623489
v -20.028288 5.611663 24.781832
v -19.845713 5.560508 24.900969
v -19.642189 5.503483 24.974928
v -20.727201 4.212989 24.222521
v -20.654724 4.198257 24.433884
v -20.537973 4.174527 24.623489
v -20.382805 4.142988 24.781832
v -20.196999 4.105221 24.900969
v -19.989872 4.063120 24.974928
v -19.988182 2.747313 25.000000
v -20.954031 2.880065 24.222521
v -20.880760 2.869994 24.433884
v -20.762732 2.853772 24.623489
v -20.605865 2.832211 24.781832
v -20.418026 2.806393 24.900969
v -20.208632 2.777612 24.974928
v -21.103800 1.412733 24.222521
v -21.030005 1.407793 24.433884
v -20.911135 1.399836 24.623489
v -20.753145 1.389260 24.781832
v -20.563963 1.376595 24.900969
v -20.353073 1.362478 24.974928
v -20.176104 0.000000 25.000000
v -21.151031 -0.000000 24.222521
v -21.077072 -0.000000 24.433884
v -20.957935 -0.000000 24.623489
v -20.799593 -0.000000 24.781832
v -20.609987 -0.000000 24.900969
v -20.398624 -0.000000 24.974928
v -21.103800 -1.412733 24.222521
v -21.030005 -1.407793 24.433884
v -20.911135 -1.399836 24.623489
v -20.753145 -1.389260 24.781832
v -20.563963 -1.376595 24.900969
v -20.353073 -1.362478 24.974928
v -19.988182 -2.747313 25.000000
v -20.954031 -2.880065 24.222521
v -20.880760 -2.869994 24.433884
v -20.762732 -2.853772 24.623489
v -20.605865 -2.832211 24.781832
v -20.418026 -2.806393 24.900969
v -20.208632 -2.777612 24.974928
v -20.727201 -4.212989 24.222521
v -20.654724 -4.198257 24.433884
v -20.537973 -4.174527 24.623489
v -20.382805 -4.142988 24.781832
v -20.196999 -4.105221 24.900969
v -19.989872 -4.063120 24.974928
v -19.427919 -5.443448 25.000000
v -20.366693 -5.706480 24.222521
v -20.295477 -5.686526 24.433884
v -20.180758 -5.654383 24.623489
v -20.028288 -5.611663 24.781832
v -19.845713 -5.560508 24.900969
v -19.642189 -5.503483 24.974928
v -19.980726 -6.938064 24.222521
v -19.910860 -6.913804 24.433884
v -19.798313 -6.874724 24.623489
v -19.648733 -6.822784 24.781832
v -19.469618 -6.760588 24.900969
v -19.269951 -6.691256 24.974928
v -18.505751 -8.038182 25.000000
v -19.399965 -8.426594 24.222521
v -19.332129 -8.397129 24.433884
v -19.222855 -8.349665 24.623489
v -19.077623 -8.286581 24.781832
v -18.903713 -8.211041 24.900969
v -18.709848 -8.126835 24.974928
v -18.877695 -9.539330 24.222521
v -18.811684 -9.505973 24.433884
v -18.705353 -9.452241 24.623489
v -18.564030 -9.380827 24.781832
v -18.394802 -9.295313 24.900969
v -18.206158 -9.199986 24.974928
v -17.238855 -10.483180 25.000000
v -18.071852 -10.989737 24.222521
v -18.008659 -10.951309 24.433884
v -17.906866 -10.889407 24.623489
v -17.771576 -10.807136 24.781832
v -17.609573 -10.708619 24.900969
v -17.428982 -10.598798 24.974928
v -17.437790 -11.970366 24.222521
v -17.376816 -11.928508 24.433884
v -17.278593 -11.861083 24.623489
v -17.148050 -11.771470 24.781832
v -16.991730 -11.664163 24.900969
v -16.817474 -11.544542 24.974928
v -15.650831 -12.732896 25.000000
v -16.407095 -13.348162 24.222521
v -16.349724 -13.301487 24.433884
v -16.257307 -13.226300 24.623489
v -16.134480 -13.126373 24.781832
v -15.987400 -13.006715 24.900969
v -15.686707 -14.187789 24.222521
v -15.823443 -12.873326 24.974928
v -15.631855 -14.138179 24.433884
v -15.543497 -14.058263 24.623489
v -15.426063 -13.952050 24.781832
v -15.285440 -13.824865 24.900969
v -15.128683 -13.683086 24.974928
v -13.771263 -14.745422 25.000000
v -14.436704 -15.457934 24.222521
v -14.386222 -15.403883 24.433884
v -14.304905 -15.316813 24.623489
v -14.196828 -15.201091 24.781832
v -14.067412 -15.062520 24.900969
v -13.655695 -16.152033 24.222521
v -13.923145 -14.908049 24.974928
v -13.607945 -16.095552 24.433884
v -13.531027 -16.004574 24.623489
v -13.428797 -15.883656 24.781832
v -13.306382 -15.738862 24.900969
v -13.169920 -15.577455 24.974928
v -11.635162 -16.483269 25.000000
v -12.197384 -17.279757 24.222521
v -12.154733 -17.219334 24.433884
v -12.086029 -17.122002 24.623489
v -11.994717 -16.992641 24.781832
v -11.885374 -16.837740 24.900969
v -11.380997 -17.828041 24.222521
v -11.763486 -16.665062 24.974928
v -11.341201 -17.765701 24.433884
v -11.277095 -17.665281 24.623489
v -11.191895 -17.531816 24.781832
v -11.089870 -17.372000 24.900969
v -10.976140 -17.193844 24.974928
v -9.282320 -17.914064 25.000000
v -9.730850 -18.779688 24.222521
v -9.696824 -18.714022 24.433884
v -9.642014 -18.608242 24.623489
v -9.569166 -18.467651 24.781832
v -9.481935 -18.299303 24.900969
v -8.903205 -19.185909 24.222521
v -9.384694 -18.111637 24.974928
v -8.872072 -19.118822 24.433884
v -8.821923 -19.010754 24.623489
v -8.755272 -18.867123 24.781832
v -8.675460 -18.695133 24.900969
v -8.586491 -18.503407 24.974928
v -6.756566 -19.011154 25.000000
v -7.083049 -19.929790 24.222521
v -7.058282 -19.860102 24.433884
v -7.018385 -19.747843 24.623489
v -6.965360 -19.598644 24.781832
v -6.266534 -20.201403 24.222521
v -6.901865 -19.419987 24.900969
v -6.244622 -20.130764 24.433884
v -6.831084 -19.220827 24.974928
v -6.209324 -20.016977 24.623489
v -6.162412 -19.865744 24.781832
v -6.106236 -19.684650 24.900969
v -6.043614 -19.482779 24.974928
v -4.104949 -19.754103 25.000000
v -4.303305 -20.708639 24.222521
v -4.288257 -20.636227 24.433884
v -4.264018 -20.519581 24.623489
v -4.231802 -20.364552 24.781832
v -3.518038 -20.856403 24.222521
v -4.193226 -20.178911 24.900969
v -3.505736 -20.783474 24.433884
v -4.150223 -19.971970 24.974928
v -3.485920 -20.665997 24.623489
v -3.459583 -20.509861 24.781832
v -3.428046 -20.322895 24.900969
v -3.392890 -20.114477 24.974928
v -1.376866 -20.129068 25.000000
v -1.443398 -21.101725 24.222521
v -1.438350 -21.027937 24.433884
v -1.430220 -20.909079 24.623489
v -1.419415 -20.751104 24.781832
v -0.706761 -21.139221 24.222521
v -1.406475 -20.561941 24.900969
v -0.704290 -21.065302 24.433884
v -1.392051 -20.351070 24.974928
v -0.700309 -20.946232 24.623489
v -0.695018 -20.787979 24.781832
v -0.688682 -20.598478 24.900969
v -0.681620 -20.387234 24.974928
v 1.376866 -20.129068 25.000000
v 1.443398 -21.101725 24.222521
v 1.438350 -21.027937 24.433884
v 1.430220 -20.909079 24.623489
v 1.419415 -20.751104 24.781832
v 1.406475 -20.561941 24.900969
v 1.392051 -20.351070 24.974928
v 4.288257 -20.636227 24.433884
v 4.264018 -20.519581 24.623489
v 4.231802 -20.364552 24.781832
v 4.193226 -20.178911 24.900969
v 4.150223 -19.971970 24.974928
v 4.104949 -19.754103 25.000000
v 7.058282 -19.860102 24.433884
v 7.018385 -19.747843 24.623489
v 6.965360 -19.598644 24.781832
v 6.901865 -19.419987 24.900969
v 6.831084 -19.220827 24.974928
v 6.756566 -19.011154 25.000000
v 9.696824 -18.714022 24.433884
v 9.642014 -18.608242 24.623489
v 9.569166 -18.467651 24.781832
v 9.481935 -18.299303 24.900969
v 9.384694 -18.111637 24.974928
v 9.282320 -17.914064 25.000000
v 12.154733 -17.219334 24.433884
v 12.086029 -17.122002 24.623489
v 11.994717 -16.992641 24.781832
v 11.885374 -16.837740 24.900969
v 11.763486 -16.665062 24.974928
v 11.635162 -16.483269 25.000000
v 14.386222 -15.403883 24.433884
v 14.304905 -15.316813 24.623489
v 14.196828 -15.201091 24.781832
v 14.067412 -15.062520 24.900969
v 13.923145 -14.908049 24.974928
v 13.771263 -14.745422 25.000000
v 16.349724 -13.301487 24.433884
v 16.257307 -13.226300 24.623489
v 16.134480 -13.126373 24.781832
v 15.987400 -13.006715 24.900969
v 15.823443 -12.873326 24.974928
v 15.650831 -12.732896 25.000000
v 18.071852 -10.989737 24.222521
v 18.008659 -10.951309 24.433884
v 17.906866 -10.889407 24.623489
v 17.771576 -10.807136 24.781832
v 17.609573 -10.708619 24.900969
v 17.428982 -10.598798 24.974928
v 17.238855 -10.483180 25.000000
v 19.399965 -8.426594 24.222521
v 19.332129 -8.397129 24.433884
v 19.222855 -8.349665 24.623489
v 19.077623 -8.286581 24.781832
v 18.903713 -8.211041 24.900969
v 18.709848 -8.126835 24.974928
v 18.505751 -8.038182 25.000000
v 20.366693 -5.706480 24.222521
v 20.295477 -5.686526 24.433884
v 20.180758 -5.654383 24.623489
v 20.028288 -5.611663 24.781832
v 19.845713 -5.560508 24.900969
v 19.642189 -5.503483 24.974928
v 19.427919 -5.443448 25.000000
v 20.954031 -2.880065 24.222521
v 20.880760 -2.869994 24.433884
v 20.762732 -2.853772 24.623489
v 20.605865 -2.832211 24.781832
v 20.418026 -2.806393 24.900969
v 20.208632 -2.777612 24.974928
v -29.899712 -26.890083 15.000000
v -29.603876 -27.735535 15.000000
v -29.127325 -28.493959 15.000000
v -26.890083 -29.899712 15.000000
v -28.493959 -29.127325 15.000000
v -27.735535 -29.603876 15.000000
v -30.000000 -26.000000 15.000000
v -26.000000 -30.000000 15.000000
v -30.000000 26.000000 15.000000
v 26.000000 -30.000000 15.000000
v -29.127325 28.493959 15.000000
v -29.603876 27.735535 15.000000
v -29.899712 26.890083 15.000000
v 29.127325 -28.493959 15.000000
v 27.735535 -29.603876 15.000000
v 28.493959 -29.127325 15.000000
v 26.890083 -29.899712 15.000000
v -27.735535 29.603876 15.000000
v -28.493959 29.127325 15.000000
v 29.603876 -27.735535 15.000000
v 30.000000 -26.000000 15.000000
v 29.899712 -26.890083 15.000000
v -26.000000 30.000000 15.000000
v -26.890083 29.899712 15.000000
v 30.000000 26.000000 15.000000
v 26.000000 30.000000 15.000000
v 29.899712 26.890083 15.000000
v 26.890083 29.899712 15.000000
v 29.603876 27.735535 15.000000
v 29.127325 28.493959 15.000000
v 28.493959 29.127325 15.000000
v 27.735535 29.603876 15.000000
v -10.606602 -10.606602 25.000000
v -8.816779 -12.135255 25.000000
v -12.135255 -8.816779 25.000000
v -13.365098 -6.809857 25.000000
v -6.809857 -13.365098 25.000000
v -14.265848 -4.635255 25.000000
v -4.635255 -14.265848 25.000000
v -14.815325 -2.346517 25.000000
v -2.346517 -14.815325 25.000000
v -15.000000 0.000000 25.000000
v -0.000000 -15.000000 25.000000
v -14.815325 2.346517 25.000000
v 2.346517 -14.815325 25.000000
v 4.635255 -14.265848 25.000000
v -14.265848 4.635255 25.000000
v -13.365098 6.809857 25.000000
v 6.809857 -13.365098 25.000000
v 8.816779 -12.135255 25.000000
v -12.135255 8.816779 25.000000
v -10.606602 10.606602 25.000000
v 10.606602 -10.606602 25.000000
v 12.135255 -8.816779 25.000000
v -8.816779 12.135255 25.000000
v -6.809857 13.365098 25.000000
v 13.365098 -6.809857 25.000000
v 14.265848 -4.635255 25.000000
v -4.635255 14.265848 25.000000
v 14.815325 -2.346517 25.000000
v -2.346517 14.815325 25.000000
v 15.000000 -0.000000 25.000000
v 0.000000 15.000000 25.000000
v 2.346517 14.815325 25.000000
v 14.815325 2.346517 25.000000
v 4.635255 14.265848 25.000000
v 14.265848 4.635255 25.000000
v 6.809857 13.365098 25.000000
v 13.365098 6.809857 25.000000
v 12.135255 8.816779 25.000000
v 8.816779 12.135255 25.000000
v 10.606602 10.606602 25.000000
v 30.000000 -26.000000 0.000000
v 30.000000 26.000000 0.000000
v 29.899712 26.890083 0.000000
v 29.603876 27.735535 0.000000
v 29.127325 28.493959 0.000000
v 28.493959 29.127325 0.000000
v 27.735535 29.603876 0.000000
v 26.890083 29.899712 0.000000
v 26.000000 30.000000 0.000000
v 29.899712 -26.890083 0.000000
v 29.603876 -27.735535 0.000000
v 29.127325 -28.493959 0.000000
v 28.493959 -29.127325 0.000000
v 27.735535 -29.603876 0.000000
v 26.890083 -29.899712 0.000000
v 26.000000 -30.000000 0.000000
v -26.000000 30.000000 0.000000
v -26.000000 -30.000000 0.000000
v -30.000000 26.000000 0.000000
v -29.899712 26.890083 0.000000
v -29.603876 27.735535 0.000000
v -29.127325 28.493959 0.000000
v -28.493959 29.127325 0.000000
v -27.735535 29.603876 0.000000
v -26.890083 29.899712 0.000000
v -26.890083 -29.899712 0.000000
v -27.735535 -29.603876 0.000000
v -28.493959 -29.127325 0.000000
v -29.127325 -28.493959 0.000000
v -29.603876 -27.735535 0.000000
v -29.899712 -26.890083 0.000000
v -30.000000 -26.000000 0.000000
v 15.000000 -0.000000 11.000000
v 14.815325 2.346517 11.000000
v 14.265848 4.635255 11.000000
v 13.365098 6.809857 11.000000
v 12.135255 8.816779 11.000000
v 10.606602 10.606602 11.000000
v 8.816779 12.135255 11.000000
v 6.809857 13.365098 11.000000
v 4.635255 14.265848 11.000000
v 2.346517 14.815325 11.000000
v 0.000000 15.000000 11.000000
v -2.346517 14.815325 11.000000
v -4.635255 14.265848 11.000000
v -6.809857 13.365098 11.000000
v -8.816779 12.135255 11.000000
v -10.606602 10.606602 11.000000
v -12.135255 8.816779 11.000000
v -13.365098 6.809857 11.000000
v -14.265848 4.635255 11.000000
v -14.815325 2.346517 11.000000
v -15.000000 0.000000 11.000000
v -14.815325 -2.346517 11.000000
v -14.265848 -4.635255 11.000000
v -13.365098 -6.809857 11.000000
v -12.135255 -8.816779 11.000000
v -10.606602 -10.606602 11.000000
v -8.816779 -12.135255 11.000000
v -6.809857 -13.365098 11.000000
v -4.635255 -14.265848 11.000000
v -2.346517 -14.815325 11.000000
v -0.000000 -15.000000 11.000000
v 2.346517 -14.815325 11.000000
v 4.635255 -14.265848 11.000000
v 6.809857 -13.365098 11.000000
v 8.816779 -12.135255 11.000000
v 10.606602 -10.606602 11.000000
v 12.135255 -8.816779 11.000000
v 13.365098 -6.809857 11.000000
v 14.265848 -4.635255 11.000000
v 14.815325 -2.346517 11.000000
v -7.911176 -7.211990 0.000000
v -6.451274 -8.542867 0.000000
v -9.101673 -5.635518 0.000000
v -4.771681 -9.582827 0.000000
v -9.982224 -3.867134 0.000000
v -2.929594 -10.296455 0.000000
v -10.522841 -1.967060 0.000000
v -0.987743 -10.659450 0.000000
v -10.705116 -0.000000 0.000000
v 4.771681 -9.582827 0.000000
v 2.929594 -10.296455 0.000000
v 0.987743 -10.659450 0.000000
v -10.522841 1.967060 0.000000
v -9.982224 3.867134 0.000000
v -9.101673 5.635518 0.000000
v 6.451274 -8.542867 0.000000
v -7.911176 7.211990 0.000000
v 7.911176 -7.211990 0.000000
v 9.101673 -5.635518 0.000000
v -6.451274 8.542867 0.000000
v -4.771681 9.582827 0.000000
v 9.982224 -3.867134 0.000000
v -2.929594 10.296455 0.000000
v 10.522841 -1.967060 0.000000
v -0.987743 10.659450 0.000000
v 10.705116 0.000000 0.000000
v 7.911176 7.211990 0.000000
v 9.101673 5.635518 0.000000
v 9.982224 3.867134 0.000000
v 10.522841 1.967060 0.000000
v 0.987743 10.659450 0.000000
v 2.929594 10.296455 0.000000
v 4.771681 9.582827 0.000000
v 6.451274 8.542867 0.000000
v -7.911176 -7.211990 11.000000
v -6.451274 -8.542867 11.000000
v -9.101673 -5.635518 11.000000
v -4.771681 -9.582827 11.000000
v -9.982224 -3.867134 11.000000
v -2.929594 -10.296455 11.000000
v -10.522841 -1.967060 11.000000
v -0.987743 -10.659450 11.000000
v -10.705116 -0.000000 11.000000
v 0.987743 -10.659450 11.000000
v -10.522841 1.967060 11.000000
v 2.929594 -10.296455 11.000000
v -9.982224 3.867134 11.000000
v 4.771681 -9.582827 11.000000
v -9.101673 5.635518 11.000000
v 6.451274 -8.542867 11.000000
v -7.911176 7.211990 11.000000
v 7.911176 -7.211990 11.000000
v -6.451274 8.542867 11.000000
v 9.101673 -5.635518 11.000000
v -4.771681 9.582827 11.000000
v 9.982224 -3.867134 11.000000
v 10.522841 -1.967060 11.000000
v -2.929594 10.296455 11.000000
v 10.705116 0.000000 11.000000
v -0.987743 10.659450 11.000000
v 0.987743 10.659450 11.000000
v 10.522841 1.967060 11.000000
v 2.929594 10.296455 11.000000
v 9.982224 3.867134 11.000000
v 4.771681 9.582827 11.000000
v 9.101673 5.635518 11.000000
v 7.911176 7.211990 11.000000
v 6.451274 8.542867 11.000000
vn 0.997767 0.066793 -0.000000
vn 0.997767 0.066793 0.000000
vn 0.979962 0.199186 0.000000
vn 0.979962 0.199186 0.000000
vn 0.944669 0.328025 0.000000
vn 0.892519 0.451010 0.000000
vn 0.944669 0.328025 -0.000000
vn 0.892519 0.451010 0.000000
vn 0.824442 0.565947 0.000000
vn 0.824442 0.565947 -0.000000
vn 0.741652 0.670785 0.000000
vn 0.645628 0.763652 0.000000
vn 0.741652 0.670785 -0.000000
vn 0.645628 0.763652 0.000000
vn 0.538083 0.842892 0.000000
vn 0.538083 0.842892 -0.000000
vn 0.420935 0.907091 0.000000
vn 0.420935 0.907091 -0.000000
vn 0.296276 0.955102 0.000000
vn 0.296276 0.955102 -0.000000
vn 0.166329 0.986070 0.000000
vn 0.166329 0.986070 -0.000000
vn 0.033415 0.999442 0.000000
vn 0.033415 0.999442 -0.000000
vn -0.100095 0.994978 0.000000
vn -0.100095 0.994978 0.000000
vn -0.231820 0.972759 0.000000
vn -0.359408 0.933181 0.000000
vn -0.231820 0.972759 0.000000
vn -0.480581 0.876950 0.000000
vn -0.359408 0.933181 0.000000
vn -0.480581 0.876950 0.000000
vn -0.593180 0.805070 0.000000
vn -0.593180 0.805070 0.000000
vn -0.695193 0.718824 0.000000
vn -0.695193 0.718824 0.000000
vn -0.784799 0.619750 0.000000
vn -0.784799 0.619750 0.000000
vn -0.860401 0.509617 0.000000
vn -0.860401 0.509617 0.000000
vn -0.920650 0.390389 0.000000
vn -0.920650 0.390389 0.000000
vn -0.964469 0.264195 0.000000
vn -0.964469 0.264195 0.000000
vn -0.991078 0.133286 0.000000
vn -0.991078 0.133286 0.000000
vn -1.000000 -0.000000 0.000000
vn -1.000000 0.000000 0.000000
vn -0.991078 -0.133286 0.000000
vn -0.991078 -0.133286 0.000000
vn -0.964469 -0.264195 0.000000
vn -0.964469 -0.264195 0.000000
vn -0.920650 -0.390389 0.000000
vn -0.920650 -0.390389 0.000000
vn -0.860401 -0.509617 -0.000000
vn -0.860401 -0.509617 0.000000
vn -0.784799 -0.619750 0.000000
vn -0.784799 -0.619750 0.000000
vn -0.695193 -0.718824 0.000000
vn -0.695193 -0.718824 0.000000
vn -0.593180 -0.805070 0.000000
vn -0.593180 -0.805070 0.000000
vn -0.480581 -0.876950 0.000000
vn -0.480581 -0.876950 0.000000
vn -0.359408 -0.933181 0.000000
vn -0.359408 -0.933181 0.000000
vn -0.231820 -0.972759 0.000000
vn -0.231820 -0.972759 0.000000
vn -0.100095 -0.994978 0.000000
vn -0.100095 -0.994978 0.000000
vn 0.033415 -0.999442 0.000000
vn 0.033415 -0.999442 0.000000
vn 0.166329 -0.986070 0.000000
vn 0.166329 -0.986070 0.000000
vn 0.296276 -0.955102 0.000000
vn 0.296276 -0.955102 0.000000
vn 0.420935 -0.907091 0.000000
vn 0.538083 -0.842892 0.000000
vn 0.420935 -0.907091 0.000000
vn 0.538083 -0.842892 0.000000
vn 0.645628 -0.763652 0.000000
vn 0.645628 -0.763652 0.000000
vn 0.741652 -0.670785 0.000000
vn 0.824442 -0.565947 0.000000
vn 0.741652 -0.670785 0.000000
vn 0.824442 -0.565947 0.000000
vn 0.892519 -0.451010 0.000000
vn 0.892519 -0.451010 0.000000
vn 0.944669 -0.328025 0.000000
vn 0.944669 -0.328025 0.000000
vn 0.979962 -0.199186 0.000000
vn 0.979962 -0.199186 0.000000
vn 0.997767 -0.066793 0.000000
vn 0.997767 -0.066793 0.000000
vn 0.991521 -0.066374 0.111718
vn 0.940814 -0.080577 0.329206
vn 0.111961 -0.007658 0.993683
vn 0.991521 0.066375 0.111718
vn 0.991521 0.066374 0.111720
vn 0.942004 0.063059 0.329623
vn 0.942007 0.063060 0.329615
vn 0.845368 0.056590 0.531178
vn 0.845367 0.056590 0.531180
vn 0.706316 0.047282 0.706316
vn 0.706317 0.047282 0.706315
vn 0.531694 0.035593 0.846188
vn 0.531690 0.035592 0.846191
vn 0.330199 0.022104 0.943652
vn 0.111961 0.007495 0.993684
vn 0.330200 0.022104 0.943652
vn 0.163032 0.675536 0.719077
vn 0.110023 0.007526 0.993901
vn 0.973827 0.197939 0.111718
vn 0.973827 0.197939 0.111720
vn 0.925197 0.188055 0.329615
vn 0.925195 0.188054 0.329621
vn 0.830281 0.168762 0.531180
vn 0.830281 0.168762 0.531180
vn 0.693713 0.141003 0.706315
vn 0.693713 0.141003 0.706314
vn 0.522202 0.106142 0.846191
vn 0.220380 0.044794 0.974385
vn 0.522202 0.106142 0.846191
vn 0.113157 0.841877 0.527674
vn 0.328994 0.048094 0.943107
vn 0.189559 0.458180 0.868411
vn 0.106215 0.022072 0.994098
vn 0.938755 0.325972 0.111718
vn 0.938755 0.325972 0.111718
vn 0.891874 0.309693 0.329621
vn 0.891874 0.309693 0.329623
vn 0.800379 0.277922 0.531180
vn 0.800382 0.277924 0.531175
vn 0.668730 0.232208 0.706314
vn 0.668726 0.232208 0.706318
vn 0.316013 0.109732 0.942388
vn 0.523243 0.123233 0.843226
vn 0.124705 0.750498 0.649001
vn 0.185550 0.376109 0.907807
vn 0.319625 0.091565 0.943110
vn 0.100655 0.035773 0.994278
vn 0.886932 0.448187 0.111716
vn 0.819281 0.562404 0.111716
vn 0.886932 0.448187 0.111717
vn 0.842638 0.425804 0.329624
vn 0.842638 0.425804 0.329623
vn 0.756197 0.382124 0.531175
vn 0.756193 0.382122 0.531182
vn 0.631815 0.319271 0.706312
vn 0.300081 0.151638 0.941784
vn 0.631810 0.319268 0.706318
vn -0.010400 0.894519 0.446910
vn 0.115757 0.687946 0.716471
vn 0.502400 0.191398 0.843185
vn 0.304551 0.133379 0.943111
vn 0.171038 0.344929 0.922914
vn 0.093483 0.048439 0.994442
vn 0.819281 0.562404 0.111716
vn 0.778365 0.534318 0.329624
vn 0.698514 0.479503 0.531183
vn 0.778365 0.534317 0.329627
vn 0.698517 0.479504 0.531178
vn 0.363763 0.249709 0.897397
vn -0.038605 0.862649 0.504327
vn 0.645822 0.308837 0.698236
vn 0.472754 0.256164 0.843139
vn 0.093194 0.648204 0.755742
vn 0.284051 0.172793 0.943111
vn 0.150164 0.335027 0.930166
vn 0.084856 0.059898 0.994591
vn 0.737010 0.666586 0.111713
vn 0.641587 0.758872 0.111713
vn 0.737010 0.666586 0.111716
vn 0.700203 0.633296 0.329624
vn 0.628372 0.568329 0.531179
vn 0.700202 0.633295 0.329627
vn 0.328321 0.296949 0.896675
vn 0.628372 0.568329 0.531179
vn -0.076117 0.833959 0.546552
vn 0.600001 0.390813 0.698043
vn 0.060974 0.622827 0.779980
vn 0.434852 0.316403 0.843085
vn 0.124430 0.334409 0.934178
vn 0.074953 0.070001 0.994727
vn 0.258492 0.209103 0.943111
vn 0.641586 0.758872 0.111714
vn 0.609545 0.720974 0.329623
vn 0.609546 0.720974 0.329620
vn 0.286713 0.339126 0.895985
vn 0.547013 0.647010 0.531183
vn 0.547014 0.647012 0.531179
vn 0.543935 0.466019 0.697826
vn -0.121383 0.807117 0.577779
vn 0.389372 0.371072 0.843027
vn 0.021529 0.605215 0.795771
vn 0.228343 0.241669 0.943110
vn 0.094733 0.337293 0.936621
vn 0.063961 0.078618 0.994851
vn 0.534714 0.837615 0.111722
vn 0.418299 0.901412 0.111722
vn 0.534714 0.837616 0.111714
vn 0.508011 0.795787 0.329619
vn 0.508011 0.795786 0.329620
vn 0.455894 0.714146 0.531183
vn 0.239665 0.375429 0.895329
vn 0.455896 0.714149 0.531178
vn -0.329696 0.865414 0.377305
vn 0.478618 0.533186 0.697594
vn -0.172791 0.780215 0.601172
vn 0.337136 0.419231 0.842962
vn -0.023390 0.590711 0.806544
vn 0.194149 0.269919 0.943107
vn 0.061822 0.340484 0.938216
vn 0.052082 0.085646 0.994963
vn 0.397410 0.856397 0.329619
vn 0.418300 0.901412 0.111721
vn 0.229013 0.493509 0.839049
vn 0.397411 0.856398 0.329615
vn 0.525017 0.677130 0.515608
vn -0.391079 0.829749 0.398214
vn 0.405217 0.591206 0.697334
vn -0.228779 0.751380 0.618941
vn 0.279073 0.460059 0.842890
vn -0.072337 0.576077 0.814189
vn 0.156523 0.293352 0.943104
vn 0.026422 0.342038 0.939314
vn 0.039529 0.091005 0.995066
vn 0.294421 0.949123 0.111718
vn 0.294421 0.949123 0.111720
vn 0.279718 0.901727 0.329615
vn 0.161512 0.520666 0.838344
vn 0.279718 0.901724 0.329625
vn 0.433731 0.739313 0.515067
vn -0.454285 0.788029 0.415494
vn -0.287763 0.718971 0.632671
vn 0.325009 0.639126 0.697055
vn -0.123995 0.559081 0.819789
vn 0.216215 0.492874 0.842809
vn 0.026517 0.094641 0.995158
vn -0.010738 0.340729 0.940100
vn 0.116145 0.311569 0.943099
vn 0.165288 0.979897 0.111718
vn 0.165288 0.979897 0.111718
vn 0.157034 0.930962 0.329621
vn 0.157034 0.930961 0.329625
vn 0.090842 0.538548 0.837683
vn -0.517887 0.739620 0.429832
vn 0.335431 0.789174 0.514481
vn -0.348217 0.681719 0.643432
vn 0.239401 0.676189 0.696747
vn -0.177109 0.538186 0.824007
vn 0.149669 0.517129 0.842720
vn -0.048907 0.335741 0.940684
vn 0.073734 0.324250 0.943093
vn 0.013267 0.096527 0.995242
vn 0.033206 0.993186 0.111712
vn 0.033206 0.993185 0.111718
vn 0.031548 0.943586 0.329621
vn 0.031547 0.943584 0.329628
vn 0.018281 0.546791 0.837069
vn 0.231802 0.825978 0.513837
vn 0.149864 0.701818 0.696413
vn -0.099964 0.993672 -0.051213
vn -0.050517 0.992430 0.111942
vn 0.080602 0.532440 0.842621
vn -0.047984 0.942676 0.330240
vn -0.047985 0.942677 0.330238
vn -0.043046 0.845667 0.531972
vn 0.030050 0.331191 0.943085
vn 0.000000 0.096662 0.995317
vn -0.043045 0.845668 0.531971
vn -0.035949 0.706249 0.707050
vn -0.035951 0.706244 0.707055
vn -0.027049 0.531399 0.846690
vn -0.016793 0.329898 0.943867
vn -0.027051 0.531402 0.846688
vn -0.016793 0.329897 0.943868
vn -0.005693 0.111837 0.993710
vn -0.116693 0.986852 0.111831
vn -0.110854 0.937476 0.329924
vn -0.099465 0.841159 0.531563
vn -0.110854 0.937477 0.329922
vn -0.083086 0.702641 0.706677
vn -0.099465 0.841157 0.531566
vn -0.083086 0.702646 0.706672
vn -0.231408 0.971029 -0.059599
vn -0.183763 0.976575 0.111946
vn -0.062531 0.528813 0.846431
vn -0.062530 0.528810 0.846434
vn -0.038827 0.328351 0.943757
vn -0.174551 0.927621 0.330229
vn -0.156588 0.832163 0.531963
vn -0.174551 0.927621 0.330228
vn -0.013164 0.111324 0.993697
vn -0.038827 0.328353 0.943757
vn -0.013067 0.095070 0.995385
vn -0.156589 0.832161 0.531966
vn -0.130774 0.694975 0.707041
vn -0.130774 0.694976 0.707041
vn -0.098398 0.522919 0.846684
vn -0.098399 0.522921 0.846683
vn -0.061087 0.324636 0.943864
vn -0.020709 0.110053 0.993710
vn -0.061087 0.324636 0.943864
vn -0.248584 0.962132 0.111839
vn -0.236145 0.913988 0.329942
vn -0.211880 0.820069 0.531595
vn -0.236146 0.913988 0.329941
vn -0.176987 0.685021 0.706697
vn -0.211880 0.820073 0.531589
vn -0.176987 0.685018 0.706701
vn -0.358596 0.931072 -0.067178
vn -0.313659 0.942914 0.111943
vn -0.133199 0.515540 0.846450
vn -0.082706 0.320108 0.943764
vn -0.133199 0.515540 0.846450
vn -0.297936 0.895650 0.330219
vn -0.297936 0.895650 0.330218
vn -0.028040 0.108528 0.993698
vn -0.025722 0.091803 0.995445
vn -0.082706 0.320109 0.943764
vn -0.267280 0.803487 0.531949
vn -0.267277 0.803484 0.531955
vn -0.223218 0.671030 0.707031
vn -0.223216 0.671027 0.707034
vn -0.167957 0.504908 0.846675
vn -0.167956 0.504907 0.846676
vn -0.104271 0.313455 0.943861
vn -0.104269 0.313453 0.943862
vn -0.035348 0.106262 0.993710
vn -0.375942 0.919869 0.111839
vn -0.357128 0.873834 0.329961
vn -0.357128 0.873834 0.329961
vn -0.320427 0.784032 0.531620
vn -0.320426 0.784032 0.531621
vn -0.267655 0.654908 0.706722
vn -0.267654 0.654906 0.706724
vn -0.201432 0.492870 0.846466
vn -0.201432 0.492871 0.846465
vn -0.479266 0.874549 -0.073949
vn -0.437837 0.892059 0.111932
vn -0.042403 0.103754 0.993699
vn -0.125070 0.306026 0.943772
vn -0.037761 0.086935 0.995498
vn -0.125071 0.306027 0.943772
vn -0.415890 0.847347 0.330209
vn -0.415892 0.847348 0.330206
vn -0.373096 0.760156 0.531942
vn -0.311591 0.634847 0.707022
vn -0.373096 0.760158 0.531940
vn -0.311591 0.634845 0.707024
vn -0.234455 0.477685 0.846669
vn -0.234456 0.477686 0.846668
vn -0.145553 0.296555 0.943859
vn -0.049344 0.100534 0.993709
vn -0.145554 0.296556 0.943858
vn -0.496445 0.860831 0.111855
vn -0.471598 0.817746 0.329981
vn -0.471599 0.817747 0.329977
vn -0.423129 0.733701 0.531643
vn -0.353436 0.612853 0.706749
vn -0.423128 0.733699 0.531646
vn -0.353437 0.612857 0.706745
vn -0.265985 0.461216 0.846482
vn -0.165151 0.286370 0.943778
vn -0.265986 0.461217 0.846481
vn -0.591283 0.802495 -0.079916
vn -0.554028 0.824938 0.111938
vn -0.165151 0.286370 0.943778
vn -0.048993 0.080566 0.995544
vn -0.055991 0.097089 0.993700
vn -0.526260 0.783592 0.330202
vn -0.526261 0.783593 0.330200
vn -0.472111 0.702966 0.531930
vn -0.472112 0.702966 0.531930
vn -0.394289 0.587090 0.707009
vn -0.394289 0.587090 0.707009
vn -0.296682 0.441754 0.846660
vn -0.296682 0.441754 0.846660
vn -0.184187 0.274250 0.943855
vn -0.062440 0.092973 0.993709
vn -0.184186 0.274250 0.943855
vn -0.607896 0.786098 0.111859
vn -0.577466 0.746747 0.330003
vn -0.518110 0.669992 0.531670
vn -0.577466 0.746747 0.330003
vn -0.518111 0.669993 0.531668
vn -0.432768 0.559632 0.706770
vn -0.432769 0.559633 0.706769
vn -0.325684 0.421157 0.846497
vn -0.202215 0.261493 0.943785
vn -0.325683 0.421156 0.846498
vn -0.692672 0.716217 -0.085080
vn -0.660119 0.742775 0.111931
vn -0.059240 0.072815 0.995585
vn -0.068557 0.088654 0.993700
vn -0.202215 0.261494 0.943785
vn -0.627035 0.705549 0.330192
vn -0.627036 0.705550 0.330190
vn -0.562521 0.632957 0.531916
vn -0.562522 0.632958 0.531915
vn -0.469799 0.528624 0.706998
vn -0.469798 0.528624 0.706998
vn -0.353501 0.397765 0.846652
vn -0.353502 0.397766 0.846651
vn -0.074400 0.083716 0.993708
vn -0.219462 0.246942 0.943852
vn -0.219462 0.246942 0.943852
vn -0.708262 0.697030 0.111867
vn -0.672804 0.662135 0.330018
vn -0.672804 0.662135 0.330019
vn -0.603642 0.594069 0.531694
vn -0.603642 0.594069 0.531694
vn -0.504205 0.496210 0.706790
vn -0.379439 0.373422 0.846512
vn -0.504204 0.496209 0.706792
vn -0.379438 0.373421 0.846513
vn -0.781653 0.617265 -0.089451
vn -0.754172 0.647068 0.111927
vn -0.079871 0.078605 0.993701
vn -0.235589 0.231853 0.943791
vn -0.068340 0.063825 0.995618
vn -0.235588 0.231853 0.943792
vn -0.716378 0.614642 0.330179
vn -0.716378 0.614642 0.330179
vn -0.642676 0.551405 0.531902
vn -0.642674 0.551405 0.531905
vn -0.536746 0.460519 0.706984
vn -0.536746 0.460519 0.706984
vn -0.403878 0.346521 0.846644
vn -0.403879 0.346521 0.846644
vn -0.250740 0.215131 0.943848
vn -0.085003 0.072931 0.993708
vn -0.250740 0.215130 0.943848
vn -0.755872 0.565449 0.330037
vn -0.795713 0.595253 0.111869
vn -0.755873 0.565450 0.330035
vn -0.678162 0.507317 0.531720
vn -0.678163 0.507317 0.531718
vn -0.566444 0.423743 0.706812
vn -0.566445 0.423743 0.706811
vn -0.426270 0.318882 0.846527
vn -0.426268 0.318881 0.846529
vn -0.089728 0.067123 0.993702
vn -0.264663 0.197988 0.943798
vn -0.264664 0.197989 0.943797
vn -0.076150 0.053753 0.995646
vn -0.856672 0.507408 -0.093013
vn -0.834475 0.539561 0.111919
vn -0.792660 0.512523 0.330167
vn -0.792660 0.512523 0.330166
vn -0.711113 0.459796 0.531889
vn -0.711114 0.459797 0.531888
vn -0.593909 0.384014 0.706969
vn -0.446893 0.288955 0.846636
vn -0.593908 0.384013 0.706970
vn -0.446895 0.288957 0.846634
vn -0.277448 0.179395 0.943843
vn -0.094058 0.060817 0.993708
vn -0.277448 0.179394 0.943843
vn -0.868654 0.482622 0.111878
vn -0.825155 0.458454 0.330059
vn -0.825157 0.458455 0.330052
vn -0.740317 0.411319 0.531739
vn -0.618351 0.343555 0.706833
vn -0.740321 0.411320 0.531735
vn -0.618350 0.343554 0.706834
vn -0.465326 0.258534 0.846541
vn -0.465327 0.258534 0.846540
vn -0.288911 0.160518 0.943803
vn -0.082550 0.042774 0.995669
vn -0.097947 0.054419 0.993703
vn -0.288910 0.160518 0.943803
vn -0.916417 0.388595 -0.095782
vn -0.899561 0.422215 0.111917
vn -0.854486 0.401059 0.330161
vn -0.854487 0.401060 0.330156
vn -0.640243 0.300502 0.706957
vn -0.766586 0.359804 0.531871
vn -0.766589 0.359804 0.531867
vn -0.481764 0.226120 0.846625
vn -0.640246 0.300505 0.706953
vn -0.481762 0.226119 0.846626
vn -0.299099 0.140384 0.943839
vn -0.101398 0.047592 0.993707
vn -0.299098 0.140384 0.943839
vn -0.879394 0.343102 0.330071
vn -0.925755 0.361190 0.111889
vn -0.879395 0.343103 0.330066
vn -0.788972 0.307823 0.531760
vn -0.788968 0.307823 0.531765
vn -0.658984 0.257107 0.706850
vn -0.495893 0.193476 0.846556
vn -0.658982 0.257106 0.706852
vn -0.495895 0.193477 0.846555
vn -0.104381 0.040725 0.993703
vn -0.307886 0.120124 0.943810
vn -0.307888 0.120125 0.943809
vn -0.087438 0.031076 0.995685
vn -0.959850 0.262930 -0.097758
vn -0.948243 0.297171 0.111916
vn -0.900735 0.282282 0.330142
vn -0.900736 0.282282 0.330139
vn -0.808079 0.253245 0.531860
vn -0.808082 0.253245 0.531855
vn -0.674907 0.211510 0.706940
vn -0.674907 0.211510 0.706940
vn -0.507852 0.159156 0.846614
vn -0.507852 0.159157 0.846614
vn -0.315298 0.098812 0.943834
vn -0.106890 0.033498 0.993706
vn -0.315298 0.098812 0.943834
vn -0.965976 0.233173 0.111895
vn -0.917597 0.221495 0.330085
vn -0.917596 0.221495 0.330086
vn -0.823238 0.198718 0.531781
vn -0.823236 0.198718 0.531783
vn -0.687594 0.165975 0.706871
vn -0.687594 0.165975 0.706871
vn -0.517421 0.124898 0.846568
vn -0.321250 0.077545 0.943814
vn -0.517422 0.124898 0.846567
vn -0.108909 0.026289 0.993704
vn -0.321249 0.077545 0.943814
vn -0.090740 0.018856 0.995696
vn -0.986213 0.132632 -0.098955
vn -0.979635 0.166709 0.111911
vn -0.930557 0.158357 0.330130
vn -0.930557 0.158357 0.330131
vn -0.834843 0.142069 0.531840
vn -0.697265 0.118656 0.706924
vn -0.834842 0.142069 0.531841
vn -0.524683 0.089288 0.846602
vn -0.697267 0.118657 0.706923
vn -0.524683 0.089288 0.846602
vn -0.325749 0.055434 0.943830
vn -0.110433 0.018793 0.993706
vn -0.325747 0.055434 0.943830
vn -0.988584 0.100904 0.111892
vn -0.939066 0.095849 0.330103
vn -0.939065 0.095849 0.330106
vn -0.842490 0.085993 0.531804
vn -0.842496 0.085992 0.531796
vn -0.703664 0.071823 0.706893
vn -0.703669 0.071822 0.706888
vn -0.529512 0.054046 0.846579
vn -0.529512 0.054046 0.846579
vn -0.328753 0.033555 0.943820
vn -0.092404 0.006321 0.995702
vn -0.111452 0.011376 0.993705
vn -0.328751 0.033555 0.943820
vn -0.995053 0.000000 -0.099347
vn -0.993165 0.033204 0.111897
vn -0.943413 0.031541 0.330116
vn -0.943412 0.031542 0.330120
vn -0.706908 0.023634 0.706911
vn -0.846388 0.028297 0.531815
vn -0.846386 0.028298 0.531818
vn -0.531947 0.017785 0.846591
vn -0.706909 0.023634 0.706909
vn -0.531947 0.017785 0.846591
vn -0.330262 0.011042 0.943825
vn -0.111964 0.003743 0.993705
vn -0.330260 0.011042 0.943825
vn -0.993165 -0.033204 0.111897
vn -0.943413 -0.031542 0.330116
vn -0.943412 -0.031541 0.330120
vn -0.846388 -0.028298 0.531815
vn -0.846386 -0.028297 0.531818
vn -0.706909 -0.023634 0.706909
vn -0.706908 -0.023634 0.706911
vn -0.531947 -0.017785 0.846591
vn -0.531947 -0.017785 0.846591
vn -0.111964 -0.003743 0.993705
vn -0.330260 -0.011041 0.943825
vn -0.330262 -0.011042 0.943825
vn -0.092404 -0.006321 0.995702
vn -0.988584 -0.100904 0.111892
vn -0.986213 -0.132632 -0.098955
vn -0.939065 -0.095849 0.330106
vn -0.939066 -0.095849 0.330103
vn -0.842495 -0.085993 0.531796
vn -0.842491 -0.085992 0.531804
vn -0.703669 -0.071823 0.706888
vn -0.703664 -0.071822 0.706893
vn -0.529512 -0.054046 0.846579
vn -0.529512 -0.054046 0.846579
vn -0.328753 -0.033556 0.943820
vn -0.111452 -0.011376 0.993705
vn -0.328751 -0.033555 0.943820
vn -0.979635 -0.166709 0.111911
vn -0.930557 -0.158357 0.330131
vn -0.930557 -0.158357 0.330130
vn -0.834843 -0.142068 0.531841
vn -0.834843 -0.142069 0.531840
vn -0.697267 -0.118657 0.706923
vn -0.697265 -0.118656 0.706924
vn -0.524683 -0.089288 0.846602
vn -0.524683 -0.089288 0.846602
vn -0.110433 -0.018793 0.993706
vn -0.325747 -0.055434 0.943830
vn -0.325749 -0.055434 0.943830
vn -0.090740 -0.018856 0.995696
vn -0.959850 -0.262930 -0.097758
vn -0.965976 -0.233173 0.111895
vn -0.917596 -0.221495 0.330086
vn -0.917597 -0.221495 0.330085
vn -0.823237 -0.198717 0.531783
vn -0.823238 -0.198718 0.531781
vn -0.687594 -0.165975 0.706871
vn -0.687594 -0.165975 0.706871
vn -0.517422 -0.124898 0.846567
vn -0.517421 -0.124898 0.846567
vn -0.321249 -0.077545 0.943815
vn -0.108909 -0.026289 0.993704
vn -0.321250 -0.077545 0.943814
vn -0.948243 -0.297171 0.111916
vn -0.900736 -0.282282 0.330139
vn -0.900735 -0.282281 0.330142
vn -0.808082 -0.253245 0.531855
vn -0.808079 -0.253245 0.531860
vn -0.507852 -0.159157 0.846614
vn -0.674907 -0.211510 0.706940
vn -0.674907 -0.211510 0.706940
vn -0.507852 -0.159156 0.846614
vn -0.106890 -0.033498 0.993706
vn -0.315298 -0.098812 0.943834
vn -0.315298 -0.098812 0.943834
vn -0.087438 -0.031076 0.995685
vn -0.879396 -0.343103 0.330066
vn -0.925755 -0.361190 0.111888
vn -0.916417 -0.388595 -0.095782
vn -0.788968 -0.307823 0.531765
vn -0.879394 -0.343103 0.330071
vn -0.788972 -0.307823 0.531760
vn -0.658982 -0.257106 0.706852
vn -0.658984 -0.257107 0.706850
vn -0.495895 -0.193477 0.846555
vn -0.495893 -0.193476 0.846556
vn -0.307888 -0.120125 0.943809
vn -0.104381 -0.040725 0.993703
vn -0.307886 -0.120124 0.943810
vn -0.899561 -0.422215 0.111917
vn -0.854487 -0.401060 0.330156
vn -0.854486 -0.401059 0.330161
vn -0.766589 -0.359805 0.531867
vn -0.766587 -0.359803 0.531871
vn -0.640246 -0.300505 0.706953
vn -0.640243 -0.300502 0.706956
vn -0.481762 -0.226119 0.846626
vn -0.481764 -0.226120 0.846625
vn -0.299099 -0.140384 0.943839
vn -0.101398 -0.047592 0.993707
vn -0.299098 -0.140383 0.943839
vn -0.082550 -0.042774 0.995669
vn -0.856672 -0.507408 -0.093013
vn -0.868653 -0.482622 0.111878
vn -0.825155 -0.458455 0.330059
vn -0.825157 -0.458455 0.330053
vn -0.740320 -0.411320 0.531735
vn -0.740318 -0.411318 0.531739
vn -0.618350 -0.343554 0.706834
vn -0.618351 -0.343555 0.706833
vn -0.465326 -0.258534 0.846541
vn -0.288911 -0.160518 0.943803
vn -0.465327 -0.258534 0.846540
vn -0.097947 -0.054419 0.993703
vn -0.288910 -0.160518 0.943803
vn -0.834475 -0.539561 0.111919
vn -0.792660 -0.512523 0.330167
vn -0.792660 -0.512524 0.330166
vn -0.711114 -0.459797 0.531888
vn -0.711113 -0.459796 0.531889
vn -0.593908 -0.384013 0.706970
vn -0.593909 -0.384014 0.706969
vn -0.446895 -0.288957 0.846633
vn -0.446893 -0.288955 0.846636
vn -0.277448 -0.179395 0.943843
vn -0.094058 -0.060817 0.993708
vn -0.277448 -0.179394 0.943843
vn -0.076150 -0.053753 0.995646
vn -0.795713 -0.595253 0.111869
vn -0.781653 -0.617265 -0.089451
vn -0.755872 -0.565449 0.330036
vn -0.755873 -0.565450 0.330035
vn -0.678163 -0.507317 0.531718
vn -0.678162 -0.507317 0.531720
vn -0.566445 -0.423744 0.706811
vn -0.426268 -0.318881 0.846529
vn -0.566444 -0.423743 0.706812
vn -0.426270 -0.318882 0.846527
vn -0.754172 -0.647068 0.111927
vn -0.264663 -0.197988 0.943798
vn -0.264664 -0.197989 0.943797
vn -0.089728 -0.067123 0.993702
vn -0.716378 -0.614642 0.330179
vn -0.716378 -0.614641 0.330179
vn -0.642675 -0.551404 0.531905
vn -0.642676 -0.551406 0.531902
vn -0.536746 -0.460519 0.706984
vn -0.536746 -0.460519 0.706984
vn -0.403878 -0.346521 0.846644
vn -0.403878 -0.346521 0.846644
vn -0.250740 -0.215130 0.943848
vn -0.085003 -0.072931 0.993708
vn -0.250740 -0.215131 0.943848
vn -0.068340 -0.063825 0.995618
vn -0.692672 -0.716217 -0.085080
vn -0.708262 -0.697030 0.111867
vn -0.672804 -0.662135 0.330019
vn -0.672804 -0.662135 0.330018
vn -0.603642 -0.594069 0.531694
vn -0.603642 -0.594069 0.531694
vn -0.504205 -0.496210 0.706790
vn -0.504204 -0.496209 0.706792
vn -0.379438 -0.373421 0.846513
vn -0.379439 -0.373422 0.846512
vn -0.660119 -0.742775 0.111931
vn -0.235589 -0.231853 0.943791
vn -0.079871 -0.078605 0.993701
vn -0.235588 -0.231852 0.943792
vn -0.627036 -0.705550 0.330190
vn -0.627036 -0.705549 0.330192
vn -0.562522 -0.632957 0.531916
vn -0.562522 -0.632958 0.531915
vn -0.469799 -0.528624 0.706998
vn -0.469799 -0.528624 0.706998
vn -0.353502 -0.397766 0.846651
vn -0.219462 -0.246942 0.943852
vn -0.353501 -0.397765 0.846652
vn -0.074400 -0.083716 0.993708
vn -0.219462 -0.246942 0.943852
vn -0.059240 -0.072815 0.995585
vn -0.607896 -0.786098 0.111859
vn -0.591283 -0.802495 -0.079916
vn -0.577466 -0.746747 0.330003
vn -0.577466 -0.746747 0.330002
vn -0.518111 -0.669993 0.531668
vn -0.518110 -0.669992 0.531670
vn -0.432768 -0.559632 0.706770
vn -0.432769 -0.559633 0.706769
vn -0.325684 -0.421157 0.846497
vn -0.325683 -0.421156 0.846498
vn -0.554027 -0.824938 0.111938
vn -0.202215 -0.261494 0.943785
vn -0.068557 -0.088654 0.993700
vn -0.202215 -0.261493 0.943785
vn -0.526260 -0.783592 0.330202
vn -0.526260 -0.783593 0.330200
vn -0.472112 -0.702966 0.531930
vn -0.472112 -0.702966 0.531930
vn -0.394289 -0.587090 0.707009
vn -0.394289 -0.587090 0.707009
vn -0.296682 -0.441754 0.846660
vn -0.184186 -0.274250 0.943855
vn -0.296682 -0.441754 0.846660
vn -0.062440 -0.092973 0.993709
vn -0.048993 -0.080566 0.995544
vn -0.184187 -0.274250 0.943855
vn -0.479266 -0.874549 -0.073949
vn -0.496445 -0.860831 0.111856
vn -0.471598 -0.817746 0.329981
vn -0.471598 -0.817747 0.329978
vn -0.423129 -0.733701 0.531643
vn -0.423129 -0.733699 0.531646
vn -0.353436 -0.612853 0.706749
vn -0.353437 -0.612857 0.706745
vn -0.265986 -0.461217 0.846481
vn -0.265985 -0.461216 0.846482
vn -0.437837 -0.892059 0.111932
vn -0.165151 -0.286370 0.943778
vn -0.165151 -0.286370 0.943778
vn -0.055991 -0.097089 0.993699
vn -0.415891 -0.847348 0.330206
vn -0.373096 -0.760157 0.531940
vn -0.415891 -0.847347 0.330209
vn -0.373095 -0.760156 0.531942
vn -0.311591 -0.634845 0.707024
vn -0.311591 -0.634847 0.707022
vn -0.145554 -0.296556 0.943858
vn -0.234455 -0.477686 0.846668
vn -0.234455 -0.477685 0.846669
vn -0.049344 -0.100534 0.993709
vn -0.145553 -0.296555 0.943859
vn -0.037761 -0.086935 0.995498
vn -0.375942 -0.919869 0.111839
vn -0.358596 -0.931072 -0.067178
vn -0.357128 -0.873834 0.329961
vn -0.357128 -0.873834 0.329961
vn -0.320427 -0.784032 0.531620
vn -0.320427 -0.784032 0.531621
vn -0.267654 -0.654906 0.706724
vn -0.201432 -0.492870 0.846466
vn -0.267655 -0.654909 0.706722
vn -0.313659 -0.942914 0.111943
vn -0.201432 -0.492871 0.846465
vn -0.297936 -0.895650 0.330218
vn -0.297936 -0.895650 0.330219
vn -0.125070 -0.306026 0.943772
vn -0.042403 -0.103754 0.993699
vn -0.125071 -0.306027 0.943772
vn -0.267279 -0.803484 0.531955
vn -0.267279 -0.803488 0.531949
vn -0.223217 -0.671030 0.707031
vn -0.223217 -0.671026 0.707034
vn -0.167956 -0.504908 0.846675
vn -0.167956 -0.504907 0.846676
vn -0.035348 -0.106262 0.993710
vn -0.104270 -0.313453 0.943862
vn -0.104270 -0.313455 0.943861
vn -0.025722 -0.091803 0.995445
vn -0.231408 -0.971029 -0.059599
vn -0.248584 -0.962132 0.111839
vn -0.236146 -0.913988 0.329941
vn -0.211881 -0.820073 0.531589
vn -0.236145 -0.913988 0.329942
vn -0.211879 -0.820070 0.531595
vn -0.176987 -0.685018 0.706701
vn -0.176987 -0.685021 0.706697
vn -0.174551 -0.927621 0.330228
vn -0.183763 -0.976575 0.111946
vn -0.133199 -0.515540 0.846449
vn -0.133199 -0.515540 0.846450
vn -0.174551 -0.927621 0.330229
vn -0.156588 -0.832162 0.531966
vn -0.082706 -0.320109 0.943764
vn -0.028040 -0.108528 0.993698
vn -0.082706 -0.320108 0.943764
vn -0.156589 -0.832163 0.531963
vn -0.130774 -0.694976 0.707041
vn -0.098399 -0.522921 0.846683
vn -0.130774 -0.694975 0.707041
vn -0.098398 -0.522919 0.846684
vn -0.061087 -0.324636 0.943864
vn -0.020709 -0.110053 0.993710
vn -0.061087 -0.324636 0.943864
vn -0.013067 -0.095070 0.995385
vn -0.099964 -0.993672 -0.051213
vn -0.116693 -0.986852 0.111831
vn -0.110854 -0.937476 0.329924
vn -0.110854 -0.937477 0.329922
vn -0.099465 -0.841159 0.531563
vn -0.099465 -0.841157 0.531566
vn -0.083086 -0.702646 0.706672
vn -0.083086 -0.702641 0.706677
vn -0.050517 -0.992430 0.111942
vn -0.047985 -0.942677 0.330238
vn -0.062530 -0.528813 0.846432
vn -0.062531 -0.528810 0.846434
vn -0.047984 -0.942676 0.330240
vn -0.043046 -0.845668 0.531971
vn -0.038827 -0.328353 0.943757
vn -0.013164 -0.111324 0.993697
vn -0.038827 -0.328351 0.943757
vn -0.035949 -0.706244 0.707055
vn -0.043045 -0.845667 0.531972
vn -0.035951 -0.706249 0.707050
vn -0.027049 -0.531402 0.846688
vn -0.027050 -0.531399 0.846690
vn -0.005693 -0.111837 0.993710
vn -0.016793 -0.329897 0.943868
vn -0.016793 -0.329898 0.943867
vn 0.000000 -0.096662 0.995317
vn 0.017327 -0.993578 0.111816
vn 0.033385 -0.998559 -0.042012
vn 0.016460 -0.943871 0.329905
vn 0.016460 -0.943871 0.329903
vn 0.152318 -0.931968 0.328991
vn 0.014769 -0.846908 0.531535
vn 0.280574 -0.807792 0.518412
vn 0.014769 -0.846906 0.531537
vn 0.012338 -0.707459 0.706646
vn 0.012337 -0.707454 0.706651
vn 0.442025 -0.619752 0.648476
vn 0.009286 -0.532445 0.846414
vn 0.009285 -0.532442 0.846416
vn 0.596817 -0.397979 0.696723
vn 0.005765 -0.330610 0.943750
vn 0.005766 -0.330611 0.943749
vn 0.001955 -0.112091 0.993696
vn 0.164393 -0.974593 0.152129
vn 0.063400 -0.846377 0.528798
vn 0.405599 -0.754473 0.516005
vn -0.019009 -0.716344 0.697488
vn 0.550734 -0.537652 0.638453
vn 0.113324 -0.824492 0.554410
vn 0.677715 -0.292211 0.674771
vn -0.120113 -0.553753 0.823972
vn 0.015281 -0.111178 0.993683
vn 0.045066 -0.327884 0.943642
vn 0.045067 -0.327885 0.943642
vn 0.015281 -0.111178 0.993683
vn 0.292580 -0.943187 0.157468
vn 0.178590 -0.829726 0.528830
vn 0.524397 -0.679742 0.512794
vn 0.081028 -0.711730 0.697764
vn 0.648650 -0.433425 0.625616
vn 0.224804 -0.802336 0.552920
vn -0.039189 -0.563980 0.824858
vn 0.742691 -0.168262 0.648150
vn 0.089294 -0.318695 0.943642
vn 0.030277 -0.108061 0.993683
vn 0.089294 -0.318694 0.943642
vn 0.030277 -0.108061 0.993683
vn 0.415292 -0.894932 0.163187
vn 0.290330 -0.797511 0.528853
vn 0.633925 -0.582811 0.508399
vn 0.179241 -0.693282 0.698021
vn 0.731543 -0.306733 0.608900
vn 0.332387 -0.765230 0.551309
vn 0.787483 -0.027685 0.615714
vn 0.041947 -0.562581 0.825678
vn 0.131858 -0.303567 0.943642
vn 0.131858 -0.303566 0.943642
vn 0.044710 -0.102932 0.993683
vn 0.044710 -0.102932 0.993683
vn 0.530317 -0.830727 0.169282
vn 0.396539 -0.750364 0.528877
vn 0.730675 -0.462517 0.502188
vn 0.794293 -0.157538 0.586754
vn 0.273765 -0.661440 0.698248
vn 0.807481 0.126919 0.576079
vn 0.121680 -0.549729 0.826433
vn 0.434082 -0.713818 0.549578
vn 0.171965 -0.282785 0.943642
vn 0.058309 -0.095886 0.993683
vn 0.171965 -0.282785 0.943642
vn 0.058309 -0.095885 0.993683
vn 0.635579 -0.751766 0.175749
vn 0.495248 -0.689203 0.528894
vn 0.810200 -0.316994 0.493043
vn 0.362796 -0.616875 0.698459
vn 0.830462 0.013578 0.556910
vn 0.528006 -0.649007 0.547722
vn 0.198438 -0.525805 0.827135
vn 0.070823 -0.087053 0.993683
vn 0.208869 -0.256735 0.943642
vn 0.070822 -0.087052 0.993683
vn 0.208869 -0.256735 0.943642
vn 0.729185 -0.659509 0.182582
vn 0.584631 -0.615193 0.528908
vn 0.866110 -0.143145 0.478919
vn 0.651430 -0.608394 0.453316
vn 0.444662 -0.560503 0.698651
vn 0.831745 0.204562 0.516096
vn 0.389478 -0.363747 0.846165
vn 0.389477 -0.363746 0.846165
vn 0.082016 -0.076598 0.993683
vn 0.082017 -0.076598 0.993683
vn 0.241883 -0.225903 0.943642
vn 0.241883 -0.225903 0.943642
vn 0.823607 -0.565374 0.044984
vn 0.764201 -0.554577 0.329304
vn 0.895351 -0.306237 0.323365
vn 0.663044 -0.529738 0.528915
vn 0.887792 0.063782 0.455804
vn 0.729415 -0.514877 0.450394
vn 0.435380 -0.307325 0.846165
vn 0.517828 -0.493451 0.698828
vn 0.787596 0.410232 0.459785
vn 0.435381 -0.307325 0.846165
vn 0.091683 -0.064717 0.993683
vn 0.091683 -0.064717 0.993683
vn 0.270390 -0.190862 0.943642
vn 0.270391 -0.190863 0.943642
vn 0.890881 -0.450182 0.060562
vn 0.832169 -0.446172 0.329282
vn 0.940247 -0.120281 0.318539
vn 0.729042 -0.434447 0.528918
vn 0.855339 0.309472 0.415480
vn 0.794113 -0.411476 0.447294
vn 0.580939 -0.417045 0.698987
vn 0.473170 -0.245177 0.846167
vn 0.473173 -0.245178 0.846165
vn 0.099641 -0.051630 0.993683
vn 0.099641 -0.051630 0.993683
vn 0.293862 -0.152267 0.943642
vn 0.293861 -0.152266 0.943642
vn 0.941872 -0.327054 0.076900
vn 0.943488 0.127609 0.305852
vn 0.884851 -0.329590 0.329256
vn 0.884279 -0.314273 0.345373
vn 0.667061 -0.237073 0.706276
vn 0.729843 0.592402 0.341158
vn 0.781416 -0.331107 0.528921
vn 0.667058 -0.237072 0.706279
vn 0.502148 -0.178463 0.846167
vn 0.311858 -0.110834 0.943642
vn 0.502150 -0.178464 0.846166
vn 0.105743 -0.037581 0.993683
vn 0.105744 -0.037581 0.993683
vn 0.311859 -0.110835 0.943641
vn 0.975627 -0.198305 0.093949
vn 0.970737 -0.066400 0.230781
vn 0.921285 -0.206975 0.329233
vn 0.812018 0.524239 0.256515
vn 0.819215 -0.221652 0.528921
vn 0.845305 -0.057820 0.531146
vn 0.845308 -0.057821 0.531141
vn 0.693127 -0.144033 0.706279
vn 0.920619 -0.191307 0.340385
vn 0.521774 -0.108426 0.846166
vn 0.706284 -0.048311 0.706278
vn 0.706281 -0.048311 0.706281
vn 0.693128 -0.144034 0.706278
vn 0.531679 -0.036368 0.846165
vn 0.521775 -0.108426 0.846165
vn 0.531679 -0.036368 0.846165
vn 0.330196 -0.022586 0.943642
vn 0.324047 -0.067338 0.943641
vn 0.109875 -0.022832 0.993683
vn 0.324045 -0.067337 0.943642
vn 0.330196 -0.022586 0.943642
vn 0.111961 -0.007658 0.993683
vn 0.109875 -0.022832 0.993683
vn 0.000000 0.000000 1.000000
vn 0.000000 0.000000 1.000000
vn 0.000000 0.000000 1.000000
vn 0.000000 0.000000 1.000000
vn 0.000000 0.000000 1.000000
vn 0.000000 0.000000 1.000000
vn 0.000000 0.000000 1.000000
vn 0.000000 0.000000 1.000000
vn 0.000000 0.000000 1.000000
vn 0.000000 0.000000 1.000000
vn 0.000000 0.000000 1.000000
vn 0.000000 0.000000 1.000000
vn 0.000000 0.000000 1.000000
vn 0.000000 0.000000 1.000000
vn 0.000000 0.000000 1.000000
vn 0.000000 0.000000 1.000000
vn 0.000000 0.000000 1.000000
vn 0.000000 0.000000 1.000000
vn 0.000000 0.000000 1.000000
vn 0.000000 0.000000 1.000000
vn 0.000000 0.000000 1.000000
vn 0.000000 0.000000 1.000000
vn 0.000000 0.000000 1.000000
vn 0.000000 0.000000 1.000000
vn 0.000000 0.000000 1.000000
vn 0.000000 0.000000 1.000000
vn 0.000000 0.000000 1.000000
vn 0.000000 0.000000 1.000000
vn 0.000000 0.000000 1.000000
vn 0.000000 0.000000 1.000000
vn 0.000000 0.000000 1.000000
vn 0.000000 0.000000 1.000000
vn 0.000000 0.000000 1.000000
vn 0.000000 0.000000 1.000000
vn 0.000000 0.000000 1.000000
vn 0.000000 0.000000 1.000000
vn 0.000000 0.000000 1.000000
vn 0.000000 0.000000 1.000000
vn 0.000000 0.000000 1.000000
vn 0.000000 0.000000 1.000000
vn 0.000000 0.000000 1.000000
vn 0.000000 0.000000 1.000000
vn 0.000000 0.000000 1.000000
vn 0.000000 0.000000 1.000000
vn 0.000000 0.000000 1.000000
vn 0.000000 0.000000 1.000000
vn 0.000000 0.000000 1.000000
vn 0.000000 0.000000 1.000000
vn 0.000000 0.000000 1.000000
vn 0.000000 0.000000 1.000000
vn 0.000000 0.000000 1.000000
vn 0.000000 0.000000 1.000000
vn 0.000000 0.000000 1.000000
vn 0.000000 0.000000 1.000000
vn 0.000000 0.000000 1.000000
vn 0.000000 0.000000 1.000000
vn 0.000000 0.000000 1.000000
vn 0.000000 0.000000 1.000000
vn 0.000000 0.000000 1.000000
vn 0.000000 0.000000 1.000000
vn 0.000000 0.000000 1.000000
vn 0.000000 0.000000 1.000000
vn 0.000000 0.000000 1.000000
vn 0.000000 0.000000 1.000000
vn 0.000000 0.000000 1.000000
vn 0.000000 0.000000 1.000000
vn 0.000000 0.000000 1.000000
vn 0.000000 0.000000 1.000000
vn 0.000000 0.000000 1.000000
vn 0.000000 0.000000 1.000000
vn 0.000000 0.000000 1.000000
vn 0.000000 0.000000 1.000000
vn 0.000000 0.000000 1.000000
vn 0.000000 0.000000 1.000000
vn 0.000000 0.000000 1.000000
vn 0.000000 0.000000 1.000000
vn 0.000000 0.000000 1.000000
vn 0.000000 0.000000 1.000000
vn 0.000000 0.000000 1.000000
vn 0.000000 0.000000 1.000000
vn 0.000000 0.000000 1.000000
vn 0.000000 0.000000 1.000000
vn 0.000000 0.000000 1.000000
vn 0.000000 0.000000 1.000000
vn 0.000000 0.000000 1.000000
vn 0.000000 0.000000 1.000000
vn 0.000000 0.000000 1.000000
vn 0.000000 0.000000 1.000000
vn 0.000000 0.000000 1.000000
vn 0.000000 0.000000 1.000000
vn 0.000000 0.000000 1.000000
vn 0.000000 0.000000 1.000000
vn 0.000000 0.000000 1.000000
vn 0.000000 0.000000 1.000000
vn 0.000000 0.000000 1.000000
vn 0.000000 0.000000 1.000000
vn 0.000000 0.000000 1.000000
vn 0.000000 0.000000 1.000000
vn 0.000000 0.000000 1.000000
vn 0.000000 0.000000 1.000000
vn 0.000000 0.000000 1.000000
vn 0.000000 0.000000 1.000000
vn 0.000000 0.000000 1.000000
vn 0.000000 0.000000 1.000000
vn 0.000000 0.000000 1.000000
vn 0.000000 0.000000 1.000000
vn 0.000000 0.000000 1.000000
vn 0.000000 0.000000 1.000000
vn 0.000000 0.000000 1.000000
vn 0.000000 0.000000 1.000000
vn 0.000000 0.000000 1.000000
vn 0.000000 0.000000 1.000000
vn 0.000000 0.000000 1.000000
vn 0.000000 0.000000 1.000000
vn 0.000000 0.000000 1.000000
vn 0.000000 0.000000 1.000000
vn 0.000000 0.000000 1.000000
vn 0.000000 0.000000 1.000000
vn 0.000000 0.000000 1.000000
vn 0.000000 0.000000 1.000000
vn 0.000000 0.000000 1.000000
vn 0.000000 0.000000 1.000000
vn 0.000000 0.000000 1.000000
vn 0.000000 0.000000 1.000000
vn 0.000000 0.000000 1.000000
vn 0.000000 0.000000 1.000000
vn 0.000000 0.000000 1.000000
vn 0.000000 0.000000 1.000000
vn 0.000000 0.000000 1.000000
vn 0.000000 0.000000 1.000000
vn 0.000000 0.000000 1.000000
vn 0.000000 0.000000 1.000000
vn 0.000000 0.000000 1.000000
vn 0.000000 0.000000 1.000000
vn 0.000000 0.000000 1.000000
vn 0.000000 0.000000 1.000000
vn 0.000000 0.000000 1.000000
vn 0.000000 0.000000 1.000000
vn 0.000000 0.000000 1.000000
vn 0.000000 0.000000 1.000000
vn 0.000000 0.000000 1.000000
vn 0.000000 0.000000 1.000000
vn 0.000000 0.000000 1.000000
vn 0.000000 0.000000 1.000000
vn 0.000000 0.000000 1.000000
vn 0.000000 0.000000 1.000000
vn 0.000000 0.000000 1.000000
vn 0.000000 0.000000 1.000000
vn 0.000000 0.000000 1.000000
vn 0.000000 0.000000 1.000000
vn 0.000000 0.000000 1.000000
vn 0.000000 0.000000 1.000000
vn 0.000000 0.000000 1.000000
vn 0.000000 0.000000 1.000000
vn 0.000000 0.000000 1.000000
vn 0.000000 0.000000 1.000000
vn 0.000000 0.000000 1.000000
vn 0.000000 0.000000 1.000000
vn 0.000000 0.000000 1.000000
vn 0.000000 0.000000 1.000000
vn 0.000000 0.000000 1.000000
vn 0.000000 0.000000 1.000000
vn 0.000000 0.000000 1.000000
vn 0.000000 0.000000 1.000000
vn 0.000000 0.000000 1.000000
vn 1.000000 0.000000 0.000000
vn 1.000000 0.000000 0.000000
vn 0.993712 0.111965 0.000000
vn 0.993712 0.111965 0.000000
vn 0.943884 0.330278 0.000000
vn 0.846724 0.532033 0.000000
vn 0.943884 0.330278 0.000000
vn 0.846724 0.532033 0.000000
vn 0.707107 0.707107 0.000000
vn 0.532033 0.846724 0.000000
vn 0.707107 0.707107 0.000000
vn 0.532033 0.846724 0.000000
vn 0.330278 0.943884 0.000000
vn 0.330278 0.943884 0.000000
vn 0.111965 0.993712 0.000000
vn 0.111965 0.993712 0.000000
vn 0.993712 -0.111965 0.000000
vn 0.993712 -0.111965 0.000000
vn 0.943884 -0.330278 0.000000
vn 0.846724 -0.532033 0.000000
vn 0.943884 -0.330278 0.000000
vn 0.846724 -0.532033 0.000000
vn 0.707107 -0.707107 0.000000
vn 0.532033 -0.846724 0.000000
vn 0.707107 -0.707107 0.000000
vn 0.532033 -0.846724 0.000000
vn 0.330278 -0.943884 0.000000
vn 0.330278 -0.943884 0.000000
vn 0.111965 -0.993712 0.000000
vn 0.111965 -0.993712 0.000000
vn 0.000000 1.000000 0.000000
vn 0.000000 1.000000 -0.000000
vn 0.000000 -1.000000 0.000000
vn 0.000000 -1.000000 0.000000
vn -0.993712 0.111965 0.000000
vn -0.993712 0.111965 0.000000
vn -0.943884 0.330278 0.000000
vn -0.846724 0.532033 0.000000
vn -0.943884 0.330278 0.000000
vn -0.846724 0.532033 0.000000
vn -0.707107 0.707107 0.000000
vn -0.532033 0.846724 0.000000
vn -0.707107 0.707107 0.000000
vn -0.532033 0.846724 0.000000
vn -0.330278 0.943884 0.000000
vn -0.330278 0.943884 0.000000
vn -0.111965 0.993712 0.000000
vn -0.111965 0.993712 0.000000
vn -0.111965 -0.993712 0.000000
vn -0.111965 -0.993712 0.000000
vn -0.330278 -0.943884 0.000000
vn -0.532033 -0.846724 0.000000
vn -0.330278 -0.943884 -0.000000
vn -0.532033 -0.846724 0.000000
vn -0.707107 -0.707107 0.000000
vn -0.846724 -0.532033 0.000000
vn -0.707107 -0.707107 -0.000000
vn -0.846724 -0.532033 0.000000
vn -0.943884 -0.330278 0.000000
vn -0.943884 -0.330278 -0.000000
vn -0.993712 -0.111965 0.000000
vn -0.993712 -0.111965 -0.000000
vn -1.000000 0.000000 0.000000
vn -1.000000 0.000000 0.000000
vn -0.996917 -0.078459 -0.000000
vn -0.996917 -0.078459 0.000000
vn -0.972370 -0.233445 0.000000
vn -0.972370 -0.233445 -0.000000
vn -0.923880 -0.382684 0.000000
vn -0.852640 -0.522499 0.000000
vn -0.923880 -0.382684 -0.000000
vn -0.852640 -0.522499 0.000000
vn -0.760406 -0.649448 -0.000000
vn -0.760406 -0.649448 0.000000
vn -0.649448 -0.760406 0.000000
vn -0.649448 -0.760406 0.000000
vn -0.522499 -0.852640 -0.000000
vn -0.522499 -0.852640 0.000000
vn -0.382684 -0.923880 0.000000
vn -0.382684 -0.923880 -0.000000
vn -0.233445 -0.972370 0.000000
vn -0.233445 -0.972370 -0.000000
vn -0.078459 -0.996917 0.000000
vn -0.078459 -0.996917 -0.000000
vn 0.078459 -0.996917 0.000000
vn 0.078459 -0.996917 0.000000
vn 0.233445 -0.972370 0.000000
vn 0.233445 -0.972370 0.000000
vn 0.382684 -0.923880 0.000000
vn 0.382684 -0.923880 0.000000
vn 0.522499 -0.852640 0.000000
vn 0.522499 -0.852640 0.000000
vn 0.649448 -0.760406 0.000000
vn 0.649448 -0.760406 0.000000
vn 0.760406 -0.649448 0.000000
vn 0.760406 -0.649448 0.000000
vn 0.852640 -0.522499 0.000000
vn 0.852640 -0.522499 0.000000
vn 0.923880 -0.382684 0.000000
vn 0.923880 -0.382684 0.000000
vn 0.972370 -0.233445 0.000000
vn 0.972370 -0.233445 0.000000
vn 0.996917 -0.078459 0.000000
vn 0.996917 -0.078459 0.000000
vn 0.996917 0.078459 0.000000
vn 0.996917 0.078459 0.000000
vn 0.972370 0.233445 0.000000
vn 0.923880 0.382684 -0.000000
vn 0.972370 0.233445 0.000000
vn 0.923880 0.382684 0.000000
vn 0.852640 0.522499 0.000000
vn 0.852640 0.522499 0.000000
vn 0.760406 0.649448 0.000000
vn 0.649448 0.760406 -0.000000
vn 0.760406 0.649448 0.000000
vn 0.649448 0.760406 0.000000
vn 0.522499 0.852640 0.000000
vn 0.522499 0.852640 0.000000
vn 0.382684 0.923880 0.000000
vn 0.382684 0.923880 0.000000
vn 0.233445 0.972370 0.000000
vn 0.078459 0.996917 -0.000000
vn 0.233445 0.972370 0.000000
vn 0.078459 0.996917 0.000000
vn -0.078459 0.996917 0.000000
vn -0.078459 0.996917 0.000000
vn -0.233445 0.972370 0.000000
vn -0.233445 0.972370 0.000000
vn -0.382684 0.923880 0.000000
vn -0.382684 0.923880 0.000000
vn -0.522499 0.852640 0.000000
vn -0.522499 0.852640 0.000000
vn -0.649448 0.760406 0.000000
vn -0.649448 0.760406 0.000000
vn -0.760406 0.649448 0.000000
vn -0.760406 0.649448 0.000000
vn -0.852640 0.522499 0.000000
vn -0.852640 0.522499 0.000000
vn -0.923880 0.382684 0.000000
vn -0.923880 0.382684 0.000000
vn -0.972370 0.233445 0.000000
vn -0.972370 0.233445 0.000000
vn -0.996917 0.078459 0.000000
vn -0.996917 0.078459 0.000000
vn 0.000000 0.000000 -1.000000
vn 0.000000 0.000000 -1.000000
vn 0.000000 0.000000 -1.000000
vn 0.000000 0.000000 -1.000000
vn 0.000000 0.000000 -1.000000
vn 0.000000 0.000000 -1.000000
vn 0.000000 0.000000 -1.000000
vn 0.000000 -0.000000 -1.000000
vn 0.000000 0.000000 -1.000000
vn 0.000000 -0.000000 -1.000000
vn 0.000000 0.000000 -1.000000
vn 0.000000 -0.000000 -1.000000
vn 0.000000 0.000000 -1.000000
vn 0.000000 -0.000000 -1.000000
vn 0.000000 0.000000 -1.000000
vn 0.000000 -0.000000 -1.000000
vn 0.000000 -0.000000 -1.000000
vn 0.000000 -0.000000 -1.000000
vn -0.000000 -0.000000 -1.000000
vn 0.000000 0.000000 -1.000000
vn 0.000000 0.000000 -1.000000
vn 0.000000 0.000000 -1.000000
vn 0.000000 0.000000 -1.000000
vn 0.000000 0.000000 -1.000000
vn 0.000000 0.000000 -1.000000
vn 0.000000 -0.000000 -1.000000
vn 0.000000 0.000000 -1.000000
vn 0.000000 0.000000 -1.000000
vn 0.000000 0.000000 -1.000000
vn 0.000000 0.000000 -1.000000
vn 0.000000 -0.000000 -1.000000
vn 0.000000 -0.000000 -1.000000
vn 0.000000 0.000000 -1.000000
vn 0.000000 0.000000 -1.000000
vn 0.000000 0.000000 -1.000000
vn 0.000000 0.000000 -1.000000
vn 0.000000 -0.000000 -1.000000
vn 0.000000 0.000000 -1.000000
vn 0.000000 -0.000000 -1.000000
vn 0.000000 -0.000000 -1.000000
vn 0.000000 -0.000000 -1.000000
vn 0.000000 0.000000 -1.000000
vn 0.000000 0.000000 -1.000000
vn 0.000000 0.000000 -1.000000
vn 0.000000 0.000000 -1.000000
vn 0.000000 0.000000 -1.000000
vn 0.000000 0.000000 -1.000000
vn 0.000000 0.000000 -1.000000
vn 0.000000 0.000000 -1.000000
vn 0.000000 0.000000 -1.000000
vn 0.000000 0.000000 -1.000000
vn 0.000000 0.000000 -1.000000
vn 0.000000 0.000000 -1.000000
vn 0.000000 0.000000 -1.000000
vn 0.000000 0.000000 -1.000000
vn 0.000000 0.000000 -1.000000
vn 0.000000 0.000000 -1.000000
vn 0.000000 0.000000 -1.000000
vn 0.000000 0.000000 -1.000000
vn 0.000000 0.000000 -1.000000
vn -0.000000 -0.000000 -1.000000
vn 0.000000 0.000000 -1.000000
vn 0.000000 0.000000 -1.000000
vn -0.000000 -0.000000 -1.000000
vn -0.000000 -0.000000 -1.000000
vn 0.000000 0.000000 -1.000000
vn 0.000000 0.000000 1.000000
vn 0.000000 0.000000 1.000000
vn 0.000000 0.000000 1.000000
vn 0.000000 0.000000 1.000000
vn 0.000000 0.000000 1.000000
vn 0.000000 0.000000 1.000000
vn 0.000000 0.000000 1.000000
vn 0.000000 0.000000 1.000000
vn 0.000000 0.000000 1.000000
vn 0.000000 0.000000 1.000000
vn 0.000000 0.000000 1.000000
vn 0.000000 0.000000 1.000000
vn 0.000000 0.000000 1.000000
vn 0.000000 0.000000 1.000000
vn 0.000000 0.000000 1.000000
vn 0.000000 0.000000 1.000000
vn 0.000000 0.000000 1.000000
vn 0.000000 0.000000 1.000000
vn 0.000000 0.000000 1.000000
vn 0.000000 0.000000 1.000000
vn 0.000000 0.000000 1.000000
vn 0.000000 0.000000 1.000000
vn 0.000000 0.000000 1.000000
vn 0.000000 0.000000 1.000000
vn 0.000000 0.000000 1.000000
vn 0.000000 0.000000 1.000000
vn 0.000000 0.000000 1.000000
vn 0.000000 0.000000 1.000000
vn 0.000000 0.000000 1.000000
vn 0.000000 0.000000 1.000000
vn 0.000000 0.000000 1.000000
vn 0.000000 0.000000 1.000000
vn 0.000000 0.000000 1.000000
vn 0.000000 0.000000 1.000000
vn 0.000000 0.000000 1.000000
vn 0.000000 0.000000 1.000000
vn 0.000000 0.000000 1.000000
vn 0.000000 0.000000 1.000000
vn 0.000000 0.000000 1.000000
vn 0.000000 0.000000 1.000000
vn 0.000000 0.000000 1.000000
vn 0.000000 0.000000 1.000000
vn 0.000000 0.000000 1.000000
vn 0.000000 0.000000 1.000000
vn 0.000000 0.000000 1.000000
vn 0.000000 0.000000 1.000000
vn 0.000000 0.000000 1.000000
vn 0.000000 0.000000 1.000000
vn 0.000000 0.000000 1.000000
vn 0.000000 0.000000 1.000000
vn 0.000000 0.000000 1.000000
vn 0.000000 0.000000 1.000000
vn 0.000000 0.000000 1.000000
vn 0.000000 0.000000 1.000000
vn 0.000000 0.000000 1.000000
vn 0.000000 0.000000 1.000000
vn 0.000000 0.000000 1.000000
vn 0.000000 0.000000 1.000000
vn 0.000000 0.000000 1.000000
vn 0.000000 0.000000 1.000000
vn 0.000000 0.000000 1.000000
vn 0.000000 0.000000 1.000000
vn 0.000000 0.000000 1.000000
vn 0.000000 0.000000 1.000000
vn 0.000000 0.000000 1.000000
vn 0.000000 0.000000 1.000000
vn 0.000000 0.000000 1.000000
vn 0.000000 0.000000 1.000000
vn 0.000000 0.000000 1.000000
vn 0.000000 0.000000 1.000000
vn 0.000000 0.000000 1.000000
vn 0.000000 0.000000 1.000000
vn 0.000000 0.000000 1.000000
vn 0.000000 0.000000 1.000000
vn -0.995734 0.092268 0.000000
vn -0.995734 0.092268 0.000000
vn -0.961826 0.273663 0.000000
vn -0.961826 0.273663 0.000000
vn -0.895163 0.445738 0.000000
vn -0.895163 0.445738 0.000000
vn -0.798017 0.602635 0.000000
vn -0.798017 0.602635 0.000000
vn -0.673696 0.739009 0.000000
vn -0.673696 0.739009 0.000000
vn -0.526432 0.850217 0.000000
vn -0.526432 0.850217 0.000000
vn -0.361242 0.932472 0.000000
vn -0.361242 0.932472 0.000000
vn -0.183749 0.982973 0.000000
vn -0.183749 0.982973 0.000000
vn 0.000000 1.000000 0.000000
vn 0.000000 1.000000 0.000000
vn 0.183749 0.982973 -0.000000
vn 0.183749 0.982973 0.000000
vn 0.361242 0.932472 -0.000000
vn 0.361242 0.932472 0.000000
vn 0.526432 0.850217 -0.000000
vn 0.526432 0.850217 0.000000
vn 0.673696 0.739009 0.000000
vn 0.673696 0.739009 0.000000
vn 0.798017 0.602635 -0.000000
vn 0.798017 0.602635 0.000000
vn 0.895163 0.445738 -0.000000
vn 0.895163 0.445738 0.000000
vn 0.961826 0.273663 -0.000000
vn 0.961826 0.273663 0.000000
vn 0.995734 0.092268 -0.000000
vn 0.995734 0.092268 0.000000
vn 0.995734 -0.092268 0.000000
vn 0.995734 -0.092268 0.000000
vn 0.961826 -0.273663 0.000000
vn 0.961826 -0.273663 0.000000
vn 0.895163 -0.445738 0.000000
vn 0.895163 -0.445738 0.000000
vn 0.798017 -0.602635 0.000000
vn 0.798017 -0.602635 0.000000
vn 0.673696 -0.739009 0.000000
vn 0.673696 -0.739009 0.000000
vn 0.526432 -0.850217 0.000000
vn 0.526432 -0.850217 0.000000
vn 0.361242 -0.932472 0.000000
vn 0.361242 -0.932472 0.000000
vn 0.183749 -0.982973 0.000000
vn 0.000000 -1.000000 0.000000
vn 0.183749 -0.982973 0.000000
vn 0.000000 -1.000000 0.000000
vn -0.183749 -0.982973 0.000000
vn -0.183749 -0.982973 0.000000
vn -0.361242 -0.932472 0.000000
vn -0.361242 -0.932472 0.000000
vn -0.526432 -0.850217 0.000000
vn -0.526432 -0.850217 0.000000
vn -0.673696 -0.739009 0.000000
vn -0.673696 -0.739009 0.000000
vn -0.798017 -0.602635 0.000000
vn -0.895163 -0.445738 -0.000000
vn -0.798017 -0.602635 0.000000
vn -0.895163 -0.445738 0.000000
vn -0.961826 -0.273663 0.000000
vn -0.961826 -0.273663 0.000000
vn -0.995734 -0.092268 0.000000
vn -0.995734 -0.092268 0.000000
f 1//1 2//1 3//1
f 3//2 2//2 4//2
f 4//3 2//3 5//3
f 2//4 6//4 5//4
f 5//5 7//5 8//5
f 8//6 7//6 9//6
f 6//7 7//7 5//7
f 7//8 10//8 9//8
f 9//9 11//9 12//9
f 10//10 11//10 9//10
f 12//11 13//11 14//11
f 14//12 13//12 15//12
f 11//13 13//13 12//13
f 13//14 16//14 15//14
f 15//15 17//15 18//15
f 16//16 17//16 15//16
f 18//17 19//17 20//17
f 17//18 19//18 18//18
f 20//19 21//19 22//19
f 19//20 21//20 20//20
f 22//21 23//21 24//21
f 21//22 23//22 22//22
f 24//23 25//23 26//23
f 23//24 25//24 24//24
f 26//25 27//25 28//25
f 25//26 27//26 26//26
f 28//27 29//27 30//27
f 30//28 29//28 31//28
f 27//29 29//29 28//29
f 31//30 32//30 33//30
f 29//31 32//31 31//31
f 32//32 34//32 33//32
f 33//33 35//33 36//33
f 34//34 35//34 33//34
f 36//35 37//35 38//35
f 35//36 37//36 36//36
f 38//37 39//37 40//37
f 37//38 39//38 38//38
f 40//39 41//39 42//39
f 39//40 41//40 40//40
f 42//41 43//41 44//41
f 41//42 43//42 42//42
f 44//43 45//43 46//43
f 43//44 45//44 44//44
f 46//45 47//45 48//45
f 45//46 47//46 46//46
f 48//47 49//47 50//47
f 47//48 49//48 48//48
f 50//49 51//49 52//49
f 49//50 51//50 50//50
f 51//51 53//51 52//51
f 52//52 53//52 54//52
f 53//53 55//53 54//53
f 54//54 55//54 56//54
f 56//55 55//55 57//55
f 55//56 58//56 57//56
f 58//57 59//57 57//57
f 57//58 59//58 60//58
f 59//59 61//59 60//59
f 60//60 61//60 62//60
f 61//61 63//61 62//61
f 62//62 63//62 64//62
f 63//63 65//63 64//63
f 64//64 65//64 66//64
f 65//65 67//65 66//65
f 66//66 67//66 68//66
f 67//67 69//67 68//67
f 68//68 69//68 70//68
f 69//69 71//69 70//69
f 70//70 71//70 72//70
f 72//71 73//71 74//71
f 71//72 73//72 72//72
f 74//73 75//73 76//73
f 73//74 75//74 74//74
f 76//75 77//75 78//75
f 75//76 77//76 76//76
f 78//77 79//77 80//77
f 80//78 79//78 81//78
f 77//79 79//79 78//79
f 79//80 82//80 81//80
f 81//81 83//81 84//81
f 82//82 83//82 81//82
f 84//83 85//83 86//83
f 86//84 85//84 87//84
f 83//85 85//85 84//85
f 85//86 88//86 87//86
f 87//87 89//87 90//87
f 88//88 89//88 87//88
f 90//89 91//89 92//89
f 89//90 91//90 90//90
f 92//91 93//91 94//91
f 91//92 93//92 92//92
f 94//93 1//93 3//93
f 93//94 1//94 94//94
f 95//95 94//95 3//95
f 96//96 94//96 95//96
f 97//97 98//97 99//97
f 100//98 95//98 3//98
f 100//99 3//99 4//99
f 101//100 96//100 95//100
f 101//101 95//101 100//101
f 102//102 103//102 96//102
f 102//103 96//103 101//103
f 104//104 105//104 103//104
f 104//105 103//105 102//105
f 106//106 107//106 105//106
f 106//107 105//107 104//107
f 108//108 99//108 107//108
f 108//109 97//109 99//109
f 108//110 107//110 106//110
f 108//111 106//111 109//111
f 108//112 109//112 97//112
f 110//113 4//113 5//113
f 110//114 100//114 4//114
f 111//115 101//115 100//115
f 111//116 100//116 110//116
f 112//117 101//117 111//117
f 112//118 102//118 101//118
f 113//119 104//119 102//119
f 113//120 102//120 112//120
f 114//121 106//121 104//121
f 114//122 109//122 106//122
f 114//123 104//123 113//123
f 114//124 113//124 115//124
f 116//125 109//125 114//125
f 116//126 114//126 115//126
f 116//127 115//127 109//127
f 117//128 5//128 8//128
f 117//129 110//129 5//129
f 118//130 111//130 110//130
f 118//131 110//131 117//131
f 119//132 112//132 111//132
f 119//133 111//133 118//133
f 119//134 113//134 112//134
f 120//135 113//135 119//135
f 120//136 115//136 113//136
f 121//137 115//137 120//137
f 121//138 120//138 122//138
f 123//139 121//139 122//139
f 123//140 115//140 121//140
f 123//141 122//141 115//141
f 124//142 8//142 9//142
f 124//143 9//143 12//143
f 124//144 117//144 8//144
f 125//145 117//145 124//145
f 125//146 118//146 117//146
f 126//147 119//147 118//147
f 126//148 118//148 125//148
f 127//149 119//149 126//149
f 127//150 122//150 120//150
f 127//151 120//151 119//151
f 127//152 126//152 128//152
f 129//153 127//153 128//153
f 129//154 122//154 127//154
f 130//155 122//155 129//155
f 130//156 129//156 128//156
f 130//157 128//157 122//157
f 131//158 124//158 12//158
f 132//159 125//159 124//159
f 132//160 126//160 125//160
f 132//161 124//161 131//161
f 133//162 126//162 132//162
f 133//163 128//163 126//163
f 134//164 133//164 135//164
f 134//165 128//165 133//165
f 136//166 128//166 134//166
f 136//167 134//167 135//167
f 137//168 128//168 136//168
f 137//169 136//169 135//169
f 137//170 135//170 128//170
f 138//171 12//171 14//171
f 138//172 14//172 15//172
f 138//173 131//173 12//173
f 139//174 131//174 138//174
f 139//175 133//175 132//175
f 139//176 132//176 131//176
f 140//177 135//177 133//177
f 140//178 133//178 139//178
f 141//179 140//179 142//179
f 141//180 135//180 140//180
f 143//181 141//181 142//181
f 143//182 135//182 141//182
f 144//183 143//183 142//183
f 144//184 142//184 135//184
f 144//185 135//185 143//185
f 145//186 138//186 15//186
f 145//187 139//187 138//187
f 146//188 139//188 145//188
f 147//189 142//189 140//189
f 147//190 139//190 146//190
f 147//191 140//191 139//191
f 148//192 142//192 147//192
f 148//193 147//193 149//193
f 150//194 142//194 148//194
f 150//195 148//195 149//195
f 151//196 142//196 150//196
f 151//197 150//197 149//197
f 151//198 149//198 142//198
f 152//199 15//199 18//199
f 152//200 18//200 20//200
f 152//201 145//201 15//201
f 153//202 145//202 152//202
f 153//203 146//203 145//203
f 154//204 147//204 146//204
f 154//205 149//205 147//205
f 154//206 146//206 153//206
f 154//207 153//207 155//207
f 156//208 149//208 154//208
f 156//209 154//209 155//209
f 157//210 149//210 156//210
f 157//211 156//211 155//211
f 158//212 149//212 157//212
f 158//213 157//213 155//213
f 158//214 155//214 149//214
f 159//215 153//215 152//215
f 159//216 152//216 20//216
f 160//217 155//217 153//217
f 160//218 153//218 159//218
f 161//219 155//219 160//219
f 161//220 160//220 162//220
f 163//221 155//221 161//221
f 163//222 161//222 162//222
f 164//223 155//223 163//223
f 164//224 163//224 162//224
f 165//225 155//225 164//225
f 165//226 164//226 162//226
f 165//227 162//227 155//227
f 166//228 20//228 22//228
f 166//229 159//229 20//229
f 167//230 160//230 159//230
f 167//231 162//231 160//231
f 167//232 159//232 166//232
f 168//233 162//233 167//233
f 168//234 167//234 169//234
f 170//235 168//235 169//235
f 170//236 162//236 168//236
f 171//237 170//237 169//237
f 171//238 162//238 170//238
f 172//239 169//239 162//239
f 172//240 171//240 169//240
f 172//241 162//241 171//241
f 173//242 22//242 24//242
f 173//243 166//243 22//243
f 174//244 166//244 173//244
f 174//245 167//245 166//245
f 174//246 169//246 167//246
f 175//247 174//247 176//247
f 175//248 169//248 174//248
f 177//249 175//249 176//249
f 177//250 169//250 175//250
f 178//251 177//251 176//251
f 178//252 169//252 177//252
f 179//253 178//253 176//253
f 179//254 169//254 178//254
f 179//255 176//255 169//255
f 180//256 24//256 26//256
f 180//257 173//257 24//257
f 180//258 174//258 173//258
f 181//259 174//259 180//259
f 181//260 176//260 174//260
f 182//261 176//261 181//261
f 183//262 176//262 182//262
f 184//263 26//263 28//263
f 184//264 180//264 26//264
f 185//265 176//265 183//265
f 186//266 181//266 180//266
f 186//267 180//267 184//267
f 186//268 182//268 181//268
f 187//269 176//269 185//269
f 187//270 188//270 176//270
f 189//271 182//271 186//271
f 189//272 183//272 182//272
f 190//273 183//273 189//273
f 191//274 185//274 183//274
f 191//275 187//275 185//275
f 191//276 183//276 190//276
f 192//277 187//277 191//277
f 192//278 188//278 187//278
f 193//279 184//279 28//279
f 194//280 186//280 184//280
f 194//281 189//281 186//281
f 194//282 184//282 193//282
f 195//283 190//283 189//283
f 195//284 189//284 194//284
f 196//285 190//285 195//285
f 197//286 28//286 30//286
f 197//287 193//287 28//287
f 198//288 191//288 190//288
f 198//289 190//289 196//289
f 198//290 192//290 191//290
f 199//291 194//291 193//291
f 199//292 195//292 194//292
f 199//293 193//293 197//293
f 200//294 188//294 192//294
f 200//295 192//295 198//295
f 200//296 201//296 188//296
f 202//297 195//297 199//297
f 203//298 196//298 195//298
f 203//299 195//299 202//299
f 204//300 198//300 196//300
f 204//301 196//301 203//301
f 205//302 200//302 198//302
f 205//303 201//303 200//303
f 205//304 198//304 204//304
f 206//305 197//305 30//305
f 207//306 199//306 197//306
f 207//307 202//307 199//307
f 207//308 197//308 206//308
f 208//309 203//309 202//309
f 208//310 202//310 207//310
f 209//311 203//311 208//311
f 210//312 30//312 31//312
f 210//313 206//313 30//313
f 211//314 204//314 203//314
f 211//315 205//315 204//315
f 211//316 203//316 209//316
f 212//317 207//317 206//317
f 212//318 206//318 210//318
f 213//319 201//319 205//319
f 213//320 214//320 201//320
f 213//321 205//321 211//321
f 215//322 208//322 207//322
f 215//323 207//323 212//323
f 216//324 208//324 215//324
f 216//325 209//325 208//325
f 217//326 209//326 216//326
f 217//327 211//327 209//327
f 218//328 213//328 211//328
f 218//329 211//329 217//329
f 218//330 214//330 213//330
f 219//331 210//331 31//331
f 220//332 210//332 219//332
f 220//333 212//333 210//333
f 221//334 212//334 220//334
f 221//335 215//335 212//335
f 222//336 216//336 215//336
f 222//337 215//337 221//337
f 223//338 216//338 222//338
f 223//339 217//339 216//339
f 224//340 31//340 33//340
f 224//341 219//341 31//341
f 225//342 214//342 218//342
f 225//343 217//343 223//343
f 225//344 226//344 214//344
f 225//345 218//345 217//345
f 227//346 220//346 219//346
f 227//347 219//347 224//347
f 227//348 221//348 220//348
f 228//349 222//349 221//349
f 228//350 221//350 227//350
f 229//351 222//351 228//351
f 230//352 222//352 229//352
f 230//353 223//353 222//353
f 231//354 225//354 223//354
f 231//355 226//355 225//355
f 231//356 223//356 230//356
f 232//357 224//357 33//357
f 233//358 224//358 232//358
f 233//359 227//359 224//359
f 234//360 228//360 227//360
f 234//361 229//361 228//361
f 234//362 227//362 233//362
f 235//363 229//363 234//363
f 236//364 230//364 229//364
f 236//365 231//365 230//365
f 236//366 229//366 235//366
f 237//367 33//367 36//367
f 237//368 232//368 33//368
f 238//369 231//369 236//369
f 238//370 239//370 226//370
f 238//371 226//371 231//371
f 240//372 232//372 237//372
f 240//373 233//373 232//373
f 241//374 234//374 233//374
f 241//375 233//375 240//375
f 242//376 235//376 234//376
f 242//377 234//377 241//377
f 243//378 236//378 235//378
f 243//379 235//379 242//379
f 244//380 238//380 236//380
f 244//381 239//381 238//381
f 244//382 236//382 243//382
f 245//383 237//383 36//383
f 246//384 240//384 237//384
f 246//385 241//385 240//385
f 246//386 237//386 245//386
f 247//387 241//387 246//387
f 248//388 241//388 247//388
f 248//389 242//389 241//389
f 249//390 243//390 242//390
f 249//391 244//391 243//391
f 249//392 242//392 248//392
f 250//393 36//393 38//393
f 250//394 245//394 36//394
f 251//395 252//395 239//395
f 251//396 239//396 244//396
f 251//397 244//397 249//397
f 253//398 246//398 245//398
f 253//399 245//399 250//399
f 254//400 246//400 253//400
f 254//401 247//401 246//401
f 255//402 247//402 254//402
f 255//403 248//403 247//403
f 255//404 249//404 248//404
f 256//405 249//405 255//405
f 257//406 252//406 251//406
f 257//407 249//407 256//407
f 257//408 251//408 249//408
f 258//409 250//409 38//409
f 259//410 250//410 258//410
f 259//411 253//411 250//411
f 260//412 254//412 253//412
f 260//413 253//413 259//413
f 261//414 254//414 260//414
f 261//415 256//415 255//415
f 261//416 255//416 254//416
f 262//417 256//417 261//417
f 263//418 38//418 40//418
f 263//419 258//419 38//419
f 264//420 252//420 257//420
f 264//421 256//421 262//421
f 264//422 265//422 252//422
f 264//423 257//423 256//423
f 266//424 258//424 263//424
f 266//425 259//425 258//425
f 267//426 260//426 259//426
f 267//427 259//427 266//427
f 268//428 261//428 260//428
f 268//429 260//429 267//429
f 269//430 262//430 261//430
f 269//431 261//431 268//431
f 270//432 264//432 262//432
f 270//433 265//433 264//433
f 270//434 262//434 269//434
f 271//435 266//435 263//435
f 271//436 263//436 40//436
f 272//437 266//437 271//437
f 273//438 267//438 266//438
f 273//439 266//439 272//439
f 274//440 268//440 267//440
f 274//441 267//441 273//441
f 275//442 269//442 268//442
f 275//443 268//443 274//443
f 276//444 265//444 270//444
f 276//445 270//445 269//445
f 276//446 269//446 275//446
f 276//447 277//447 265//447
f 278//448 40//448 42//448
f 278//449 271//449 40//449
f 279//450 271//450 278//450
f 279//451 272//451 271//451
f 280//452 273//452 272//452
f 280//453 272//453 279//453
f 281//454 274//454 273//454
f 281//455 275//455 274//455
f 281//456 273//456 280//456
f 282//457 275//457 281//457
f 283//458 276//458 275//458
f 283//459 277//459 276//459
f 283//460 275//460 282//460
f 284//461 278//461 42//461
f 285//462 278//462 284//462
f 285//463 279//463 278//463
f 286//464 280//464 279//464
f 286//465 281//465 280//465
f 286//466 279//466 285//466
f 287//467 281//467 286//467
f 288//468 281//468 287//468
f 288//469 282//469 281//469
f 289//470 282//470 288//470
f 289//471 290//471 277//471
f 289//472 277//472 283//472
f 289//473 283//473 282//473
f 291//474 42//474 44//474
f 291//475 284//475 42//475
f 291//476 285//476 284//476
f 292//477 285//477 291//477
f 293//478 287//478 286//478
f 293//479 285//479 292//479
f 293//480 286//480 285//480
f 294//481 288//481 287//481
f 294//482 287//482 293//482
f 295//483 288//483 294//483
f 296//484 289//484 288//484
f 296//485 290//485 289//485
f 296//486 288//486 295//486
f 297//487 292//487 291//487
f 297//488 291//488 44//488
f 298//489 292//489 297//489
f 299//490 293//490 292//490
f 299//491 292//491 298//491
f 300//492 294//492 293//492
f 300//493 295//493 294//493
f 300//494 293//494 299//494
f 301//495 295//495 300//495
f 302//496 290//496 296//496
f 302//497 296//497 295//497
f 302//498 295//498 301//498
f 302//499 303//499 290//499
f 304//500 44//500 46//500
f 304//501 297//501 44//501
f 305//502 297//502 304//502
f 305//503 298//503 297//503
f 306//504 299//504 298//504
f 306//505 298//505 305//505
f 307//506 300//506 299//506
f 307//507 299//507 306//507
f 308//508 301//508 300//508
f 308//509 300//509 307//509
f 309//510 302//510 301//510
f 309//511 303//511 302//511
f 309//512 301//512 308//512
f 310//513 304//513 46//513
f 310//514 305//514 304//514
f 311//515 305//515 310//515
f 312//516 306//516 305//516
f 312//517 305//517 311//517
f 313//518 307//518 306//518
f 313//519 306//519 312//519
f 314//520 308//520 307//520
f 314//521 309//521 308//521
f 314//522 307//522 313//522
f 315//523 303//523 309//523
f 315//524 309//524 314//524
f 315//525 316//525 303//525
f 317//526 46//526 48//526
f 317//527 310//527 46//527
f 317//528 311//528 310//528
f 318//529 311//529 317//529
f 319//530 312//530 311//530
f 319//531 313//531 312//531
f 319//532 311//532 318//532
f 320//533 314//533 313//533
f 320//534 313//534 319//534
f 321//535 314//535 320//535
f 321//536 315//536 314//536
f 322//537 316//537 315//537
f 322//538 315//538 321//538
f 323//539 317//539 48//539
f 324//540 318//540 317//540
f 324//541 317//541 323//541
f 325//542 319//542 318//542
f 325//543 318//543 324//543
f 326//544 319//544 325//544
f 326//545 320//545 319//545
f 327//546 320//546 326//546
f 327//547 321//547 320//547
f 328//548 321//548 327//548
f 328//549 329//549 316//549
f 328//550 316//550 322//550
f 328//551 322//551 321//551
f 330//552 48//552 50//552
f 330//553 323//553 48//553
f 331//554 323//554 330//554
f 331//555 324//555 323//555
f 332//556 326//556 325//556
f 332//557 325//557 324//557
f 332//558 324//558 331//558
f 333//559 327//559 326//559
f 333//560 326//560 332//560
f 334//561 327//561 333//561
f 335//562 328//562 327//562
f 335//563 329//563 328//563
f 335//564 327//564 334//564
f 336//565 330//565 50//565
f 337//566 331//566 330//566
f 337//567 330//567 336//567
f 338//568 331//568 337//568
f 338//569 332//569 331//569
f 339//570 333//570 332//570
f 339//571 332//571 338//571
f 340//572 334//572 333//572
f 340//573 333//573 339//573
f 341//574 329//574 335//574
f 341//575 335//575 334//575
f 341//576 334//576 340//576
f 341//577 342//577 329//577
f 343//578 336//578 50//578
f 343//579 50//579 52//579
f 343//580 337//580 336//580
f 344//581 337//581 343//581
f 345//582 338//582 337//582
f 345//583 337//583 344//583
f 346//584 338//584 345//584
f 346//585 339//585 338//585
f 346//586 340//586 339//586
f 347//587 340//587 346//587
f 348//588 341//588 340//588
f 348//589 342//589 341//589
f 348//590 340//590 347//590
f 349//591 343//591 52//591
f 350//592 344//592 343//592
f 350//593 343//593 349//593
f 351//594 345//594 344//594
f 351//595 344//595 350//595
f 352//596 346//596 345//596
f 352//597 345//597 351//597
f 353//598 347//598 346//598
f 353//599 346//599 352//599
f 354//600 342//600 348//600
f 354//601 348//601 347//601
f 354//602 347//602 353//602
f 354//603 355//603 342//603
f 356//604 52//604 54//604
f 356//605 349//605 52//605
f 357//606 350//606 349//606
f 357//607 349//607 356//607
f 358//608 351//608 350//608
f 358//609 350//609 357//609
f 359//610 351//610 358//610
f 359//611 352//611 351//611
f 360//612 353//612 352//612
f 360//613 352//613 359//613
f 361//614 354//614 353//614
f 361//615 355//615 354//615
f 361//616 353//616 360//616
f 362//617 356//617 54//617
f 363//618 356//618 362//618
f 363//619 357//619 356//619
f 363//620 358//620 357//620
f 364//621 358//621 363//621
f 365//622 360//622 359//622
f 365//623 358//623 364//623
f 365//624 359//624 358//624
f 366//625 360//625 365//625
f 367//626 355//626 361//626
f 367//627 361//627 360//627
f 367//628 360//628 366//628
f 367//629 368//629 355//629
f 369//630 363//630 362//630
f 369//631 362//631 54//631
f 369//632 54//632 56//632
f 370//633 364//633 363//633
f 370//634 363//634 369//634
f 371//635 364//635 370//635
f 372//636 365//636 364//636
f 372//637 364//637 371//637
f 372//638 366//638 365//638
f 373//639 366//639 372//639
f 373//640 367//640 366//640
f 374//641 368//641 367//641
f 374//642 367//642 373//642
f 375//643 369//643 56//643
f 376//644 370//644 369//644
f 376//645 369//645 375//645
f 377//646 370//646 376//646
f 377//647 371//647 370//647
f 378//648 372//648 371//648
f 378//649 371//649 377//649
f 379//650 373//650 372//650
f 379//651 372//651 378//651
f 380//652 373//652 379//652
f 380//653 368//653 374//653
f 380//654 374//654 373//654
f 380//655 381//655 368//655
f 382//656 56//656 57//656
f 382//657 375//657 56//657
f 382//658 376//658 375//658
f 383//659 376//659 382//659
f 384//660 377//660 376//660
f 384//661 376//661 383//661
f 385//662 378//662 377//662
f 385//663 377//663 384//663
f 385//664 379//664 378//664
f 386//665 380//665 379//665
f 386//666 379//666 385//666
f 387//667 381//667 380//667
f 387//668 380//668 386//668
f 388//669 382//669 57//669
f 389//670 383//670 382//670
f 389//671 382//671 388//671
f 389//672 384//672 383//672
f 390//673 384//673 389//673
f 391//674 385//674 384//674
f 391//675 384//675 390//675
f 392//676 386//676 385//676
f 392//677 385//677 391//677
f 393//678 386//678 392//678
f 393//679 381//679 387//679
f 393//680 387//680 386//680
f 393//681 394//681 381//681
f 395//682 388//682 57//682
f 395//683 57//683 60//683
f 396//684 388//684 395//684
f 396//685 389//685 388//685
f 397//686 390//686 389//686
f 397//687 389//687 396//687
f 398//688 391//688 390//688
f 398//689 392//689 391//689
f 398//690 390//690 397//690
f 399//691 392//691 398//691
f 400//692 395//692 60//692
f 401//693 392//693 399//693
f 401//694 393//694 392//694
f 401//695 394//695 393//695
f 402//696 395//696 400//696
f 402//697 396//697 395//697
f 403//698 397//698 396//698
f 403//699 396//699 402//699
f 404//700 398//700 397//700
f 404//701 397//701 403//701
f 405//702 399//702 398//702
f 405//703 398//703 404//703
f 406//704 401//704 399//704
f 406//705 394//705 401//705
f 406//706 399//706 405//706
f 406//707 407//707 394//707
f 408//708 60//708 62//708
f 408//709 400//709 60//709
f 409//710 400//710 408//710
f 409//711 402//711 400//711
f 410//712 403//712 402//712
f 410//713 402//713 409//713
f 411//714 404//714 403//714
f 411//715 403//715 410//715
f 412//716 405//716 404//716
f 412//717 404//717 411//717
f 413//718 408//718 62//718
f 414//719 406//719 405//719
f 414//720 407//720 406//720
f 414//721 405//721 412//721
f 415//722 409//722 408//722
f 415//723 408//723 413//723
f 416//724 410//724 409//724
f 416//725 409//725 415//725
f 417//726 411//726 410//726
f 417//727 410//727 416//727
f 418//728 412//728 411//728
f 418//729 414//729 412//729
f 418//730 411//730 417//730
f 419//731 407//731 414//731
f 419//732 414//732 418//732
f 419//733 420//733 407//733
f 421//734 413//734 62//734
f 421//735 62//735 64//735
f 422//736 415//736 413//736
f 422//737 413//737 421//737
f 422//738 416//738 415//738
f 423//739 416//739 422//739
f 424//740 417//740 416//740
f 424//741 416//741 423//741
f 425//742 417//742 424//742
f 425//743 418//743 417//743
f 426//744 421//744 64//744
f 427//745 419//745 418//745
f 427//746 420//746 419//746
f 427//747 418//747 425//747
f 428//748 422//748 421//748
f 428//749 421//749 426//749
f 429//750 423//750 422//750
f 429//751 422//751 428//751
f 430//752 424//752 423//752
f 430//753 423//753 429//753
f 431//754 425//754 424//754
f 431//755 427//755 425//755
f 431//756 424//756 430//756
f 432//757 420//757 427//757
f 432//758 433//758 420//758
f 432//759 427//759 431//759
f 434//760 64//760 66//760
f 434//761 426//761 64//761
f 435//762 428//762 426//762
f 435//763 426//763 434//763
f 436//764 428//764 435//764
f 436//765 429//765 428//765
f 437//766 429//766 436//766
f 437//767 430//767 429//767
f 437//768 431//768 430//768
f 438//769 431//769 437//769
f 439//770 434//770 66//770
f 440//771 432//771 431//771
f 440//772 431//772 438//772
f 440//773 433//773 432//773
f 441//774 435//774 434//774
f 441//775 436//775 435//775
f 441//776 434//776 439//776
f 442//777 436//777 441//777
f 443//778 437//778 436//778
f 443//779 436//779 442//779
f 444//780 440//780 438//780
f 444//781 437//781 443//781
f 444//782 438//782 437//782
f 445//783 433//783 440//783
f 445//784 440//784 444//784
f 445//785 446//785 433//785
f 447//786 439//786 66//786
f 447//787 66//787 68//787
f 448//788 441//788 439//788
f 448//789 439//789 447//789
f 449//790 442//790 441//790
f 449//791 441//791 448//791
f 450//792 443//792 442//792
f 450//793 444//793 443//793
f 450//794 442//794 449//794
f 451//795 447//795 68//795
f 452//796 444//796 450//796
f 453//797 448//797 447//797
f 453//798 447//798 451//798
f 454//799 445//799 444//799
f 454//800 446//800 445//800
f 454//801 444//801 452//801
f 455//802 449//802 448//802
f 455//803 448//803 453//803
f 456//804 450//804 449//804
f 456//805 449//805 455//805
f 457//806 452//806 450//806
f 457//807 450//807 456//807
f 458//808 446//808 454//808
f 458//809 454//809 452//809
f 458//810 452//810 457//810
f 458//811 459//811 446//811
f 460//812 68//812 70//812
f 460//813 451//813 68//813
f 460//814 453//814 451//814
f 461//815 455//815 453//815
f 461//816 453//816 460//816
f 462//817 455//817 461//817
f 463//818 456//818 455//818
f 463//819 455//819 462//819
f 464//820 461//820 460//820
f 464//821 460//821 70//821
f 465//822 457//822 456//822
f 465//823 456//823 463//823
f 466//824 461//824 464//824
f 466//825 462//825 461//825
f 467//826 458//826 457//826
f 467//827 459//827 458//827
f 467//828 457//828 465//828
f 468//829 462//829 466//829
f 469//830 463//830 462//830
f 469//831 465//831 463//831
f 469//832 462//832 468//832
f 470//833 465//833 469//833
f 471//834 465//834 470//834
f 471//835 459//835 467//835
f 471//836 467//836 465//836
f 471//837 472//837 459//837
f 473//838 70//838 72//838
f 473//839 464//839 70//839
f 474//840 464//840 473//840
f 474//841 466//841 464//841
f 475//842 466//842 474//842
f 475//843 468//843 466//843
f 476//844 469//844 468//844
f 476//845 468//845 475//845
f 477//846 473//846 72//846
f 477//847 474//847 473//847
f 478//848 469//848 476//848
f 478//849 470//849 469//849
f 479//850 474//850 477//850
f 479//851 475//851 474//851
f 480//852 471//852 470//852
f 480//853 472//853 471//853
f 480//854 470//854 478//854
f 481//855 476//855 475//855
f 481//856 475//856 479//856
f 482//857 476//857 481//857
f 483//858 478//858 476//858
f 483//859 476//859 482//859
f 484//860 472//860 480//860
f 484//861 480//861 478//861
f 484//862 478//862 483//862
f 484//863 485//863 472//863
f 486//864 477//864 72//864
f 486//865 72//865 74//865
f 487//866 479//866 477//866
f 487//867 477//867 486//867
f 487//868 486//868 74//868
f 488//869 479//869 487//869
f 488//870 487//870 74//870
f 488//871 481//871 479//871
f 489//872 482//872 481//872
f 489//873 481//873 488//873
f 489//874 488//874 74//874
f 490//875 482//875 489//875
f 490//876 483//876 482//876
f 490//877 489//877 74//877
f 491//878 483//878 490//878
f 491//879 484//879 483//879
f 491//880 485//880 484//880
f 492//881 74//881 76//881
f 493//882 74//882 492//882
f 493//883 492//883 76//883
f 494//884 74//884 493//884
f 494//885 493//885 76//885
f 495//886 490//886 74//886
f 495//887 494//887 76//887
f 495//888 74//888 494//888
f 496//889 485//889 491//889
f 496//890 491//890 490//890
f 496//891 490//891 495//891
f 496//892 497//892 485//892
f 498//893 76//893 78//893
f 499//894 76//894 498//894
f 499//895 498//895 78//895
f 500//896 76//896 499//896
f 500//897 499//897 78//897
f 501//898 495//898 76//898
f 501//899 76//899 500//899
f 501//900 500//900 78//900
f 502//901 496//901 495//901
f 502//902 497//902 496//902
f 502//903 495//903 501//903
f 502//904 503//904 497//904
f 504//905 78//905 80//905
f 505//906 78//906 504//906
f 505//907 504//907 80//907
f 506//908 78//908 505//908
f 506//909 505//909 80//909
f 507//910 501//910 78//910
f 507//911 506//911 80//911
f 507//912 78//912 506//912
f 508//913 501//913 507//913
f 508//914 502//914 501//914
f 508//915 503//915 502//915
f 508//916 509//916 503//916
f 510//917 80//917 81//917
f 511//918 80//918 510//918
f 511//919 510//919 81//919
f 512//920 511//920 81//920
f 512//921 80//921 511//921
f 513//922 512//922 81//922
f 513//923 80//923 512//923
f 513//924 507//924 80//924
f 514//925 508//925 507//925
f 514//926 509//926 508//926
f 514//927 507//927 513//927
f 514//928 515//928 509//928
f 516//929 81//929 84//929
f 517//930 81//930 516//930
f 517//931 516//931 84//931
f 518//932 81//932 517//932
f 518//933 517//933 84//933
f 519//934 513//934 81//934
f 519//935 81//935 518//935
f 520//936 521//936 515//936
f 520//937 513//937 519//937
f 520//938 515//938 514//938
f 520//939 514//939 513//939
f 522//940 84//940 86//940
f 523//941 84//941 522//941
f 523//942 522//942 86//942
f 524//943 518//943 84//943
f 524//944 84//944 523//944
f 524//945 523//945 86//945
f 525//946 519//946 518//946
f 525//947 518//947 524//947
f 526//948 527//948 521//948
f 526//949 521//949 520//949
f 526//950 520//950 519//950
f 526//951 519//951 525//951
f 528//952 86//952 87//952
f 529//953 86//953 528//953
f 529//954 528//954 87//954
f 530//955 86//955 529//955
f 530//956 529//956 87//956
f 531//957 524//957 86//957
f 531//958 525//958 524//958
f 531//959 86//959 530//959
f 531//960 530//960 87//960
f 532//961 525//961 531//961
f 533//962 534//962 527//962
f 533//963 527//963 526//963
f 533//964 526//964 525//964
f 533//965 525//965 532//965
f 535//966 87//966 90//966
f 536//967 87//967 535//967
f 536//968 535//968 90//968
f 537//969 87//969 536//969
f 537//970 536//970 90//970
f 538//971 531//971 87//971
f 538//972 87//972 537//972
f 539//973 531//973 538//973
f 539//974 532//974 531//974
f 540//975 541//975 534//975
f 540//976 534//976 533//976
f 540//977 533//977 532//977
f 540//978 532//978 539//978
f 542//979 90//979 92//979
f 543//980 542//980 92//980
f 543//981 90//981 542//981
f 544//982 537//982 90//982
f 544//983 538//983 537//983
f 544//984 543//984 92//984
f 544//985 90//985 543//985
f 545//986 538//986 544//986
f 546//987 539//987 538//987
f 546//988 540//988 539//988
f 546//989 538//989 545//989
f 547//990 548//990 541//990
f 547//991 541//991 540//991
f 547//992 540//992 546//992
f 549//993 92//993 94//993
f 550//994 94//994 96//994
f 550//995 92//995 549//995
f 550//996 549//996 94//996
f 551//997 92//997 550//997
f 551//998 550//998 96//998
f 551//999 96//999 103//999
f 551//1000 545//1000 544//1000
f 551//1001 544//1001 92//1001
f 552//1002 546//1002 545//1002
f 552//1003 551//1003 103//1003
f 552//1004 103//1004 105//1004
f 552//1005 545//1005 551//1005
f 553//1006 552//1006 105//1006
f 553//1007 546//1007 552//1007
f 553//1008 105//1008 107//1008
f 553//1009 107//1009 99//1009
f 554//1010 547//1010 546//1010
f 554//1011 98//1011 548//1011
f 554//1012 546//1012 553//1012
f 554//1013 553//1013 99//1013
f 554//1014 99//1014 98//1014
f 554//1015 548//1015 547//1015
f 555//1016 556//1016 557//1016
f 558//1017 559//1017 560//1017
f 561//1018 555//1018 557//1018
f 562//1019 557//1019 559//1019
f 562//1020 559//1020 558//1020
f 562//1021 561//1021 557//1021
f 59//1022 561//1022 562//1022
f 61//1023 59//1023 562//1023
f 58//1024 561//1024 59//1024
f 63//1025 61//1025 562//1025
f 55//1026 561//1026 58//1026
f 65//1027 63//1027 562//1027
f 53//1028 561//1028 55//1028
f 67//1029 65//1029 562//1029
f 51//1030 561//1030 53//1030
f 69//1031 67//1031 562//1031
f 49//1032 561//1032 51//1032
f 71//1033 69//1033 562//1033
f 47//1034 561//1034 49//1034
f 563//1035 561//1035 47//1035
f 563//1036 41//1036 39//1036
f 563//1037 43//1037 41//1037
f 563//1038 45//1038 43//1038
f 563//1039 47//1039 45//1039
f 564//1040 71//1040 562//1040
f 564//1041 73//1041 71//1041
f 564//1042 75//1042 73//1042
f 564//1043 77//1043 75//1043
f 564//1044 79//1044 77//1044
f 564//1045 82//1045 79//1045
f 37//1046 563//1046 39//1046
f 565//1047 566//1047 567//1047
f 83//1048 82//1048 564//1048
f 568//1049 569//1049 570//1049
f 568//1050 571//1050 569//1050
f 572//1051 573//1051 565//1051
f 572//1052 565//1052 567//1052
f 574//1053 571//1053 568//1053
f 575//1054 574//1054 576//1054
f 575//1055 564//1055 571//1055
f 575//1056 83//1056 564//1056
f 575//1057 571//1057 574//1057
f 575//1058 85//1058 83//1058
f 577//1059 567//1059 563//1059
f 577//1060 578//1060 572//1060
f 577//1061 563//1061 37//1061
f 577//1062 37//1062 35//1062
f 577//1063 572//1063 567//1063
f 34//1064 577//1064 35//1064
f 88//1065 85//1065 575//1065
f 32//1066 577//1066 34//1066
f 89//1067 88//1067 575//1067
f 29//1068 577//1068 32//1068
f 91//1069 89//1069 575//1069
f 27//1070 577//1070 29//1070
f 93//1071 91//1071 575//1071
f 25//1072 577//1072 27//1072
f 1//1073 93//1073 575//1073
f 579//1074 2//1074 1//1074
f 579//1075 6//1075 2//1075
f 579//1076 7//1076 6//1076
f 579//1077 10//1077 7//1077
f 579//1078 11//1078 10//1078
f 579//1079 13//1079 11//1079
f 579//1080 1//1080 575//1080
f 580//1081 13//1081 579//1081
f 580//1082 16//1082 13//1082
f 580//1083 17//1083 16//1083
f 580//1084 19//1084 17//1084
f 580//1085 21//1085 19//1085
f 580//1086 23//1086 21//1086
f 581//1087 580//1087 579//1087
f 581//1088 582//1088 580//1088
f 583//1089 582//1089 581//1089
f 584//1090 585//1090 586//1090
f 584//1091 586//1091 582//1091
f 584//1092 582//1092 583//1092
f 580//1093 577//1093 25//1093
f 580//1094 25//1094 23//1094
f 587//1095 394//1095 407//1095
f 588//1096 407//1096 420//1096
f 588//1097 587//1097 407//1097
f 589//1098 394//1098 587//1098
f 589//1099 381//1099 394//1099
f 590//1100 381//1100 589//1100
f 590//1101 368//1101 381//1101
f 591//1102 588//1102 420//1102
f 591//1103 420//1103 433//1103
f 591//1104 433//1104 446//1104
f 592//1105 368//1105 590//1105
f 592//1106 355//1106 368//1106
f 593//1107 591//1107 446//1107
f 593//1108 446//1108 459//1108
f 594//1109 355//1109 592//1109
f 594//1110 342//1110 355//1110
f 595//1111 593//1111 459//1111
f 595//1112 459//1112 472//1112
f 596//1113 342//1113 594//1113
f 596//1114 316//1114 329//1114
f 596//1115 329//1115 342//1115
f 597//1116 472//1116 485//1116
f 597//1117 595//1117 472//1117
f 598//1118 303//1118 316//1118
f 598//1119 316//1119 596//1119
f 599//1120 485//1120 497//1120
f 599//1121 597//1121 485//1121
f 600//1122 599//1122 497//1122
f 600//1123 497//1123 503//1123
f 601//1124 290//1124 303//1124
f 601//1125 303//1125 598//1125
f 602//1126 277//1126 290//1126
f 602//1127 290//1127 601//1127
f 603//1128 600//1128 503//1128
f 603//1129 503//1129 509//1129
f 515//1130 603//1130 509//1130
f 604//1131 603//1131 515//1131
f 605//1132 277//1132 602//1132
f 265//1133 277//1133 605//1133
f 521//1134 604//1134 515//1134
f 606//1135 265//1135 605//1135
f 607//1136 604//1136 521//1136
f 252//1137 265//1137 606//1137
f 527//1138 607//1138 521//1138
f 608//1139 607//1139 527//1139
f 609//1140 252//1140 606//1140
f 239//1141 252//1141 609//1141
f 610//1142 239//1142 609//1142
f 534//1143 611//1143 608//1143
f 534//1144 608//1144 527//1144
f 226//1145 239//1145 610//1145
f 541//1146 611//1146 534//1146
f 541//1147 612//1147 611//1147
f 214//1148 610//1148 613//1148
f 214//1149 226//1149 610//1149
f 548//1150 614//1150 612//1150
f 548//1151 612//1151 541//1151
f 201//1152 214//1152 613//1152
f 201//1153 613//1153 615//1153
f 98//1154 616//1154 614//1154
f 98//1155 614//1155 548//1155
f 188//1156 201//1156 615//1156
f 188//1157 615//1157 617//1157
f 97//1158 616//1158 98//1158
f 176//1159 188//1159 617//1159
f 176//1160 617//1160 618//1160
f 109//1161 616//1161 97//1161
f 109//1162 619//1162 616//1162
f 169//1163 176//1163 618//1163
f 169//1164 618//1164 620//1164
f 115//1165 619//1165 109//1165
f 115//1166 621//1166 619//1166
f 162//1167 169//1167 620//1167
f 162//1168 620//1168 622//1168
f 122//1169 621//1169 115//1169
f 122//1170 623//1170 621//1170
f 155//1171 162//1171 622//1171
f 128//1172 623//1172 122//1172
f 128//1173 624//1173 623//1173
f 149//1174 155//1174 622//1174
f 149//1175 622//1175 625//1175
f 135//1176 626//1176 624//1176
f 135//1177 624//1177 128//1177
f 142//1178 626//1178 135//1178
f 142//1179 625//1179 626//1179
f 142//1180 149//1180 625//1180
f 627//1181 628//1181 579//1181
f 627//1182 579//1182 575//1182
f 579//1183 628//1183 629//1183
f 581//1184 579//1184 629//1184
f 583//1185 629//1185 630//1185
f 583//1186 630//1186 631//1186
f 583//1187 581//1187 629//1187
f 584//1188 583//1188 631//1188
f 585//1189 631//1189 632//1189
f 585//1190 632//1190 633//1190
f 585//1191 584//1191 631//1191
f 586//1192 585//1192 633//1192
f 582//1193 633//1193 634//1193
f 582//1194 586//1194 633//1194
f 580//1195 634//1195 635//1195
f 580//1196 582//1196 634//1196
f 627//1197 575//1197 636//1197
f 575//1198 576//1198 636//1198
f 636//1199 574//1199 637//1199
f 637//1200 574//1200 638//1200
f 576//1201 574//1201 636//1201
f 574//1202 568//1202 638//1202
f 638//1203 570//1203 639//1203
f 639//1204 570//1204 640//1204
f 568//1205 570//1205 638//1205
f 570//1206 569//1206 640//1206
f 640//1207 571//1207 641//1207
f 569//1208 571//1208 640//1208
f 641//1209 564//1209 642//1209
f 571//1210 564//1210 641//1210
f 635//1211 643//1211 577//1211
f 635//1212 577//1212 580//1212
f 644//1213 642//1213 564//1213
f 644//1214 564//1214 562//1214
f 645//1215 563//1215 646//1215
f 563//1216 567//1216 646//1216
f 646//1217 566//1217 647//1217
f 647//1218 566//1218 648//1218
f 567//1219 566//1219 646//1219
f 566//1220 565//1220 648//1220
f 648//1221 573//1221 649//1221
f 649//1222 573//1222 650//1222
f 565//1223 573//1223 648//1223
f 573//1224 572//1224 650//1224
f 650//1225 578//1225 651//1225
f 572//1226 578//1226 650//1226
f 651//1227 577//1227 643//1227
f 578//1228 577//1228 651//1228
f 644//1229 562//1229 652//1229
f 562//1230 558//1230 652//1230
f 652//1231 560//1231 653//1231
f 653//1232 560//1232 654//1232
f 558//1233 560//1233 652//1233
f 560//1234 559//1234 654//1234
f 654//1235 557//1235 655//1235
f 655//1236 557//1236 656//1236
f 559//1237 557//1237 654//1237
f 557//1238 556//1238 656//1238
f 656//1239 555//1239 657//1239
f 556//1240 555//1240 656//1240
f 657//1241 561//1241 658//1241
f 555//1242 561//1242 657//1242
f 645//1243 658//1243 561//1243
f 645//1244 561//1244 563//1244
f 659//1245 616//1245 660//1245
f 616//1246 619//1246 660//1246
f 660//1247 621//1247 661//1247
f 619//1248 621//1248 660//1248
f 661//1249 623//1249 662//1249
f 662//1250 623//1250 663//1250
f 621//1251 623//1251 661//1251
f 623//1252 624//1252 663//1252
f 624//1253 626//1253 663//1253
f 663//1254 626//1254 664//1254
f 664//1255 626//1255 665//1255
f 626//1256 625//1256 665//1256
f 625//1257 622//1257 665//1257
f 665//1258 622//1258 666//1258
f 666//1259 620//1259 667//1259
f 622//1260 620//1260 666//1260
f 667//1261 618//1261 668//1261
f 620//1262 618//1262 667//1262
f 668//1263 617//1263 669//1263
f 618//1264 617//1264 668//1264
f 669//1265 615//1265 670//1265
f 617//1266 615//1266 669//1266
f 670//1267 613//1267 671//1267
f 615//1268 613//1268 670//1268
f 671//1269 610//1269 672//1269
f 613//1270 610//1270 671//1270
f 672//1271 609//1271 673//1271
f 610//1272 609//1272 672//1272
f 673//1273 606//1273 674//1273
f 609//1274 606//1274 673//1274
f 674//1275 605//1275 675//1275
f 606//1276 605//1276 674//1276
f 675//1277 602//1277 676//1277
f 605//1278 602//1278 675//1278
f 676//1279 601//1279 677//1279
f 602//1280 601//1280 676//1280
f 677//1281 598//1281 678//1281
f 601//1282 598//1282 677//1282
f 678//1283 596//1283 679//1283
f 598//1284 596//1284 678//1284
f 679//1285 594//1285 680//1285
f 596//1286 594//1286 679//1286
f 680//1287 592//1287 681//1287
f 681//1288 592//1288 682//1288
f 594//1289 592//1289 680//1289
f 592//1290 590//1290 682//1290
f 682//1291 589//1291 683//1291
f 590//1292 589//1292 682//1292
f 683//1293 587//1293 684//1293
f 684//1294 587//1294 685//1294
f 589//1295 587//1295 683//1295
f 587//1296 588//1296 685//1296
f 685//1297 591//1297 686//1297
f 588//1298 591//1298 685//1298
f 686//1299 593//1299 687//1299
f 591//1300 593//1300 686//1300
f 687//1301 595//1301 688//1301
f 688//1302 595//1302 689//1302
f 593//1303 595//1303 687//1303
f 595//1304 597//1304 689//1304
f 689//1305 597//1305 690//1305
f 597//1306 599//1306 690//1306
f 599//1307 600//1307 690//1307
f 690//1308 600//1308 691//1308
f 691//1309 600//1309 692//1309
f 600//1310 603//1310 692//1310
f 603//1311 604//1311 692//1311
f 692//1312 604//1312 693//1312
f 693//1313 604//1313 694//1313
f 604//1314 607//1314 694//1314
f 607//1315 608//1315 694//1315
f 694//1316 608//1316 695//1316
f 608//1317 611//1317 695//1317
f 695//1318 611//1318 696//1318
f 611//1319 612//1319 696//1319
f 696//1320 612//1320 697//1320
f 612//1321 614//1321 697//1321
f 697//1322 614//1322 698//1322
f 698//1323 616//1323 659//1323
f 614//1324 616//1324 698//1324
f 654//1325 652//1325 653//1325
f 656//1326 657//1326 655//1326
f 657//1327 658//1327 655//1327
f 655//1328 644//1328 654//1328
f 654//1329 644//1329 652//1329
f 658//1330 644//1330 655//1330
f 658//1331 699//1331 644//1331
f 699//1332 700//1332 644//1332
f 658//1333 701//1333 699//1333
f 700//1334 702//1334 644//1334
f 658//1335 703//1335 701//1335
f 702//1336 704//1336 644//1336
f 658//1337 705//1337 703//1337
f 704//1338 706//1338 644//1338
f 658//1339 707//1339 705//1339
f 706//1340 642//1340 644//1340
f 708//1341 642//1341 709//1341
f 709//1342 642//1342 710//1342
f 710//1343 642//1343 706//1343
f 658//1344 645//1344 707//1344
f 707//1345 645//1345 711//1345
f 711//1346 645//1346 712//1346
f 645//1347 713//1347 712//1347
f 708//1348 714//1348 642//1348
f 645//1349 715//1349 713//1349
f 647//1350 648//1350 646//1350
f 640//1351 638//1351 639//1351
f 641//1352 638//1352 640//1352
f 714//1353 716//1353 642//1353
f 641//1354 637//1354 638//1354
f 649//1355 650//1355 648//1355
f 648//1356 650//1356 646//1356
f 716//1357 627//1357 642//1357
f 637//1358 627//1358 636//1358
f 641//1359 627//1359 637//1359
f 642//1360 627//1360 641//1360
f 717//1361 627//1361 716//1361
f 645//1362 643//1362 715//1362
f 646//1363 643//1363 645//1363
f 651//1364 643//1364 650//1364
f 650//1365 643//1365 646//1365
f 715//1366 643//1366 718//1366
f 643//1367 719//1367 718//1367
f 717//1368 720//1368 627//1368
f 643//1369 721//1369 719//1369
f 720//1370 722//1370 627//1370
f 643//1371 723//1371 721//1371
f 722//1372 724//1372 627//1372
f 724//1373 628//1373 627//1373
f 725//1374 628//1374 726//1374
f 726//1375 628//1375 727//1375
f 727//1376 628//1376 728//1376
f 728//1377 628//1377 724//1377
f 723//1378 635//1378 729//1378
f 729//1379 635//1379 730//1379
f 730//1380 635//1380 731//1380
f 731//1381 635//1381 732//1381
f 732//1382 635//1382 725//1382
f 725//1383 635//1383 628//1383
f 643//1384 635//1384 723//1384
f 634//1385 629//1385 635//1385
f 635//1386 629//1386 628//1386
f 634//1387 630//1387 629//1387
f 632//1388 631//1388 633//1388
f 633//1389 631//1389 634//1389
f 634//1390 631//1390 630//1390
f 733//1391 683//1391 684//1391
f 734//1392 684//1392 685//1392
f 734//1393 733//1393 684//1393
f 735//1394 682//1394 683//1394
f 735//1395 683//1395 733//1395
f 736//1396 685//1396 686//1396
f 736//1397 686//1397 687//1397
f 736//1398 734//1398 685//1398
f 737//1399 682//1399 735//1399
f 737//1400 681//1400 682//1400
f 738//1401 687//1401 688//1401
f 738//1402 736//1402 687//1402
f 739//1403 680//1403 681//1403
f 739//1404 681//1404 737//1404
f 740//1405 738//1405 688//1405
f 740//1406 688//1406 689//1406
f 741//1407 678//1407 679//1407
f 741//1408 679//1408 680//1408
f 741//1409 680//1409 739//1409
f 742//1410 740//1410 689//1410
f 742//1411 689//1411 690//1411
f 743//1412 677//1412 678//1412
f 743//1413 678//1413 741//1413
f 744//1414 742//1414 690//1414
f 744//1415 690//1415 691//1415
f 745//1416 677//1416 743//1416
f 745//1417 676//1417 677//1417
f 746//1418 744//1418 691//1418
f 746//1419 691//1419 692//1419
f 747//1420 676//1420 745//1420
f 693//1421 746//1421 692//1421
f 675//1422 676//1422 747//1422
f 748//1423 746//1423 693//1423
f 749//1424 675//1424 747//1424
f 694//1425 748//1425 693//1425
f 674//1426 675//1426 749//1426
f 750//1427 748//1427 694//1427
f 751//1428 674//1428 749//1428
f 695//1429 750//1429 694//1429
f 673//1430 674//1430 751//1430
f 752//1431 750//1431 695//1431
f 753//1432 673//1432 751//1432
f 696//1433 752//1433 695//1433
f 696//1434 754//1434 752//1434
f 672//1435 673//1435 753//1435
f 697//1436 754//1436 696//1436
f 697//1437 755//1437 754//1437
f 671//1438 753//1438 756//1438
f 671//1439 672//1439 753//1439
f 698//1440 757//1440 755//1440
f 698//1441 755//1441 697//1441
f 670//1442 756//1442 758//1442
f 670//1443 671//1443 756//1443
f 669//1444 758//1444 759//1444
f 669//1445 670//1445 758//1445
f 659//1446 757//1446 698//1446
f 660//1447 757//1447 659//1447
f 660//1448 760//1448 757//1448
f 668//1449 759//1449 761//1449
f 668//1450 669//1450 759//1450
f 661//1451 762//1451 760//1451
f 661//1452 760//1452 660//1452
f 667//1453 668//1453 761//1453
f 667//1454 761//1454 763//1454
f 666//1455 667//1455 763//1455
f 662//1456 764//1456 762//1456
f 662//1457 762//1457 661//1457
f 663//1458 764//1458 662//1458
f 663//1459 765//1459 764//1459
f 665//1460 666//1460 763//1460
f 665//1461 763//1461 766//1461
f 664//1462 765//1462 663//1462
f 664//1463 665//1463 766//1463
f 664//1464 766//1464 765//1464
f 724//1465 722//1465 757//1465
f 757//1466 722//1466 755//1466
f 755//1467 722//1467 754//1467
f 722//1468 720//1468 754//1468
f 754//1469 717//1469 752//1469
f 720//1470 717//1470 754//1470
f 752//1471 716//1471 750//1471
f 717//1472 716//1472 752//1472
f 750//1473 714//1473 748//1473
f 716//1474 714//1474 750//1474
f 748//1475 708//1475 746//1475
f 714//1476 708//1476 748//1476
f 708//1477 709//1477 746//1477
f 746//1478 709//1478 744//1478
f 709//1479 710//1479 744//1479
f 744//1480 710//1480 742//1480
f 742//1481 710//1481 740//1481
f 710//1482 706//1482 740//1482
f 706//1483 704//1483 740//1483
f 740//1484 704//1484 738//1484
f 704//1485 702//1485 738//1485
f 738//1486 702//1486 736//1486
f 702//1487 700//1487 736//1487
f 736//1488 700//1488 734//1488
f 734//1489 700//1489 733//1489
f 700//1490 699//1490 733//1490
f 699//1491 701//1491 733//1491
f 733//1492 701//1492 735//1492
f 701//1493 703//1493 735//1493
f 735//1494 703//1494 737//1494
f 703//1495 705//1495 737//1495
f 737//1496 705//1496 739//1496
f 705//1497 707//1497 739//1497
f 739//1498 707//1498 741//1498
f 707//1499 711//1499 741//1499
f 741//1500 711//1500 743//1500
f 711//1501 712//1501 743//1501
f 743//1502 712//1502 745//1502
f 745//1503 713//1503 747//1503
f 712//1504 713//1504 745//1504
f 713//1505 715//1505 747//1505
f 747//1506 715//1506 749//1506
f 749//1507 715//1507 751//1507
f 715//1508 718//1508 751//1508
f 751//1509 719//1509 753//1509
f 718//1510 719//1510 751//1510
f 753//1511 721//1511 756//1511
f 719//1512 721//1512 753//1512
f 756//1513 723//1513 758//1513
f 758//1514 723//1514 759//1514
f 721//1515 723//1515 756//1515
f 723//1516 729//1516 759//1516
f 759//1517 730//1517 761//1517
f 729//1518 730//1518 759//1518
f 761//1519 731//1519 763//1519
f 730//1520 731//1520 761//1520
f 763//1521 732//1521 766//1521
f 731//1522 732//1522 763//1522
f 766//1523 725//1523 765//1523
f 732//1524 725//1524 766//1524
f 765//1525 726//1525 764//1525
f 764//1526 726//1526 762//1526
f 725//1527 726//1527 765//1527
f 726//1528 727//1528 762//1528
f 727//1529 728//1529 762//1529
f 762//1530 728//1530 760//1530
f 728//1531 724//1531 760//1531
f 760//1532 724//1532 757//1532
