mtllib 123-340-515.mtl
o 123-340-515_1
v 24.091 0 0
v 24.1 0 0
v 23.982 -2.29 0
v 23.991 -2.291 0
v 23.115 -6.787 0
v 23.124 -6.79 0
v 21.413 -11.039 0
v 21.421 -11.043 0
v 18.937 -14.892 0
v 18.944 -14.898 0
v 15.776 -18.207 0
v 15.782 -18.214 0
v 12.045 -20.863 0
v 12.05 -20.871 0
v 7.879 -22.766 0
v 7.882 -22.775 0
v 3.428 -23.846 0
v 3.43 -23.855 0
v -1.146 -24.063 0
v -1.147 -24.073 0
v -5.68 -23.412 0
v -5.682 -23.421 0
v -10.008 -21.914 0
v -10.012 -21.922 0
v -13.974 -19.624 0
v -13.979 -19.631 0
v -17.435 -16.625 0
v -17.442 -16.631 0
v -20.266 -13.024 0
v -20.274 -13.029 0
v -22.365 -8.954 0
v -22.374 -8.957 0
v -23.115 -6.787 0
v -23.124 -6.79 0
v -23.655 -4.559 0
v -23.664 -4.561 0
v -23.982 -2.29 0
v -23.991 -2.291 0
v -24.091 0 0
v -24.1 0 0
v -24.073 0 -0.004
v -23.947 -2.287 -0.01
v -23.621 -4.553 -0.01
v -23.081 -6.777 -0.01
v -22.332 -8.94 -0.01
v -20.237 -13.005 -0.01
v -17.41 -16.6 -0.01
v -13.954 -19.595 -0.01
v -9.993 -21.882 -0.01
v -5.671 -23.377 -0.01
v -1.145 -24.028 -0.01
v 3.423 -23.811 -0.01
v 7.868 -22.732 -0.01
v 12.028 -20.833 -0.01
v 15.753 -18.18 -0.01
v 18.909 -14.87 -0.01
v 21.381 -11.023 -0.01
v 23.081 -6.777 -0.01
v 23.947 -2.287 -0.01
v 24.073 0 -0.004
v 24.055 0 -0.01
v -24.055 0 -0.01
v -24.04 0 -0.02
v -23.917 -2.284 -0.033
v -24.026 0 -0.033
v -24.015 0 -0.047
v -23.898 -2.282 -0.064
v -24.007 0 -0.064
v -24.002 0 -0.082
v -24 0 -0.1
v -23.891 -2.281 -0.1
v -23.573 -4.543 -0.064
v -23.566 -4.542 -0.1
v -23.034 -6.763 -0.064
v -23.028 -6.762 -0.1
v -22.287 -8.922 -0.064
v -22.281 -8.92 -0.1
v -20.196 -12.979 -0.064
v -20.19 -12.975 -0.1
v -17.375 -16.567 -0.064
v -17.37 -16.562 -0.1
v -13.925 -19.555 -0.064
v -13.921 -19.55 -0.1
v -9.973 -21.837 -0.064
v -9.97 -21.831 -0.1
v -5.66 -23.33 -0.064
v -5.658 -23.323 -0.1
v -1.142 -23.98 -0.064
v -1.142 -23.973 -0.1
v 3.417 -23.762 -0.064
v 3.416 -23.756 -0.1
v 7.852 -22.686 -0.064
v 7.85 -22.68 -0.1
v 12.003 -20.79 -0.064
v 12 -20.785 -0.1
v 15.721 -18.143 -0.064
v 15.717 -18.138 -0.1
v 18.871 -14.84 -0.064
v 18.865 -14.836 -0.1
v 21.338 -11.001 -0.064
v 21.332 -10.997 -0.1
v 23.034 -6.763 -0.064
v 23.028 -6.762 -0.1
v 23.898 -2.282 -0.064
v 23.891 -2.281 -0.1
v 24.002 0 -0.082
v 24 0 -0.1
v 24.007 0 -0.064
v 24.015 0 -0.047
v 23.917 -2.284 -0.033
v 24.026 0 -0.033
v 24.04 0 -0.02
v 23.053 -6.769 -0.033
v 21.355 -11.009 -0.033
v 18.886 -14.852 -0.033
v 15.734 -18.158 -0.033
v 12.013 -20.807 -0.033
v 7.858 -22.705 -0.033
v 3.419 -23.782 -0.033
v -1.143 -23.999 -0.033
v -5.664 -23.349 -0.033
v -9.981 -21.855 -0.033
v -13.937 -19.571 -0.033
v -17.389 -16.58 -0.033
v -20.212 -12.989 -0.033
v -22.305 -8.93 -0.033
v -23.053 -6.769 -0.033
v -23.592 -4.547 -0.033
v 23.998 0 44.877
v 24 0 44.859
v 23.89 2.281 44.877
v 23.891 2.281 44.859
v 23.565 4.542 44.877
v 23.566 4.542 44.859
v 23.026 6.761 44.877
v 23.028 6.762 44.859
v 22.279 8.919 44.877
v 22.281 8.92 44.859
v 21.331 10.997 44.877
v 21.332 10.997 44.859
v 20.189 12.974 44.877
v 20.19 12.975 44.859
v 18.864 14.835 44.877
v 18.865 14.836 44.859
v 17.368 16.561 44.877
v 17.37 16.562 44.859
v 15.716 18.137 44.877
v 15.717 18.138 44.859
v 13.92 19.548 44.877
v 13.921 19.55 44.859
v 11.999 20.783 44.877
v 12 20.785 44.859
v 9.969 21.83 44.877
v 9.97 21.831 44.859
v 7.849 22.678 44.877
v 7.85 22.68 44.859
v 5.658 23.322 44.877
v 5.658 23.323 44.859
v 3.415 23.754 44.877
v 3.416 23.756 44.859
v 1.142 23.971 44.877
v 1.142 23.973 44.859
v -1.142 23.971 44.877
v -1.142 23.973 44.859
v -3.415 23.754 44.877
v -3.416 23.756 44.859
v -5.658 23.322 44.877
v -5.658 23.323 44.859
v -7.849 22.678 44.877
v -7.85 22.68 44.859
v -9.969 21.83 44.877
v -9.97 21.831 44.859
v -11.999 20.783 44.877
v -12 20.785 44.859
v -13.92 19.548 44.877
v -13.921 19.55 44.859
v -15.716 18.137 44.877
v -15.717 18.138 44.859
v -17.368 16.561 44.877
v -17.37 16.562 44.859
v -18.864 14.835 44.877
v -18.865 14.836 44.859
v -20.189 12.974 44.877
v -20.19 12.975 44.859
v -21.331 10.997 44.877
v -21.332 10.997 44.859
v -22.279 8.919 44.877
v -22.281 8.92 44.859
v -23.026 6.761 44.877
v -23.028 6.762 44.859
v -23.565 4.542 44.877
v -23.566 4.542 44.859
v -23.89 2.281 44.877
v -23.891 2.281 44.859
v -23.998 0 44.877
v -24 0 44.859
v -23.993 0 44.895
v -23.876 2.28 44.911
v -23.552 4.539 44.911
v -23.013 6.757 44.911
v -22.267 8.914 44.911
v -21.319 10.991 44.911
v -20.177 12.967 44.911
v -18.854 14.827 44.911
v -17.359 16.552 44.911
v -15.707 18.127 44.911
v -13.913 19.538 44.911
v -11.993 20.772 44.911
v -9.964 21.818 44.911
v -7.845 22.666 44.911
v -5.655 23.309 44.911
v -3.413 23.741 44.911
v -1.141 23.958 44.911
v 1.141 23.958 44.911
v 3.413 23.741 44.911
v 5.655 23.309 44.911
v 7.845 22.666 44.911
v 9.964 21.818 44.911
v 11.993 20.772 44.911
v 13.913 19.538 44.911
v 15.707 18.127 44.911
v 17.359 16.552 44.911
v 18.854 14.827 44.911
v 20.177 12.967 44.911
v 21.319 10.991 44.911
v 22.267 8.914 44.911
v 23.013 6.757 44.911
v 23.552 4.539 44.911
v 23.876 2.28 44.911
v 23.993 0 44.895
v 23.985 0 44.911
v -23.985 0 44.911
v -23.971 0 44.929
v -23.862 2.279 44.929
v -23.538 4.536 44.929
v -23 6.753 44.929
v -22.254 8.909 44.929
v -21.306 10.984 44.929
v -20.165 12.96 44.929
v -18.842 14.818 44.929
v -17.348 16.542 44.929
v -15.697 18.116 44.929
v -13.904 19.526 44.929
v -11.985 20.759 44.929
v -9.958 21.805 44.929
v -7.84 22.652 44.929
v -5.651 23.295 44.929
v -3.411 23.727 44.929
v -1.141 23.944 44.929
v 1.141 23.944 44.929
v 3.411 23.727 44.929
v 5.651 23.295 44.929
v 7.84 22.652 44.929
v 9.958 21.805 44.929
v 11.985 20.759 44.929
v 13.904 19.526 44.929
v 15.697 18.116 44.929
v 17.348 16.542 44.929
v 18.842 14.818 44.929
v 20.165 12.96 44.929
v 21.306 10.984 44.929
v 22.254 8.909 44.929
v 23 6.753 44.929
v 23.538 4.536 44.929
v 23.862 2.279 44.929
v 23.971 0 44.929
v 24 0 40.1
v 23.891 -2.281 40.1
v 24.002 0 40.082
v 23.898 -2.282 40.064
v 24.007 0 40.064
v 24.015 0 40.047
v 23.034 -6.763 40.064
v 23.028 -6.762 40.1
v 21.338 -11.001 40.064
v 21.332 -10.997 40.1
v 18.871 -14.84 40.064
v 18.865 -14.836 40.1
v 15.721 -18.143 40.064
v 15.717 -18.138 40.1
v 12.003 -20.79 40.064
v 12 -20.785 40.1
v 7.852 -22.686 40.064
v 7.85 -22.68 40.1
v 3.417 -23.762 40.064
v 3.416 -23.756 40.1
v -1.142 -23.98 40.064
v -1.142 -23.973 40.1
v -5.66 -23.33 40.064
v -5.658 -23.323 40.1
v -9.973 -21.837 40.064
v -9.97 -21.831 40.1
v -13.925 -19.555 40.064
v -13.921 -19.55 40.1
v -17.375 -16.567 40.064
v -17.37 -16.562 40.1
v -20.196 -12.979 40.064
v -20.19 -12.975 40.1
v -22.287 -8.922 40.064
v -22.281 -8.92 40.1
v -23.034 -6.763 40.064
v -23.028 -6.762 40.1
v -23.573 -4.543 40.064
v -23.566 -4.542 40.1
v -23.898 -2.282 40.064
v -23.891 -2.281 40.1
v -24.002 0 40.082
v -24 0 40.1
v -24.007 0 40.064
v -24.015 0 40.047
v -23.917 -2.284 40.033
v -24.026 0 40.033
v -24.04 0 40.02
v -23.947 -2.287 40.01
v -24.055 0 40.01
v -24.073 0 40.004
v -23.982 -2.29 40
v -24.091 0 40
v -24.1 0 40
v -23.991 -2.291 40
v -23.655 -4.559 40
v -23.621 -4.553 40.01
v -23.081 -6.777 40.01
v -23.053 -6.769 40.033
v -22.305 -8.93 40.033
v -23.664 -4.561 40
v -23.115 -6.787 40
v -22.332 -8.94 40.01
v -20.212 -12.989 40.033
v -23.124 -6.79 40
v -22.365 -8.954 40
v -20.237 -13.005 40.01
v -17.389 -16.58 40.033
v -22.374 -8.957 40
v -20.266 -13.024 40
v -17.41 -16.6 40.01
v -13.937 -19.571 40.033
v -20.274 -13.029 40
v -17.435 -16.625 40
v -13.954 -19.595 40.01
v -9.981 -21.855 40.033
v -17.442 -16.631 40
v -13.974 -19.624 40
v -9.993 -21.882 40.01
v -5.664 -23.349 40.033
v -13.979 -19.631 40
v -10.008 -21.914 40
v -5.671 -23.377 40.01
v -1.143 -23.999 40.033
v -10.012 -21.922 40
v -5.68 -23.412 40
v -1.145 -24.028 40.01
v 3.419 -23.782 40.033
v -5.682 -23.421 40
v -1.146 -24.063 40
v 3.423 -23.811 40.01
v 7.858 -22.705 40.033
v -1.147 -24.073 40
v 3.428 -23.846 40
v 7.868 -22.732 40.01
v 12.013 -20.807 40.033
v 3.43 -23.855 40
v 7.879 -22.766 40
v 12.028 -20.833 40.01
v 15.734 -18.158 40.033
v 7.882 -22.775 40
v 12.045 -20.863 40
v 15.753 -18.18 40.01
v 18.886 -14.852 40.033
v 12.05 -20.871 40
v 15.776 -18.207 40
v 18.909 -14.87 40.01
v 21.355 -11.009 40.033
v 15.782 -18.214 40
v 18.937 -14.892 40
v 21.381 -11.023 40.01
v 23.053 -6.769 40.033
v 18.944 -14.898 40
v 21.413 -11.039 40
v 23.081 -6.777 40.01
v 23.917 -2.284 40.033
v 21.421 -11.043 40
v 23.115 -6.787 40
v 23.947 -2.287 40.01
v 24.04 0 40.02
v 24.026 0 40.033
v 23.124 -6.79 40
v 23.982 -2.29 40
v 24.073 0 40.004
v 24.055 0 40.01
v 23.991 -2.291 40
v 24.091 0 40
v 24.1 0 40
v -23.592 -4.547 40.033
v -17.5 0 -4.9
v -17.061 -3.894 -4.9
v -17.6 0 -5
v -17.159 -3.916 -5
v -15.767 -7.593 -4.9
v -15.857 -7.636 -5
v -13.682 -10.911 -4.9
v -13.76 -10.973 -5
v -10.911 -13.682 -4.9
v -10.973 -13.76 -5
v -7.593 -15.767 -4.9
v -7.636 -15.857 -5
v -3.894 -17.061 -4.9
v -3.916 -17.159 -5
v 0 -17.5 -4.9
v 0 -17.6 -5
v 3.894 -17.061 -4.9
v 3.916 -17.159 -5
v 7.593 -15.767 -4.9
v 7.636 -15.857 -5
v 10.911 -13.682 -4.9
v 10.973 -13.76 -5
v 13.682 -10.911 -4.9
v 13.76 -10.973 -5
v 15.767 -7.593 -4.9
v 15.857 -7.636 -5
v 17.061 -3.894 -4.9
v 17.159 -3.916 -5
v 17.5 0 -4.9
v 17.6 0 -5
v -5 16.771 -4.9
v -8.44 15.33 -4.9
v -5 16.875 -5
v -8.466 15.43 -5
v -11.497 13.194 -4.9
v -11.547 13.282 -5
v -14.031 10.458 -4.9
v -14.102 10.53 -5
v -15.929 7.248 -4.9
v -16.016 7.298 -5
v -17.103 3.708 -4.9
v -17.199 3.734 -5
v 23.9 0 -5
v 23.493 4.392 -5
v 24 0 -4.9
v 23.591 4.41 -4.9
v 22.286 8.634 -5
v 22.379 8.67 -4.9
v 20.32 12.582 -5
v 20.405 12.634 -4.9
v 17.662 16.101 -5
v 17.736 16.169 -4.9
v 14.403 19.073 -5
v 14.463 19.152 -4.9
v 10.653 21.394 -5
v 10.698 21.484 -4.9
v 6.541 22.988 -5
v 6.568 23.084 -4.9
v 2.205 23.798 -5
v 2.214 23.898 -4.9
v -2.205 23.798 -5
v -2.214 23.898 -4.9
v -6.541 22.988 -5
v -6.568 23.084 -4.9
v -10.653 21.394 -5
v -10.698 21.484 -4.9
v -14.403 19.073 -5
v -14.463 19.152 -4.9
v -17.662 16.101 -5
v -17.736 16.169 -4.9
v -20.32 12.582 -5
v -20.405 12.634 -4.9
v -22.286 8.634 -5
v -22.379 8.67 -4.9
v -23.493 4.392 -5
v -23.591 4.41 -4.9
v -23.9 0 -5
v -24 0 -4.9
v 17.5 0 44.9
v 17.061 -3.894 44.9
v 17.6 0 45
v 17.159 -3.916 45
v 15.767 -7.593 44.9
v 15.857 -7.636 45
v 13.682 -10.911 44.9
v 13.76 -10.973 45
v 10.911 -13.682 44.9
v 10.973 -13.76 45
v 7.593 -15.767 44.9
v 7.636 -15.857 45
v 3.894 -17.061 44.9
v 3.916 -17.159 45
v 0 -17.5 44.9
v 0 -17.6 45
v -3.894 -17.061 44.9
v -3.916 -17.159 45
v -7.593 -15.767 44.9
v -7.636 -15.857 45
v -10.911 -13.682 44.9
v -10.973 -13.76 45
v -13.682 -10.911 44.9
v -13.76 -10.973 45
v -15.767 -7.593 44.9
v -15.857 -7.636 45
v -17.061 -3.894 44.9
v -17.159 -3.916 45
v -17.5 0 44.9
v -17.6 0 45
v 5 16.771 44.9
v 8.44 15.33 44.9
v 5 16.875 45
v 8.466 15.43 45
v 11.497 13.194 44.9
v 11.547 13.282 45
v 14.031 10.458 44.9
v 14.102 10.53 45
v 15.929 7.248 44.9
v 16.016 7.298 45
v 17.103 3.708 44.9
v 17.199 3.734 45
v -23.9 0 45
v -23.493 4.392 45
v -22.286 8.634 45
v -20.32 12.582 45
v -17.662 16.101 45
v -14.403 19.073 45
v -10.653 21.394 45
v -6.541 22.988 45
v -2.205 23.798 45
v 2.205 23.798 45
v 6.541 22.988 45
v 10.653 21.394 45
v 14.403 19.073 45
v 17.662 16.101 45
v 20.32 12.582 45
v 22.286 8.634 45
v 23.493 4.392 45
v 23.9 0 45
v 5 16.771 -4.9
v 8.44 15.33 -4.9
v 11.497 13.194 -4.9
v 14.031 10.458 -4.9
v 15.929 7.248 -4.9
v 17.103 3.708 -4.9
v -23.891 2.281 40.1
v -23.566 4.542 40.1
v -23.028 6.762 40.1
v -22.281 8.92 40.1
v -21.332 10.997 40.1
v -20.19 12.975 40.1
v -18.865 14.836 40.1
v -17.37 16.562 40.1
v -15.717 18.138 40.1
v -13.921 19.55 40.1
v -12 20.785 40.1
v -9.97 21.831 40.1
v -7.85 22.68 40.1
v -5.658 23.323 40.1
v -3.416 23.756 40.1
v -1.142 23.973 40.1
v 1.142 23.973 40.1
v 3.416 23.756 40.1
v 5.658 23.323 40.1
v 7.85 22.68 40.1
v 9.97 21.831 40.1
v 12 20.785 40.1
v 13.921 19.55 40.1
v 15.717 18.138 40.1
v 17.37 16.562 40.1
v 18.865 14.836 40.1
v 20.19 12.975 40.1
v 21.332 10.997 40.1
v 22.281 8.92 40.1
v 23.028 6.762 40.1
v 23.566 4.542 40.1
v 23.891 2.281 40.1
v -23.891 2.281 -0.1
v -23.566 4.542 -0.1
v -23.028 6.762 -0.1
v -22.281 8.92 -0.1
v -21.332 10.997 -0.1
v -20.19 12.975 -0.1
v -18.865 14.836 -0.1
v -17.37 16.562 -0.1
v -15.717 18.138 -0.1
v -13.921 19.55 -0.1
v -12 20.785 -0.1
v -9.97 21.831 -0.1
v -7.85 22.68 -0.1
v -5.658 23.323 -0.1
v -3.416 23.756 -0.1
v -1.142 23.973 -0.1
v 1.142 23.973 -0.1
v 3.416 23.756 -0.1
v 5.658 23.323 -0.1
v 7.85 22.68 -0.1
v 9.97 21.831 -0.1
v 12 20.785 -0.1
v 13.921 19.55 -0.1
v 15.717 18.138 -0.1
v 17.37 16.562 -0.1
v 18.865 14.836 -0.1
v 20.19 12.975 -0.1
v 21.332 10.997 -0.1
v 22.281 8.92 -0.1
v 23.028 6.762 -0.1
v 23.566 4.542 -0.1
v 23.891 2.281 -0.1
v -33.595 -12.46 0
v -34.772 -8.647 10
v -33.923 -11.537 0
v -34.225 -10.606 0
v -35.831 0 31.875
v -35.831 0 24.515
v -35.823 -0.748 30
v -35.786 -1.802 20
v -35.518 -4.727 20
v -35.363 -5.77 10
v -34.503 -9.666 0
v 22.217 28.111 40
v 18.784 28.548 40
v 22.746 25.503 40
v 17.048 27.453 40
v 22.135 23.542 40
v 15.539 26.041 40
v 21.159 21.72 40
v 14.344 24.402 40
v 19.885 20.145 40
v 14.234 24.243 40
v 19.759 19.998 40
v 14.105 24.101 40
v 19.654 19.836 40
v 13.979 19.631 40
v 15.782 18.214 40
v 22.977 27.494 40
v 21.441 28.708 40
v 20.648 29.284 40
v 13.796 23.871 40
v 13.432 23.725 40
v 12.05 20.871 40
v 13.043 23.675 40
v 12.649 23.72 40
v 12.275 23.859 40
v 10.012 21.922 40
v 10.849 24.54 40
v 10.507 24.743 40
v 7.882 22.775 40
v 10.222 25.022 40
v 10.018 25.357 40
v 9.903 25.731 40
v 5.682 23.421 40
v 9.887 26.115 40
v 9.917 26.306 40
v 3.143 27.937 40
v 9.972 26.491 40
v 3.178 28.127 40
v 10.495 28.449 40
v 3.604 30.11 40
v 10.646 30.51 40
v 4.408 32.013 40
v 10.407 32.549 40
v 5.549 33.72 40
v 8.862 34.718 40
v 7.91 34.947 40
v 9.808 34.462 40
v 6.952 35.15 40
v 3.083 27.754 40
v 2.894 27.419 40
v 3.43 23.855 40
v 2.621 27.137 40
v 2.286 26.933 40
v 1.908 26.814 40
v 1.147 24.073 40
v 1.509 26.789 40
v -0.07 26.831 40
v -1.147 24.073 40
v -0.466 26.877 40
v -0.839 27.017 40
v -1.162 27.239 40
v -3.43 23.855 40
v -1.419 27.535 40
v -1.59 27.879 40
v -8.472 26.609 40
v -1.64 28.065 40
v -8.492 26.8 40
v -1.665 28.257 40
v -8.537 26.988 40
v -1.983 30.258 40
v -8.954 28.973 40
v -2.684 32.202 40
v -8.994 31.039 40
v -3.732 33.968 40
v -8.646 33.061 40
v -6.025 35.321 40
v -6.988 35.143 40
v -5.057 35.472 40
v -7.946 34.939 40
v -5.682 23.421 40
v -8.509 26.225 40
v -8.644 25.857 40
v -8.866 25.535 40
v -7.882 22.775 40
v -9.163 25.272 40
v -9.517 25.086 40
v -10.012 21.922 40
v -10.977 24.483 40
v -11.357 24.364 40
v -11.755 24.34 40
v -12.05 20.871 40
v -12.141 24.412 40
v -12.496 24.577 40
v -13.979 19.631 40
v -12.792 24.822 40
v -12.913 24.972 40
v -18.658 21.029 40
v -13.014 25.136 40
v -18.776 21.182 40
v -14.119 26.835 40
v -19.965 22.826 40
v -15.55 28.326 40
v -20.841 24.697 40
v -17.226 29.513 40
v -21.346 26.687 40
v -19.87 29.817 40
v -20.678 29.262 40
v -19.048 30.349 40
v -21.47 28.686 40
v -18.563 20.862 40
v -18.44 20.497 40
v -15.782 18.214 40
v -18.414 20.106 40
v -18.485 19.721 40
v -18.65 19.36 40
v -17.442 16.631 40
v -18.898 19.047 40
v -19.986 17.901 40
v -20.285 17.638 40
v -18.944 14.898 40
v -20.639 17.454 40
v -21.02 17.363 40
v -20.274 13.029 40
v -21.412 17.37 40
v -21.782 17.473 40
v -21.954 17.56 40
v -25.598 11.622 40
v -25.443 11.509 40
v -22.113 17.67 40
v -25.768 11.714 40
v -23.813 18.772 40
v -27.523 12.732 40
v -25.727 19.553 40
v -29.084 14.085 40
v -27.74 19.956 40
v -30.355 15.697 40
v -29.745 19.978 40
v -30.28 19.157 40
v -30.792 18.322 40
v -31.281 17.474 40
v -21.421 11.043 40
v -25.183 11.225 40
v -24.999 10.878 40
v -24.908 10.497 40
v -22.374 8.957 40
v -24.912 10.1 40
v -25.011 9.713 40
v -25.539 8.224 40
v -23.124 6.79 40
v -25.706 7.863 40
v -25.954 7.551 40
v -23.664 4.561 40
v -26.265 7.312 40
v -26.625 7.159 40
v -27.006 7.103 40
v -23.991 2.291 40
v -27.925 0.165 40
v -27.198 7.113 40
v -28.112 0.205 40
v -27.388 7.148 40
v -28.305 0.221 40
v -29.39 7.464 40
v -30.322 0.437 40
v -31.456 7.398 40
v -32.299 1.038 40
v -33.459 6.947 40
v -34.115 1.994 40
v -35.454 5.185 40
v -35.582 4.214 40
v -35.299 6.152 40
v -35.684 3.24 40
v -27.571 0.012 40
v -27.263 -0.23 40
v -27.025 -0.541 40
v -26.867 -0.905 40
v -26.8 -1.299 40
v -26.677 -2.875 40
v -26.681 -3.272 40
v -26.781 -3.658 40
v -26.969 -4.003 40
v -27.235 -4.29 40
v -27.56 -4.495 40
v -27.74 -4.565 40
v -25.766 -11.247 40
v -27.928 -4.61 40
v -25.948 -11.311 40
v -29.885 -5.135 40
v -27.878 -11.934 40
v -31.745 -6.036 40
v -29.928 -12.189 40
v -33.392 -7.262 40
v -31.977 -12.054 40
v -34.498 -9.684 40
v -34.22 -10.623 40
v -34.749 -8.737 40
v -33.917 -11.554 40
v -25.577 -11.207 40
v -25.192 -11.203 40
v -24.812 -11.299 40
v -24.468 -11.487 40
v -24.176 -11.755 40
v -23.954 -12.087 40
v -23.201 -13.476 40
v -23.044 -13.842 40
v -22.978 -14.235 40
v -23.009 -14.626 40
v -23.136 -14.996 40
v -23.349 -15.316 40
v -18.808 -20.642 40
v -23.485 -15.453 40
v -18.964 -20.754 40
v -23.638 -15.571 40
v -19.104 -20.887 40
v -25.212 -16.847 40
v -20.614 -22.241 40
v -26.546 -18.426 40
v -22.383 -23.308 40
v -27.551 -20.216 40
v -24.309 -24.018 40
v -27.576 -22.878 40
v -26.941 -23.623 40
v -28.191 -22.116 40
v -26.285 -24.351 40
v -18.458 -20.481 40
v -18.071 -20.414 40
v -17.681 -20.445 40
v -17.304 -20.572 40
v -16.967 -20.785 40
v -15.714 -21.748 40
v -15.421 -22.018 40
v -15.201 -22.35 40
v -15.071 -22.72 40
v -15.036 -23.11 40
v -15.101 -23.489 40
v -15.169 -23.669 40
v -8.883 -26.673 40
v -8.786 -26.507 40
v -15.262 -23.839 40
v -8.957 -26.851 40
v -16.18 -25.645 40
v -9.786 -28.703 40
v -16.756 -27.63 40
v -10.968 -30.397 40
v -16.947 -29.674 40
v -12.438 -31.829 40
v -16.759 -31.67 40
v -15.887 -32.116 40
v -15.003 -32.539 40
v -14.108 -32.937 40
v -8.531 -26.218 40
v -8.206 -26 40
v -7.836 -25.869 40
v -7.441 -25.831 40
v -7.046 -25.889 40
v -5.51 -26.259 40
v -5.133 -26.387 40
v -4.797 -26.601 40
v -4.527 -26.886 40
v -4.337 -27.228 40
v -4.241 -27.6 40
v -4.231 -27.793 40
v 2.734 -27.98 40
v -4.246 -27.986 40
v 2.739 -28.173 40
v -4.351 -30.009 40
v 2.735 -30.202 40
v -4.07 -32.057 40
v 2.344 -32.23 40
v -3.412 -34.002 40
v 1.583 -34.137 40
v -1.451 -35.802 40
v -0.471 -35.828 40
v -2.429 -35.749 40
v 0.508 -35.827 40
v 2.755 -27.789 40
v 2.87 -27.421 40
v 3.079 -27.089 40
v 3.363 -26.82 40
v 3.709 -26.625 40
v 4.094 -26.517 40
v 5.647 -26.23 40
v 6.043 -26.193 40
v 6.438 -26.252 40
v 6.8 -26.402 40
v 7.113 -26.638 40
v 7.351 -26.939 40
v 13.82 -24.266 40
v 7.439 -27.111 40
v 13.878 -24.449 40
v 7.504 -27.293 40
v 13.961 -24.623 40
v 8.231 -29.184 40
v 14.783 -26.478 40
v 9.321 -30.94 40
v 15.251 -28.49 40
v 10.713 -32.45 40
v 15.331 -30.541 40
v 13.237 -33.296 40
v 14.142 -32.922 40
v 12.322 -33.646 40
v 15.036 -32.523 40
v 13.775 -23.883 40
v 13.831 -23.495 40
v 13.981 -23.133 40
v 14.217 -22.814 40
v 14.525 -22.559 40
v 15.828 -21.665 40
v 16.175 -21.47 40
v 16.559 -21.364 40
v 16.951 -21.354 40
v 17.333 -21.442 40
v 17.673 -21.62 40
v 25.635 -25.034 40
v 26.428 -21.665 40
v 22.985 -25.287 40
v 25.52 -19.824 40
v 21.1 -24.474 40
v 24.274 -18.176 40
v 19.39 -23.313 40
v 22.769 -16.816 40
v 17.956 -21.881 40
v 22.623 -16.69 40
v 17.823 -21.741 40
v 22.495 -16.547 40
v 24.941 -25.725 40
v 26.31 -24.324 40
v 26.965 -23.596 40
v 22.298 -16.216 40
v 22.191 -15.838 40
v 22.182 -15.447 40
v 22.268 -15.059 40
v 22.445 -14.701 40
v 23.271 -13.355 40
v 23.509 -13.035 40
v 23.817 -12.782 40
v 24.171 -12.613 40
v 24.555 -12.538 40
v 24.939 -12.563 40
v 27.28 -5.967 40
v 25.125 -12.612 40
v 27.455 -6.046 40
v 25.304 -12.686 40
v 27.64 -6.101 40
v 27.196 -13.411 40
v 29.569 -6.732 40
v 29.23 -13.776 40
v 31.377 -7.73 40
v 31.283 -13.752 40
v 32.955 -9.043 40
v 33.601 -12.443 40
v 33.929 -11.52 40
v 33.248 -13.357 40
v 34.231 -10.588 40
v 26.966 -5.744 40
v 26.715 -5.443 40
v 26.547 -5.089 40
v 26.468 -4.7 40
v 26.484 -4.301 40
v 26.691 -2.735 40
v 26.779 -2.346 40
v 26.957 -1.99 40
v 27.212 -1.692 40
v 27.532 -1.467 40
v 23.991 2.291 40
v 27.893 -1.333 40
v 28.083 -1.303 40
v 27.541 5.644 40
v 28.276 -1.297 40
v 27.732 5.669 40
v 30.299 -1.19 40
v 29.75 5.877 40
v 32.306 -0.696 40
v 31.809 5.7 40
v 34.172 0.161 40
v 33.784 5.143 40
v 35.757 2.3 40
v 35.681 3.276 40
v 35.807 1.321 40
v 35.578 4.25 40
v 27.349 5.645 40
v 26.971 5.721 40
v 23.664 4.561 40
v 26.619 5.894 40
v 26.321 6.148 40
v 26.091 6.472 40
v 23.124 6.79 40
v 25.944 6.843 40
v 25.496 8.358 40
v 25.418 8.748 40
v 22.374 8.957 40
v 25.435 9.146 40
v 25.547 9.522 40
v 21.421 11.043 40
v 25.748 9.858 40
v 26.023 10.127 40
v 26.185 10.232 40
v 22.864 16.358 40
v 22.688 16.28 40
v 26.359 10.316 40
v 23.029 16.459 40
v 28.164 11.237 40
v 24.788 17.469 40
v 29.797 12.504 40
v 26.74 18.145 40
v 31.152 14.046 40
v 28.772 18.439 40
v 32.173 15.771 40
v 31.73 16.645 40
v 31.264 17.506 40
v 30.773 18.354 40
v 20.274 13.029 40
v 22.313 16.196 40
v 21.921 16.211 40
v 21.545 16.323 40
v 18.944 14.898 40
v 21.203 16.524 40
v 20.918 16.804 40
v 19.892 18.006 40
v 17.442 16.631 40
v 19.662 18.33 40
v 19.516 18.701 40
v 19.465 19.09 40
v 19.513 19.479 40
v 6.007 35.324 0
v 6.97 35.147 0
v 4.642 33.856 0
v 7.928 34.943 0
v 9.53 32.817 0
v 8.88 34.713 0
v 3.548 32.12 0
v 9.823 30.785 0
v 2.795 30.196 0
v 9.728 28.72 0
v 2.423 28.202 0
v 9.258 26.749 0
v 9.208 26.563 0
v 9.183 26.372 0
v 5.682 23.421 0
v 2.392 28.011 0
v 9.209 25.988 0
v 9.334 25.616 0
v 7.882 22.775 0
v 9.548 25.287 0
v 9.838 25.017 0
v 10.187 24.822 0
v 10.012 21.922 0
v 11.63 24.179 0
v 12.007 24.051 0
v 12.05 20.871 0
v 12.404 24.016 0
v 12.791 24.077 0
v 13.15 24.233 0
v 13.979 19.631 0
v 13.453 24.47 0
v 13.578 24.616 0
v 19.216 20.521 0
v 13.684 24.778 0
v 19.337 20.671 0
v 20.568 22.28 0
v 14.835 26.449 0
v 21.495 24.128 0
v 16.306 27.9 0
v 22.054 26.104 0
v 18.012 29.041 0
v 21.455 28.697 0
v 22.232 28.1 0
v 19.855 29.827 0
v 20.663 29.273 0
v 19.116 20.357 0
v 18.983 19.995 0
v 15.782 18.214 0
v 18.946 19.605 0
v 19.008 19.218 0
v 19.163 18.852 0
v 17.442 16.631 0
v 19.402 18.533 0
v 20.459 17.359 0
v 18.944 14.898 0
v 20.751 17.088 0
v 21.099 16.895 0
v 21.478 16.793 0
v 20.274 13.029 0
v 21.87 16.789 0
v 22.243 16.883 0
v 21.421 11.043 0
v 25.743 10.822 0
v 25.475 10.545 0
v 22.417 16.965 0
v 25.901 10.931 0
v 22.579 17.07 0
v 26.073 11.019 0
v 27.852 11.988 0
v 24.31 18.128 0
v 29.45 13.299 0
v 26.244 18.856 0
v 30.764 14.877 0
v 28.267 19.204 0
v 31.273 17.49 0
v 30.783 18.338 0
v 30.27 19.173 0
v 31.739 16.628 0
v 25.282 10.204 0
v 22.374 8.957 0
v 25.181 9.825 0
v 25.174 9.428 0
v 25.263 9.039 0
v 23.124 6.79 0
v 25.751 7.536 0
v 25.907 7.171 0
v 23.664 4.561 0
v 26.147 6.852 0
v 26.452 6.605 0
v 26.808 6.442 0
v 23.991 2.291 0
v 27.187 6.376 0
v 27.379 6.381 0
v 28.108 -0.549 0
v 27.57 6.411 0
v 28.301 -0.539 0
v 30.32 -0.377 0
v 29.582 6.673 0
v 32.313 0.17 0
v 31.644 6.551 0
v 34.156 1.078 0
v 33.634 6.047 0
v 35.683 3.258 0
v 35.758 2.281 0
v 35.451 5.203 0
v 35.58 4.232 0
v 27.919 -0.584 0
v 27.562 -0.728 0
v 27.247 -0.962 0
v 27 -1.267 0
v 26.833 -1.626 0
v 26.755 -2.018 0
v 26.59 -3.589 0
v 26.584 -3.987 0
v 26.673 -4.375 0
v 26.852 -4.725 0
v 27.11 -5.019 0
v 27.43 -5.233 0
v 27.607 -5.307 0
v 25.455 -11.934 0
v 27.794 -5.357 0
v 25.635 -12.003 0
v 27.546 -12.677 0
v 29.738 -5.936 0
v 29.589 -12.987 0
v 31.573 -6.886 0
v 31.641 -12.908 0
v 33.186 -8.156 0
v 33.923 -11.537 0
v 33.595 -12.46 0
v 34.503 -9.666 0
v 34.225 -10.606 0
v 25.268 -11.89 0
v 24.883 -11.875 0
v 24.5 -11.961 0
v 24.151 -12.139 0
v 23.851 -12.399 0
v 23.621 -12.726 0
v 22.831 -14.094 0
v 22.664 -14.455 0
v 22.588 -14.846 0
v 22.608 -15.238 0
v 22.725 -15.611 0
v 22.93 -15.937 0
v 18.247 -21.139 0
v 23.062 -16.077 0
v 18.4 -21.256 0
v 23.212 -16.199 0
v 18.537 -21.392 0
v 20.008 -22.785 0
v 24.753 -17.519 0
v 21.749 -23.9 0
v 26.043 -19.133 0
v 23.655 -24.661 0
v 26.999 -20.949 0
v 26.297 -24.337 0
v 25.622 -25.047 0
v 27.588 -22.864 0
v 26.953 -23.609 0
v 17.901 -20.969 0
v 17.517 -20.892 0
v 17.125 -20.913 0
v 16.746 -21.029 0
v 16.403 -21.233 0
v 15.125 -22.162 0
v 14.825 -22.423 0
v 14.597 -22.75 0
v 14.456 -23.116 0
v 14.411 -23.505 0
v 14.465 -23.886 0
v 8.072 -26.733 0
v 14.529 -24.067 0
v 8.164 -26.902 0
v 14.617 -24.24 0
v 8.233 -27.082 0
v 9.011 -28.953 0
v 15.488 -26.072 0
v 10.148 -30.679 0
v 16.009 -28.071 0
v 11.579 -32.151 0
v 16.145 -30.119 0
v 14.125 -32.929 0
v 13.22 -33.303 0
v 15.903 -32.108 0
v 15.02 -32.531 0
v 7.825 -26.437 0
v 7.505 -26.21 0
v 7.139 -26.07 0
v 6.745 -26.022 0
v 6.349 -26.069 0
v 4.803 -26.398 0
v 4.423 -26.515 0
v 4.081 -26.72 0
v 3.804 -26.997 0
v 3.605 -27.334 0
v 3.499 -27.704 0
v -3.499 -27.705 0
v 3.484 -27.896 0
v -3.484 -27.897 0
v 3.494 -28.089 0
v -3.494 -28.09 0
v -3.544 -30.115 0
v 3.544 -30.117 0
v -3.208 -32.154 0
v 3.208 -32.156 0
v -2.499 -34.081 0
v 2.498 -34.082 0
v -0.49 -35.828 0
v -1.469 -35.801 0
v 1.469 -35.801 0
v 0.49 -35.828 0
v -3.605 -27.334 0
v -3.805 -26.997 0
v -4.082 -26.72 0
v -4.422 -26.516 0
v -4.803 -26.398 0
v -6.349 -26.069 0
v -6.744 -26.022 0
v -7.139 -26.07 0
v -7.506 -26.211 0
v -7.825 -26.437 0
v -8.071 -26.732 0
v -8.164 -26.901 0
v -14.529 -24.068 0
v -14.466 -23.886 0
v -8.233 -27.082 0
v -14.617 -24.24 0
v -15.487 -26.07 0
v -9.012 -28.955 0
v -16.009 -28.069 0
v -10.149 -30.681 0
v -16.145 -30.118 0
v -11.58 -32.151 0
v -15.02 -32.531 0
v -14.125 -32.929 0
v -13.22 -33.303 0
v -15.903 -32.108 0
v -14.411 -23.505 0
v -14.456 -23.115 0
v -14.597 -22.75 0
v -14.824 -22.425 0
v -15.125 -22.162 0
v -16.403 -21.233 0
v -16.745 -21.029 0
v -17.126 -20.912 0
v -17.517 -20.892 0
v -17.901 -20.969 0
v -18.247 -21.138 0
v -18.4 -21.255 0
v -23.062 -16.078 0
v -18.537 -21.392 0
v -23.213 -16.199 0
v -24.751 -17.517 0
v -20.01 -22.786 0
v -26.042 -19.131 0
v -21.75 -23.9 0
v -26.999 -20.948 0
v -23.656 -24.662 0
v -26.953 -23.609 0
v -27.588 -22.864 0
v -25.622 -25.047 0
v -26.297 -24.337 0
v -22.93 -15.938 0
v -22.725 -15.611 0
v -22.608 -15.237 0
v -22.588 -14.846 0
v -22.664 -14.456 0
v -22.831 -14.094 0
v -23.621 -12.726 0
v -23.85 -12.4 0
v -24.151 -12.139 0
v -24.5 -11.961 0
v -24.883 -11.875 0
v -25.267 -11.889 0
v -25.454 -11.934 0
v -27.608 -5.307 0
v -25.635 -12.003 0
v -27.794 -5.357 0
v -29.736 -5.935 0
v -27.548 -12.677 0
v -31.572 -6.885 0
v -29.591 -12.987 0
v -33.185 -8.155 0
v -31.642 -12.908 0
v -27.43 -5.233 0
v -27.111 -5.019 0
v -26.851 -4.724 0
v -26.674 -4.375 0
v -26.584 -3.988 0
v -26.59 -3.589 0
v -26.755 -2.018 0
v -26.832 -1.627 0
v -27 -1.266 0
v -27.247 -0.961 0
v -27.561 -0.728 0
v -23.991 2.291 0
v -27.918 -0.584 0
v -28.107 -0.549 0
v -27.38 6.381 0
v -28.301 -0.539 0
v -27.571 6.411 0
v -29.579 6.673 0
v -30.323 -0.377 0
v -31.643 6.552 0
v -32.315 0.171 0
v -33.633 6.047 0
v -34.156 1.078 0
v -35.58 4.232 0
v -35.451 5.203 0
v -35.758 2.281 0
v -35.683 3.258 0
v -27.187 6.376 0
v -26.808 6.442 0
v -23.664 4.561 0
v -26.451 6.606 0
v -26.147 6.852 0
v -25.908 7.169 0
v -23.124 6.79 0
v -25.751 7.536 0
v -25.263 9.039 0
v -22.374 8.957 0
v -25.174 9.427 0
v -25.181 9.825 0
v -25.282 10.204 0
v -21.421 11.043 0
v -25.475 10.545 0
v -25.742 10.821 0
v -20.274 13.029 0
v -22.244 16.883 0
v -21.87 16.789 0
v -25.901 10.931 0
v -22.417 16.966 0
v -26.073 11.019 0
v -22.579 17.071 0
v -24.308 18.127 0
v -27.854 11.989 0
v -26.242 18.855 0
v -29.452 13.3 0
v -28.266 19.204 0
v -30.765 14.877 0
v -30.783 18.338 0
v -31.273 17.49 0
v -31.739 16.628 0
v -30.27 19.173 0
v -21.478 16.793 0
v -18.944 14.898 0
v -21.099 16.895 0
v -20.752 17.087 0
v -20.459 17.359 0
v -17.442 16.631 0
v -19.402 18.533 0
v -19.163 18.851 0
v -15.782 18.214 0
v -19.008 19.218 0
v -18.946 19.605 0
v -18.983 19.995 0
v -13.979 19.631 0
v -19.115 20.356 0
v -19.215 20.521 0
v -13.579 24.617 0
v -19.337 20.671 0
v -13.684 24.779 0
v -14.834 26.447 0
v -20.57 22.282 0
v -16.304 27.899 0
v -21.496 24.129 0
v -18.011 29.041 0
v -22.054 26.104 0
v -20.663 29.273 0
v -19.855 29.827 0
v -22.232 28.1 0
v -21.455 28.697 0
v -13.453 24.471 0
v -13.151 24.233 0
v -12.05 20.871 0
v -12.79 24.077 0
v -12.403 24.016 0
v -12.008 24.051 0
v -10.012 21.922 0
v -11.63 24.179 0
v -10.187 24.822 0
v -7.882 22.775 0
v -9.839 25.016 0
v -9.548 25.287 0
v -9.334 25.616 0
v -5.682 23.421 0
v -9.209 25.988 0
v -9.183 26.371 0
v -9.208 26.562 0
v -2.392 28.011 0
v -9.258 26.749 0
v -2.423 28.202 0
v -2.794 30.194 0
v -9.728 28.722 0
v -3.547 32.119 0
v -9.823 30.786 0
v -4.642 33.856 0
v -9.53 32.818 0
v -6.97 35.147 0
v -6.007 35.324 0
v -8.88 34.713 0
v -7.928 34.943 0
v -2.337 27.827 0
v -3.43 23.855 0
v -2.157 27.487 0
v -1.891 27.198 0
v -1.563 26.985 0
v -1.147 24.073 0
v -1.188 26.856 0
v -0.79 26.819 0
v 0.79 26.819 0
v 1.147 24.073 0
v 1.186 26.855 0
v 1.563 26.985 0
v 3.43 23.855 0
v 1.892 27.198 0
v 2.157 27.487 0
v 2.337 27.826 0
v 19.778 29.878 30
v 9.897 34.437 10
v 12.685 33.51 10
v 13.665 33.123 20
v 16.333 31.892 20
v 17.263 31.398 30
v 25.218 25.454 10
v 23.048 27.434 10
v 25.956 24.701 20
v 27.892 22.492 20
v 28.542 21.662 30
v 30.22 19.251 30
v 33.391 12.996 10
v 32.214 15.688 10
v 33.759 12.008 20
v 34.629 9.202 20
v 34.885 8.18 30
v 35.438 5.295 30
v 35.79 -1.709 10
v 35.81 1.229 10
v 35.724 -2.761 20
v 35.378 -5.678 20
v 35.196 -6.716 30
v 34.527 -9.577 30
v 32.001 -16.118 10
v 33.214 -13.443 10
v 31.513 -17.052 20
v 30.01 -19.577 20
v 29.421 -20.451 30
v 27.647 -22.792 30
v 22.678 -27.741 10
v 24.875 -25.79 10
v 21.853 -28.396 20
v 19.453 -30.09 20
v 18.56 -30.65 30
v 15.986 -32.067 30
v 9.435 -34.567 10
v 12.235 -33.678 10
v 8.414 -34.829 20
v 5.532 -35.401 20
v 4.489 -35.549 30
v 1.562 -35.797 30
v -5.441 -35.415 10
v -2.521 -35.742 10
v -6.48 -35.24 20
v -9.345 -34.591 20
v -10.358 -34.301 30
v -13.133 -33.337 30
v -19.375 -30.141 10
v -16.841 -31.627 10
v -20.253 -29.558 20
v -22.606 -27.799 20
v -23.414 -27.123 30
v -25.557 -25.113 30
v -29.959 -19.654 10
v -28.249 -22.043 10
v -30.524 -18.765 20
v -31.959 -16.201 20
v -32.422 -15.254 30
v -33.562 -12.547 30
v -35.764 2.189 30
v -34.653 9.113 10
v -35.283 6.243 10
v -34.37 10.128 20
v -33.425 12.909 20
v -33.03 13.887 30
v -31.782 16.546 30
v -27.95 22.419 10
v -29.693 20.054 10
v -27.279 23.232 20
v -25.284 25.388 20
v -24.527 26.121 30
v -22.304 28.042 30
v -16.415 31.85 10
v -18.969 30.398 10
v -15.471 32.319 20
v -12.772 33.477 20
v -11.782 33.839 30
v -8.97 34.69 30
v -2.042 35.773 10
v -4.965 35.485 10
v -0.989 35.817 20
v 1.949 35.778 20
v 3 35.705 30
v 5.915 35.339 30
v 11.63 24.179 37.593
v 10.187 24.822 37.593
v 9.675 25.026 30.465
v 8.055 25.593 30.006
v 9.04 25.262 28.195
v 7.348 25.805 27.538
v 6.765 25.964 20.231
v 5.09 26.344 19.771
v 6.349 26.069 18.796
v 4.946 26.371 19.28
v 3.766 26.565 9.994
v 2.059 26.752 9.534
v 3.589 26.59 9.398
v 2.018 26.755 9.398
v 1.1 26.808 1.037
v -0.234 26.83 1.857
v 6.723 33.505 30
v 7.187 31.505 30
v 7.266 29.439 30
v 7.154 27.387 30.621
v 7.106 27.399 30.464
v 3.942 28.03 20.229
v 3.948 30.065 20
v 3.87 28.04 19.999
v 0.726 28.296 9.993
v 0.58 30.317 10
v 0.448 28.302 9.112
v -1.694 28.254 2.316
v 0.046 32.314 10
v -0.849 34.162 10
v 2.955 34.045 20
v 3.639 32.108 20
v 8.378 33.13 10
v 7.097 31.526 10
v 6.135 29.698 10
v 2.605 28.186 0.579
v 5.401 27.786 9.537
v 5.544 27.757 9.999
v 8.528 26.991 19.775
v 9.4 28.832 20
v 8.596 26.969 20
v 11.544 25.845 30.008
v 12.547 27.608 30
v 11.765 25.745 30.778
v 13.89 29.178 30
v 15.493 30.459 30
v 12.01 31.993 20
v 10.559 30.542 20
v 2.356 27.471 0.648
v 1.809 26.97 0.815
v 4.487 26.655 9.771
v 5.081 27.099 9.604
v 8.133 26.345 19.842
v 7.492 25.971 20.008
v 10.398 24.95 30.243
v 11.078 25.248 30.076
v -0.938 27.014 2.08
v -1.469 27.532 2.246
v 0.889 27.557 9.922
v 4.019 27.277 20.158
v 7.098 26.642 30.394
v 7.443 25.985 30.228
v 4.437 26.664 19.992
v 1.373 26.995 9.756
v 0.79 26.819 37.593
v -0.79 26.819 37.593
v -1.34 26.797 30.465
v -3.051 26.657 30.006
v -2.017 26.755 28.195
v -3.783 26.563 27.538
v -4.381 26.471 20.231
v -6.065 26.137 19.771
v -4.803 26.398 18.796
v -6.208 26.103 19.28
v -7.365 25.8 9.994
v -9 25.276 9.534
v -7.536 25.751 9.398
v -9.038 25.263 9.398
v -9.899 24.938 1.037
v -11.127 24.415 1.857
v -7.486 33.342 30
v -6.249 31.704 30
v -5.336 29.85 30
v -4.603 27.929 30.621
v -4.652 27.921 30.464
v -7.8 27.21 20.229
v -8.622 29.071 20
v -7.869 27.19 19.999
v -10.846 26.145 9.993
v -11.801 27.932 10
v -11.102 26.038 9.112
v -13.039 25.123 2.316
v -13.101 29.539 10
v -14.67 30.863 10
v -11.147 32.303 20
v -9.735 30.813 20
v -5.821 33.674 10
v -6.339 31.688 10
v -6.474 29.626 10
v -9.085 26.808 0.579
v -6.368 27.58 9.537
v -6.225 27.613 9.999
v -3.187 28.126 19.775
v -3.14 30.162 20
v -3.117 28.134 20
v 0.034 28.306 30.008
v 0.234 30.324 30
v 0.277 28.304 30.778
v 0.821 32.305 30
v 1.765 34.128 30
v -2.041 34.112 20
v -2.776 32.196 20
v -10.187 24.822 37.593
v -11.63 24.18 37.593
v -12.124 23.936 30.465
v -13.63 23.111 30.006
v -12.725 23.622 28.195
v -14.26 22.728 27.538
v -14.769 22.401 20.231
v -16.172 21.41 19.771
v -15.125 22.162 18.796
v -16.288 21.321 19.28
v -17.222 20.574 9.994
v -18.503 19.431 9.534
v -17.358 20.46 9.398
v -18.532 19.402 9.398
v -19.187 18.756 1.037
v -20.095 17.779 1.857
v -20.4 27.415 30
v -18.603 26.422 30
v -17.015 25.099 30
v -15.565 23.642 30.621
v -15.606 23.615 30.464
v -18.193 21.685 20.229
v -19.701 23.051 20
v -18.248 21.638 19.999
v -20.542 19.474 9.993
v -22.142 20.717 10
v -20.733 19.271 9.112
v -22.13 17.647 2.316
v -23.983 21.657 10
v -25.955 22.228 10
v -23.322 24.977 20
v -21.426 24.189 20
v -19.014 28.395 10
v -18.68 26.37 10
v -17.965 24.431 10
v -19.203 20.796 0.579
v -17.035 22.606 9.537
v -16.918 22.693 9.999
v -14.351 24.398 19.775
v -15.136 26.277 20
v -14.29 24.434 20
v -11.482 25.872 30.008
v -12.121 27.798 30
v -11.26 25.97 30.778
v -12.39 29.846 30
v -12.269 31.895 30
v -15.739 30.333 20
v -15.631 28.283 20
v -19.402 18.533 37.593
v -20.459 17.359 37.593
v -20.811 16.935 30.465
v -21.851 15.569 30.006
v -21.232 16.404 28.195
v -22.271 14.963 27.538
v -22.603 14.457 20.231
v -23.482 12.981 19.771
v -22.831 14.094 18.796
v -23.552 12.853 19.28
v -24.102 11.791 9.994
v -24.806 10.225 9.534
v -24.179 11.63 9.398
v -24.822 10.187 9.398
v -25.157 9.33 1.037
v -25.589 8.068 1.857
v -29.787 16.747 30
v -27.742 16.571 30
v -25.753 16.008 30
v -23.835 15.267 30.621
v -23.862 15.225 30.464
v -25.44 12.411 20.229
v -27.373 13.045 20
v -25.472 12.346 19.999
v -26.687 9.435 9.993
v -28.654 9.92 10
v -26.779 9.172 9.112
v -27.395 7.12 2.316
v -30.718 10.03 10
v -32.752 9.75 10
v -31.465 13.331 20
v -29.412 13.383 20
v -28.92 18.206 10
v -27.79 16.492 10
v -26.349 15.012 10
v -26.001 11.187 0.579
v -24.757 13.723 9.537
v -24.686 13.85 9.999
v -23.034 16.451 19.775
v -24.516 17.849 20
v -22.993 16.509 20
v -21.012 18.965 30.008
v -22.379 20.464 30
v -20.849 19.145 30.778
v -23.458 22.226 30
v -24.181 24.147 30
v -26.716 21.309 20
v -25.784 19.48 20
v -25.263 9.039 37.593
v -25.751 7.537 37.593
v -25.9 7.007 30.465
v -26.295 5.336 30.006
v -26.069 6.35 28.195
v -26.432 4.61 27.538
v -26.529 4.014 20.231
v -26.732 2.308 19.771
v -26.59 3.589 18.796
v -26.744 2.162 19.28
v -26.813 0.968 9.994
v -26.82 -0.749 9.534
v -26.819 0.79 9.398
v -26.819 -0.789 9.398
v -26.777 -1.708 1.037
v -26.659 -3.038 1.857
v -34.024 3.184 30
v -32.083 3.854 30
v -30.037 4.149 30
v -27.984 4.252 30.621
v -27.992 4.203 30.464
v -28.288 0.99 20.229
v -30.313 0.784 20
v -28.291 0.918 19.999
v -28.217 -2.236 9.993
v -30.212 -2.592 10
v -28.194 -2.513 9.112
v -27.922 -4.638 2.316
v -32.142 -3.332 10
v -33.886 -4.415 10
v -34.167 -0.619 20
v -32.313 0.263 20
v -33.825 4.869 10
v -32.096 3.763 10
v -30.177 2.997 10
v -28.304 -0.356 0.579
v -28.198 2.467 9.537
v -28.185 2.612 9.999
v -27.734 5.66 19.775
v -29.656 6.334 20
v -27.72 5.73 20
v -26.91 8.779 30.008
v -28.768 9.593 30
v -26.834 9.01 30.778
v -30.47 10.764 30
v -31.912 12.225 30
v -33.073 8.6 20
v -31.478 7.309 20
v -26.755 -2.018 37.593
v -26.59 -3.589 37.593
v -26.511 -4.134 30.465
v -26.192 -5.821 30.006
v -26.398 -4.803 28.195
v -26.022 -6.539 27.538
v -25.868 -7.124 20.231
v -25.359 -8.764 19.771
v -25.751 -7.536 18.796
v -25.311 -8.902 19.28
v -24.889 -10.021 9.994
v -24.197 -11.593 9.534
v -24.822 -10.186 9.398
v -24.18 -11.629 9.398
v -23.767 -12.452 1.037
v -23.118 -13.618 1.857
v -32.377 -10.93 30
v -30.877 -9.528 30
v -29.128 -8.427 30
v -27.295 -7.498 30.621
v -27.281 -7.545 30.464
v -26.246 -10.601 20.229
v -28.011 -11.613 20
v -26.218 -10.668 19.999
v -24.869 -13.519 9.993
v -26.546 -14.656 10
v -24.735 -13.763 9.112
v -23.622 -15.594 2.316
v -28.008 -16.117 10
v -29.161 -17.816 10
v -30.961 -14.463 20
v -29.626 -12.903 20
v -32.881 -9.309 10
v -30.851 -9.617 10
v -28.787 -9.536 10
v -25.712 -11.837 0.579
v -26.763 -9.216 9.537
v -26.811 -9.078 9.999
v -27.639 -6.11 19.775
v -29.669 -6.275 20
v -27.654 -6.04 20
v -28.154 -2.925 30.008
v -30.183 -2.937 30
v -28.178 -2.683 30.778
v -32.214 -2.56 30
v -34.125 -1.812 30
v -33.712 -5.595 20
v -31.729 -6.126 20
v -23.621 -12.725 37.593
v -22.831 -14.094 37.593
v -22.537 -14.559 30.465
v -21.56 -15.971 30.006
v -22.162 -15.124 28.195
v -21.112 -16.558 27.538
v -20.734 -17.029 20.231
v -19.602 -18.321 19.771
v -20.459 -17.359 18.796
v -19.502 -18.428 19.28
v -18.661 -19.278 9.994
v -17.39 -20.432 9.534
v -18.533 -19.402 9.398
v -17.359 -20.459 9.398
v -16.647 -21.042 1.037
v -15.581 -21.844 1.857
v -25.132 -23.154 30
v -24.332 -21.263 30
v -23.183 -19.546 30
v -21.885 -17.951 30.621
v -21.854 -17.989 30.464
v -19.665 -20.36 20.229
v -20.865 -22.002 20
v -19.613 -20.41 19.999
v -17.22 -22.465 9.993
v -18.289 -24.186 10
v -16.998 -22.634 9.112
v -15.237 -23.854 2.316
v -19.031 -26.115 10
v -19.393 -28.136 10
v -22.402 -25.805 20
v -21.817 -23.837 20
v -26.252 -21.878 10
v -24.273 -21.334 10
v -22.42 -20.42 10
v -18.674 -21.272 0.579
v -20.701 -19.305 9.537
v -20.8 -19.198 9.999
v -22.764 -16.823 19.775
v -24.551 -17.8 20
v -22.806 -16.766 20
v -24.53 -14.123 30.008
v -26.378 -14.96 30
v -24.651 -13.913 30.778
v -28.387 -15.441 30
v -30.438 -15.535 30
v -28.522 -18.824 20
v -26.494 -18.502 20
v -16.403 -21.233 37.593
v -15.125 -22.162 37.593
v -14.667 -22.467 30.465
v -13.2 -23.359 30.006
v -14.094 -22.831 28.195
v -12.553 -23.713 27.538
v -12.015 -23.99 20.231
v -10.456 -24.71 19.771
v -11.63 -24.179 18.796
v -10.321 -24.767 19.28
v -9.207 -25.202 9.994
v -7.576 -25.739 9.534
v -9.039 -25.262 9.398
v -7.537 -25.751 9.398
v -6.65 -25.994 1.037
v -5.349 -26.292 1.857
v -13.542 -31.375 30
v -13.58 -29.322 30
v -13.228 -27.285 30
v -12.692 -25.301 30.621
v -12.648 -25.323 30.464
v -9.683 -26.598 20.229
v -10.112 -28.587 20
v -9.615 -26.623 19.999
v -6.593 -27.527 9.993
v -6.871 -29.534 10
v -6.323 -27.591 9.112
v -4.218 -27.989 2.316
v -6.764 -31.598 10
v -6.273 -33.592 10
v -9.969 -32.686 20
v -10.235 -30.65 20
v -15.083 -30.664 10
v -13.497 -29.362 10
v -12.176 -27.773 10
v -8.408 -27.028 0.579
v -11.06 -26.056 9.537
v -11.194 -25.998 9.999
v -13.953 -24.628 19.775
v -15.189 -26.247 20
v -14.015 -24.593 20
v -16.665 -22.88 30.008
v -18.013 -24.396 30
v -16.861 -22.736 30.778
v -19.653 -25.653 30
v -21.488 -26.572 30
v -18.4 -28.797 20
v -16.678 -27.679 20
v -6.349 -26.069 37.593
v -4.804 -26.398 37.593
v -4.261 -26.49 30.465
v -2.558 -26.709 30.006
v -3.59 -26.59 28.195
v -1.822 -26.769 27.538
v -1.219 -26.803 20.231
v 0.499 -26.826 19.771
v -0.79 -26.819 18.796
v 0.645 -26.823 19.28
v 1.84 -26.768 9.994
v 3.548 -26.595 9.534
v 2.017 -26.755 9.398
v 3.588 -26.59 9.398
v 4.498 -26.451 1.037
v 5.808 -26.195 1.857
v 0.39 -34.17 30
v -0.48 -32.31 30
v -0.987 -30.307 30
v -1.304 -28.276 30.621
v -1.254 -28.278 30.464
v 1.972 -28.237 20.229
v 2.389 -30.228 20
v 2.044 -28.232 19.999
v 5.173 -27.829 9.993
v 5.736 -29.775 10
v 5.446 -27.777 9.112
v 7.531 -27.285 2.316
v 6.673 -31.617 10
v 7.933 -33.239 10
v 4.187 -33.915 20
v 3.116 -32.163 20
v -1.307 -34.148 10
v -0.388 -32.313 10
v 0.173 -30.325 10
v 3.312 -28.111 0.579
v 0.494 -28.301 9.537
v 0.348 -28.304 9.999
v -2.73 -28.174 19.775
v -3.2 -30.156 20
v -2.801 -28.167 20
v -5.918 -27.68 30.008
v -6.533 -29.613 30
v -6.155 -27.628 30.778
v -7.52 -31.428 30
v -8.822 -33.015 30
v -5.096 -33.791 20
v -3.978 -32.07 20
v 4.803 -26.398 37.593
v 6.349 -26.069 37.593
v 6.882 -25.933 30.465
v 8.527 -25.44 30.006
v 7.536 -25.751 28.195
v 9.223 -25.196 27.538
v 9.789 -24.982 20.231
v 11.367 -24.304 19.771
v 10.187 -24.822 18.796
v 11.499 -24.242 19.28
v 12.568 -23.705 9.994
v 14.059 -22.853 9.534
v 12.725 -23.621 9.398
v 14.093 -22.832 9.398
v 14.868 -22.335 1.037
v 15.96 -21.568 1.857
v 14.255 -31.057 30
v 12.704 -29.712 30
v 11.425 -28.088 30
v 10.31 -26.361 30.621
v 10.356 -26.343 30.464
v 13.287 -24.994 20.229
v 14.478 -26.643 20
v 13.35 -24.96 19.999
v 16.045 -23.319 9.993
v 17.351 -24.868 10
v 16.273 -23.16 9.112
v 17.978 -21.863 2.316
v 18.956 -26.17 10
v 20.766 -27.139 10
v 17.62 -29.28 20
v 15.929 -28.115 20
v 12.695 -31.728 10
v 12.789 -29.677 10
v 12.492 -27.632 10
v 14.46 -24.334 0.579
v 11.963 -25.654 9.537
v 11.83 -25.715 9.999
v 8.965 -26.848 19.775
v 9.342 -28.85 20
v 8.898 -26.871 20
v 5.852 -27.694 30.008
v 6.076 -29.71 30
v 5.614 -27.743 30.778
v 5.913 -31.77 30
v 5.369 -33.749 30
v 9.089 -32.942 20
v 9.409 -30.915 20
v 15.125 -22.162 37.593
v 16.403 -21.233 37.593
v 16.835 -20.892 30.465
v 18.137 -19.772 30.006
v 17.358 -20.46 28.195
v 18.674 -19.266 27.538
v 19.103 -18.841 20.231
v 20.27 -17.58 19.771
v 19.402 -18.533 18.796
v 20.365 -17.469 19.28
v 21.123 -16.544 9.994
v 22.138 -15.159 9.534
v 21.233 -16.403 9.398
v 22.161 -15.125 9.398
v 22.667 -14.357 1.037
v 23.353 -13.212 1.857
v 25.655 -22.574 30
v 23.69 -21.976 30
v 21.862 -21.013 30
v 20.14 -19.889 30.621
v 20.175 -19.854 30.464
v 22.304 -17.429 20.229
v 24.063 -18.451 20
v 22.348 -17.372 19.999
v 24.142 -14.777 9.993
v 25.965 -15.661 10
v 24.286 -14.539 9.112
v 25.316 -12.66 2.316
v 27.961 -16.197 10
v 30.009 -16.346 10
v 28.006 -19.582 20
v 25.987 -19.206 20
v 24.503 -23.821 10
v 23.754 -21.91 10
v 22.652 -20.162 10
v 23.107 -16.349 0.579
v 21.363 -18.57 9.537
v 21.267 -18.68 9.999
v 19.11 -20.881 19.775
v 20.269 -22.556 20
v 19.058 -20.929 20
v 16.61 -22.92 30.008
v 17.635 -24.67 30
v 16.413 -23.061 30.778
v 18.324 -26.618 30
v 18.632 -28.647 30
v 21.702 -26.398 20
v 21.17 -24.415 20
v 22.831 -14.094 37.593
v 23.621 -12.726 37.593
v 23.877 -12.238 30.465
v 24.611 -10.686 30.006
v 24.179 -11.631 28.195
v 24.896 -10.005 27.538
v 25.115 -9.442 20.231
v 25.668 -7.816 19.771
v 25.263 -9.039 18.796
v 25.71 -7.675 19.28
v 26.026 -6.522 9.994
v 26.39 -4.844 9.534
v 26.069 -6.349 9.398
v 26.397 -4.804 9.398
v 26.547 -3.896 1.037
v 26.708 -2.571 1.857
v 32.618 -10.188 30
v 30.581 -10.441 30
v 28.518 -10.304 30
v 26.489 -9.978 30.621
v 26.506 -9.931 30.464
v 27.464 -6.85 20.229
v 29.487 -7.069 20
v 27.482 -6.78 19.999
v 28.066 -3.68 9.993
v 30.09 -3.746 10
v 28.1 -3.404 9.112
v 28.277 -1.269 2.316
v 32.132 -3.424 10
v 34.064 -2.727 10
v 33.549 -6.498 20
v 31.552 -6.975 20
v 32.073 -11.795 10
v 30.612 -10.354 10
v 28.894 -9.206 10
v 27.759 -5.537 0.579
v 27.069 -8.276 9.537
v 27.026 -8.415 9.999
v 25.951 -11.303 19.775
v 27.691 -12.362 20
v 25.923 -11.368 20
v 24.496 -14.182 30.008
v 26.145 -15.364 30
v 24.374 -14.392 30.778
v 27.566 -16.864 30
v 28.673 -18.592 30
v 30.563 -15.289 20
v 29.271 -13.694 20
v 26.59 -3.589 37.593
v 26.755 -2.018 37.593
v 26.791 -1.469 30.465
v 26.83 0.248 30.006
v 26.819 -0.791 28.195
v 26.813 0.986 27.538
v 26.784 1.59 20.231
v 26.627 3.3 19.771
v 26.755 2.018 18.796
v 26.609 3.445 19.28
v 26.429 4.628 9.994
v 26.079 6.309 9.534
v 26.398 4.803 9.398
v 26.069 6.348 9.398
v 25.836 7.238 1.037
v 25.444 8.514 1.857
v 33.942 3.96 30
v 32.183 2.9 30
v 30.244 2.186 30
v 28.257 1.659 30.621
v 28.254 1.708 30.464
v 27.876 4.913 20.229
v 29.813 5.536 20
v 27.864 4.984 19.999
v 27.136 8.053 9.993
v 29.013 8.817 10
v 27.056 8.32 9.112
v 26.348 10.342 2.316
v 30.747 9.942 10
v 32.228 11.364 10
v 33.292 7.71 20
v 31.661 6.461 20
v 34.098 2.27 10
v 32.177 2.992 10
v 30.14 3.342 10
v 27.611 6.233 0.579
v 28.095 3.45 9.537
v 28.112 3.305 9.999
v 28.305 0.23 19.775
v 30.325 -0.03 20
v 28.305 0.159 20
v 28.147 -2.993 30.008
v 30.134 -3.402 30
v 28.12 -3.234 30.778
v 32.042 -4.193 30
v 33.756 -5.323 30
v 34.139 -1.536 20
v 32.31 -0.604 20
v 25.751 7.536 37.593
v 25.263 9.039 37.593
v 25.072 9.555 30.465
v 24.409 11.139 30.006
v 24.822 10.186 28.195
v 24.094 11.806 27.538
v 23.822 12.346 20.231
v 22.983 13.845 19.771
v 23.621 12.726 18.796
v 22.907 13.97 19.28
v 22.262 14.977 9.994
v 21.258 16.37 9.534
v 22.162 15.125 9.398
v 21.233 16.403 9.398
v 20.658 17.121 1.037
v 19.782 18.127 1.857
v 29.397 17.423 30
v 28.221 15.74 30
v 26.74 14.299 30
v 25.139 13.009 30.621
v 25.116 13.053 30.464
v 23.468 15.826 20.229
v 24.984 17.183 20
v 23.427 15.886 19.999
v 21.514 18.394 9.993
v 22.918 19.855 10
v 21.333 18.605 9.112
v 19.864 20.165 2.316
v 24.045 21.588 10
v 24.82 23.489 10
v 27.278 20.584 20
v 26.296 18.78 20
v 30.227 15.942 10
v 28.178 15.821 10
v 26.175 15.312 10
v 22.689 16.924 0.579
v 24.263 14.579 9.537
v 24.337 14.454 9.999
v 25.764 11.723 19.775
v 27.716 12.307 20
v 25.794 11.658 20
v 26.931 8.715 30.008
v 28.912 9.149 30
v 27.005 8.483 30.778
v 30.978 9.202 30
v 33.003 8.867 30
v 31.812 12.482 20
v 29.762 12.589 20
v 20.459 17.358 37.593
v 19.402 18.533 37.593
v 19.018 18.927 30.465
v 17.768 20.104 30.006
v 18.533 19.402 28.195
v 17.209 20.585 27.538
v 16.74 20.968 20.231
v 15.365 21.996 19.771
v 16.403 21.233 18.796
v 15.244 22.08 19.28
v 14.245 22.737 9.994
v 12.762 23.602 9.534
v 14.094 22.831 9.398
v 12.726 23.621 9.398
v 11.909 24.043 1.037
v 10.699 24.606 1.857
v 19.769 27.874 30
v 19.38 25.858 30
v 18.612 23.939 30
v 17.675 22.109 30.621
v 17.636 22.14 30.464
v 15.002 24.003 20.229
v 15.835 25.86 20
v 14.94 24.042 19.999
v 12.173 25.555 9.993
v 12.861 27.46 10
v 11.921 25.673 9.112
v 9.945 26.501 2.316
v 13.185 29.501 10
v 13.12 31.554 10
v 16.547 29.899 20
v 16.384 27.852 20
v 21.129 26.858 10
v 19.307 25.914 10
v 17.684 24.635 10
v 13.844 24.689 0.579
v 16.235 23.187 9.537
v 16.355 23.103 9.999
v 18.769 21.188 19.775
v 20.314 22.516 20
v 18.822 21.141 20
v 21.058 18.915 30.008
v 22.692 20.117 30
v 21.219 18.734 30.778
v 24.557 21.006 30
v 26.543 21.524 30
v 23.985 24.342 20
v 22.069 23.606 20
v -9.021 26.054 0.648
v -9.317 25.374 0.815
v -6.743 26.176 9.771
v -6.38 26.823 9.604
v -3.286 27.375 19.842
v -3.72 26.773 20.008
v -0.649 27.023 30.243
v -0.149 27.571 30.076
v -11.844 24.297 2.08
v -12.54 24.555 2.246
v -10.397 25.536 9.922
v -7.423 26.553 20.158
v -4.352 27.226 30.394
v -3.77 26.766 30.228
v -6.792 26.163 19.992
v -9.726 25.22 9.756
v -18.838 20.132 0.648
v -18.832 19.391 0.815
v -16.807 21.17 9.771
v -16.739 21.909 9.604
v -14.136 23.672 19.842
v -14.288 22.946 20.008
v -11.584 24.422 30.243
v -11.351 25.127 30.076
v -20.703 17.379 2.08
v -21.443 17.331 2.246
v -19.884 19.1 9.922
v -17.581 21.239 20.158
v -15.05 23.101 30.394
v -14.331 22.919 30.228
v -16.846 21.139 19.992
v -19.143 19.084 9.756
v -25.398 10.73 0.648
v -25.091 10.054 0.815
v -23.964 12.504 9.771
v -24.203 13.207 9.604
v -22.542 15.876 19.842
v -22.385 15.151 20.008
v -20.516 17.599 30.243
v -20.589 18.338 30.076
v -25.982 7.456 2.08
v -26.639 7.111 2.246
v -25.934 9.361 9.922
v -24.7 12.251 20.158
v -23.145 14.983 30.394
v -22.414 15.108 30.228
v -23.988 12.459 19.992
v -25.25 9.648 9.756
v -27.566 -0.528 0.648
v -27.011 -1.02 0.815
v -26.978 1.676 9.771
v -27.482 2.221 9.604
v -27.05 5.334 19.842
v -26.612 4.736 20.008
v -25.9 7.733 30.243
v -26.268 8.378 30.076
v -26.768 -3.757 2.08
v -27.228 -4.339 2.246
v -27.499 -1.997 9.922
v -27.548 1.146 20.158
v -27.238 4.274 30.394
v -26.621 4.686 30.228
v -26.981 1.625 19.992
v -26.991 -1.456 9.756
v -24.968 -11.695 0.648
v -24.261 -11.918 0.815
v -25.328 -9.442 9.771
v -26.009 -9.149 9.604
v -26.882 -6.129 19.842
v -26.238 -6.498 20.008
v -26.807 -3.47 30.243
v -27.404 -3.03 30.076
v -22.926 -14.319 2.08
v -23.109 -15.038 2.246
v -24.309 -13.009 9.922
v -25.632 -10.158 20.158
v -26.621 -7.174 30.394
v -26.225 -6.547 30.228
v -25.31 -9.49 19.992
v -24.065 -12.309 9.756
v -18.053 -20.839 0.648
v -17.316 -20.756 0.815
v -19.297 -18.927 9.771
v -20.039 -18.937 9.604
v -22.065 -16.533 19.842
v -21.327 -16.608 20.008
v -23.078 -14.073 30.243
v -23.803 -13.915 30.076
v -15.12 -22.406 2.08
v -14.995 -23.137 2.246
v -16.917 -21.772 9.922
v -19.284 -19.705 20.158
v -21.402 -17.382 30.394
v -21.295 -16.648 30.228
v -19.262 -18.964 19.992
v -16.978 -21.033 9.756
v -8.016 -26.38 0.648
v -7.377 -26.004 0.815
v -9.931 -25.14 9.771
v -10.604 -25.451 9.604
v -13.432 -24.078 19.842
v -12.728 -23.846 20.008
v -15.359 -22.243 30.243
v -16.085 -22.393 30.076
v -4.699 -26.619 2.08
v -4.288 -27.236 2.246
v -6.599 -26.77 9.922
v -9.602 -25.845 20.158
v -12.482 -24.584 30.394
v -12.683 -23.87 30.228
v -9.883 -25.159 19.992
v -6.956 -26.12 9.756
v 3.407 -27.36 0.648
v 3.838 -26.756 0.815
v 1.153 -27.006 9.771
v 0.664 -27.563 9.604
v -2.478 -27.46 19.842
v -1.928 -26.961 20.008
v -4.984 -26.567 30.243
v -5.586 -27 30.076
v 6.534 -26.229 2.08
v 7.161 -26.625 2.246
v 4.86 -27.14 9.922
v 1.74 -27.516 20.158
v -1.403 -27.535 30.394
v -1.877 -26.965 30.228
v 1.204 -27.004 19.992
v 4.269 -26.691 9.756
v 14.241 -23.609 0.648
v 14.389 -22.882 0.815
v 12.038 -24.202 9.771
v 11.818 -24.91 9.604
v 8.905 -26.094 19.842
v 9.205 -25.415 20.008
v 6.253 -26.297 30.243
v 5.878 -26.937 30.076
v 16.637 -21.304 2.08
v 17.371 -21.411 2.246
v 15.479 -22.816 9.922
v 12.781 -24.43 20.158
v 9.918 -25.726 30.394
v 9.253 -25.397 30.228
v 12.083 -24.179 19.992
v 14.757 -22.647 9.756
v 22.612 -15.776 0.648
v 22.452 -15.051 0.815
v 20.841 -17.213 9.771
v 20.928 -17.95 9.604
v 18.749 -20.216 19.842
v 18.746 -19.474 20.008
v 16.408 -21.48 30.243
v 16.327 -22.218 30.076
v 23.864 -12.695 2.08
v 24.578 -12.494 2.246
v 23.421 -14.548 9.922
v 21.613 -17.119 20.158
v 19.524 -19.468 30.394
v 18.783 -19.438 30.228
v 20.873 -17.174 19.992
v 22.692 -14.687 9.756
v 27.074 -5.215 0.648
v 26.633 -4.618 0.815
v 26.04 -7.248 9.771
v 26.42 -7.886 9.604
v 25.35 -10.842 19.842
v 25.046 -10.165 20.008
v 23.727 -12.949 30.243
v 23.952 -13.656 30.076
v 26.964 -1.891 2.08
v 27.535 -1.417 2.246
v 27.313 -3.764 9.922
v 26.707 -6.848 20.158
v 25.754 -9.844 30.394
v 25.065 -10.118 30.228
v 26.054 -7.199 19.992
v 26.704 -4.187 9.756
v 26.854 6.248 0.648
v 26.209 6.614 0.815
v 26.737 3.97 9.771
v 27.343 3.542 9.604
v 27.568 0.406 19.842
v 27.015 0.901 20.008
v 26.942 -2.179 30.243
v 27.436 -2.733 30.076
v 25.402 9.24 2.08
v 25.731 9.905 2.246
v 26.483 7.671 9.922
v 27.184 4.607 20.158
v 27.531 1.483 30.394
v 27.013 0.952 30.228
v 26.73 4.02 19.992
v 26.099 7.036 9.756
v 21.991 16.63 0.648
v 21.253 16.702 0.815
v 22.811 14.502 9.771
v 23.539 14.357 9.604
v 25.02 11.584 19.842
v 24.313 11.811 20.008
v 25.499 8.968 30.243
v 26.175 8.662 30.076
v 19.448 18.773 2.08
v 19.478 19.514 2.246
v 21.073 17.779 9.922
v 22.96 15.265 20.158
v 24.548 12.552 30.394
v 24.291 11.857 30.228
v 22.784 14.544 19.992
v 20.98 17.043 9.756
v 13.326 24.137 0.648
v 12.622 23.902 0.815
v 14.941 22.526 9.771
v 15.664 22.69 9.604
v 18.145 20.759 19.842
v 17.408 20.679 20.008
v 19.647 18.564 30.243
v 20.389 18.56 30.076
v 10.131 25.06 2.08
v 9.857 25.749 2.246
v 12.02 24.813 9.922
v 14.766 23.284 20.158
v 17.32 21.452 30.394
v 17.368 20.712 30.228
v 14.898 22.554 19.992
v 12.234 24.103 9.756
v 23.493 -4.392 -5
v 22.286 -8.634 -5
v 20.32 -12.582 -5
v 17.662 -16.101 -5
v 14.403 -19.073 -5
v 10.653 -21.394 -5
v 6.541 -22.988 -5
v 2.205 -23.798 -5
v -2.205 -23.798 -5
v -6.541 -22.988 -5
v -10.653 -21.394 -5
v -14.403 -19.073 -5
v -17.662 -16.101 -5
v -20.32 -12.582 -5
v -22.286 -8.634 -5
v -23.493 -4.392 -5
v -5 20.8 -5
v 5 20.8 -5
v 8.466 15.43 -5
v 11.547 13.282 -5
v 14.102 10.53 -5
v 16.016 7.298 -5
v 17.199 3.734 -5
v 5 16.875 -5
v 23.591 -4.41 -4.9
v 22.379 -8.67 -4.9
v 20.405 -12.634 -4.9
v 17.736 -16.169 -4.9
v 14.463 -19.152 -4.9
v 10.698 -21.484 -4.9
v 6.568 -23.084 -4.9
v 2.214 -23.898 -4.9
v -2.214 -23.898 -4.9
v -6.568 -23.084 -4.9
v -10.698 -21.484 -4.9
v -14.463 -19.152 -4.9
v -17.736 -16.169 -4.9
v -20.405 -12.634 -4.9
v -22.379 -8.67 -4.9
v -23.591 -4.41 -4.9
v 23.891 -2.281 44.859
v 23.028 -6.762 44.859
v 21.332 -10.997 44.859
v 18.865 -14.836 44.859
v 15.717 -18.138 44.859
v 12 -20.785 44.859
v 7.85 -22.68 44.859
v 3.416 -23.756 44.859
v -1.142 -23.973 44.859
v -5.658 -23.323 44.859
v -9.97 -21.831 44.859
v -13.921 -19.55 44.859
v -17.37 -16.562 44.859
v -20.19 -12.975 44.859
v -22.281 -8.92 44.859
v -23.028 -6.762 44.859
v -23.566 -4.542 44.859
v -23.891 -2.281 44.859
v -23.493 -4.392 45
v -22.286 -8.634 45
v -20.32 -12.582 45
v -17.662 -16.101 45
v -14.403 -19.073 45
v -10.653 -21.394 45
v -6.541 -22.988 45
v -2.205 -23.798 45
v 2.205 -23.798 45
v 6.541 -22.988 45
v 10.653 -21.394 45
v 14.403 -19.073 45
v 17.662 -16.101 45
v 20.32 -12.582 45
v 22.286 -8.634 45
v 23.493 -4.392 45
v 5 20.8 45
v -5 20.8 45
v -8.466 15.43 45
v -11.547 13.282 45
v -14.102 10.53 45
v -16.016 7.298 45
v -17.199 3.734 45
v -5 16.875 45
v -17.103 3.708 44.9
v -15.929 7.248 44.9
v -14.031 10.458 44.9
v -11.497 13.194 44.9
v -8.44 15.33 44.9
v -5 16.771 44.9
v 23.862 -2.279 44.929
v 23 -6.753 44.929
v 21.306 -10.984 44.929
v 18.842 -14.818 44.929
v 15.697 -18.116 44.929
v 11.985 -20.759 44.929
v 7.84 -22.652 44.929
v 3.411 -23.727 44.929
v -1.141 -23.944 44.929
v -5.651 -23.295 44.929
v -9.958 -21.805 44.929
v -13.904 -19.526 44.929
v -17.348 -16.542 44.929
v -20.165 -12.96 44.929
v -22.254 -8.909 44.929
v -23 -6.753 44.929
v -23.538 -4.536 44.929
v -23.862 -2.279 44.929
v -23.982 2.29 40
v -23.655 4.559 40
v -23.115 6.787 40
v -22.365 8.954 40
v -21.413 11.039 40
v -20.266 13.024 40
v -18.937 14.892 40
v -17.435 16.625 40
v -15.776 18.207 40
v -13.974 19.624 40
v -12.045 20.863 40
v -10.008 21.914 40
v -7.879 22.766 40
v -5.68 23.412 40
v -3.428 23.846 40
v -1.146 24.063 40
v 1.146 24.063 40
v 3.428 23.846 40
v 5.68 23.412 40
v 7.879 22.766 40
v 10.008 21.914 40
v 12.045 20.863 40
v 13.974 19.624 40
v 15.776 18.207 40
v 17.435 16.625 40
v 18.937 14.892 40
v 20.266 13.024 40
v 21.413 11.039 40
v 22.365 8.954 40
v 23.115 6.787 40
v 23.655 4.559 40
v 23.982 2.29 40
v -23.947 2.287 40.01
v -23.621 4.553 40.01
v -23.081 6.777 40.01
v -22.332 8.94 40.01
v -21.381 11.023 40.01
v -20.237 13.005 40.01
v -18.909 14.87 40.01
v -17.41 16.6 40.01
v -15.753 18.18 40.01
v -13.954 19.595 40.01
v -12.028 20.833 40.01
v -9.993 21.882 40.01
v -7.868 22.732 40.01
v -5.671 23.377 40.01
v -3.423 23.811 40.01
v -1.145 24.028 40.01
v 1.145 24.028 40.01
v 3.423 23.811 40.01
v 5.671 23.377 40.01
v 7.868 22.732 40.01
v 9.993 21.882 40.01
v 12.028 20.833 40.01
v 13.954 19.595 40.01
v 15.753 18.18 40.01
v 17.41 16.6 40.01
v 18.909 14.87 40.01
v 20.237 13.005 40.01
v 21.381 11.023 40.01
v 22.332 8.94 40.01
v 23.081 6.777 40.01
v 23.621 4.553 40.01
v 23.947 2.287 40.01
v -23.917 2.284 40.033
v -23.898 2.282 40.064
v -23.573 4.543 40.064
v -23.034 6.763 40.064
v -22.287 8.922 40.064
v -21.338 11.001 40.064
v -20.196 12.979 40.064
v -18.871 14.84 40.064
v -17.375 16.567 40.064
v -15.721 18.143 40.064
v -13.925 19.555 40.064
v -12.003 20.79 40.064
v -9.973 21.837 40.064
v -7.852 22.686 40.064
v -5.66 23.33 40.064
v -3.417 23.762 40.064
v -1.142 23.98 40.064
v 1.142 23.98 40.064
v 3.417 23.762 40.064
v 5.66 23.33 40.064
v 7.852 22.686 40.064
v 9.973 21.837 40.064
v 12.003 20.79 40.064
v 13.925 19.555 40.064
v 15.721 18.143 40.064
v 17.375 16.567 40.064
v 18.871 14.84 40.064
v 20.196 12.979 40.064
v 21.338 11.001 40.064
v 22.287 8.922 40.064
v 23.034 6.763 40.064
v 23.573 4.543 40.064
v 23.898 2.282 40.064
v 23.917 2.284 40.033
v -23.592 4.547 40.033
v -23.053 6.769 40.033
v -22.305 8.93 40.033
v -21.355 11.009 40.033
v -20.212 12.989 40.033
v -18.886 14.852 40.033
v -17.389 16.58 40.033
v -15.734 18.158 40.033
v -13.937 19.571 40.033
v -12.013 20.807 40.033
v -9.981 21.855 40.033
v -7.858 22.705 40.033
v -5.664 23.349 40.033
v -3.419 23.782 40.033
v -1.143 23.999 40.033
v 1.143 23.999 40.033
v 3.419 23.782 40.033
v 5.664 23.349 40.033
v 7.858 22.705 40.033
v 9.981 21.855 40.033
v 12.013 20.807 40.033
v 13.937 19.571 40.033
v 15.734 18.158 40.033
v 17.389 16.58 40.033
v 18.886 14.852 40.033
v 20.212 12.989 40.033
v 21.355 11.009 40.033
v 22.305 8.93 40.033
v 23.053 6.769 40.033
v 23.592 4.547 40.033
v -23.876 -2.28 44.911
v -23.552 -4.539 44.911
v -23.013 -6.757 44.911
v -22.267 -8.914 44.911
v -20.177 -12.967 44.911
v -17.359 -16.552 44.911
v -13.913 -19.538 44.911
v -9.964 -21.818 44.911
v -5.655 -23.309 44.911
v -1.141 -23.958 44.911
v 3.413 -23.741 44.911
v 7.845 -22.666 44.911
v 11.993 -20.772 44.911
v 15.707 -18.127 44.911
v 18.854 -14.827 44.911
v 21.319 -10.991 44.911
v 23.013 -6.757 44.911
v 23.876 -2.28 44.911
v -23.89 -2.281 44.877
v -23.565 -4.542 44.877
v -23.026 -6.761 44.877
v -22.279 -8.919 44.877
v -20.189 -12.974 44.877
v -17.368 -16.561 44.877
v -13.92 -19.548 44.877
v -9.969 -21.83 44.877
v -5.658 -23.322 44.877
v -1.142 -23.971 44.877
v 3.415 -23.754 44.877
v 7.849 -22.678 44.877
v 11.999 -20.783 44.877
v 15.716 -18.137 44.877
v 18.864 -14.835 44.877
v 21.331 -10.997 44.877
v 23.026 -6.761 44.877
v 23.89 -2.281 44.877
v -23.898 2.282 -0.064
v -23.573 4.543 -0.064
v -23.034 6.763 -0.064
v -22.287 8.922 -0.064
v -21.338 11.001 -0.064
v -20.196 12.979 -0.064
v -18.871 14.84 -0.064
v -17.375 16.567 -0.064
v -15.721 18.143 -0.064
v -13.925 19.555 -0.064
v -12.003 20.79 -0.064
v -9.973 21.837 -0.064
v -7.852 22.686 -0.064
v -5.66 23.33 -0.064
v -3.417 23.762 -0.064
v -1.142 23.98 -0.064
v 1.142 23.98 -0.064
v 3.417 23.762 -0.064
v 5.66 23.33 -0.064
v 7.852 22.686 -0.064
v 9.973 21.837 -0.064
v 12.003 20.79 -0.064
v 13.925 19.555 -0.064
v 15.721 18.143 -0.064
v 17.375 16.567 -0.064
v 18.871 14.84 -0.064
v 20.196 12.979 -0.064
v 21.338 11.001 -0.064
v 22.287 8.922 -0.064
v 23.034 6.763 -0.064
v 23.573 4.543 -0.064
v 23.898 2.282 -0.064
v -23.917 2.284 -0.033
v -23.947 2.287 -0.01
v -23.982 2.29 0
v -23.655 4.559 0
v -23.621 4.553 -0.01
v -23.081 6.777 -0.01
v -23.053 6.769 -0.033
v -22.305 8.93 -0.033
v -23.115 6.787 0
v -22.332 8.94 -0.01
v -21.355 11.009 -0.033
v -22.365 8.954 0
v -21.381 11.023 -0.01
v -20.212 12.989 -0.033
v -21.413 11.039 0
v -20.237 13.005 -0.01
v -18.886 14.852 -0.033
v -20.266 13.024 0
v -18.909 14.87 -0.01
v -17.389 16.58 -0.033
v -18.937 14.892 0
v -17.41 16.6 -0.01
v -15.734 18.158 -0.033
v -17.435 16.625 0
v -15.753 18.18 -0.01
v -13.937 19.571 -0.033
v -15.776 18.207 0
v -13.954 19.595 -0.01
v -12.013 20.807 -0.033
v -13.974 19.624 0
v -12.028 20.833 -0.01
v -9.981 21.855 -0.033
v -12.045 20.863 0
v -9.993 21.882 -0.01
v -7.858 22.705 -0.033
v -10.008 21.914 0
v -7.868 22.732 -0.01
v -5.664 23.349 -0.033
v -7.879 22.766 0
v -5.671 23.377 -0.01
v -3.419 23.782 -0.033
v -5.68 23.412 0
v -3.423 23.811 -0.01
v -1.143 23.999 -0.033
v -3.428 23.846 0
v -1.145 24.028 -0.01
v 1.143 23.999 -0.033
v -1.146 24.063 0
v 1.145 24.028 -0.01
v 3.419 23.782 -0.033
v 1.146 24.063 0
v 3.423 23.811 -0.01
v 5.664 23.349 -0.033
v 3.428 23.846 0
v 5.671 23.377 -0.01
v 7.858 22.705 -0.033
v 5.68 23.412 0
v 7.868 22.732 -0.01
v 9.981 21.855 -0.033
v 7.879 22.766 0
v 9.993 21.882 -0.01
v 12.013 20.807 -0.033
v 10.008 21.914 0
v 12.028 20.833 -0.01
v 13.937 19.571 -0.033
v 12.045 20.863 0
v 13.954 19.595 -0.01
v 15.734 18.158 -0.033
v 13.974 19.624 0
v 15.753 18.18 -0.01
v 17.389 16.58 -0.033
v 15.776 18.207 0
v 17.41 16.6 -0.01
v 18.886 14.852 -0.033
v 17.435 16.625 0
v 18.909 14.87 -0.01
v 20.212 12.989 -0.033
v 18.937 14.892 0
v 20.237 13.005 -0.01
v 21.355 11.009 -0.033
v 20.266 13.024 0
v 21.381 11.023 -0.01
v 22.305 8.93 -0.033
v 21.413 11.039 0
v 22.332 8.94 -0.01
v 23.053 6.769 -0.033
v 22.365 8.954 0
v 23.081 6.777 -0.01
v 23.592 4.547 -0.033
v 23.115 6.787 0
v 23.621 4.553 -0.01
v 23.917 2.284 -0.033
v 23.655 4.559 0
v 23.947 2.287 -0.01
v 23.982 2.29 0
v -23.592 4.547 -0.033
vn 0.092 0 -0.996
vn 0 0 -1
vn 0.092 -0.009 -0.996
vn 0.089 -0.026 -0.996
vn 0.082 -0.042 -0.996
vn 0.073 -0.057 -0.996
vn 0.06 -0.07 -0.996
vn 0.046 -0.08 -0.996
vn 0.03 -0.087 -0.996
vn 0.013 -0.091 -0.996
vn -0.004 -0.092 -0.996
vn -0.022 -0.09 -0.996
vn -0.038 -0.084 -0.996
vn -0.054 -0.075 -0.996
vn -0.067 -0.064 -0.996
vn -0.078 -0.05 -0.996
vn -0.086 -0.034 -0.996
vn -0.089 -0.026 -0.996
vn -0.091 -0.017 -0.996
vn -0.092 -0.009 -0.996
vn -0.092 0 -0.996
vn -0.274 0 -0.962
vn -0.444 -0.042 -0.895
vn -0.438 -0.084 -0.895
vn -0.428 -0.126 -0.895
vn -0.414 -0.166 -0.895
vn -0.375 -0.241 -0.895
vn -0.323 -0.308 -0.895
vn -0.259 -0.363 -0.895
vn -0.185 -0.405 -0.895
vn -0.105 -0.433 -0.895
vn -0.021 -0.445 -0.895
vn 0.063 -0.441 -0.895
vn 0.146 -0.421 -0.895
vn 0.223 -0.386 -0.895
vn 0.292 -0.337 -0.895
vn 0.35 -0.276 -0.895
vn 0.396 -0.204 -0.895
vn 0.428 -0.126 -0.895
vn 0.444 -0.042 -0.895
vn 0.274 0 -0.962
vn 0.446 0 -0.895
vn -0.446 0 -0.895
vn -0.603 0 -0.798
vn -0.736 -0.07 -0.674
vn -0.739 0 -0.674
vn -0.85 0 -0.526
vn -0.928 -0.089 -0.361
vn -0.932 0 -0.361
vn -0.983 0 -0.184
vn -1 0 0
vn -0.995 -0.095 0
vn -0.916 -0.176 -0.361
vn -0.982 -0.189 0
vn -0.895 -0.263 -0.361
vn -0.959 -0.282 0
vn -0.866 -0.347 -0.361
vn -0.928 -0.372 0
vn -0.784 -0.504 -0.361
vn -0.841 -0.541 0
vn -0.675 -0.643 -0.361
vn -0.724 -0.69 0
vn -0.541 -0.76 -0.361
vn -0.58 -0.815 0
vn -0.387 -0.848 -0.361
vn -0.415 -0.91 0
vn -0.22 -0.906 -0.361
vn -0.236 -0.972 0
vn -0.044 -0.931 -0.361
vn -0.048 -0.999 0
vn 0.133 -0.923 -0.361
vn 0.142 -0.99 0
vn 0.305 -0.881 -0.361
vn 0.327 -0.945 0
vn 0.466 -0.808 -0.361
vn 0.5 -0.866 0
vn 0.611 -0.705 -0.361
vn 0.655 -0.756 0
vn 0.733 -0.576 -0.361
vn 0.786 -0.618 0
vn 0.829 -0.427 -0.361
vn 0.889 -0.458 0
vn 0.895 -0.263 -0.361
vn 0.959 -0.282 0
vn 0.928 -0.089 -0.361
vn 0.995 -0.095 0
vn 0.983 0 -0.184
vn 1 0 0
vn 0.932 0 -0.361
vn 0.85 0 -0.526
vn 0.736 -0.07 -0.674
vn 0.739 0 -0.674
vn 0.603 0 -0.798
vn 0.709 -0.208 -0.674
vn 0.657 -0.339 -0.674
vn 0.581 -0.457 -0.674
vn 0.484 -0.559 -0.674
vn 0.37 -0.64 -0.674
vn 0.242 -0.698 -0.674
vn 0.105 -0.731 -0.674
vn -0.035 -0.738 -0.674
vn -0.174 -0.718 -0.674
vn -0.307 -0.672 -0.674
vn -0.429 -0.602 -0.674
vn -0.535 -0.51 -0.674
vn -0.622 -0.4 -0.674
vn -0.686 -0.275 -0.674
vn -0.709 -0.208 -0.674
vn -0.726 -0.14 -0.674
vn 0.983 0 0.184
vn 0.979 0.093 0.184
vn 0.995 0.095 0
vn 0.965 0.186 0.184
vn 0.982 0.189 0
vn 0.943 0.277 0.184
vn 0.959 0.282 0
vn 0.913 0.365 0.184
vn 0.928 0.372 0
vn 0.874 0.45 0.184
vn 0.889 0.458 0
vn 0.827 0.531 0.184
vn 0.841 0.541 0
vn 0.773 0.608 0.184
vn 0.786 0.618 0
vn 0.711 0.678 0.184
vn 0.724 0.69 0
vn 0.644 0.743 0.184
vn 0.655 0.756 0
vn 0.57 0.801 0.184
vn 0.58 0.815 0
vn 0.491 0.851 0.184
vn 0.5 0.866 0
vn 0.408 0.894 0.184
vn 0.415 0.91 0
vn 0.321 0.929 0.184
vn 0.327 0.945 0
vn 0.232 0.955 0.184
vn 0.236 0.972 0
vn 0.14 0.973 0.184
vn 0.142 0.99 0
vn 0.047 0.982 0.184
vn 0.048 0.999 0
vn -0.047 0.982 0.184
vn -0.048 0.999 0
vn -0.14 0.973 0.184
vn -0.142 0.99 0
vn -0.232 0.955 0.184
vn -0.236 0.972 0
vn -0.321 0.929 0.184
vn -0.327 0.945 0
vn -0.408 0.894 0.184
vn -0.415 0.91 0
vn -0.491 0.851 0.184
vn -0.5 0.866 0
vn -0.57 0.801 0.184
vn -0.58 0.815 0
vn -0.644 0.743 0.184
vn -0.655 0.756 0
vn -0.711 0.678 0.184
vn -0.724 0.69 0
vn -0.773 0.608 0.184
vn -0.786 0.618 0
vn -0.827 0.531 0.184
vn -0.841 0.541 0
vn -0.874 0.45 0.184
vn -0.889 0.458 0
vn -0.913 0.365 0.184
vn -0.928 0.372 0
vn -0.943 0.277 0.184
vn -0.959 0.282 0
vn -0.965 0.186 0.184
vn -0.982 0.189 0
vn -0.979 0.093 0.184
vn -0.995 0.095 0
vn -0.983 0 0.184
vn -0.932 0 0.361
vn -0.846 0.081 0.526
vn -0.835 0.161 0.526
vn -0.816 0.24 0.526
vn -0.789 0.316 0.526
vn -0.756 0.39 0.526
vn -0.715 0.46 0.526
vn -0.668 0.526 0.526
vn -0.615 0.587 0.526
vn -0.557 0.643 0.526
vn -0.493 0.693 0.526
vn -0.425 0.736 0.526
vn -0.353 0.773 0.526
vn -0.278 0.803 0.526
vn -0.2 0.826 0.526
vn -0.121 0.842 0.526
vn -0.04 0.849 0.526
vn 0.04 0.849 0.526
vn 0.121 0.842 0.526
vn 0.2 0.826 0.526
vn 0.278 0.803 0.526
vn 0.353 0.773 0.526
vn 0.425 0.736 0.526
vn 0.493 0.693 0.526
vn 0.557 0.643 0.526
vn 0.615 0.587 0.526
vn 0.668 0.526 0.526
vn 0.715 0.46 0.526
vn 0.756 0.39 0.526
vn 0.789 0.316 0.526
vn 0.816 0.24 0.526
vn 0.835 0.161 0.526
vn 0.846 0.081 0.526
vn 0.932 0 0.361
vn 0.85 0 0.526
vn -0.85 0 0.526
vn -0.707 0 0.707
vn -0.704 0.067 0.707
vn -0.694 0.134 0.707
vn -0.678 0.199 0.707
vn -0.656 0.263 0.707
vn -0.629 0.324 0.707
vn -0.595 0.382 0.707
vn -0.556 0.437 0.707
vn -0.512 0.488 0.707
vn -0.463 0.534 0.707
vn -0.41 0.576 0.707
vn -0.354 0.612 0.707
vn -0.294 0.643 0.707
vn -0.231 0.668 0.707
vn -0.167 0.687 0.707
vn -0.101 0.7 0.707
vn -0.034 0.706 0.707
vn 0.034 0.706 0.707
vn 0.101 0.7 0.707
vn 0.167 0.687 0.707
vn 0.231 0.668 0.707
vn 0.294 0.643 0.707
vn 0.354 0.612 0.707
vn 0.41 0.576 0.707
vn 0.463 0.534 0.707
vn 0.512 0.488 0.707
vn 0.556 0.437 0.707
vn 0.595 0.382 0.707
vn 0.629 0.324 0.707
vn 0.656 0.263 0.707
vn 0.678 0.199 0.707
vn 0.694 0.134 0.707
vn 0.704 0.067 0.707
vn 0.707 0 0.707
vn 0.928 -0.089 0.361
vn 0.895 -0.263 0.361
vn 0.829 -0.427 0.361
vn 0.733 -0.576 0.361
vn 0.611 -0.705 0.361
vn 0.466 -0.808 0.361
vn 0.305 -0.881 0.361
vn 0.133 -0.923 0.361
vn -0.044 -0.931 0.361
vn -0.22 -0.906 0.361
vn -0.387 -0.848 0.361
vn -0.541 -0.76 0.361
vn -0.675 -0.643 0.361
vn -0.784 -0.504 0.361
vn -0.866 -0.347 0.361
vn -0.895 -0.263 0.361
vn -0.916 -0.176 0.361
vn -0.928 -0.089 0.361
vn -0.736 -0.07 0.674
vn -0.739 0 0.674
vn -0.603 0 0.798
vn -0.444 -0.042 0.895
vn -0.446 0 0.895
vn -0.274 0 0.962
vn -0.092 -0.009 0.996
vn -0.092 0 0.996
vn 0 0 1
vn -0.091 -0.017 0.996
vn -0.438 -0.084 0.895
vn -0.428 -0.126 0.895
vn -0.709 -0.208 0.674
vn -0.686 -0.275 0.674
vn -0.089 -0.026 0.996
vn -0.414 -0.166 0.895
vn -0.622 -0.4 0.674
vn -0.086 -0.034 0.996
vn -0.375 -0.241 0.895
vn -0.535 -0.51 0.674
vn -0.078 -0.05 0.996
vn -0.323 -0.308 0.895
vn -0.429 -0.602 0.674
vn -0.067 -0.064 0.996
vn -0.259 -0.363 0.895
vn -0.307 -0.672 0.674
vn -0.054 -0.075 0.996
vn -0.185 -0.405 0.895
vn -0.174 -0.718 0.674
vn -0.038 -0.084 0.996
vn -0.105 -0.433 0.895
vn -0.035 -0.738 0.674
vn -0.022 -0.09 0.996
vn -0.021 -0.445 0.895
vn 0.105 -0.731 0.674
vn -0.004 -0.092 0.996
vn 0.063 -0.441 0.895
vn 0.242 -0.698 0.674
vn 0.013 -0.091 0.996
vn 0.146 -0.421 0.895
vn 0.37 -0.64 0.674
vn 0.03 -0.087 0.996
vn 0.223 -0.386 0.895
vn 0.484 -0.559 0.674
vn 0.046 -0.08 0.996
vn 0.292 -0.337 0.895
vn 0.581 -0.457 0.674
vn 0.06 -0.07 0.996
vn 0.35 -0.276 0.895
vn 0.657 -0.339 0.674
vn 0.073 -0.057 0.996
vn 0.396 -0.204 0.895
vn 0.709 -0.208 0.674
vn 0.082 -0.042 0.996
vn 0.428 -0.126 0.895
vn 0.736 -0.07 0.674
vn 0.089 -0.026 0.996
vn 0.444 -0.042 0.895
vn 0.603 0 0.798
vn 0.739 0 0.674
vn 0.092 -0.009 0.996
vn 0.274 0 0.962
vn 0.446 0 0.895
vn 0.092 0 0.996
vn -0.726 -0.14 0.674
vn 0.707 0 -0.707
vn 0.689 0.157 -0.707
vn 0.637 0.307 -0.707
vn 0.553 0.441 -0.707
vn 0.441 0.553 -0.707
vn 0.307 0.637 -0.707
vn 0.157 0.689 -0.707
vn 0 0.707 -0.707
vn -0.157 0.689 -0.707
vn -0.307 0.637 -0.707
vn -0.441 0.553 -0.707
vn -0.553 0.441 -0.707
vn -0.637 0.307 -0.707
vn -0.689 0.157 -0.707
vn -0.707 0 -0.707
vn 0.202 -0.678 -0.707
vn 0.341 -0.619 -0.707
vn 0.201 -0.678 -0.707
vn 0.34 -0.62 -0.707
vn 0.465 -0.533 -0.707
vn 0.464 -0.534 -0.707
vn 0.567 -0.423 -0.707
vn 0.644 -0.293 -0.707
vn 0.643 -0.293 -0.707
vn 0.691 -0.15 -0.707
vn 0.695 0.13 -0.707
vn 0.659 0.255 -0.707
vn 0.601 0.372 -0.707
vn 0.523 0.476 -0.707
vn 0.426 0.564 -0.707
vn 0.315 0.633 -0.707
vn 0.194 0.68 -0.707
vn 0.065 0.704 -0.707
vn -0.065 0.704 -0.707
vn -0.194 0.68 -0.707
vn -0.315 0.633 -0.707
vn -0.426 0.564 -0.707
vn -0.523 0.476 -0.707
vn -0.601 0.372 -0.707
vn -0.659 0.255 -0.707
vn -0.695 0.13 -0.707
vn -0.689 0.157 0.707
vn -0.637 0.307 0.707
vn -0.553 0.441 0.707
vn -0.441 0.553 0.707
vn -0.307 0.637 0.707
vn -0.157 0.689 0.707
vn 0 0.707 0.707
vn 0.157 0.689 0.707
vn 0.307 0.637 0.707
vn 0.441 0.553 0.707
vn 0.553 0.441 0.707
vn 0.637 0.307 0.707
vn 0.689 0.157 0.707
vn -0.202 -0.678 0.707
vn -0.341 -0.619 0.707
vn -0.201 -0.678 0.707
vn -0.34 -0.62 0.707
vn -0.465 -0.533 0.707
vn -0.464 -0.534 0.707
vn -0.567 -0.423 0.707
vn -0.644 -0.293 0.707
vn -0.643 -0.293 0.707
vn -0.691 -0.15 0.707
vn -0.695 0.13 0.707
vn -0.659 0.255 0.707
vn -0.601 0.372 0.707
vn -0.523 0.476 0.707
vn -0.426 0.564 0.707
vn -0.315 0.633 0.707
vn -0.194 0.68 0.707
vn -0.065 0.704 0.707
vn 0.065 0.704 0.707
vn 0.194 0.68 0.707
vn 0.315 0.633 0.707
vn 0.426 0.564 0.707
vn 0.523 0.476 0.707
vn 0.601 0.372 0.707
vn 0.659 0.255 0.707
vn 0.695 0.13 0.707
vn -0.975 0.223 0
vn -0.901 0.434 0
vn -0.782 0.623 0
vn -0.623 0.782 0
vn -0.434 0.901 0
vn -0.223 0.975 0
vn 0 1 0
vn 0.223 0.975 0
vn 0.434 0.901 0
vn 0.623 0.782 0
vn 0.782 0.623 0
vn 0.901 0.434 0
vn 0.975 0.223 0
vn -0.286 -0.958 0
vn -0.482 -0.876 0
vn -0.657 -0.754 0
vn -0.802 -0.598 0
vn -0.91 -0.414 0
vn -0.977 -0.212 0
vn -0.983 0.184 0
vn -0.932 0.361 0
vn -0.85 0.526 0
vn -0.739 0.674 0
vn -0.603 0.798 0
vn -0.446 0.895 0
vn -0.274 0.962 0
vn -0.092 0.996 0
vn 0.092 0.996 0
vn 0.274 0.962 0
vn 0.446 0.895 0
vn 0.603 0.798 0
vn 0.739 0.674 0
vn 0.85 0.526 0
vn 0.932 0.361 0
vn 0.983 0.184 0
vn -0.938 -0.348 0
vn -0.97 -0.241 0
vn -0.947 -0.322 0
vn -0.955 -0.296 0
vn -1 -0.021 0
vn -0.999 -0.05 0
vn -0.991 -0.132 0
vn -0.987 -0.161 0
vn -0.963 -0.27 0
vn 0.641 0.767 0
vn 0.552 0.834 0
vn 0.62 0.785 0
vn 0.598 0.801 0
vn 0.248 0.969 0
vn 0.276 0.961 0
vn 0.354 0.935 0
vn 0.381 0.924 0
vn 0.456 0.89 0
vn 0.482 0.876 0
vn 0.576 0.817 0
vn 0.221 0.975 0
vn 0.195 0.981 0
vn 0.168 0.986 0
vn 0.704 0.71 0
vn 0.62 0.784 0
vn 0.643 0.766 0
vn 0.599 0.801 0
vn 0.577 0.817 0
vn 0.554 0.832 0
vn 0.724 0.689 0
vn 0.778 0.628 0
vn 0.797 0.605 0
vn 0.843 0.537 0
vn 0.859 0.512 0
vn 0.873 0.489 0
vn 0.886 0.465 0
vn 0.898 0.44 0
vn 0.932 0.363 0
vn 0.886 0.464 0
vn 0.899 0.438 0
vn 0.873 0.488 0
vn 0.845 0.535 0
vn 0.942 0.335 0
vn 0.966 0.257 0
vn 0.974 0.228 0
vn 0.989 0.148 0
vn 0.993 0.119 0
vn 0.996 0.091 0
vn 0.998 0.064 0
vn 0.999 0.037 0
vn 0.999 -0.048 0
vn 0.999 0.034 0
vn 0.993 0.118 0
vn 0.989 0.145 0
vn 0.997 -0.077 0
vn 0.987 -0.158 0
vn 0.982 -0.187 0
vn 0.964 -0.267 0
vn 0.955 -0.296 0
vn 0.947 -0.322 0
vn 0.938 -0.347 0
vn 0.928 -0.373 0
vn 0.893 -0.45 0
vn 0.938 -0.348 0
vn 0.927 -0.375 0
vn 0.963 -0.27 0
vn 0.879 -0.476 0
vn 0.838 -0.546 0
vn 0.821 -0.571 0
vn 0.772 -0.636 0
vn 0.753 -0.659 0
vn 0.734 -0.679 0
vn 0.715 -0.699 0
vn 0.696 -0.718 0
vn 0.633 -0.774 0
vn 0.694 -0.72 0
vn 0.752 -0.659 0
vn 0.77 -0.638 0
vn 0.61 -0.792 0
vn 0.543 -0.84 0
vn 0.518 -0.855 0
vn 0.446 -0.895 0
vn 0.42 -0.908 0
vn 0.395 -0.919 0
vn 0.369 -0.929 0
vn 0.344 -0.939 0
vn 0.263 -0.965 0
vn 0.341 -0.94 0
vn 0.394 -0.919 0
vn 0.419 -0.908 0
vn 0.444 -0.896 0
vn 0.235 -0.972 0
vn 0.154 -0.988 0
vn 0.125 -0.992 0
vn 0.044 -0.999 0
vn 0.014 -1 0
vn -0.013 -1 0
vn -0.04 -0.999 0
vn -0.068 -0.998 0
vn -0.152 -0.988 0
vn -0.041 -0.999 0
vn -0.07 -0.998 0
vn -0.014 -1 0
vn 0.041 -0.999 0
vn -0.181 -0.984 0
vn -0.261 -0.965 0
vn -0.289 -0.957 0
vn -0.367 -0.93 0
vn -0.394 -0.919 0
vn -0.419 -0.908 0
vn -0.443 -0.896 0
vn -0.468 -0.884 0
vn -0.541 -0.841 0
vn -0.444 -0.896 0
vn -0.47 -0.883 0
vn -0.369 -0.929 0
vn -0.565 -0.825 0
vn -0.631 -0.776 0
vn -0.653 -0.757 0
vn -0.713 -0.701 0
vn -0.734 -0.68 0
vn -0.752 -0.659 0
vn -0.77 -0.638 0
vn -0.787 -0.617 0
vn -0.836 -0.549 0
vn -0.788 -0.615 0
vn -0.734 -0.679 0
vn -0.715 -0.699 0
vn -0.852 -0.524 0
vn -0.892 -0.452 0
vn -0.905 -0.426 0
vn -0.937 -0.35 0
vn -0.97 -0.244 0
vn -0.998 0.061 0
vn -0.996 0.09 0
vn -0.993 0.118 0
vn -0.989 0.145 0
vn -0.985 0.172 0
vn -0.967 0.254 0
vn -0.985 0.174 0
vn -0.996 0.091 0
vn -0.998 0.064 0
vn -0.959 0.283 0
vn -0.933 0.36 0
vn -0.922 0.388 0
vn -0.887 0.462 0
vn -0.873 0.488 0
vn -0.859 0.511 0
vn -0.845 0.535 0
vn -0.83 0.558 0
vn -0.78 0.626 0
vn -0.829 0.56 0
vn -0.859 0.512 0
vn -0.886 0.464 0
vn -0.761 0.648 0
vn -0.706 0.709 0
vn -0.685 0.729 0
vn -0.622 0.783 0
vn -0.599 0.801 0
vn -0.577 0.817 0
vn -0.555 0.832 0
vn -0.532 0.847 0
vn -0.458 0.889 0
vn -0.554 0.832 0
vn -0.529 0.848 0
vn -0.62 0.784 0
vn -0.432 0.902 0
vn -0.356 0.934 0
vn -0.329 0.944 0
vn -0.25 0.968 0
vn -0.222 0.975 0
vn -0.195 0.981 0
vn -0.168 0.986 0
vn -0.141 0.99 0
vn -0.057 0.998 0
vn -0.139 0.99 0
vn -0.221 0.975 0
vn -0.248 0.969 0
vn -0.028 1 0
vn 0.054 0.999 0
vn 0.084 0.996 0
vn 0.165 0.986 0
vn 0.194 0.981 0
vn 0.247 0.969 0
vn 0.457 0.889 0
vn 0.433 0.901 0
vn 0.404 0.915 0
vn 0.38 0.925 0
vn 0.361 0.933 0
vn 0.3 0.954 0
vn 0.337 0.942 0
vn 0.281 0.96 0
vn 0.252 0.968 0
vn 0.188 0.982 0
vn 0.237 0.972 0
vn 0.184 0.983 0
vn 0.14 0.99 0
vn 0.077 0.997 0
vn 0.134 0.991 0
vn 0.075 0.997 0
vn 0.041 0.999 0
vn -0.009 1 0
vn 0.029 1 0
vn -0.029 1 0
vn 0.835 0.463 -0.298
vn 0.881 0.368 -0.298
vn 0.901 0.301 -0.314
vn 0.928 0.199 -0.314
vn 0.939 0.126 -0.32
vn 0.947 0.021 -0.32
vn 0.948 -0.054 -0.315
vn 0.936 -0.159 -0.315
vn 0.924 -0.236 -0.301
vn 0.894 -0.331 -0.301
vn 0.924 -0.234 -0.301
vn 0.945 -0.126 -0.301
vn 0.948 0.052 -0.315
vn 0.945 -0.125 -0.301
vn 0.953 -0.019 -0.301
vn 0.936 0.157 -0.315
vn 0.954 -0.01 -0.301
vn 0.951 0.065 -0.301
vn 0.95 0.087 -0.301
vn 0.913 0.26 -0.315
vn 0.888 0.331 -0.32
vn 0.846 0.427 -0.32
vn 0.812 0.492 -0.314
vn 0.752 0.58 -0.314
vn 0.711 0.636 -0.298
vn 0.636 0.711 -0.298
vn 0.778 0.553 -0.298
vn 0.862 0.399 -0.314
vn 0.919 0.23 -0.32
vn -0.553 0.778 0.298
vn -0.636 0.711 0.298
vn -0.683 0.66 0.314
vn -0.752 0.58 0.314
vn -0.793 0.519 0.32
vn -0.846 0.427 0.32
vn -0.878 0.36 0.315
vn -0.913 0.26 0.315
vn -0.949 0.092 0.301
vn -0.95 0.087 0.301
vn -0.935 0.188 0.301
vn -0.934 0.192 0.301
vn -0.908 0.292 0.301
vn -0.832 0.456 0.315
vn -0.907 0.295 0.301
vn -0.869 0.394 0.301
vn -0.777 0.545 0.315
vn -0.865 0.401 0.301
vn -0.711 0.628 0.315
vn -0.819 0.488 0.301
vn -0.659 0.681 0.32
vn -0.579 0.75 0.32
vn -0.52 0.794 0.314
vn -0.429 0.847 0.314
vn -0.368 0.881 0.298
vn -0.267 0.916 0.298
vn -0.463 0.835 0.298
vn -0.605 0.732 0.314
vn -0.73 0.604 0.32
vn -0.931 0.212 0.297
vn -0.949 0.093 0.301
vn -0.898 0.334 0.287
vn -0.785 0.564 0.255
vn -0.789 0.558 0.255
vn -0.631 0.748 0.207
vn -0.426 0.893 0.146
vn -0.434 0.889 0.146
vn -0.208 0.975 0.075
vn -0.335 0.931 0.146
vn -0.725 0.639 0.255
vn -0.648 0.718 0.255
vn -0.227 0.963 0.146
vn -0.116 0.983 0.146
vn 0.232 0.97 0.075
vn -0.008 0.989 0.146
vn -0.246 0.947 0.207
vn -0.562 0.787 0.255
vn -0.472 0.844 0.255
vn -0.667 0.688 0.287
vn -0.749 0.593 0.296
vn -0.935 0.187 0.301
vn -0.029 1 0.001
vn 0.454 0.879 -0.146
vn 0.209 0.975 -0.075
vn 0.434 0.889 -0.145
vn 0.803 0.538 -0.255
vn 0.63 0.748 -0.206
vn 0.79 0.558 -0.255
vn 0.898 0.334 -0.287
vn 0.952 0.062 -0.301
vn 0.931 0.212 -0.296
vn 0.846 0.468 -0.255
vn 0.894 0.368 -0.255
vn 0.945 -0.127 -0.301
vn 0.93 0.264 -0.255
vn 0.932 -0.21 -0.296
vn 0.954 -0.086 -0.287
vn 0.953 0.163 -0.255
vn 0.891 0.403 -0.207
vn 0.703 0.696 -0.146
vn 0.775 0.615 -0.146
vn 0.608 0.79 -0.075
vn 0.62 0.771 -0.146
vn 0.19 0.982 0
vn 0.528 0.837 -0.146
vn 0.056 0.998 0
vn -0.003 1 0
vn -0.05 0.999 0
vn -0.114 0.994 0
vn -0.075 0.997 0
vn -0.134 0.991 0
vn -0.163 0.987 0
vn -0.228 0.974 0
vn -0.179 0.984 0
vn -0.231 0.973 0
vn -0.335 0.942 0
vn -0.281 0.96 0
vn -0.337 0.942 0
vn -0.369 0.929 0
vn -0.38 0.925 0
vn -0.433 0.901 0
vn 0.574 0.763 -0.298
vn 0.655 0.694 -0.298
vn 0.7 0.641 -0.314
vn 0.767 0.559 -0.314
vn 0.807 0.497 -0.32
vn 0.857 0.404 -0.32
vn 0.887 0.336 -0.315
vn 0.919 0.236 -0.315
vn 0.94 0.16 -0.301
vn 0.952 0.061 -0.301
vn 0.94 0.162 -0.301
vn 0.915 0.269 -0.301
vn 0.844 0.433 -0.315
vn 0.915 0.27 -0.301
vn 0.879 0.37 -0.301
vn 0.791 0.524 -0.315
vn 0.875 0.379 -0.301
vn 0.843 0.446 -0.301
vn 0.832 0.466 -0.301
vn 0.728 0.609 -0.315
vn 0.677 0.663 -0.32
vn 0.599 0.734 -0.32
vn 0.541 0.78 -0.314
vn 0.451 0.835 -0.314
vn 0.391 0.871 -0.298
vn 0.292 0.909 -0.298
vn 0.486 0.822 -0.298
vn 0.625 0.715 -0.314
vn 0.746 0.584 -0.32
vn -0.822 0.486 0.298
vn -0.871 0.391 0.298
vn -0.892 0.325 0.314
vn -0.923 0.224 0.314
vn -0.935 0.151 0.32
vn -0.946 0.047 0.32
vn -0.949 -0.028 0.315
vn -0.94 -0.133 0.315
vn -0.904 -0.302 0.301
vn -0.903 -0.307 0.301
vn -0.93 -0.209 0.301
vn -0.931 -0.205 0.301
vn -0.948 -0.102 0.301
vn -0.946 0.078 0.315
vn -0.948 -0.1 0.301
vn -0.954 0.007 0.301
vn -0.931 0.182 0.315
vn -0.954 0.015 0.301
vn -0.905 0.285 0.315
vn -0.947 0.112 0.301
vn -0.879 0.354 0.32
vn -0.834 0.45 0.32
vn -0.798 0.514 0.314
vn -0.736 0.6 0.314
vn -0.694 0.655 0.298
vn -0.617 0.728 0.298
vn -0.763 0.574 0.298
vn -0.85 0.422 0.314
vn -0.913 0.255 0.32
vn -0.355 0.935 0
vn -0.409 0.912 0
vn -0.452 0.892 0
vn -0.508 0.861 0
vn -0.474 0.88 0
vn -0.525 0.851 0
vn -0.55 0.835 0
vn -0.604 0.797 0
vn -0.564 0.826 0
vn -0.607 0.795 0
vn -0.642 0.767 0
vn -0.69 0.724 0
vn -0.647 0.763 0
vn -0.691 0.723 0
vn -0.715 0.699 0
vn -0.749 0.663 0
vn -0.723 0.691 0
vn -0.763 0.647 0
vn 0.214 0.93 -0.298
vn 0.316 0.901 -0.298
vn 0.379 0.871 -0.314
vn 0.473 0.823 -0.314
vn 0.535 0.782 -0.32
vn 0.618 0.718 -0.32
vn 0.674 0.668 -0.315
vn 0.744 0.589 -0.315
vn 0.794 0.529 -0.301
vn 0.844 0.443 -0.301
vn 0.793 0.53 -0.301
vn 0.726 0.618 -0.301
vn 0.595 0.739 -0.315
vn 0.726 0.619 -0.301
vn 0.652 0.696 -0.301
vn 0.51 0.801 -0.315
vn 0.645 0.702 -0.301
vn 0.589 0.75 -0.301
vn 0.571 0.764 -0.301
vn 0.417 0.852 -0.315
vn 0.348 0.881 -0.32
vn 0.248 0.914 -0.32
vn 0.177 0.933 -0.314
vn 0.072 0.947 -0.314
vn 0.003 0.954 -0.298
vn -0.103 0.949 -0.298
vn 0.109 0.948 -0.298
vn 0.28 0.907 -0.314
vn 0.444 0.837 -0.32
vn -0.948 0.109 0.298
vn -0.954 0.003 0.298
vn -0.947 -0.066 0.314
vn -0.934 -0.171 0.314
vn -0.916 -0.242 0.32
vn -0.883 -0.342 0.32
vn -0.855 -0.411 0.315
vn -0.804 -0.504 0.315
vn -0.703 -0.644 0.301
vn -0.7 -0.648 0.301
vn -0.765 -0.569 0.301
vn -0.768 -0.566 0.301
vn -0.825 -0.479 0.301
vn -0.896 -0.314 0.315
vn -0.826 -0.477 0.301
vn -0.874 -0.382 0.301
vn -0.925 -0.212 0.315
vn -0.877 -0.374 0.301
vn -0.943 -0.108 0.315
vn -0.911 -0.282 0.301
vn -0.947 -0.034 0.32
vn -0.945 0.072 0.32
vn -0.938 0.145 0.314
vn -0.916 0.248 0.314
vn -0.901 0.316 0.298
vn -0.86 0.414 0.298
vn -0.93 0.214 0.298
vn -0.949 0.04 0.314
vn -0.937 -0.139 0.32
vn -0.704 0.71 0
vn -0.745 0.667 0
vn -0.776 0.631 0
vn -0.814 0.58 0
vn -0.791 0.611 0
vn -0.826 0.564 0
vn -0.842 0.539 0
vn -0.876 0.482 0
vn -0.851 0.525 0
vn -0.878 0.479 0
vn -0.898 0.439 0
vn -0.925 0.381 0
vn -0.901 0.433 0
vn -0.925 0.38 0
vn -0.938 0.348 0
vn -0.954 0.301 0
vn -0.942 0.337 0
vn -0.96 0.281 0
vn -0.183 0.937 -0.298
vn -0.077 0.951 -0.298
vn -0.008 0.949 -0.314
vn 0.098 0.944 -0.314
vn 0.17 0.932 -0.32
vn 0.273 0.907 -0.32
vn 0.344 0.885 -0.315
vn 0.44 0.841 -0.315
vn 0.51 0.806 -0.301
vn 0.591 0.748 -0.301
vn 0.508 0.807 -0.301
vn 0.412 0.86 -0.301
vn 0.243 0.917 -0.315
vn 0.411 0.861 -0.301
vn 0.313 0.901 -0.301
vn 0.14 0.939 -0.315
vn 0.304 0.904 -0.301
vn 0.232 0.925 -0.301
vn 0.211 0.93 -0.301
vn 0.035 0.948 -0.315
vn -0.04 0.947 -0.32
vn -0.145 0.936 -0.32
vn -0.218 0.924 -0.314
vn -0.319 0.894 -0.314
vn -0.385 0.873 -0.298
vn -0.48 0.825 -0.298
vn -0.286 0.911 -0.298
vn -0.113 0.943 -0.314
vn 0.065 0.945 -0.32
vn -0.911 -0.286 0.298
vn -0.873 -0.385 0.298
vn -0.838 -0.446 0.314
vn -0.784 -0.536 0.314
vn -0.738 -0.594 0.32
vn -0.668 -0.672 0.32
vn -0.614 -0.724 0.315
vn -0.53 -0.787 0.315
vn -0.38 -0.874 0.301
vn -0.376 -0.876 0.301
vn -0.467 -0.831 0.301
vn -0.471 -0.829 0.301
vn -0.559 -0.773 0.301
vn -0.691 -0.651 0.315
vn -0.561 -0.772 0.301
vn -0.643 -0.704 0.301
vn -0.759 -0.57 0.315
vn -0.649 -0.699 0.301
vn -0.817 -0.482 0.315
vn -0.717 -0.629 0.301
vn -0.851 -0.416 0.32
vn -0.892 -0.319 0.32
vn -0.916 -0.249 0.314
vn -0.938 -0.146 0.314
vn -0.951 -0.077 0.298
vn -0.954 0.029 0.298
vn -0.937 -0.183 0.298
vn -0.883 -0.35 0.314
vn -0.8 -0.508 0.32
vn -0.932 0.362 0
vn -0.952 0.307 0
vn -0.965 0.261 0
vn -0.98 0.199 0
vn -0.972 0.237 0
vn -0.984 0.179 0
vn -0.989 0.15 0
vn -0.996 0.084 0
vn -0.991 0.134 0
vn -0.997 0.081 0
vn -0.999 0.036 0
vn -1 -0.028 0
vn -1 0.029 0
vn -1 -0.029 0
vn -0.998 -0.064 0
vn -0.994 -0.113 0
vn -0.997 -0.075 0
vn -0.991 -0.134 0
vn -0.548 0.782 -0.298
vn -0.458 0.838 -0.298
vn -0.393 0.864 -0.314
vn -0.295 0.903 -0.314
vn -0.224 0.921 -0.32
vn -0.12 0.94 -0.32
vn -0.046 0.948 -0.315
vn 0.06 0.947 -0.315
vn 0.138 0.944 -0.301
vn 0.236 0.924 -0.301
vn 0.136 0.944 -0.301
vn 0.027 0.953 -0.301
vn -0.151 0.937 -0.315
vn 0.026 0.953 -0.301
vn -0.081 0.95 -0.301
vn -0.254 0.914 -0.315
vn -0.09 0.949 -0.301
vn -0.164 0.94 -0.301
vn -0.186 0.935 -0.301
vn -0.354 0.88 -0.315
vn -0.422 0.849 -0.32
vn -0.513 0.796 -0.32
vn -0.575 0.756 -0.314
vn -0.655 0.687 -0.314
vn -0.707 0.641 -0.298
vn -0.774 0.558 -0.298
vn -0.632 0.716 -0.298
vn -0.487 0.815 -0.314
vn -0.325 0.89 -0.32
vn -0.595 0.747 -0.298
vn -0.716 -0.632 0.298
vn -0.641 -0.707 0.298
vn -0.585 -0.748 0.314
vn -0.498 -0.808 0.314
vn -0.433 -0.843 0.32
vn -0.337 -0.886 0.32
vn -0.266 -0.911 0.315
vn -0.164 -0.935 0.315
vn 0.008 -0.954 0.301
vn 0.013 -0.954 0.301
vn -0.089 -0.949 0.301
vn -0.093 -0.949 0.301
vn -0.196 -0.933 0.301
vn -0.366 -0.876 0.315
vn -0.198 -0.933 0.301
vn -0.301 -0.905 0.301
vn -0.461 -0.829 0.315
vn -0.309 -0.902 0.301
vn -0.551 -0.773 0.315
vn -0.4 -0.866 0.301
vn -0.609 -0.726 0.32
vn -0.686 -0.654 0.32
vn -0.736 -0.6 0.314
vn -0.798 -0.515 0.314
vn -0.838 -0.458 0.298
vn -0.883 -0.362 0.298
vn -0.782 -0.548 0.298
vn -0.664 -0.678 0.314
vn -0.524 -0.789 0.32
vn -0.999 -0.048 0
vn -0.994 -0.107 0
vn -0.988 -0.154 0
vn -0.976 -0.217 0
vn -0.984 -0.179 0
vn -0.972 -0.237 0
vn -0.964 -0.266 0
vn -0.945 -0.328 0
vn -0.96 -0.281 0
vn -0.943 -0.332 0
vn -0.928 -0.374 0
vn -0.902 -0.432 0
vn -0.925 -0.38 0
vn -0.901 -0.433 0
vn -0.886 -0.464 0
vn -0.862 -0.508 0
vn -0.88 -0.474 0
vn -0.851 -0.525 0
vn -0.819 0.491 -0.298
vn -0.759 0.579 -0.298
vn -0.711 0.629 -0.314
vn -0.636 0.705 -0.314
vn -0.579 0.75 -0.32
vn -0.492 0.81 -0.32
vn -0.427 0.847 -0.315
vn -0.33 0.89 -0.315
vn -0.258 0.918 -0.301
vn -0.161 0.94 -0.301
vn -0.259 0.918 -0.301
vn -0.363 0.882 -0.301
vn -0.519 0.795 -0.315
vn -0.364 0.881 -0.301
vn -0.46 0.835 -0.301
vn -0.604 0.732 -0.315
vn -0.468 0.831 -0.301
vn -0.532 0.792 -0.301
vn -0.55 0.779 -0.301
vn -0.682 0.66 -0.315
vn -0.73 0.604 -0.32
vn -0.793 0.519 -0.32
vn -0.832 0.457 -0.314
vn -0.878 0.361 -0.314
vn -0.907 0.298 -0.298
vn -0.934 0.195 -0.298
vn -0.868 0.397 -0.298
vn -0.776 0.547 -0.314
vn -0.659 0.681 -0.32
vn -0.397 -0.868 0.298
vn -0.298 -0.907 0.298
vn -0.23 -0.921 0.314
vn -0.126 -0.941 0.314
vn -0.053 -0.946 0.32
vn 0.053 -0.946 0.32
vn 0.127 -0.94 0.315
vn 0.231 -0.92 0.315
vn 0.395 -0.868 0.301
vn 0.399 -0.866 0.301
vn 0.305 -0.904 0.301
vn 0.301 -0.905 0.301
vn 0.201 -0.932 0.301
vn 0.022 -0.949 0.315
vn 0.198 -0.933 0.301
vn 0.093 -0.949 0.301
vn -0.084 -0.945 0.315
vn 0.085 -0.95 0.301
vn -0.189 -0.93 0.315
vn -0.013 -0.954 0.301
vn -0.261 -0.911 0.32
vn -0.36 -0.876 0.32
vn -0.428 -0.848 0.314
vn -0.52 -0.795 0.314
vn -0.595 -0.747 0.298
vn -0.66 -0.69 0.298
vn -0.579 -0.759 0.298
vn -0.491 -0.819 0.298
vn -0.331 -0.89 0.314
vn -0.158 -0.934 0.32
vn -0.893 -0.45 0
vn -0.865 -0.502 0
vn -0.84 -0.543 0
vn -0.804 -0.595 0
vn -0.826 -0.564 0
vn -0.791 -0.611 0
vn -0.773 -0.635 0
vn -0.729 -0.684 0
vn -0.763 -0.647 0
vn -0.727 -0.687 0
vn -0.696 -0.719 0
vn -0.648 -0.762 0
vn -0.691 -0.723 0
vn -0.647 -0.763 0
vn -0.62 -0.784 0
vn -0.581 -0.814 0
vn -0.611 -0.791 0
vn -0.564 -0.826 0
vn -0.948 0.116 -0.298
vn -0.929 0.22 -0.298
vn -0.905 0.286 -0.314
vn -0.868 0.385 -0.314
vn -0.834 0.45 -0.32
vn -0.779 0.54 -0.32
vn -0.735 0.6 -0.315
vn -0.664 0.678 -0.315
vn -0.609 0.734 -0.301
vn -0.529 0.793 -0.301
vn -0.61 0.733 -0.301
vn -0.69 0.658 -0.301
vn -0.797 0.515 -0.315
vn -0.691 0.657 -0.301
vn -0.76 0.576 -0.301
vn -0.849 0.423 -0.315
vn -0.766 0.568 -0.301
vn -0.808 0.507 -0.301
vn -0.819 0.488 -0.301
vn -0.891 0.326 -0.315
vn -0.913 0.254 -0.32
vn -0.935 0.151 -0.32
vn -0.946 0.079 -0.314
vn -0.949 -0.027 -0.314
vn -0.95 -0.097 -0.298
vn -0.933 -0.202 -0.298
vn -0.954 0.01 -0.298
vn -0.932 0.183 -0.314
vn -0.879 0.354 -0.32
vn -0.01 -0.954 0.298
vn 0.097 -0.95 0.298
vn 0.165 -0.935 0.314
vn 0.268 -0.911 0.314
vn 0.336 -0.886 0.32
vn 0.433 -0.843 0.32
vn 0.499 -0.807 0.315
vn 0.585 -0.747 0.315
vn 0.714 -0.632 0.301
vn 0.717 -0.629 0.301
vn 0.646 -0.701 0.301
vn 0.643 -0.704 0.301
vn 0.562 -0.77 0.301
vn 0.406 -0.858 0.315
vn 0.561 -0.772 0.301
vn 0.471 -0.829 0.301
vn 0.308 -0.898 0.315
vn 0.464 -0.833 0.301
vn 0.206 -0.926 0.315
vn 0.376 -0.876 0.301
vn 0.132 -0.938 0.32
vn 0.027 -0.947 0.32
vn -0.046 -0.948 0.314
vn -0.151 -0.937 0.314
vn -0.22 -0.929 0.298
vn -0.322 -0.899 0.298
vn -0.116 -0.947 0.298
vn 0.06 -0.948 0.314
vn 0.236 -0.918 0.32
vn -0.632 -0.775 0
vn -0.586 -0.811 0
vn -0.547 -0.837 0
vn -0.492 -0.871 0
vn -0.525 -0.851 0
vn -0.474 -0.88 0
vn -0.448 -0.894 0
vn -0.388 -0.922 0
vn -0.433 -0.901 0
vn -0.385 -0.923 0
vn -0.343 -0.939 0
vn -0.282 -0.959 0
vn -0.337 -0.942 0
vn -0.281 -0.96 0
vn -0.248 -0.969 0
vn -0.199 -0.98 0
vn -0.237 -0.972 0
vn -0.179 -0.984 0
vn -0.913 -0.28 -0.298
vn -0.938 -0.176 -0.298
vn -0.943 -0.107 -0.314
vn -0.95 -0.002 -0.314
vn -0.945 0.072 -0.32
vn -0.931 0.176 -0.32
vn -0.916 0.249 -0.315
vn -0.882 0.35 -0.315
vn -0.855 0.423 -0.301
vn -0.806 0.51 -0.301
vn -0.856 0.421 -0.301
vn -0.898 0.32 -0.301
vn -0.938 0.146 -0.315
vn -0.899 0.319 -0.301
vn -0.929 0.217 -0.301
vn -0.948 0.041 -0.315
vn -0.931 0.208 -0.301
vn -0.944 0.134 -0.301
vn -0.947 0.112 -0.301
vn -0.947 -0.065 -0.315
vn -0.937 -0.139 -0.32
vn -0.916 -0.242 -0.32
vn -0.896 -0.313 -0.314
vn -0.856 -0.411 -0.314
vn -0.828 -0.474 -0.298
vn -0.77 -0.564 -0.298
vn -0.876 -0.379 -0.298
vn -0.926 -0.211 -0.314
vn -0.947 -0.034 -0.32
vn 0.379 -0.876 0.298
vn 0.474 -0.828 0.298
vn 0.531 -0.787 0.314
vn 0.615 -0.723 0.314
vn 0.668 -0.672 0.32
vn 0.738 -0.594 0.32
vn 0.784 -0.535 0.315
vn 0.838 -0.444 0.315
vn 0.909 -0.287 0.301
vn 0.911 -0.283 0.301
vn 0.876 -0.378 0.301
vn 0.874 -0.382 0.301
vn 0.827 -0.475 0.301
vn 0.72 -0.619 0.315
vn 0.826 -0.477 0.301
vn 0.768 -0.566 0.301
vn 0.646 -0.695 0.315
vn 0.763 -0.572 0.301
vn 0.565 -0.763 0.315
vn 0.7 -0.648 0.301
vn 0.503 -0.803 0.32
vn 0.41 -0.854 0.32
vn 0.344 -0.885 0.314
vn 0.243 -0.918 0.314
vn 0.176 -0.938 0.298
vn 0.071 -0.952 0.298
vn 0.28 -0.913 0.298
vn 0.44 -0.841 0.314
vn 0.589 -0.742 0.32
vn -0.263 -0.965 0
vn -0.205 -0.979 0
vn -0.159 -0.987 0
vn -0.095 -0.995 0
vn -0.134 -0.991 0
vn -0.075 -0.997 0
vn -0.045 -0.999 0
vn 0.02 -1 0
vn -0.029 -1 0
vn 0.024 -1 0
vn 0.069 -0.998 0
vn 0.132 -0.991 0
vn 0.075 -0.997 0
vn 0.134 -0.991 0
vn 0.168 -0.986 0
vn 0.216 -0.976 0
vn 0.179 -0.984 0
vn 0.237 -0.972 0
vn -0.72 -0.627 -0.298
vn -0.785 -0.543 -0.298
vn -0.818 -0.482 -0.314
vn -0.867 -0.388 -0.314
vn -0.892 -0.319 -0.32
vn -0.922 -0.217 -0.32
vn -0.938 -0.145 -0.315
vn -0.948 -0.039 -0.315
vn -0.953 0.039 -0.301
vn -0.944 0.138 -0.301
vn -0.953 0.037 -0.301
vn -0.951 -0.073 -0.301
vn -0.916 -0.248 -0.315
vn -0.951 -0.074 -0.301
vn -0.937 -0.18 -0.301
vn -0.883 -0.348 -0.315
vn -0.935 -0.189 -0.301
vn -0.917 -0.261 -0.301
vn -0.911 -0.283 -0.301
vn -0.839 -0.444 -0.315
vn -0.8 -0.508 -0.32
vn -0.738 -0.594 -0.32
vn -0.692 -0.65 -0.314
vn -0.615 -0.723 -0.314
vn -0.564 -0.77 -0.298
vn -0.474 -0.828 -0.298
vn -0.646 -0.703 -0.298
vn -0.76 -0.57 -0.314
vn -0.851 -0.416 -0.32
vn 0.703 -0.646 0.298
vn 0.77 -0.564 0.298
vn 0.805 -0.503 0.314
vn 0.856 -0.411 0.314
vn 0.883 -0.343 0.32
vn 0.916 -0.242 0.32
vn 0.934 -0.17 0.315
vn 0.947 -0.065 0.315
vn 0.948 0.108 0.301
vn 0.947 0.112 0.301
vn 0.954 0.011 0.301
vn 0.954 0.006 0.301
vn 0.949 -0.097 0.301
vn 0.909 -0.273 0.315
vn 0.948 -0.1 0.301
vn 0.931 -0.205 0.301
vn 0.873 -0.372 0.315
vn 0.93 -0.213 0.301
vn 0.826 -0.467 0.315
vn 0.903 -0.307 0.301
vn 0.786 -0.529 0.32
vn 0.722 -0.614 0.32
vn 0.674 -0.669 0.314
vn 0.595 -0.74 0.314
vn 0.543 -0.785 0.298
vn 0.452 -0.841 0.298
vn 0.627 -0.72 0.298
vn 0.744 -0.59 0.314
vn 0.84 -0.439 0.32
vn 0.153 -0.988 0
vn 0.21 -0.978 0
vn 0.256 -0.967 0
vn 0.318 -0.948 0
vn 0.281 -0.96 0
vn 0.337 -0.942 0
vn 0.365 -0.931 0
vn 0.425 -0.905 0
vn 0.38 -0.925 0
vn 0.429 -0.904 0
vn 0.468 -0.884 0
vn 0.524 -0.852 0
vn 0.474 -0.88 0
vn 0.525 -0.851 0
vn 0.554 -0.832 0
vn 0.595 -0.804 0
vn 0.564 -0.826 0
vn 0.611 -0.791 0
vn -0.403 -0.865 -0.298
vn -0.497 -0.815 -0.298
vn -0.552 -0.773 -0.314
vn -0.634 -0.707 -0.314
vn -0.686 -0.654 -0.32
vn -0.754 -0.574 -0.32
vn -0.798 -0.514 -0.315
vn -0.85 -0.422 -0.315
vn -0.886 -0.352 -0.301
vn -0.918 -0.258 -0.301
vn -0.886 -0.354 -0.301
vn -0.839 -0.453 -0.301
vn -0.736 -0.599 -0.315
vn -0.838 -0.455 -0.301
vn -0.783 -0.545 -0.301
vn -0.665 -0.677 -0.315
vn -0.777 -0.553 -0.301
vn -0.732 -0.612 -0.301
vn -0.717 -0.629 -0.301
vn -0.585 -0.747 -0.315
vn -0.524 -0.789 -0.32
vn -0.433 -0.843 -0.32
vn -0.367 -0.876 -0.314
vn -0.268 -0.911 -0.314
vn -0.202 -0.933 -0.298
vn -0.097 -0.95 -0.298
vn -0.304 -0.905 -0.298
vn -0.462 -0.829 -0.314
vn -0.609 -0.726 -0.32
vn 0.905 -0.304 0.298
vn 0.933 -0.202 0.298
vn 0.94 -0.132 0.314
vn 0.949 -0.027 0.314
vn 0.946 0.046 0.32
vn 0.935 0.151 0.32
vn 0.922 0.225 0.315
vn 0.891 0.326 0.315
vn 0.822 0.484 0.301
vn 0.819 0.488 0.301
vn 0.867 0.398 0.301
vn 0.869 0.394 0.301
vn 0.906 0.297 0.301
vn 0.941 0.121 0.315
vn 0.907 0.295 0.301
vn 0.934 0.192 0.301
vn 0.949 0.015 0.315
vn 0.936 0.184 0.301
vn 0.945 -0.09 0.315
vn 0.95 0.087 0.301
vn 0.933 -0.164 0.32
vn 0.909 -0.267 0.32
vn 0.888 -0.337 0.314
vn 0.845 -0.434 0.314
vn 0.815 -0.497 0.298
vn 0.755 -0.584 0.298
vn 0.865 -0.403 0.298
vn 0.92 -0.236 0.314
vn 0.946 -0.059 0.32
vn 0.541 -0.841 0
vn 0.59 -0.807 0
vn 0.627 -0.779 0
vn 0.676 -0.737 0
vn 0.647 -0.763 0
vn 0.691 -0.723 0
vn 0.712 -0.702 0
vn 0.757 -0.654 0
vn 0.723 -0.691 0
vn 0.759 -0.651 0
vn 0.787 -0.617 0
vn 0.825 -0.565 0
vn 0.791 -0.611 0
vn 0.826 -0.564 0
vn 0.845 -0.535 0
vn 0.87 -0.492 0
vn 0.851 -0.525 0
vn 0.88 -0.474 0
vn -0.016 -0.954 -0.298
vn -0.122 -0.947 -0.298
vn -0.19 -0.93 -0.314
vn -0.292 -0.904 -0.314
vn -0.36 -0.876 -0.32
vn -0.456 -0.831 -0.32
vn -0.52 -0.794 -0.315
vn -0.605 -0.731 -0.315
vn -0.666 -0.682 -0.301
vn -0.734 -0.609 -0.301
vn -0.665 -0.684 -0.301
vn -0.582 -0.755 -0.301
vn -0.429 -0.847 -0.315
vn -0.581 -0.756 -0.301
vn -0.493 -0.816 -0.301
vn -0.332 -0.889 -0.315
vn -0.485 -0.821 -0.301
vn -0.42 -0.856 -0.301
vn -0.399 -0.866 -0.301
vn -0.231 -0.92 -0.315
vn -0.158 -0.934 -0.32
vn -0.053 -0.946 -0.32
vn 0.021 -0.949 -0.314
vn 0.126 -0.941 -0.314
vn 0.195 -0.934 -0.298
vn 0.298 -0.907 -0.298
vn 0.09 -0.95 -0.298
vn -0.085 -0.946 -0.314
vn -0.261 -0.911 -0.32
vn 0.95 0.09 0.298
vn 0.934 0.195 0.298
vn 0.913 0.261 0.314
vn 0.878 0.361 0.314
vn 0.846 0.427 0.32
vn 0.793 0.519 0.32
vn 0.751 0.58 0.315
vn 0.682 0.66 0.315
vn 0.554 0.776 0.301
vn 0.55 0.779 0.301
vn 0.63 0.716 0.301
vn 0.633 0.713 0.301
vn 0.707 0.64 0.301
vn 0.811 0.493 0.315
vn 0.709 0.638 0.301
vn 0.775 0.555 0.301
vn 0.861 0.4 0.315
vn 0.78 0.549 0.301
vn 0.9 0.302 0.315
vn 0.832 0.466 0.301
vn 0.919 0.23 0.32
vn 0.939 0.126 0.32
vn 0.948 0.053 0.314
vn 0.948 -0.053 0.314
vn 0.947 -0.122 0.298
vn 0.927 -0.227 0.298
vn 0.954 -0.016 0.298
vn 0.936 0.158 0.314
vn 0.888 0.331 0.32
vn 0.837 -0.548 0
vn 0.867 -0.498 0
vn 0.89 -0.456 0
vn 0.917 -0.398 0
vn 0.901 -0.433 0
vn 0.925 -0.38 0
vn 0.936 -0.352 0
vn 0.957 -0.29 0
vn 0.942 -0.337 0
vn 0.958 -0.286 0
vn 0.97 -0.243 0
vn 0.984 -0.181 0
vn 0.972 -0.237 0
vn 0.984 -0.179 0
vn 0.989 -0.145 0
vn 0.995 -0.096 0
vn 0.991 -0.134 0
vn 0.997 -0.075 0
vn 0.374 -0.878 -0.298
vn 0.274 -0.915 -0.298
vn 0.205 -0.927 -0.314
vn 0.101 -0.944 -0.314
vn 0.027 -0.947 -0.32
vn -0.078 -0.944 -0.32
vn -0.152 -0.937 -0.315
vn -0.256 -0.914 -0.315
vn -0.331 -0.894 -0.301
vn -0.423 -0.855 -0.301
vn -0.33 -0.895 -0.301
vn -0.224 -0.927 -0.301
vn -0.047 -0.948 -0.315
vn -0.223 -0.927 -0.301
vn -0.119 -0.946 -0.301
vn 0.058 -0.947 -0.315
vn -0.109 -0.947 -0.301
vn -0.035 -0.953 -0.301
vn -0.013 -0.954 -0.301
vn 0.163 -0.935 -0.315
vn 0.236 -0.918 -0.32
vn 0.337 -0.886 -0.32
vn 0.405 -0.859 -0.314
vn 0.498 -0.808 -0.314
vn 0.558 -0.774 -0.298
vn 0.641 -0.707 -0.298
vn 0.469 -0.831 -0.298
vn 0.307 -0.899 -0.314
vn 0.132 -0.938 -0.32
vn 0.831 0.469 0.298
vn 0.774 0.558 0.298
vn 0.728 0.61 0.314
vn 0.655 0.687 0.314
vn 0.599 0.734 0.32
vn 0.513 0.796 0.32
vn 0.45 0.835 0.315
vn 0.354 0.88 0.315
vn 0.19 0.934 0.301
vn 0.186 0.935 0.301
vn 0.284 0.91 0.301
vn 0.289 0.909 0.301
vn 0.386 0.872 0.301
vn 0.54 0.78 0.315
vn 0.388 0.871 0.301
vn 0.482 0.823 0.301
vn 0.624 0.715 0.315
vn 0.49 0.818 0.301
vn 0.699 0.642 0.315
vn 0.571 0.764 0.301
vn 0.746 0.584 0.32
vn 0.807 0.497 0.32
vn 0.844 0.434 0.314
vn 0.887 0.338 0.314
vn 0.914 0.274 0.298
vn 0.939 0.17 0.298
vn 0.878 0.374 0.298
vn 0.791 0.525 0.314
vn 0.677 0.663 0.32
vn 0.987 -0.16 0
vn 0.995 -0.102 0
vn 0.999 -0.055 0
vn 1 0.009 0
vn 1 -0.029 0
vn 1 0.029 0
vn 0.998 0.059 0
vn 0.992 0.125 0
vn 0.997 0.075 0
vn 0.992 0.128 0
vn 0.985 0.172 0
vn 0.972 0.235 0
vn 0.984 0.179 0
vn 0.972 0.237 0
vn 0.963 0.27 0
vn 0.948 0.317 0
vn 0.96 0.281 0
vn 0.942 0.337 0
vn 0.699 -0.651 -0.298
vn 0.622 -0.724 -0.298
vn 0.564 -0.764 -0.314
vn 0.476 -0.822 -0.314
vn 0.41 -0.854 -0.32
vn 0.313 -0.894 -0.32
vn 0.242 -0.918 -0.315
vn 0.138 -0.939 -0.315
vn 0.061 -0.952 -0.301
vn -0.038 -0.953 -0.301
vn 0.063 -0.952 -0.301
vn 0.172 -0.938 -0.301
vn 0.342 -0.885 -0.315
vn 0.173 -0.938 -0.301
vn 0.276 -0.913 -0.301
vn 0.439 -0.842 -0.315
vn 0.285 -0.91 -0.301
vn 0.356 -0.885 -0.301
vn 0.376 -0.876 -0.301
vn 0.529 -0.788 -0.315
vn 0.589 -0.742 -0.32
vn 0.668 -0.672 -0.32
vn 0.719 -0.62 -0.314
vn 0.784 -0.536 -0.314
vn 0.825 -0.48 -0.298
vn 0.873 -0.385 -0.298
vn 0.767 -0.569 -0.298
vn 0.646 -0.696 -0.314
vn 0.503 -0.803 -0.32
vn 0.569 0.767 0.298
vn 0.48 0.825 0.298
vn 0.416 0.853 0.314
vn 0.319 0.894 0.314
vn 0.248 0.914 0.32
vn 0.145 0.936 0.32
vn 0.071 0.946 0.315
vn -0.034 0.948 0.315
vn -0.206 0.931 0.301
vn -0.211 0.93 0.301
vn -0.111 0.947 0.301
vn -0.106 0.948 0.301
vn -0.002 0.954 0.301
vn 0.176 0.933 0.315
vn 0 0.954 0.301
vn 0.106 0.948 0.301
vn 0.279 0.907 0.315
vn 0.114 0.947 0.301
vn 0.378 0.871 0.315
vn 0.211 0.93 0.301
vn 0.444 0.837 0.32
vn 0.535 0.782 0.32
vn 0.595 0.74 0.314
vn 0.673 0.669 0.314
vn 0.724 0.622 0.298
vn 0.789 0.538 0.298
vn 0.651 0.699 0.298
vn 0.509 0.802 0.314
vn 0.349 0.881 0.32
vn 0.967 0.255 0
vn 0.95 0.312 0
vn 0.934 0.356 0
vn 0.91 0.415 0
vn 0.925 0.38 0
vn 0.901 0.433 0
vn 0.888 0.46 0
vn 0.856 0.518 0
vn 0.88 0.474 0
vn 0.854 0.521 0
vn 0.83 0.558 0
vn 0.792 0.61 0
vn 0.826 0.564 0
vn 0.791 0.611 0
vn 0.77 0.638 0
vn 0.737 0.676 0
vn 0.763 0.647 0
vn 0.723 0.691 0
vn 0.903 -0.31 -0.298
vn 0.863 -0.409 -0.298
vn 0.826 -0.468 -0.314
vn 0.769 -0.557 -0.314
vn 0.722 -0.613 -0.32
vn 0.649 -0.69 -0.32
vn 0.594 -0.74 -0.315
vn 0.508 -0.802 -0.315
vn 0.443 -0.845 -0.301
vn 0.353 -0.886 -0.301
vn 0.445 -0.844 -0.301
vn 0.539 -0.787 -0.301
vn 0.673 -0.669 -0.315
vn 0.54 -0.786 -0.301
vn 0.624 -0.721 -0.301
vn 0.743 -0.59 -0.315
vn 0.631 -0.715 -0.301
vn 0.685 -0.664 -0.301
vn 0.7 -0.648 -0.301
vn 0.804 -0.504 -0.315
vn 0.84 -0.439 -0.32
vn 0.883 -0.343 -0.32
vn 0.909 -0.274 -0.314
vn 0.934 -0.171 -0.314
vn 0.949 -0.103 -0.298
vn 0.954 0.003 -0.298
vn 0.932 -0.208 -0.298
vn 0.873 -0.373 -0.314
vn 0.786 -0.529 -0.32
vn 0.208 0.932 0.298
vn 0.103 0.949 0.298
vn 0.033 0.949 0.314
vn -0.072 0.947 0.314
vn -0.145 0.936 0.32
vn -0.248 0.914 0.32
vn -0.32 0.893 0.315
vn -0.417 0.852 0.315
vn -0.567 0.767 0.301
vn -0.571 0.764 0.301
vn -0.486 0.82 0.301
vn -0.482 0.823 0.301
vn -0.39 0.87 0.301
vn -0.218 0.924 0.315
vn -0.388 0.871 0.301
vn -0.289 0.909 0.301
vn -0.114 0.942 0.315
vn -0.281 0.911 0.301
vn -0.009 0.949 0.315
vn -0.186 0.935 0.301
vn 0.066 0.945 0.32
vn 0.17 0.932 0.32
vn 0.242 0.918 0.314
vn 0.343 0.885 0.314
vn 0.409 0.863 0.298
vn 0.502 0.812 0.298
vn 0.31 0.903 0.298
vn 0.139 0.939 0.314
vn -0.04 0.947 0.32
vn 0.78 0.626 0
vn 0.741 0.671 0
vn 0.709 0.705 0
vn 0.662 0.749 0
vn 0.691 0.723 0
vn 0.647 0.763 0
vn 0.624 0.781 0
vn 0.571 0.821 0
vn 0.611 0.791 0
vn 0.568 0.823 0
vn 0.531 0.847 0
vn 0.476 0.88 0
vn 0.525 0.851 0
vn 0.474 0.88 0
vn 0.444 0.896 0
vn 0.399 0.917 0
vn 0.951 0.084 -0.298
vn 0.954 -0.022 -0.298
vn 0.945 -0.091 -0.314
vn 0.929 -0.196 -0.314
vn 0.909 -0.267 -0.32
vn 0.874 -0.366 -0.32
vn 0.844 -0.434 -0.315
vn 0.79 -0.526 -0.315
vn 0.748 -0.591 -0.301
vn 0.683 -0.666 -0.301
vn 0.749 -0.59 -0.301
vn 0.812 -0.5 -0.301
vn 0.887 -0.338 -0.315
vn 0.813 -0.499 -0.301
vn 0.863 -0.405 -0.301
vn 0.919 -0.237 -0.315
vn 0.867 -0.397 -0.301
vn 0.896 -0.328 -0.301
vn 0.903 -0.307 -0.301
vn 0.94 -0.134 -0.315
vn 0.946 -0.059 -0.32
vn 0.946 0.046 -0.32
vn 0.942 0.12 -0.314
vn 0.923 0.224 -0.314
vn 0.909 0.292 -0.298
vn 0.871 0.391 -0.298
vn 0.936 0.189 -0.298
vn 0.949 0.014 -0.314
vn 0.933 -0.164 -0.32
vn -0.189 0.936 0.298
vn -0.292 0.909 0.298
vn -0.355 0.88 0.314
vn -0.451 0.835 0.314
vn -0.513 0.796 0.32
vn -0.599 0.734 0.32
vn -0.656 0.686 0.315
vn -0.728 0.609 0.315
vn -0.83 0.47 0.301
vn -0.832 0.466 0.301
vn -0.778 0.552 0.301
vn -0.775 0.555 0.301
vn -0.71 0.636 0.301
vn -0.575 0.755 0.315
vn -0.709 0.638 0.301
vn -0.633 0.713 0.301
vn -0.488 0.814 0.315
vn -0.627 0.718 0.301
vn -0.394 0.863 0.315
vn -0.55 0.779 0.301
vn -0.325 0.89 0.32
vn -0.224 0.921 0.32
vn -0.152 0.937 0.314
vn -0.047 0.948 0.314
vn 0.022 0.954 0.298
vn 0.128 0.946 0.298
vn -0.084 0.951 0.298
vn -0.255 0.915 0.314
vn -0.422 0.849 0.32
vn -0.937 -0.185 0.297
vn -0.905 -0.301 0.301
vn -0.956 -0.06 0.287
vn -0.947 0.196 0.255
vn -0.948 0.189 0.255
vn -0.88 0.427 0.207
vn -0.752 0.643 0.146
vn -0.758 0.636 0.146
vn -0.586 0.807 0.075
vn -0.684 0.714 0.146
vn -0.923 0.289 0.255
vn -0.884 0.392 0.255
vn -0.275 0.962 0
vn -0.599 0.788 0.146
vn -0.505 0.851 0.146
vn -0.182 0.98 0.075
vn -0.41 0.9 0.146
vn -0.61 0.765 0.207
vn -0.833 0.49 0.255
vn -0.774 0.579 0.255
vn -0.889 0.357 0.287
vn -0.925 0.237 0.296
vn -0.954 0.006 0.301
vn -0.433 0.901 0.001
vn 0.058 0.988 -0.146
vn -0.206 0.976 -0.075
vn 0.035 0.989 -0.145
vn 0.515 0.818 -0.255
vn 0.272 0.94 -0.206
vn 0.494 0.831 -0.255
vn 0.685 0.67 -0.287
vn 0.844 0.444 -0.301
vn 0.765 0.572 -0.296
vn 0.583 0.771 -0.255
vn 0.667 0.7 -0.255
vn 0.915 0.268 -0.301
vn 0.742 0.62 -0.255
vn 0.937 0.187 -0.296
vn 0.907 0.31 -0.287
vn 0.804 0.537 -0.255
vn 0.65 0.731 -0.207
vn 0.36 0.922 -0.146
vn 0.458 0.877 -0.146
vn 0.234 0.969 -0.075
vn 0.252 0.957 -0.146
vn -0.226 0.974 0
vn 0.142 0.979 -0.146
vn -0.781 -0.55 0.297
vn -0.704 -0.643 0.301
vn -0.849 -0.444 0.287
vn -0.945 -0.206 0.255
vn -0.943 -0.213 0.255
vn -0.978 0.032 0.207
vn -0.949 0.281 0.146
vn -0.951 0.272 0.146
vn -0.864 0.498 0.075
vn -0.916 0.374 0.146
vn -0.96 -0.111 0.255
vn -0.967 -0.001 0.255
vn -0.867 0.476 0.146
vn -0.807 0.572 0.146
vn -0.565 0.821 0.075
vn -0.741 0.656 0.146
vn -0.868 0.451 0.207
vn -0.961 0.109 0.255
vn -0.943 0.214 0.255
vn -0.957 -0.035 0.287
vn -0.942 -0.16 0.296
vn -0.765 -0.57 0.301
vn -0.762 0.647 0.001
vn -0.349 0.926 -0.146
vn -0.585 0.808 -0.075
vn -0.37 0.917 -0.145
vn 0.137 0.957 -0.255
vn -0.134 0.969 -0.206
vn 0.113 0.96 -0.255
vn 0.353 0.891 -0.287
vn 0.59 0.749 -0.301
vn 0.466 0.834 -0.296
vn 0.219 0.942 -0.255
vn 0.324 0.911 -0.255
vn 0.727 0.617 -0.301
vn 0.426 0.868 -0.255
vn 0.78 0.552 -0.296
vn 0.702 0.652 -0.287
vn 0.516 0.818 -0.255
vn 0.297 0.932 -0.207
vn -0.046 0.988 -0.146
vn 0.061 0.987 -0.146
vn -0.181 0.981 -0.075
vn -0.531 0.847 0
vn -0.159 0.977 -0.146
vn -0.269 0.952 -0.146
vn -0.489 -0.82 0.297
vn -0.382 -0.874 0.301
vn -0.595 -0.751 0.287
vn -0.779 -0.573 0.255
vn -0.775 -0.578 0.255
vn -0.906 -0.369 0.207
vn -0.981 -0.129 0.146
vn -0.98 -0.138 0.146
vn -0.992 0.104 0.075
vn -0.989 -0.031 0.146
vn -0.832 -0.492 0.255
vn -0.883 -0.394 0.255
vn -0.986 0.082 0.146
vn -0.97 0.194 0.146
vn -0.851 0.52 0.075
vn -0.943 0.298 0.146
vn -0.977 0.058 0.207
vn -0.922 -0.291 0.255
vn -0.948 -0.188 0.255
vn -0.86 -0.421 0.287
vn -0.795 -0.529 0.296
vn -0.96 0.281 0.001
vn -0.695 0.704 -0.146
vn -0.863 0.5 -0.075
vn -0.712 0.688 -0.145
vn -0.264 0.93 -0.255
vn -0.517 0.831 -0.206
vn -0.287 0.923 -0.255
vn -0.04 0.957 -0.287
vn 0.235 0.924 -0.301
vn 0.086 0.951 -0.296
vn -0.183 0.949 -0.255
vn -0.074 0.964 -0.255
vn 0.413 0.859 -0.301
vn 0.036 0.966 -0.255
vn 0.488 0.821 -0.296
vn 0.377 0.881 -0.287
vn 0.139 0.957 -0.255
vn -0.108 0.972 -0.207
vn -0.444 0.884 -0.146
vn -0.346 0.927 -0.146
vn -0.564 0.822 -0.075
vn -0.542 0.828 -0.146
vn -0.875 0.484 0
vn -0.633 0.761 -0.146
vn -0.924 0.381 0
vn -0.114 -0.948 0.297
vn 0.007 -0.954 0.301
vn -0.238 -0.928 0.287
vn -0.479 -0.84 0.255
vn -0.473 -0.843 0.255
vn -0.678 -0.705 0.207
vn -0.844 -0.517 0.146
vn -0.839 -0.524 0.146
vn -0.948 -0.308 0.075
vn -0.891 -0.43 0.146
vn -0.56 -0.788 0.255
vn -0.646 -0.719 0.255
vn -0.934 -0.326 0.146
vn -0.965 -0.218 0.146
vn -0.989 0.129 0.075
vn -0.983 -0.112 0.146
vn -0.916 -0.344 0.207
vn -0.724 -0.641 0.255
vn -0.79 -0.557 0.255
vn -0.615 -0.735 0.287
vn -0.511 -0.807 0.296
vn -0.088 -0.95 0.301
vn -0.991 -0.134 0.001
vn -0.921 0.36 -0.146
vn -0.992 0.106 -0.075
vn -0.93 0.339 -0.145
vn -0.619 0.743 -0.255
vn -0.81 0.549 -0.206
vn -0.638 0.727 -0.255
vn -0.426 0.858 -0.287
vn -0.162 0.94 -0.301
vn -0.308 0.904 -0.296
vn -0.554 0.793 -0.255
vn -0.46 0.851 -0.255
vn 0.028 0.953 -0.301
vn -0.36 0.897 -0.255
vn 0.112 0.949 -0.296
vn -0.014 0.958 -0.287
vn -0.262 0.931 -0.255
vn -0.494 0.844 -0.207
vn -0.765 0.627 -0.146
vn -0.693 0.706 -0.146
vn -0.85 0.522 -0.075
vn -0.832 0.536 -0.146
vn -0.996 0.086 0
vn -0.887 0.437 -0.146
vn 0.4 -0.866 0.301
vn 0.282 -0.912 0.297
vn 0.394 -0.868 0.301
vn 0.16 -0.944 0.287
vn -0.096 -0.962 0.255
vn -0.089 -0.963 0.255
vn -0.333 -0.92 0.207
vn -0.56 -0.815 0.146
vn -0.553 -0.82 0.146
vn -0.741 -0.667 0.075
vn -0.639 -0.755 0.146
vn -0.191 -0.948 0.255
vn -0.298 -0.92 0.255
vn -0.721 -0.678 0.146
vn -0.793 -0.591 0.146
vn -0.956 -0.284 0.075
vn -0.853 -0.502 0.146
vn -0.697 -0.687 0.207
vn -0.4 -0.88 0.255
vn -0.495 -0.831 0.255
vn -0.263 -0.921 0.287
vn -0.139 -0.945 0.296
vn 0.305 -0.903 0.301
vn -0.862 -0.507 0
vn -0.851 -0.525 0.001
vn -0.988 -0.046 -0.146
vn -0.949 -0.307 -0.075
vn -0.987 -0.069 -0.145
vn -0.868 0.426 -0.255
vn -0.963 0.172 -0.206
vn -0.878 0.405 -0.255
vn -0.738 0.611 -0.287
vn -0.53 0.793 -0.301
vn -0.649 0.7 -0.296
vn -0.828 0.499 -0.255
vn -0.766 0.59 -0.255
vn -0.362 0.882 -0.301
vn -0.694 0.673 -0.255
vn -0.284 0.912 -0.296
vn -0.403 0.869 -0.287
vn -0.618 0.744 -0.255
vn -0.795 0.57 -0.207
vn -0.954 0.261 -0.146
vn -0.92 0.363 -0.146
vn -0.989 0.131 -0.075
vn -0.978 0.151 -0.146
vn -0.945 -0.327 0
vn -0.989 0.039 -0.146
vn 0.629 -0.719 0.297
vn 0.713 -0.633 0.301
vn 0.53 -0.798 0.287
vn 0.304 -0.918 0.255
vn 0.311 -0.916 0.255
vn 0.07 -0.976 0.207
vn -0.18 -0.973 0.146
vn -0.172 -0.974 0.146
vn -0.405 -0.911 0.075
vn -0.276 -0.95 0.146
vn 0.211 -0.944 0.255
vn 0.102 -0.961 0.255
vn -0.695 -0.719 0
vn -0.383 -0.912 0.146
vn -0.484 -0.863 0.146
vn -0.758 -0.648 0.075
vn -0.575 -0.805 0.146
vn -0.357 -0.911 0.207
vn -0.008 -0.967 0.255
vn -0.114 -0.96 0.255
vn 0.135 -0.948 0.287
vn 0.257 -0.92 0.296
vn -0.564 -0.826 0.001
vn -0.884 -0.444 -0.146
vn -0.742 -0.666 -0.075
vn -0.874 -0.464 -0.145
vn -0.966 0.037 -0.255
vn -0.95 -0.235 -0.206
vn -0.967 0.012 -0.255
vn -0.923 0.258 -0.287
vn -0.807 0.509 -0.301
vn -0.878 0.376 -0.296
vn -0.959 0.119 -0.255
vn -0.94 0.227 -0.255
vn -0.69 0.659 -0.301
vn -0.908 0.333 -0.255
vn -0.63 0.718 -0.296
vn -0.721 0.63 -0.287
vn -0.867 0.428 -0.255
vn -0.958 0.198 -0.207
vn -0.978 -0.149 -0.146
vn -0.988 -0.042 -0.146
vn -0.956 -0.282 -0.075
vn -0.955 -0.26 -0.146
vn -0.731 -0.683 0
vn -0.919 -0.367 -0.146
vn -0.648 -0.761 0
vn -0.647 -0.762 0
vn 0.867 -0.401 0.297
vn 0.909 -0.288 0.301
vn 0.809 -0.513 0.287
vn 0.651 -0.715 0.255
vn 0.656 -0.71 0.255
vn 0.461 -0.863 0.207
vn 0.231 -0.962 0.146
vn 0.24 -0.96 0.146
vn 0 -0.997 0.075
vn 0.134 -0.98 0.146
vn 0.577 -0.776 0.255
vn 0.484 -0.837 0.255
vn 0.021 -0.989 0.146
vn -0.091 -0.985 0.146
vn -0.429 -0.9 0.075
vn -0.198 -0.969 0.146
vn 0.044 -0.977 0.207
vn 0.386 -0.886 0.255
vn 0.286 -0.924 0.255
vn 0.509 -0.812 0.287
vn 0.609 -0.735 0.296
vn -0.2 -0.98 0
vn -0.179 -0.984 0.001
vn -0.627 -0.765 -0.146
vn -0.407 -0.91 -0.075
vn -0.609 -0.779 -0.145
vn -0.898 -0.359 -0.255
vn -0.772 -0.601 -0.206
vn -0.888 -0.382 -0.255
vn -0.948 -0.14 -0.287
vn -0.944 0.137 -0.301
vn -0.955 -0.014 -0.296
vn -0.925 -0.282 -0.255
vn -0.951 -0.174 -0.255
vn -0.898 0.321 -0.301
vn -0.965 -0.065 -0.255
vn -0.868 0.399 -0.296
vn -0.915 0.282 -0.287
vn -0.966 0.038 -0.255
vn -0.956 -0.209 -0.207
vn -0.833 -0.534 -0.146
vn -0.886 -0.441 -0.146
vn -0.759 -0.647 -0.075
vn -0.766 -0.626 -0.146
vn -0.39 -0.921 0
vn -0.69 -0.709 -0.146
vn 0.955 -0.014 0.297
vn 0.948 0.106 0.301
vn 0.948 -0.14 0.287
vn 0.885 -0.388 0.255
vn 0.888 -0.382 0.255
vn 0.772 -0.601 0.207
vn 0.602 -0.785 0.146
vn 0.609 -0.779 0.146
vn 0.406 -0.911 0.075
vn 0.521 -0.841 0.146
vn 0.842 -0.475 0.255
vn 0.783 -0.567 0.255
vn 0.422 -0.895 0.146
vn 0.317 -0.937 0.146
vn -0.025 -0.997 0.075
vn 0.214 -0.966 0.146
vn 0.438 -0.875 0.207
vn 0.713 -0.653 0.255
vn 0.637 -0.727 0.255
vn 0.795 -0.534 0.287
vn 0.856 -0.424 0.296
vn 0.236 -0.972 0.001
vn -0.262 -0.954 -0.146
vn -0.001 -0.997 -0.075
vn -0.24 -0.96 -0.145
vn -0.674 -0.693 -0.255
vn -0.461 -0.863 -0.206
vn -0.656 -0.71 -0.255
vn -0.809 -0.513 -0.287
vn -0.918 -0.259 -0.301
vn -0.867 -0.401 -0.296
vn -0.73 -0.633 -0.255
vn -0.798 -0.546 -0.255
vn -0.951 -0.072 -0.301
vn -0.855 -0.452 -0.255
vn -0.955 0.012 -0.296
vn -0.951 -0.114 -0.287
vn -0.898 -0.358 -0.255
vn -0.788 -0.58 -0.207
vn -0.543 -0.827 -0.146
vn -0.63 -0.763 -0.146
vn -0.43 -0.9 -0.075
vn -0.446 -0.883 -0.146
vn 0.018 -1 0
vn -0.342 -0.928 -0.146
vn 0.878 0.376 0.297
vn 0.823 0.483 0.301
vn 0.923 0.258 0.287
vn 0.967 0.005 0.255
vn 0.967 0.012 0.255
vn 0.95 -0.235 0.207
vn 0.869 -0.472 0.146
vn 0.874 -0.464 0.146
vn 0.741 -0.667 0.075
vn 0.818 -0.556 0.146
vn 0.963 -0.091 0.255
vn 0.946 -0.2 0.255
vn 0.468 -0.883 0
vn 0.749 -0.646 0.146
vn 0.671 -0.727 0.146
vn 0.257 -0.967 0
vn 0.382 -0.921 0.075
vn 0.588 -0.795 0.146
vn 0.756 -0.621 0.207
vn 0.917 -0.306 0.255
vn 0.878 -0.406 0.255
vn 0.944 -0.165 0.287
vn 0.954 -0.039 0.296
vn 0.611 -0.791 0.001
vn 0.149 -0.978 -0.146
vn 0.404 -0.912 -0.075
vn 0.172 -0.974 -0.145
vn -0.333 -0.908 -0.255
vn -0.07 -0.976 -0.206
vn -0.311 -0.916 -0.255
vn -0.53 -0.798 -0.287
vn -0.733 -0.61 -0.301
vn -0.629 -0.719 -0.296
vn -0.41 -0.876 -0.255
vn -0.507 -0.823 -0.255
vn -0.84 -0.452 -0.301
vn -0.597 -0.76 -0.255
vn -0.877 -0.378 -0.296
vn -0.822 -0.491 -0.287
vn -0.675 -0.692 -0.255
vn -0.484 -0.85 -0.207
vn -0.16 -0.976 -0.146
vn -0.265 -0.953 -0.146
vn -0.027 -0.997 -0.075
vn -0.048 -0.988 -0.146
vn 0.424 -0.906 0
vn 0.065 -0.987 -0.146
vn 0.649 0.7 0.297
vn 0.555 0.775 0.301
vn 0.738 0.611 0.287
vn 0.881 0.398 0.255
vn 0.878 0.405 0.255
vn 0.963 0.172 0.207
vn 0.986 -0.078 0.146
vn 0.987 -0.069 0.146
vn 0.948 -0.308 0.075
vn 0.974 -0.176 0.146
vn 0.916 0.308 0.255
vn 0.945 0.202 0.255
vn 0.947 -0.285 0.146
vn 0.909 -0.391 0.146
vn 0.724 -0.686 0.075
vn 0.861 -0.487 0.146
vn 0.943 -0.26 0.207
vn 0.962 0.093 0.255
vn 0.967 -0.013 0.255
vn 0.929 0.233 0.287
vn 0.888 0.352 0.296
vn 0.87 -0.493 0
vn 0.88 -0.474 0.001
vn 0.534 -0.833 -0.146
vn 0.74 -0.668 -0.075
vn 0.553 -0.82 -0.145
vn 0.065 -0.965 -0.255
vn 0.333 -0.92 -0.206
vn 0.089 -0.963 -0.255
vn -0.16 -0.944 -0.287
vn -0.422 -0.855 -0.301
vn -0.282 -0.912 -0.296
vn -0.018 -0.967 -0.255
vn -0.128 -0.958 -0.255
vn -0.583 -0.755 -0.301
vn -0.236 -0.938 -0.255
vn -0.648 -0.702 -0.296
vn -0.551 -0.783 -0.287
vn -0.335 -0.907 -0.255
vn -0.097 -0.974 -0.207
vn 0.251 -0.957 -0.146
vn 0.145 -0.979 -0.146
vn 0.381 -0.922 -0.075
vn 0.358 -0.922 -0.146
vn 0.755 -0.655 0
vn 0.461 -0.875 -0.146
vn 0.308 0.904 0.297
vn 0.192 0.934 0.301
vn 0.426 0.858 0.287
vn 0.643 0.722 0.255
vn 0.638 0.727 0.255
vn 0.81 0.549 0.207
vn 0.933 0.33 0.146
vn 0.93 0.339 0.146
vn 0.992 0.105 0.075
vn 0.961 0.236 0.146
vn 0.712 0.654 0.255
vn 0.782 0.569 0.255
vn 0.981 0.125 0.146
vn 0.989 0.012 0.146
vn 0.94 -0.332 0.075
vn 0.985 -0.095 0.146
vn 0.967 0.146 0.207
vn 0.841 0.477 0.255
vn 0.889 0.381 0.255
vn 0.754 0.591 0.287
vn 0.668 0.683 0.296
vn 0.489 0.818 0.301
vn 0.997 -0.075 0.001
vn 0.826 -0.544 -0.146
vn 0.948 -0.31 -0.075
vn 0.839 -0.525 -0.145
vn 0.451 -0.855 -0.255
vn 0.678 -0.705 -0.206
vn 0.473 -0.844 -0.255
vn 0.238 -0.928 -0.287
vn -0.037 -0.953 -0.301
vn 0.113 -0.948 -0.296
vn 0.377 -0.89 -0.255
vn 0.273 -0.928 -0.255
vn -0.226 -0.927 -0.301
vn 0.166 -0.953 -0.255
vn -0.306 -0.905 -0.296
vn -0.185 -0.94 -0.287
vn 0.063 -0.965 -0.255
vn 0.308 -0.929 -0.207
vn 0.618 -0.772 -0.146
vn 0.531 -0.835 -0.146
vn 0.723 -0.687 -0.075
vn 0.702 -0.697 -0.146
vn 0.957 -0.291 0
vn 0.777 -0.612 -0.146
vn -0.086 0.951 0.297
vn -0.205 0.931 0.301
vn 0.04 0.957 0.287
vn 0.294 0.921 0.255
vn 0.287 0.923 0.255
vn 0.517 0.831 0.207
vn 0.718 0.681 0.146
vn 0.711 0.687 0.146
vn 0.863 0.499 0.075
vn 0.782 0.606 0.146
vn 0.384 0.887 0.255
vn 0.482 0.838 0.255
vn 0.985 0.173 0
vn 0.846 0.513 0.146
vn 0.899 0.414 0.146
vn 0.994 0.079 0.075
vn 0.938 0.314 0.146
vn 0.824 0.527 0.207
vn 0.575 0.778 0.255
vn 0.657 0.709 0.255
vn 0.448 0.847 0.287
vn 0.332 0.895 0.296
vn 0.942 0.337 0.001
vn 0.976 -0.161 -0.146
vn 0.992 0.103 -0.075
vn 0.98 -0.138 -0.145
vn 0.76 -0.598 -0.255
vn 0.907 -0.368 -0.206
vn 0.775 -0.578 -0.255
vn 0.595 -0.751 -0.287
vn 0.489 -0.82 -0.296
vn 0.706 -0.66 -0.255
vn 0.627 -0.736 -0.255
vn 0.171 -0.938 -0.301
vn 0.539 -0.803 -0.255
vn 0.088 -0.951 -0.296
vn 0.213 -0.934 -0.287
vn 0.45 -0.856 -0.255
vn 0.659 -0.723 -0.207
vn 0.879 -0.454 -0.146
vn 0.824 -0.547 -0.146
vn 0.94 -0.334 -0.075
vn 0.925 -0.351 -0.146
vn 0.992 0.123 0
vn 0.959 -0.243 -0.146
vn 0.972 0.236 0
vn -0.466 0.834 0.297
vn -0.566 0.768 0.301
vn -0.353 0.891 0.287
vn -0.106 0.961 0.255
vn -0.113 0.96 0.255
vn 0.134 0.969 0.207
vn 0.379 0.914 0.146
vn 0.37 0.917 0.146
vn 0.586 0.807 0.075
vn 0.468 0.872 0.146
vn -0.01 0.967 0.255
vn 0.1 0.962 0.255
vn 0.564 0.813 0.146
vn 0.653 0.743 0.146
vn 0.876 0.476 0.075
vn 0.73 0.668 0.146
vn 0.539 0.817 0.207
vn 0.209 0.944 0.255
vn 0.312 0.915 0.255
vn 0.065 0.956 0.287
vn -0.061 0.953 0.296
vn -0.487 0.82 0.301
vn 0.737 0.675 0
vn 0.723 0.691 0.001
vn 0.957 0.25 -0.146
vn 0.864 0.497 -0.075
vn 0.951 0.272 -0.145
vn 0.937 -0.237 -0.255
vn 0.978 0.032 -0.206
vn 0.943 -0.213 -0.255
vn 0.849 -0.444 -0.287
vn 0.683 -0.665 -0.301
vn 0.781 -0.55 -0.296
vn 0.914 -0.316 -0.255
vn 0.872 -0.418 -0.255
vn 0.538 -0.788 -0.301
vn 0.819 -0.514 -0.255
vn 0.467 -0.833 -0.296
vn 0.575 -0.767 -0.287
vn 0.759 -0.599 -0.255
vn 0.896 -0.393 -0.207
vn 0.988 -0.057 -0.146
vn 0.976 -0.164 -0.146
vn 0.994 0.077 -0.075
vn 0.988 0.056 -0.146
vn 0.857 0.516 0
vn 0.975 0.168 -0.146
vn -0.764 0.572 0.297
vn -0.829 0.471 0.301
vn -0.684 0.67 0.287
vn -0.488 0.835 0.255
vn -0.494 0.831 0.255
vn -0.272 0.94 0.207
vn -0.026 0.989 0.146
vn -0.035 0.989 0.146
vn 0.207 0.975 0.075
vn 0.073 0.987 0.146
vn -0.403 0.879 0.255
vn -0.3 0.919 0.255
vn 0.185 0.972 0.146
vn 0.294 0.945 0.146
vn 0.607 0.792 0.075
vn 0.395 0.907 0.146
vn 0.16 0.965 0.207
vn -0.193 0.947 0.255
vn -0.088 0.963 0.255
vn -0.329 0.9 0.287
vn -0.443 0.846 0.296
vn -0.778 0.551 0.301
vn 0.38 0.925 0.001
vn 0.773 0.618 -0.146
vn 0.587 0.806 -0.075
vn 0.758 0.636 -0.145
vn 0.953 0.165 -0.255
vn 0.88 0.427 -0.206
vn 0.948 0.189 -0.255
vn 0.956 -0.061 -0.287
vn 0.895 -0.33 -0.301
vn 0.937 -0.185 -0.296
vn 0.963 0.083 -0.255
vn 0.966 -0.027 -0.255
vn 0.812 -0.501 -0.301
vn 0.957 -0.137 -0.255
vn 0.766 -0.571 -0.296
vn 0.837 -0.467 -0.287
vn 0.937 -0.238 -0.255
vn 0.978 0.006 -0.207
vn 0.926 0.349 -0.146
vn 0.958 0.247 -0.146
vn 0.877 0.475 -0.075
vn 0.88 0.453 -0.146
vn 0.573 0.82 0
vn 0.822 0.55 -0.146
vn 0.983 -0.184 0
vn 0.932 -0.361 0
vn 0.85 -0.526 0
vn 0.739 -0.674 0
vn 0.603 -0.798 0
vn 0.274 -0.962 0
vn 0.092 -0.996 0
vn -0.092 -0.996 0
vn -0.274 -0.962 0
vn -0.446 -0.895 0
vn -0.603 -0.798 0
vn -0.739 -0.674 0
vn -0.85 -0.526 0
vn -0.932 -0.361 0
vn -0.983 -0.184 0
vn 0.977 -0.212 0
vn 0.91 -0.414 0
vn 0.802 -0.598 0
vn 0.657 -0.754 0
vn 0.482 -0.876 0
vn 0.286 -0.958 0
vn 0 -1 0
vn 0.704 -0.067 0.707
vn 0.695 -0.13 0.707
vn 0.678 -0.199 0.707
vn 0.659 -0.255 0.707
vn 0.629 -0.324 0.707
vn 0.601 -0.372 0.707
vn 0.556 -0.437 0.707
vn 0.523 -0.476 0.707
vn 0.463 -0.534 0.707
vn 0.426 -0.564 0.707
vn 0.354 -0.612 0.707
vn 0.315 -0.633 0.707
vn 0.231 -0.668 0.707
vn 0.194 -0.68 0.707
vn 0.101 -0.7 0.707
vn 0.065 -0.704 0.707
vn -0.034 -0.706 0.707
vn -0.065 -0.704 0.707
vn -0.167 -0.687 0.707
vn -0.194 -0.68 0.707
vn -0.294 -0.643 0.707
vn -0.315 -0.633 0.707
vn -0.41 -0.576 0.707
vn -0.426 -0.564 0.707
vn -0.512 -0.488 0.707
vn -0.523 -0.476 0.707
vn -0.595 -0.382 0.707
vn -0.601 -0.372 0.707
vn -0.656 -0.263 0.707
vn -0.659 -0.255 0.707
vn -0.678 -0.199 0.707
vn -0.695 -0.13 0.707
vn -0.694 -0.134 0.707
vn -0.704 -0.067 0.707
vn 0.691 -0.15 0.707
vn 0.644 -0.293 0.707
vn 0.643 -0.293 0.707
vn 0.567 -0.423 0.707
vn 0.465 -0.533 0.707
vn 0.464 -0.534 0.707
vn 0.341 -0.619 0.707
vn 0.34 -0.62 0.707
vn 0.202 -0.678 0.707
vn 0.201 -0.678 0.707
vn -0.695 -0.13 -0.707
vn -0.659 -0.255 -0.707
vn -0.601 -0.372 -0.707
vn -0.523 -0.476 -0.707
vn -0.426 -0.564 -0.707
vn -0.315 -0.633 -0.707
vn -0.194 -0.68 -0.707
vn -0.065 -0.704 -0.707
vn 0.065 -0.704 -0.707
vn 0.194 -0.68 -0.707
vn 0.315 -0.633 -0.707
vn 0.426 -0.564 -0.707
vn 0.523 -0.476 -0.707
vn 0.601 -0.372 -0.707
vn 0.659 -0.255 -0.707
vn 0.695 -0.13 -0.707
vn -0.691 -0.15 -0.707
vn -0.644 -0.293 -0.707
vn -0.643 -0.293 -0.707
vn -0.567 -0.423 -0.707
vn -0.465 -0.533 -0.707
vn -0.464 -0.534 -0.707
vn -0.341 -0.619 -0.707
vn -0.34 -0.62 -0.707
vn -0.202 -0.678 -0.707
vn -0.201 -0.678 -0.707
vn -0.092 0.009 0.996
vn -0.091 0.017 0.996
vn -0.089 0.026 0.996
vn -0.086 0.034 0.996
vn -0.082 0.042 0.996
vn -0.078 0.05 0.996
vn -0.073 0.057 0.996
vn -0.067 0.064 0.996
vn -0.06 0.07 0.996
vn -0.054 0.075 0.996
vn -0.046 0.08 0.996
vn -0.038 0.084 0.996
vn -0.03 0.087 0.996
vn -0.022 0.09 0.996
vn -0.013 0.091 0.996
vn -0.004 0.092 0.996
vn 0.004 0.092 0.996
vn 0.013 0.091 0.996
vn 0.022 0.09 0.996
vn 0.03 0.087 0.996
vn 0.038 0.084 0.996
vn 0.046 0.08 0.996
vn 0.054 0.075 0.996
vn 0.06 0.07 0.996
vn 0.067 0.064 0.996
vn 0.073 0.057 0.996
vn 0.078 0.05 0.996
vn 0.082 0.042 0.996
vn 0.086 0.034 0.996
vn 0.089 0.026 0.996
vn 0.091 0.017 0.996
vn 0.092 0.009 0.996
vn -0.444 0.042 0.895
vn -0.438 0.084 0.895
vn -0.428 0.126 0.895
vn -0.414 0.166 0.895
vn -0.396 0.204 0.895
vn -0.375 0.241 0.895
vn -0.35 0.276 0.895
vn -0.323 0.308 0.895
vn -0.292 0.337 0.895
vn -0.259 0.363 0.895
vn -0.223 0.386 0.895
vn -0.185 0.405 0.895
vn -0.146 0.421 0.895
vn -0.105 0.433 0.895
vn -0.063 0.441 0.895
vn -0.021 0.445 0.895
vn 0.021 0.445 0.895
vn 0.063 0.441 0.895
vn 0.105 0.433 0.895
vn 0.146 0.421 0.895
vn 0.185 0.405 0.895
vn 0.223 0.386 0.895
vn 0.259 0.363 0.895
vn 0.292 0.337 0.895
vn 0.323 0.308 0.895
vn 0.35 0.276 0.895
vn 0.375 0.241 0.895
vn 0.396 0.204 0.895
vn 0.414 0.166 0.895
vn 0.428 0.126 0.895
vn 0.438 0.084 0.895
vn 0.444 0.042 0.895
vn -0.736 0.07 0.674
vn -0.928 0.089 0.361
vn -0.916 0.176 0.361
vn -0.895 0.263 0.361
vn -0.866 0.347 0.361
vn -0.829 0.427 0.361
vn -0.784 0.504 0.361
vn -0.733 0.576 0.361
vn -0.675 0.643 0.361
vn -0.611 0.705 0.361
vn -0.541 0.76 0.361
vn -0.466 0.808 0.361
vn -0.387 0.848 0.361
vn -0.305 0.881 0.361
vn -0.22 0.906 0.361
vn -0.133 0.923 0.361
vn -0.044 0.931 0.361
vn 0.044 0.931 0.361
vn 0.133 0.923 0.361
vn 0.22 0.906 0.361
vn 0.305 0.881 0.361
vn 0.387 0.848 0.361
vn 0.466 0.808 0.361
vn 0.541 0.76 0.361
vn 0.611 0.705 0.361
vn 0.675 0.643 0.361
vn 0.733 0.576 0.361
vn 0.784 0.504 0.361
vn 0.829 0.427 0.361
vn 0.866 0.347 0.361
vn 0.895 0.263 0.361
vn 0.916 0.176 0.361
vn 0.928 0.089 0.361
vn 0.736 0.07 0.674
vn -0.726 0.14 0.674
vn -0.709 0.208 0.674
vn -0.686 0.275 0.674
vn -0.657 0.339 0.674
vn -0.622 0.4 0.674
vn -0.581 0.457 0.674
vn -0.535 0.51 0.674
vn -0.484 0.559 0.674
vn -0.429 0.602 0.674
vn -0.37 0.64 0.674
vn -0.307 0.672 0.674
vn -0.242 0.698 0.674
vn -0.174 0.718 0.674
vn -0.105 0.731 0.674
vn -0.035 0.738 0.674
vn 0.035 0.738 0.674
vn 0.105 0.731 0.674
vn 0.174 0.718 0.674
vn 0.242 0.698 0.674
vn 0.307 0.672 0.674
vn 0.37 0.64 0.674
vn 0.429 0.602 0.674
vn 0.484 0.559 0.674
vn 0.535 0.51 0.674
vn 0.581 0.457 0.674
vn 0.622 0.4 0.674
vn 0.657 0.339 0.674
vn 0.686 0.275 0.674
vn 0.709 0.208 0.674
vn 0.726 0.14 0.674
vn -0.846 -0.081 0.526
vn -0.835 -0.161 0.526
vn -0.816 -0.24 0.526
vn -0.789 -0.316 0.526
vn -0.715 -0.46 0.526
vn -0.615 -0.587 0.526
vn -0.493 -0.693 0.526
vn -0.353 -0.773 0.526
vn -0.2 -0.826 0.526
vn -0.04 -0.849 0.526
vn 0.121 -0.842 0.526
vn 0.278 -0.803 0.526
vn 0.425 -0.736 0.526
vn 0.557 -0.643 0.526
vn 0.668 -0.526 0.526
vn 0.756 -0.39 0.526
vn 0.816 -0.24 0.526
vn 0.846 -0.081 0.526
vn -0.979 -0.093 0.184
vn -0.965 -0.186 0.184
vn -0.943 -0.277 0.184
vn -0.913 -0.365 0.184
vn -0.827 -0.531 0.184
vn -0.711 -0.678 0.184
vn -0.57 -0.801 0.184
vn -0.408 -0.894 0.184
vn -0.232 -0.955 0.184
vn -0.047 -0.982 0.184
vn 0.14 -0.973 0.184
vn 0.321 -0.929 0.184
vn 0.491 -0.851 0.184
vn 0.644 -0.743 0.184
vn 0.773 -0.608 0.184
vn 0.874 -0.45 0.184
vn 0.943 -0.277 0.184
vn 0.979 -0.093 0.184
vn -0.928 0.089 -0.361
vn -0.916 0.176 -0.361
vn -0.895 0.263 -0.361
vn -0.866 0.347 -0.361
vn -0.829 0.427 -0.361
vn -0.784 0.504 -0.361
vn -0.733 0.576 -0.361
vn -0.675 0.643 -0.361
vn -0.611 0.705 -0.361
vn -0.541 0.76 -0.361
vn -0.466 0.808 -0.361
vn -0.387 0.848 -0.361
vn -0.305 0.881 -0.361
vn -0.22 0.906 -0.361
vn -0.133 0.923 -0.361
vn -0.044 0.931 -0.361
vn 0.044 0.931 -0.361
vn 0.133 0.923 -0.361
vn 0.22 0.906 -0.361
vn 0.305 0.881 -0.361
vn 0.387 0.848 -0.361
vn 0.466 0.808 -0.361
vn 0.541 0.76 -0.361
vn 0.611 0.705 -0.361
vn 0.675 0.643 -0.361
vn 0.733 0.576 -0.361
vn 0.784 0.504 -0.361
vn 0.829 0.427 -0.361
vn 0.866 0.347 -0.361
vn 0.895 0.263 -0.361
vn 0.916 0.176 -0.361
vn 0.928 0.089 -0.361
vn -0.736 0.07 -0.674
vn -0.444 0.042 -0.895
vn -0.092 0.009 -0.996
vn -0.091 0.017 -0.996
vn -0.438 0.084 -0.895
vn -0.428 0.126 -0.895
vn -0.709 0.208 -0.674
vn -0.686 0.275 -0.674
vn -0.089 0.026 -0.996
vn -0.414 0.166 -0.895
vn -0.657 0.339 -0.674
vn -0.086 0.034 -0.996
vn -0.396 0.204 -0.895
vn -0.622 0.4 -0.674
vn -0.082 0.042 -0.996
vn -0.375 0.241 -0.895
vn -0.581 0.457 -0.674
vn -0.078 0.05 -0.996
vn -0.35 0.276 -0.895
vn -0.535 0.51 -0.674
vn -0.073 0.057 -0.996
vn -0.323 0.308 -0.895
vn -0.484 0.559 -0.674
vn -0.067 0.064 -0.996
vn -0.292 0.337 -0.895
vn -0.429 0.602 -0.674
vn -0.06 0.07 -0.996
vn -0.259 0.363 -0.895
vn -0.37 0.64 -0.674
vn -0.054 0.075 -0.996
vn -0.223 0.386 -0.895
vn -0.307 0.672 -0.674
vn -0.046 0.08 -0.996
vn -0.185 0.405 -0.895
vn -0.242 0.698 -0.674
vn -0.038 0.084 -0.996
vn -0.146 0.421 -0.895
vn -0.174 0.718 -0.674
vn -0.03 0.087 -0.996
vn -0.105 0.433 -0.895
vn -0.105 0.731 -0.674
vn -0.022 0.09 -0.996
vn -0.063 0.441 -0.895
vn -0.035 0.738 -0.674
vn -0.013 0.091 -0.996
vn -0.021 0.445 -0.895
vn 0.035 0.738 -0.674
vn -0.004 0.092 -0.996
vn 0.021 0.445 -0.895
vn 0.105 0.731 -0.674
vn 0.004 0.092 -0.996
vn 0.063 0.441 -0.895
vn 0.174 0.718 -0.674
vn 0.013 0.091 -0.996
vn 0.105 0.433 -0.895
vn 0.242 0.698 -0.674
vn 0.022 0.09 -0.996
vn 0.146 0.421 -0.895
vn 0.307 0.672 -0.674
vn 0.03 0.087 -0.996
vn 0.185 0.405 -0.895
vn 0.37 0.64 -0.674
vn 0.038 0.084 -0.996
vn 0.223 0.386 -0.895
vn 0.429 0.602 -0.674
vn 0.046 0.08 -0.996
vn 0.259 0.363 -0.895
vn 0.484 0.559 -0.674
vn 0.054 0.075 -0.996
vn 0.292 0.337 -0.895
vn 0.535 0.51 -0.674
vn 0.06 0.07 -0.996
vn 0.323 0.308 -0.895
vn 0.581 0.457 -0.674
vn 0.067 0.064 -0.996
vn 0.35 0.276 -0.895
vn 0.622 0.4 -0.674
vn 0.073 0.057 -0.996
vn 0.375 0.241 -0.895
vn 0.657 0.339 -0.674
vn 0.078 0.05 -0.996
vn 0.396 0.204 -0.895
vn 0.686 0.275 -0.674
vn 0.082 0.042 -0.996
vn 0.414 0.166 -0.895
vn 0.709 0.208 -0.674
vn 0.086 0.034 -0.996
vn 0.428 0.126 -0.895
vn 0.726 0.14 -0.674
vn 0.089 0.026 -0.996
vn 0.438 0.084 -0.895
vn 0.736 0.07 -0.674
vn 0.091 0.017 -0.996
vn 0.444 0.042 -0.895
vn 0.092 0.009 -0.996
vn -0.726 0.14 -0.674
g 123-340-515_1
usemtl 123-340-515_color_1
f 1//1 2//2 3//3
f 3//3 2//2 4//2
f 3//3 4//2 5//4
f 5//4 4//2 6//2
f 5//4 6//2 7//5
f 7//5 6//2 8//2
f 7//5 8//2 9//6
f 9//6 8//2 10//2
f 9//6 10//2 11//7
f 11//7 10//2 12//2
f 11//7 12//2 13//8
f 13//8 12//2 14//2
f 13//8 14//2 15//9
f 15//9 14//2 16//2
f 15//9 16//2 17//10
f 17//10 16//2 18//2
f 17//10 18//2 19//11
f 19//11 18//2 20//2
f 19//11 20//2 21//12
f 21//12 20//2 22//2
f 21//12 22//2 23//13
f 23//13 22//2 24//2
f 23//13 24//2 25//14
f 25//14 24//2 26//2
f 25//14 26//2 27//15
f 27//15 26//2 28//2
f 27//15 28//2 29//16
f 29//16 28//2 30//2
f 29//16 30//2 31//17
f 31//17 30//2 32//2
f 31//17 32//2 33//18
f 33//18 32//2 34//2
f 33//18 34//2 35//19
f 35//19 34//2 36//2
f 35//19 36//2 37//20
f 37//20 36//2 38//2
f 37//20 38//2 39//21
f 39//21 38//2 40//2
f 39//21 41//22 37//20
f 37//20 41//22 42//23
f 37//20 42//23 35//19
f 35//19 42//23 43//24
f 35//19 43//24 33//18
f 33//18 43//24 44//25
f 33//18 44//25 31//17
f 31//17 44//25 45//26
f 31//17 45//26 29//16
f 29//16 45//26 46//27
f 29//16 46//27 27//15
f 27//15 46//27 47//28
f 27//15 47//28 25//14
f 25//14 47//28 48//29
f 25//14 48//29 23//13
f 23//13 48//29 49//30
f 23//13 49//30 21//12
f 21//12 49//30 50//31
f 21//12 50//31 19//11
f 19//11 50//31 51//32
f 19//11 51//32 17//10
f 17//10 51//32 52//33
f 17//10 52//33 15//9
f 15//9 52//33 53//34
f 15//9 53//34 13//8
f 13//8 53//34 54//35
f 13//8 54//35 11//7
f 11//7 54//35 55//36
f 11//7 55//36 9//6
f 9//6 55//36 56//37
f 9//6 56//37 7//5
f 7//5 56//37 57//38
f 7//5 57//38 5//4
f 5//4 57//38 58//39
f 5//4 58//39 3//3
f 3//3 58//39 59//40
f 3//3 59//40 60//41
f 60//41 59//40 61//42
f 41//22 62//43 42//23
f 42//23 62//43 63//44
f 42//23 63//44 64//45
f 64//45 63//44 65//46
f 64//45 65//46 66//47
f 64//45 66//47 67//48
f 67//48 66//47 68//49
f 67//48 68//49 69//50
f 70//51 71//52 69//50
f 69//50 71//52 67//48
f 67//48 71//52 72//53
f 72//53 71//52 73//54
f 72//53 73//54 74//55
f 74//55 73//54 75//56
f 74//55 75//56 76//57
f 76//57 75//56 77//58
f 76//57 77//58 78//59
f 78//59 77//58 79//60
f 78//59 79//60 80//61
f 80//61 79//60 81//62
f 80//61 81//62 82//63
f 82//63 81//62 83//64
f 82//63 83//64 84//65
f 84//65 83//64 85//66
f 84//65 85//66 86//67
f 86//67 85//66 87//68
f 86//67 87//68 88//69
f 88//69 87//68 89//70
f 88//69 89//70 90//71
f 90//71 89//70 91//72
f 90//71 91//72 92//73
f 92//73 91//72 93//74
f 92//73 93//74 94//75
f 94//75 93//74 95//76
f 94//75 95//76 96//77
f 96//77 95//76 97//78
f 96//77 97//78 98//79
f 98//79 97//78 99//80
f 98//79 99//80 100//81
f 100//81 99//80 101//82
f 100//81 101//82 102//83
f 102//83 101//82 103//84
f 102//83 103//84 104//85
f 104//85 103//84 105//86
f 104//85 105//86 106//87
f 106//87 105//86 107//88
f 106//87 108//89 104//85
f 104//85 108//89 109//90
f 104//85 109//90 110//91
f 110//91 109//90 111//92
f 110//91 111//92 112//93
f 110//91 112//93 59//40
f 59//40 112//93 61//42
f 60//41 1//1 3//3
f 110//91 59//40 113//94
f 113//94 59//40 58//39
f 113//94 58//39 114//95
f 114//95 58//39 57//38
f 114//95 57//38 115//96
f 115//96 57//38 56//37
f 115//96 56//37 116//97
f 116//97 56//37 55//36
f 116//97 55//36 117//98
f 117//98 55//36 54//35
f 117//98 54//35 118//99
f 118//99 54//35 53//34
f 118//99 53//34 119//100
f 119//100 53//34 52//33
f 119//100 52//33 120//101
f 120//101 52//33 51//32
f 120//101 51//32 121//102
f 121//102 51//32 50//31
f 121//102 50//31 122//103
f 122//103 50//31 49//30
f 122//103 49//30 123//104
f 123//104 49//30 48//29
f 123//104 48//29 124//105
f 124//105 48//29 47//28
f 124//105 47//28 125//106
f 125//106 47//28 46//27
f 125//106 46//27 126//107
f 126//107 46//27 45//26
f 126//107 45//26 127//108
f 127//108 45//26 44//25
f 127//108 44//25 128//109
f 128//109 44//25 43//24
f 128//109 43//24 64//45
f 64//45 43//24 42//23
f 104//85 110//91 102//83
f 102//83 110//91 113//94
f 102//83 113//94 100//81
f 100//81 113//94 114//95
f 100//81 114//95 98//79
f 98//79 114//95 115//96
f 98//79 115//96 96//77
f 96//77 115//96 116//97
f 96//77 116//97 94//75
f 94//75 116//97 117//98
f 94//75 117//98 92//73
f 92//73 117//98 118//99
f 92//73 118//99 90//71
f 90//71 118//99 119//100
f 90//71 119//100 88//69
f 88//69 119//100 120//101
f 88//69 120//101 86//67
f 86//67 120//101 121//102
f 86//67 121//102 84//65
f 84//65 121//102 122//103
f 84//65 122//103 82//63
f 82//63 122//103 123//104
f 82//63 123//104 80//61
f 80//61 123//104 124//105
f 80//61 124//105 78//59
f 78//59 124//105 125//106
f 78//59 125//106 76//57
f 76//57 125//106 126//107
f 76//57 126//107 74//55
f 74//55 126//107 127//108
f 74//55 127//108 72//53
f 72//53 127//108 128//109
f 72//53 128//109 67//48
f 67//48 128//109 64//45
f 129//110 130//88 131//111
f 131//111 130//88 132//112
f 131//111 132//112 133//113
f 133//113 132//112 134//114
f 133//113 134//114 135//115
f 135//115 134//114 136//116
f 135//115 136//116 137//117
f 137//117 136//116 138//118
f 137//117 138//118 139//119
f 139//119 138//118 140//120
f 139//119 140//120 141//121
f 141//121 140//120 142//122
f 141//121 142//122 143//123
f 143//123 142//122 144//124
f 143//123 144//124 145//125
f 145//125 144//124 146//126
f 145//125 146//126 147//127
f 147//127 146//126 148//128
f 147//127 148//128 149//129
f 149//129 148//128 150//130
f 149//129 150//130 151//131
f 151//131 150//130 152//132
f 151//131 152//132 153//133
f 153//133 152//132 154//134
f 153//133 154//134 155//135
f 155//135 154//134 156//136
f 155//135 156//136 157//137
f 157//137 156//136 158//138
f 157//137 158//138 159//139
f 159//139 158//138 160//140
f 159//139 160//140 161//141
f 161//141 160//140 162//142
f 161//141 162//142 163//143
f 163//143 162//142 164//144
f 163//143 164//144 165//145
f 165//145 164//144 166//146
f 165//145 166//146 167//147
f 167//147 166//146 168//148
f 167//147 168//148 169//149
f 169//149 168//148 170//150
f 169//149 170//150 171//151
f 171//151 170//150 172//152
f 171//151 172//152 173//153
f 173//153 172//152 174//154
f 173//153 174//154 175//155
f 175//155 174//154 176//156
f 175//155 176//156 177//157
f 177//157 176//156 178//158
f 177//157 178//158 179//159
f 179//159 178//158 180//160
f 179//159 180//160 181//161
f 181//161 180//160 182//162
f 181//161 182//162 183//163
f 183//163 182//162 184//164
f 183//163 184//164 185//165
f 185//165 184//164 186//166
f 185//165 186//166 187//167
f 187//167 186//166 188//168
f 187//167 188//168 189//169
f 189//169 188//168 190//170
f 189//169 190//170 191//171
f 191//171 190//170 192//172
f 191//171 192//172 193//173
f 193//173 192//172 194//174
f 193//173 194//174 195//175
f 195//175 194//174 196//51
f 195//175 197//176 193//173
f 193//173 197//176 198//177
f 193//173 198//177 191//171
f 191//171 198//177 199//178
f 191//171 199//178 189//169
f 189//169 199//178 200//179
f 189//169 200//179 187//167
f 187//167 200//179 201//180
f 187//167 201//180 185//165
f 185//165 201//180 202//181
f 185//165 202//181 183//163
f 183//163 202//181 203//182
f 183//163 203//182 181//161
f 181//161 203//182 204//183
f 181//161 204//183 179//159
f 179//159 204//183 205//184
f 179//159 205//184 177//157
f 177//157 205//184 206//185
f 177//157 206//185 175//155
f 175//155 206//185 207//186
f 175//155 207//186 173//153
f 173//153 207//186 208//187
f 173//153 208//187 171//151
f 171//151 208//187 209//188
f 171//151 209//188 169//149
f 169//149 209//188 210//189
f 169//149 210//189 167//147
f 167//147 210//189 211//190
f 167//147 211//190 165//145
f 165//145 211//190 212//191
f 165//145 212//191 163//143
f 163//143 212//191 213//192
f 163//143 213//192 161//141
f 161//141 213//192 214//193
f 161//141 214//193 159//139
f 159//139 214//193 215//194
f 159//139 215//194 157//137
f 157//137 215//194 216//195
f 157//137 216//195 155//135
f 155//135 216//195 217//196
f 155//135 217//196 153//133
f 153//133 217//196 218//197
f 153//133 218//197 151//131
f 151//131 218//197 219//198
f 151//131 219//198 149//129
f 149//129 219//198 220//199
f 149//129 220//199 147//127
f 147//127 220//199 221//200
f 147//127 221//200 145//125
f 145//125 221//200 222//201
f 145//125 222//201 143//123
f 143//123 222//201 223//202
f 143//123 223//202 141//121
f 141//121 223//202 224//203
f 141//121 224//203 139//119
f 139//119 224//203 225//204
f 139//119 225//204 137//117
f 137//117 225//204 226//205
f 137//117 226//205 135//115
f 135//115 226//205 227//206
f 135//115 227//206 133//113
f 133//113 227//206 228//207
f 133//113 228//207 131//111
f 131//111 228//207 229//208
f 131//111 229//208 230//209
f 230//209 229//208 231//210
f 197//176 232//211 198//177
f 198//177 232//211 233//212
f 198//177 233//212 234//213
f 198//177 234//213 199//178
f 199//178 234//213 235//214
f 199//178 235//214 200//179
f 200//179 235//214 236//215
f 200//179 236//215 201//180
f 201//180 236//215 237//216
f 201//180 237//216 202//181
f 202//181 237//216 238//217
f 202//181 238//217 203//182
f 203//182 238//217 239//218
f 203//182 239//218 204//183
f 204//183 239//218 240//219
f 204//183 240//219 205//184
f 205//184 240//219 241//220
f 205//184 241//220 206//185
f 206//185 241//220 242//221
f 206//185 242//221 207//186
f 207//186 242//221 243//222
f 207//186 243//222 208//187
f 208//187 243//222 244//223
f 208//187 244//223 209//188
f 209//188 244//223 245//224
f 209//188 245//224 210//189
f 210//189 245//224 246//225
f 210//189 246//225 211//190
f 211//190 246//225 247//226
f 211//190 247//226 212//191
f 212//191 247//226 248//227
f 212//191 248//227 213//192
f 213//192 248//227 249//228
f 213//192 249//228 214//193
f 214//193 249//228 250//229
f 214//193 250//229 215//194
f 215//194 250//229 251//230
f 215//194 251//230 216//195
f 216//195 251//230 252//231
f 216//195 252//231 217//196
f 217//196 252//231 253//232
f 217//196 253//232 218//197
f 218//197 253//232 254//233
f 218//197 254//233 219//198
f 219//198 254//233 255//234
f 219//198 255//234 220//199
f 220//199 255//234 256//235
f 220//199 256//235 221//200
f 221//200 256//235 257//236
f 221//200 257//236 222//201
f 222//201 257//236 258//237
f 222//201 258//237 223//202
f 223//202 258//237 259//238
f 223//202 259//238 224//203
f 224//203 259//238 260//239
f 224//203 260//239 225//204
f 225//204 260//239 261//240
f 225//204 261//240 226//205
f 226//205 261//240 262//241
f 226//205 262//241 227//206
f 227//206 262//241 263//242
f 227//206 263//242 228//207
f 228//207 263//242 264//243
f 228//207 264//243 229//208
f 229//208 264//243 265//244
f 229//208 265//244 231//210
f 231//210 265//244 266//245
f 230//209 129//110 131//111
f 267//88 268//86 269//110
f 269//110 268//86 270//246
f 269//110 270//246 271//209
f 271//209 270//246 272//210
f 270//246 268//86 273//247
f 273//247 268//86 274//84
f 273//247 274//84 275//248
f 275//248 274//84 276//82
f 275//248 276//82 277//249
f 277//249 276//82 278//80
f 277//249 278//80 279//250
f 279//250 278//80 280//78
f 279//250 280//78 281//251
f 281//251 280//78 282//76
f 281//251 282//76 283//252
f 283//252 282//76 284//74
f 283//252 284//74 285//253
f 285//253 284//74 286//72
f 285//253 286//72 287//254
f 287//254 286//72 288//70
f 287//254 288//70 289//255
f 289//255 288//70 290//68
f 289//255 290//68 291//256
f 291//256 290//68 292//66
f 291//256 292//66 293//257
f 293//257 292//66 294//64
f 293//257 294//64 295//258
f 295//258 294//64 296//62
f 295//258 296//62 297//259
f 297//259 296//62 298//60
f 297//259 298//60 299//260
f 299//260 298//60 300//58
f 299//260 300//58 301//261
f 301//261 300//58 302//56
f 301//261 302//56 303//262
f 303//262 302//56 304//54
f 303//262 304//54 305//263
f 305//263 304//54 306//52
f 305//263 306//52 307//175
f 307//175 306//52 308//51
f 307//175 309//176 305//263
f 305//263 309//176 310//211
f 305//263 310//211 311//264
f 311//264 310//211 312//265
f 311//264 312//265 313//266
f 311//264 313//266 314//267
f 314//267 313//266 315//268
f 314//267 315//268 316//269
f 314//267 316//269 317//270
f 317//270 316//269 318//271
f 317//270 318//271 319//272
f 319//272 320//272 317//270
f 317//270 320//272 321//273
f 317//270 321//273 322//274
f 322//274 321//273 323//275
f 322//274 323//275 324//276
f 324//276 323//275 325//277
f 324//276 325//277 299//260
f 299//260 325//277 297//259
f 320//272 326//272 321//273
f 321//273 326//272 327//278
f 321//273 327//278 323//275
f 323//275 327//278 328//279
f 323//275 328//279 325//277
f 325//277 328//279 329//280
f 325//277 329//280 297//259
f 297//259 329//280 295//258
f 326//272 330//272 327//278
f 327//278 330//272 331//281
f 327//278 331//281 328//279
f 328//279 331//281 332//282
f 328//279 332//282 329//280
f 329//280 332//282 333//283
f 329//280 333//283 295//258
f 295//258 333//283 293//257
f 330//272 334//272 331//281
f 331//281 334//272 335//284
f 331//281 335//284 332//282
f 332//282 335//284 336//285
f 332//282 336//285 333//283
f 333//283 336//285 337//286
f 333//283 337//286 293//257
f 293//257 337//286 291//256
f 334//272 338//272 335//284
f 335//284 338//272 339//287
f 335//284 339//287 336//285
f 336//285 339//287 340//288
f 336//285 340//288 337//286
f 337//286 340//288 341//289
f 337//286 341//289 291//256
f 291//256 341//289 289//255
f 338//272 342//272 339//287
f 339//287 342//272 343//290
f 339//287 343//290 340//288
f 340//288 343//290 344//291
f 340//288 344//291 341//289
f 341//289 344//291 345//292
f 341//289 345//292 289//255
f 289//255 345//292 287//254
f 342//272 346//272 343//290
f 343//290 346//272 347//293
f 343//290 347//293 344//291
f 344//291 347//293 348//294
f 344//291 348//294 345//292
f 345//292 348//294 349//295
f 345//292 349//295 287//254
f 287//254 349//295 285//253
f 346//272 350//272 347//293
f 347//293 350//272 351//296
f 347//293 351//296 348//294
f 348//294 351//296 352//297
f 348//294 352//297 349//295
f 349//295 352//297 353//298
f 349//295 353//298 285//253
f 285//253 353//298 283//252
f 350//272 354//272 351//296
f 351//296 354//272 355//299
f 351//296 355//299 352//297
f 352//297 355//299 356//300
f 352//297 356//300 353//298
f 353//298 356//300 357//301
f 353//298 357//301 283//252
f 283//252 357//301 281//251
f 354//272 358//272 355//299
f 355//299 358//272 359//302
f 355//299 359//302 356//300
f 356//300 359//302 360//303
f 356//300 360//303 357//301
f 357//301 360//303 361//304
f 357//301 361//304 281//251
f 281//251 361//304 279//250
f 358//272 362//272 359//302
f 359//302 362//272 363//305
f 359//302 363//305 360//303
f 360//303 363//305 364//306
f 360//303 364//306 361//304
f 361//304 364//306 365//307
f 361//304 365//307 279//250
f 279//250 365//307 277//249
f 362//272 366//272 363//305
f 363//305 366//272 367//308
f 363//305 367//308 364//306
f 364//306 367//308 368//309
f 364//306 368//309 365//307
f 365//307 368//309 369//310
f 365//307 369//310 277//249
f 277//249 369//310 275//248
f 366//272 370//272 367//308
f 367//308 370//272 371//311
f 367//308 371//311 368//309
f 368//309 371//311 372//312
f 368//309 372//312 369//310
f 369//310 372//312 373//313
f 369//310 373//313 275//248
f 275//248 373//313 273//247
f 370//272 374//272 371//311
f 371//311 374//272 375//314
f 371//311 375//314 372//312
f 372//312 375//314 376//315
f 372//312 376//315 373//313
f 373//313 376//315 377//316
f 373//313 377//316 273//247
f 273//247 377//316 270//246
f 374//272 378//272 375//314
f 375//314 378//272 379//317
f 375//314 379//317 376//315
f 376//315 379//317 380//318
f 376//315 380//318 377//316
f 377//316 380//318 381//319
f 377//316 381//319 270//246
f 270//246 381//319 272//210
f 378//272 382//272 379//317
f 379//317 382//272 383//320
f 379//317 383//320 380//318
f 380//318 383//320 384//321
f 380//318 384//321 381//319
f 381//319 384//321 385//322
f 381//319 385//322 386//323
f 382//272 387//272 383//320
f 383//320 387//272 388//324
f 383//320 388//324 384//321
f 384//321 388//324 389//325
f 384//321 389//325 390//326
f 387//272 391//272 388//324
f 388//324 391//272 392//327
f 388//324 392//327 389//325
f 391//272 393//272 392//327
f 390//326 385//322 384//321
f 386//323 272//210 381//319
f 299//260 301//261 324//276
f 324//276 301//261 394//328
f 324//276 394//328 322//274
f 322//274 394//328 314//267
f 322//274 314//267 317//270
f 301//261 303//262 394//328
f 394//328 303//262 311//264
f 394//328 311//264 314//267
f 305//263 311//264 303//262
f 395//329 396//330 397//329
f 397//329 396//330 398//330
f 396//330 399//331 398//330
f 398//330 399//331 400//331
f 399//331 401//332 400//331
f 400//331 401//332 402//332
f 401//332 403//333 402//332
f 402//332 403//333 404//333
f 403//333 405//334 404//333
f 404//333 405//334 406//334
f 405//334 407//335 406//334
f 406//334 407//335 408//335
f 407//335 409//336 408//335
f 408//335 409//336 410//336
f 409//336 411//337 410//336
f 410//336 411//337 412//337
f 411//337 413//338 412//337
f 412//337 413//338 414//338
f 413//338 415//339 414//338
f 414//338 415//339 416//339
f 415//339 417//340 416//339
f 416//339 417//340 418//340
f 417//340 419//341 418//340
f 418//340 419//341 420//341
f 419//341 421//342 420//341
f 420//341 421//342 422//342
f 421//342 423//343 422//342
f 422//342 423//343 424//343
f 425//344 426//345 427//346
f 427//346 426//345 428//347
f 426//345 429//348 428//347
f 428//347 429//348 430//349
f 429//348 431//350 430//349
f 430//349 431//350 432//350
f 431//350 433//351 432//350
f 432//350 433//351 434//352
f 433//351 435//353 434//352
f 434//352 435//353 436//353
f 435//353 395//329 436//353
f 436//353 395//329 397//329
f 437//329 438//354 439//329
f 439//329 438//354 440//354
f 438//354 441//355 440//354
f 440//354 441//355 442//355
f 441//355 443//356 442//355
f 442//355 443//356 444//356
f 443//356 445//357 444//356
f 444//356 445//357 446//357
f 445//357 447//358 446//357
f 446//357 447//358 448//358
f 447//358 449//359 448//358
f 448//358 449//359 450//359
f 449//359 451//360 450//359
f 450//359 451//360 452//360
f 451//360 453//361 452//360
f 452//360 453//361 454//361
f 453//361 455//362 454//361
f 454//361 455//362 456//362
f 455//362 457//363 456//362
f 456//362 457//363 458//363
f 457//363 459//364 458//363
f 458//363 459//364 460//364
f 459//364 461//365 460//364
f 460//364 461//365 462//365
f 461//365 463//366 462//365
f 462//365 463//366 464//366
f 463//366 465//367 464//366
f 464//366 465//367 466//367
f 465//367 467//368 466//367
f 466//367 467//368 468//368
f 467//368 469//369 468//368
f 468//368 469//369 470//369
f 471//343 472//343 469//369
f 469//369 472//343 470//369
f 473//212 474//370 475//212
f 475//212 474//370 476//370
f 474//370 477//371 476//370
f 476//370 477//371 478//371
f 477//371 479//372 478//371
f 478//371 479//372 480//372
f 479//372 481//373 480//372
f 480//372 481//373 482//373
f 481//373 483//374 482//373
f 482//373 483//374 484//374
f 483//374 485//375 484//374
f 484//374 485//375 486//375
f 485//375 487//376 486//375
f 486//375 487//376 488//376
f 487//376 489//377 488//376
f 488//376 489//377 490//377
f 489//377 491//378 490//377
f 490//377 491//378 492//378
f 491//378 493//379 492//378
f 492//378 493//379 494//379
f 493//379 495//380 494//379
f 494//379 495//380 496//380
f 495//380 497//381 496//380
f 496//380 497//381 498//381
f 497//381 499//382 498//381
f 498//381 499//382 500//382
f 499//382 501//245 500//382
f 500//382 501//245 502//245
f 503//383 504//384 505//385
f 505//385 504//384 506//386
f 504//384 507//387 506//386
f 506//386 507//387 508//388
f 507//387 509//389 508//388
f 508//388 509//389 510//389
f 509//389 511//390 510//389
f 510//389 511//390 512//391
f 511//390 513//392 512//391
f 512//391 513//392 514//392
f 513//392 473//212 514//392
f 514//392 473//212 475//212
f 233//212 515//212 234//213
f 234//213 515//212 516//393
f 234//213 516//393 235//214
f 235//214 516//393 236//215
f 516//393 517//394 236//215
f 236//215 517//394 237//216
f 237//216 517//394 238//217
f 238//217 517//394 518//395
f 238//217 518//395 239//218
f 239//218 518//395 240//219
f 518//395 519//396 240//219
f 240//219 519//396 241//220
f 241//220 519//396 242//221
f 242//221 519//396 520//397
f 242//221 520//397 243//222
f 243//222 520//397 244//223
f 520//397 521//398 244//223
f 244//223 521//398 245//224
f 245//224 521//398 246//225
f 246//225 521//398 522//399
f 246//225 522//399 247//226
f 247//226 522//399 523//400
f 247//226 523//400 248//227
f 248//227 523//400 249//228
f 523//400 524//401 249//228
f 249//228 524//401 250//229
f 250//229 524//401 251//230
f 251//230 524//401 525//402
f 251//230 525//402 252//231
f 252//231 525//402 253//232
f 525//402 526//403 253//232
f 253//232 526//403 254//233
f 254//233 526//403 255//234
f 255//234 526//403 527//404
f 255//234 527//404 256//235
f 256//235 527//404 257//236
f 527//404 528//405 257//236
f 257//236 528//405 258//237
f 258//237 528//405 259//238
f 259//238 528//405 529//406
f 259//238 529//406 260//239
f 260//239 529//406 261//240
f 529//406 530//407 261//240
f 261//240 530//407 262//241
f 262//241 530//407 263//242
f 263//242 530//407 531//408
f 263//242 531//408 264//243
f 264//243 531//408 265//244
f 531//408 532//245 265//244
f 265//244 532//245 266//245
f 473//51 423//51 474//409
f 474//409 423//51 421//409
f 474//409 421//409 477//410
f 477//410 421//409 419//410
f 477//410 419//410 479//411
f 479//411 419//410 417//411
f 479//411 417//411 481//412
f 481//412 417//411 415//412
f 481//412 415//412 483//413
f 483//413 415//412 413//413
f 483//413 413//413 485//414
f 485//414 413//413 411//414
f 485//414 411//414 487//415
f 487//415 411//414 409//415
f 487//415 409//415 489//416
f 489//416 409//415 407//416
f 489//416 407//416 491//417
f 491//417 407//416 405//417
f 491//417 405//417 493//418
f 493//418 405//417 403//418
f 493//418 403//418 495//419
f 495//419 403//418 401//419
f 495//419 401//419 497//420
f 497//420 401//419 399//420
f 497//420 399//420 499//421
f 499//421 399//420 396//421
f 499//421 396//421 501//88
f 501//88 396//421 395//88
f 503//422 533//422 504//423
f 504//423 533//422 534//423
f 504//423 534//423 507//424
f 507//424 534//423 535//424
f 507//424 535//424 509//425
f 509//425 535//424 536//425
f 509//425 536//425 511//426
f 511//426 536//425 537//426
f 511//426 537//426 513//427
f 513//427 537//426 538//427
f 513//427 538//427 473//51
f 473//51 538//427 423//51
f 308//51 196//51 539//174
f 539//174 196//51 194//174
f 539//174 194//174 540//172
f 540//172 194//174 192//172
f 540//172 192//172 541//170
f 541//170 192//172 190//170
f 541//170 190//170 542//168
f 542//168 190//170 188//168
f 542//168 188//168 543//166
f 543//166 188//168 186//166
f 543//166 186//166 544//164
f 544//164 186//166 184//164
f 544//164 184//164 545//162
f 545//162 184//164 182//162
f 545//162 182//162 546//160
f 546//160 182//162 180//160
f 546//160 180//160 547//158
f 547//158 180//160 178//158
f 547//158 178//158 548//156
f 548//156 178//158 176//156
f 548//156 176//156 549//154
f 549//154 176//156 174//154
f 549//154 174//154 550//152
f 550//152 174//154 172//152
f 550//152 172//152 551//150
f 551//150 172//152 170//150
f 551//150 170//150 552//148
f 552//148 170//150 168//148
f 552//148 168//148 553//146
f 553//146 168//148 166//146
f 553//146 166//146 554//144
f 554//144 166//146 164//144
f 554//144 164//144 555//142
f 555//142 164//144 162//142
f 555//142 162//142 556//140
f 556//140 162//142 160//140
f 556//140 160//140 557//138
f 557//138 160//140 158//138
f 557//138 158//138 558//136
f 558//136 158//138 156//136
f 558//136 156//136 559//134
f 559//134 156//136 154//134
f 559//134 154//134 560//132
f 560//132 154//134 152//132
f 560//132 152//132 561//130
f 561//130 152//132 150//130
f 561//130 150//130 562//128
f 562//128 150//130 148//128
f 562//128 148//128 563//126
f 563//126 148//128 146//126
f 563//126 146//126 564//124
f 564//124 146//126 144//124
f 564//124 144//124 565//122
f 565//122 144//124 142//122
f 565//122 142//122 566//120
f 566//120 142//122 140//120
f 566//120 140//120 567//118
f 567//118 140//120 138//118
f 567//118 138//118 568//116
f 568//116 138//118 136//116
f 568//116 136//116 569//114
f 569//114 136//116 134//114
f 569//114 134//114 570//112
f 570//112 134//114 132//112
f 570//112 132//112 267//88
f 267//88 132//112 130//88
f 70//51 571//174 472//51
f 472//51 571//174 470//428
f 571//174 572//172 470//428
f 470//428 572//172 573//170
f 470//428 573//170 468//429
f 468//429 573//170 574//168
f 468//429 574//168 575//166
f 468//429 575//166 466//430
f 466//430 575//166 576//164
f 466//430 576//164 577//162
f 466//430 577//162 464//431
f 464//431 577//162 578//160
f 464//431 578//160 579//158
f 464//431 579//158 462//432
f 462//432 579//158 580//156
f 462//432 580//156 581//154
f 462//432 581//154 460//433
f 460//433 581//154 582//152
f 460//433 582//152 583//150
f 460//433 583//150 458//434
f 458//434 583//150 584//148
f 458//434 584//148 585//146
f 458//434 585//146 456//435
f 456//435 585//146 586//144
f 456//435 586//144 587//142
f 456//435 587//142 454//436
f 454//436 587//142 588//140
f 454//436 588//140 589//138
f 454//436 589//138 452//437
f 452//437 589//138 590//136
f 452//437 590//136 450//438
f 450//438 590//136 591//134
f 450//438 591//134 592//132
f 450//438 592//132 448//439
f 448//439 592//132 593//130
f 448//439 593//130 594//128
f 448//439 594//128 446//440
f 446//440 594//128 595//126
f 446//440 595//126 596//124
f 446//440 596//124 444//441
f 444//441 596//124 597//122
f 444//441 597//122 598//120
f 444//441 598//120 442//442
f 442//442 598//120 599//118
f 442//442 599//118 600//116
f 442//442 600//116 440//443
f 440//443 600//116 601//114
f 440//443 601//114 602//112
f 107//88 439//88 602//112
f 602//112 439//88 440//443
f 603//444 604//445 605//446
f 605//446 604//445 606//447
f 607//51 608//51 609//448
f 609//448 608//51 610//449
f 609//448 610//449 611//450
f 611//450 610//449 612//451
f 611//450 612//451 604//445
f 604//445 612//451 613//452
f 604//445 613//452 606//447
f 614//272 615//272 616//272
f 616//272 615//272 617//272
f 616//272 617//272 618//272
f 618//272 617//272 619//272
f 618//272 619//272 620//272
f 620//272 619//272 621//272
f 620//272 621//272 622//272
f 622//272 621//272 623//272
f 622//272 623//272 624//272
f 624//272 623//272 625//272
f 624//272 625//272 626//272
f 626//272 625//272 627//272
f 626//272 627//272 628//272
f 616//272 629//272 614//272
f 614//272 630//272 615//272
f 615//272 630//272 631//272
f 625//272 632//272 627//272
f 627//272 632//272 633//272
f 627//272 633//272 634//272
f 634//272 633//272 635//272
f 634//272 635//272 636//272
f 636//272 637//272 634//272
f 634//272 637//272 638//272
f 637//272 639//272 638//272
f 638//272 639//272 640//272
f 638//272 640//272 641//272
f 641//272 640//272 642//272
f 641//272 642//272 643//272
f 643//272 644//272 641//272
f 641//272 644//272 645//272
f 644//272 646//272 645//272
f 645//272 646//272 647//272
f 645//272 647//272 648//272
f 648//272 647//272 649//272
f 648//272 649//272 650//272
f 650//272 649//272 651//272
f 650//272 651//272 652//272
f 652//272 651//272 653//272
f 652//272 653//272 654//272
f 654//272 653//272 655//272
f 654//272 655//272 656//272
f 656//272 655//272 657//272
f 656//272 657//272 658//272
f 655//272 659//272 657//272
f 658//272 660//272 656//272
f 648//272 661//272 645//272
f 645//272 661//272 662//272
f 645//272 662//272 663//272
f 663//272 662//272 664//272
f 663//272 664//272 665//272
f 665//272 666//272 663//272
f 663//272 666//272 667//272
f 666//272 668//272 667//272
f 667//272 668//272 669//272
f 667//272 669//272 670//272
f 670//272 669//272 671//272
f 670//272 671//272 672//272
f 672//272 673//272 670//272
f 670//272 673//272 674//272
f 673//272 675//272 674//272
f 674//272 675//272 676//272
f 674//272 676//272 677//272
f 677//272 676//272 678//272
f 677//272 678//272 679//272
f 679//272 678//272 680//272
f 679//272 680//272 681//272
f 681//272 680//272 682//272
f 681//272 682//272 683//272
f 683//272 682//272 684//272
f 683//272 684//272 685//272
f 685//272 684//272 686//272
f 685//272 686//272 687//272
f 687//272 686//272 688//272
f 687//272 688//272 689//272
f 686//272 690//272 688//272
f 689//272 691//272 687//272
f 674//272 677//272 692//272
f 692//272 677//272 693//272
f 692//272 693//272 694//272
f 694//272 695//272 692//272
f 692//272 695//272 696//272
f 695//272 697//272 696//272
f 696//272 697//272 698//272
f 696//272 698//272 699//272
f 699//272 698//272 700//272
f 699//272 700//272 701//272
f 701//272 702//272 699//272
f 699//272 702//272 703//272
f 702//272 704//272 703//272
f 703//272 704//272 705//272
f 703//272 705//272 706//272
f 706//272 705//272 707//272
f 706//272 707//272 708//272
f 706//272 708//272 709//272
f 709//272 708//272 710//272
f 709//272 710//272 711//272
f 711//272 710//272 712//272
f 711//272 712//272 713//272
f 713//272 712//272 714//272
f 713//272 714//272 715//272
f 715//272 714//272 716//272
f 715//272 716//272 717//272
f 717//272 716//272 718//272
f 717//272 718//272 719//272
f 716//272 720//272 718//272
f 719//272 721//272 717//272
f 709//272 722//272 706//272
f 706//272 722//272 723//272
f 706//272 723//272 724//272
f 724//272 723//272 725//272
f 724//272 725//272 726//272
f 726//272 727//272 724//272
f 724//272 727//272 728//272
f 727//272 729//272 728//272
f 728//272 729//272 730//272
f 728//272 730//272 731//272
f 728//272 731//272 732//272
f 732//272 731//272 733//272
f 732//272 733//272 734//272
f 732//272 734//272 735//272
f 735//272 734//272 736//272
f 735//272 736//272 737//272
f 737//272 738//272 735//272
f 735//272 738//272 739//272
f 735//272 739//272 740//272
f 738//272 741//272 739//272
f 739//272 741//272 742//272
f 741//272 743//272 742//272
f 742//272 743//272 744//272
f 743//272 745//272 744//272
f 744//272 745//272 746//272
f 745//272 747//272 746//272
f 746//272 747//272 748//272
f 749//272 750//272 747//272
f 747//272 750//272 748//272
f 750//272 751//272 748//272
f 748//272 751//272 752//272
f 735//272 740//272 753//272
f 753//272 740//272 754//272
f 753//272 754//272 755//272
f 755//272 756//272 753//272
f 753//272 756//272 757//272
f 756//272 758//272 757//272
f 757//272 758//272 759//272
f 757//272 759//272 760//272
f 757//272 760//272 761//272
f 761//272 760//272 762//272
f 761//272 762//272 763//272
f 761//272 763//272 764//272
f 764//272 763//272 765//272
f 764//272 765//272 766//272
f 766//272 767//272 764//272
f 764//272 767//272 768//272
f 768//272 767//272 769//272
f 769//272 767//272 770//272
f 769//272 770//272 771//272
f 771//272 770//272 772//272
f 771//272 772//272 773//272
f 773//272 772//272 774//272
f 773//272 774//272 775//272
f 775//272 774//272 776//272
f 775//272 776//272 777//272
f 777//272 776//272 778//272
f 777//272 778//272 779//272
f 779//272 778//272 780//272
f 779//272 780//272 781//272
f 778//272 782//272 780//272
f 781//272 783//272 779//272
f 769//272 784//272 768//272
f 768//272 784//272 785//272
f 768//272 785//272 319//272
f 319//272 785//272 786//272
f 319//272 786//272 787//272
f 787//272 788//272 319//272
f 319//272 788//272 320//272
f 788//272 789//272 320//272
f 320//272 789//272 790//272
f 320//272 790//272 326//272
f 326//272 790//272 791//272
f 326//272 791//272 792//272
f 792//272 793//272 326//272
f 326//272 793//272 330//272
f 793//272 794//272 330//272
f 330//272 794//272 795//272
f 330//272 795//272 796//272
f 796//272 795//272 797//272
f 796//272 797//272 798//272
f 798//272 797//272 799//272
f 798//272 799//272 800//272
f 800//272 799//272 801//272
f 800//272 801//272 802//272
f 802//272 801//272 803//272
f 802//272 803//272 804//272
f 804//272 803//272 805//272
f 804//272 805//272 806//272
f 803//272 807//272 805//272
f 806//272 808//272 804//272
f 796//272 809//272 330//272
f 330//272 809//272 810//272
f 330//272 810//272 334//272
f 334//272 810//272 811//272
f 334//272 811//272 812//272
f 812//272 813//272 334//272
f 334//272 813//272 814//272
f 334//272 814//272 338//272
f 338//272 814//272 815//272
f 338//272 815//272 816//272
f 816//272 817//272 338//272
f 338//272 817//272 818//272
f 338//272 818//272 819//272
f 338//272 819//272 342//272
f 342//272 819//272 820//272
f 342//272 820//272 821//272
f 821//272 820//272 822//272
f 821//272 822//272 823//272
f 823//272 822//272 824//272
f 823//272 824//272 825//272
f 825//272 824//272 826//272
f 825//272 826//272 827//272
f 827//272 826//272 828//272
f 827//272 828//272 829//272
f 829//272 828//272 830//272
f 829//272 830//272 831//272
f 831//272 830//272 832//272
f 831//272 832//272 833//272
f 830//272 834//272 832//272
f 833//272 835//272 831//272
f 821//272 836//272 342//272
f 342//272 836//272 837//272
f 342//272 837//272 838//272
f 838//272 839//272 342//272
f 342//272 839//272 346//272
f 839//272 840//272 346//272
f 346//272 840//272 841//272
f 346//272 841//272 842//272
f 842//272 843//272 346//272
f 346//272 843//272 844//272
f 346//272 844//272 350//272
f 350//272 844//272 845//272
f 350//272 845//272 846//272
f 846//272 847//272 350//272
f 350//272 847//272 848//272
f 350//272 848//272 849//272
f 847//272 850//272 848//272
f 848//272 850//272 851//272
f 850//272 852//272 851//272
f 851//272 852//272 853//272
f 852//272 854//272 853//272
f 853//272 854//272 855//272
f 854//272 856//272 855//272
f 855//272 856//272 857//272
f 858//272 859//272 856//272
f 856//272 859//272 857//272
f 859//272 860//272 857//272
f 857//272 860//272 861//272
f 849//272 862//272 350//272
f 350//272 862//272 863//272
f 350//272 863//272 864//272
f 350//272 864//272 354//272
f 354//272 864//272 865//272
f 354//272 865//272 866//272
f 866//272 867//272 354//272
f 354//272 867//272 868//272
f 354//272 868//272 869//272
f 354//272 869//272 358//272
f 358//272 869//272 870//272
f 358//272 870//272 871//272
f 871//272 872//272 358//272
f 358//272 872//272 873//272
f 358//272 873//272 874//272
f 874//272 873//272 875//272
f 874//272 875//272 876//272
f 876//272 875//272 877//272
f 876//272 877//272 878//272
f 878//272 877//272 879//272
f 878//272 879//272 880//272
f 880//272 879//272 881//272
f 880//272 881//272 882//272
f 882//272 881//272 883//272
f 882//272 883//272 884//272
f 881//272 885//272 883//272
f 884//272 886//272 882//272
f 874//272 887//272 358//272
f 358//272 887//272 888//272
f 358//272 888//272 889//272
f 358//272 889//272 362//272
f 362//272 889//272 890//272
f 362//272 890//272 891//272
f 891//272 892//272 362//272
f 362//272 892//272 893//272
f 362//272 893//272 894//272
f 362//272 894//272 366//272
f 366//272 894//272 895//272
f 366//272 895//272 896//272
f 896//272 897//272 366//272
f 366//272 897//272 898//272
f 366//272 898//272 899//272
f 899//272 898//272 900//272
f 899//272 900//272 901//272
f 901//272 900//272 902//272
f 901//272 902//272 903//272
f 903//272 902//272 904//272
f 903//272 904//272 905//272
f 905//272 904//272 906//272
f 905//272 906//272 907//272
f 907//272 906//272 908//272
f 907//272 908//272 909//272
f 909//272 908//272 910//272
f 909//272 910//272 911//272
f 908//272 912//272 910//272
f 911//272 913//272 909//272
f 899//272 914//272 366//272
f 366//272 914//272 370//272
f 914//272 915//272 370//272
f 370//272 915//272 916//272
f 370//272 916//272 917//272
f 917//272 918//272 370//272
f 370//272 918//272 919//272
f 370//272 919//272 374//272
f 374//272 919//272 920//272
f 374//272 920//272 921//272
f 921//272 922//272 374//272
f 374//272 922//272 923//272
f 374//272 923//272 924//272
f 925//272 926//272 927//272
f 927//272 926//272 928//272
f 927//272 928//272 929//272
f 929//272 928//272 930//272
f 929//272 930//272 931//272
f 931//272 930//272 932//272
f 931//272 932//272 933//272
f 933//272 932//272 934//272
f 933//272 934//272 935//272
f 935//272 934//272 936//272
f 935//272 936//272 924//272
f 924//272 936//272 378//272
f 924//272 378//272 374//272
f 927//272 937//272 925//272
f 925//272 938//272 926//272
f 926//272 938//272 939//272
f 936//272 940//272 378//272
f 378//272 940//272 941//272
f 378//272 941//272 942//272
f 942//272 943//272 378//272
f 378//272 943//272 944//272
f 378//272 944//272 382//272
f 382//272 944//272 945//272
f 382//272 945//272 946//272
f 946//272 947//272 382//272
f 382//272 947//272 948//272
f 382//272 948//272 949//272
f 382//272 949//272 387//272
f 387//272 949//272 950//272
f 387//272 950//272 951//272
f 951//272 950//272 952//272
f 951//272 952//272 953//272
f 953//272 952//272 954//272
f 953//272 954//272 955//272
f 955//272 954//272 956//272
f 955//272 956//272 957//272
f 957//272 956//272 958//272
f 957//272 958//272 959//272
f 959//272 958//272 960//272
f 959//272 960//272 961//272
f 961//272 960//272 962//272
f 961//272 962//272 963//272
f 960//272 964//272 962//272
f 963//272 965//272 961//272
f 951//272 966//272 387//272
f 387//272 966//272 967//272
f 387//272 967//272 968//272
f 968//272 969//272 387//272
f 387//272 969//272 391//272
f 969//272 970//272 391//272
f 391//272 970//272 971//272
f 391//272 971//272 972//272
f 972//272 973//272 391//272
f 391//272 973//272 393//272
f 973//272 974//272 393//272
f 393//272 974//272 975//272
f 393//272 975//272 976//272
f 976//272 975//272 977//272
f 976//272 977//272 978//272
f 976//272 978//272 979//272
f 979//272 978//272 980//272
f 979//272 980//272 981//272
f 981//272 980//272 982//272
f 981//272 982//272 983//272
f 983//272 982//272 984//272
f 983//272 984//272 985//272
f 985//272 984//272 986//272
f 985//272 986//272 987//272
f 987//272 986//272 988//272
f 987//272 988//272 989//272
f 986//272 990//272 988//272
f 989//272 991//272 987//272
f 979//272 992//272 976//272
f 976//272 992//272 993//272
f 976//272 993//272 994//272
f 994//272 993//272 995//272
f 994//272 995//272 996//272
f 996//272 997//272 994//272
f 994//272 997//272 998//272
f 997//272 999//272 998//272
f 998//272 999//272 1000//272
f 998//272 1000//272 1001//272
f 998//272 1001//272 1002//272
f 1002//272 1001//272 1003//272
f 1002//272 1003//272 1004//272
f 1002//272 1004//272 1005//272
f 1005//272 1004//272 1006//272
f 1005//272 1006//272 1007//272
f 1007//272 1008//272 1005//272
f 1005//272 1008//272 1009//272
f 1005//272 1009//272 1010//272
f 1008//272 1011//272 1009//272
f 1009//272 1011//272 1012//272
f 1011//272 1013//272 1012//272
f 1012//272 1013//272 1014//272
f 1013//272 1015//272 1014//272
f 1014//272 1015//272 1016//272
f 1015//272 1017//272 1016//272
f 1016//272 1017//272 1018//272
f 1019//272 1020//272 1017//272
f 1017//272 1020//272 1018//272
f 1020//272 1021//272 1018//272
f 1018//272 1021//272 1022//272
f 1005//272 1010//272 1023//272
f 1023//272 1010//272 1024//272
f 1023//272 1024//272 1025//272
f 1025//272 1026//272 1023//272
f 1023//272 1026//272 1027//272
f 1026//272 1028//272 1027//272
f 1027//272 1028//272 1029//272
f 1027//272 1029//272 1030//272
f 1027//272 1030//272 1031//272
f 1031//272 1030//272 1032//272
f 1031//272 1032//272 1033//272
f 1031//272 1033//272 628//272
f 628//272 1033//272 1034//272
f 628//272 1034//272 1035//272
f 1035//272 626//272 628//272
f 1036//2 1037//2 1038//2
f 1038//2 1037//2 1039//2
f 1038//2 1039//2 1040//2
f 1040//2 1039//2 1041//2
f 1038//2 1040//2 1042//2
f 1042//2 1040//2 1043//2
f 1042//2 1043//2 1044//2
f 1044//2 1043//2 1045//2
f 1044//2 1045//2 1046//2
f 1046//2 1045//2 1047//2
f 1046//2 1047//2 1048//2
f 1049//2 1050//2 1048//2
f 1048//2 1050//2 1051//2
f 1048//2 1051//2 1046//2
f 1049//2 1052//2 1050//2
f 1050//2 1052//2 1053//2
f 1050//2 1053//2 1054//2
f 1054//2 1053//2 1055//2
f 1054//2 1055//2 1056//2
f 1056//2 1057//2 1054//2
f 1054//2 1057//2 1058//2
f 1057//2 1059//2 1058//2
f 1058//2 1059//2 1060//2
f 1058//2 1060//2 1061//2
f 1061//2 1060//2 1062//2
f 1061//2 1062//2 1063//2
f 1063//2 1064//2 1061//2
f 1061//2 1064//2 1065//2
f 1064//2 1066//2 1065//2
f 1065//2 1066//2 1067//2
f 1065//2 1067//2 1068//2
f 1068//2 1067//2 1069//2
f 1068//2 1069//2 1070//2
f 1070//2 1069//2 1071//2
f 1069//2 1072//2 1071//2
f 1071//2 1072//2 1073//2
f 1072//2 1074//2 1073//2
f 1073//2 1074//2 1075//2
f 1074//2 1076//2 1075//2
f 1075//2 1076//2 1077//2
f 1075//2 1077//2 1078//2
f 1079//2 1080//2 1076//2
f 1076//2 1080//2 1077//2
f 1068//2 1081//2 1065//2
f 1065//2 1081//2 1082//2
f 1065//2 1082//2 1083//2
f 1083//2 1082//2 1084//2
f 1083//2 1084//2 1085//2
f 1085//2 1086//2 1083//2
f 1083//2 1086//2 1087//2
f 1086//2 1088//2 1087//2
f 1087//2 1088//2 1089//2
f 1087//2 1089//2 1090//2
f 1090//2 1089//2 1091//2
f 1090//2 1091//2 1092//2
f 1092//2 1093//2 1090//2
f 1090//2 1093//2 1094//2
f 1093//2 1095//2 1094//2
f 1094//2 1095//2 1096//2
f 1094//2 1096//2 1097//2
f 1097//2 1096//2 1098//2
f 1097//2 1098//2 1099//2
f 1096//2 1100//2 1098//2
f 1098//2 1100//2 1101//2
f 1100//2 1102//2 1101//2
f 1101//2 1102//2 1103//2
f 1103//2 1102//2 1104//2
f 1104//2 1102//2 1105//2
f 1104//2 1105//2 1106//2
f 1106//2 1105//2 1107//2
f 1106//2 1107//2 1108//2
f 1108//2 1107//2 1109//2
f 1108//2 1109//2 1110//2
f 1110//2 1109//2 1111//2
f 1109//2 1112//2 1111//2
f 1110//2 1113//2 1108//2
f 1099//2 1114//2 1097//2
f 1097//2 1114//2 1115//2
f 1114//2 1116//2 1115//2
f 1115//2 1116//2 1117//2
f 1115//2 1117//2 1118//2
f 1115//2 1118//2 1119//2
f 1119//2 1118//2 1120//2
f 1119//2 1120//2 1121//2
f 1119//2 1121//2 1122//2
f 1122//2 1121//2 1123//2
f 1122//2 1123//2 1124//2
f 1124//2 1125//2 1122//2
f 1122//2 1125//2 1126//2
f 1125//2 1127//2 1126//2
f 1126//2 1127//2 1128//2
f 1126//2 1128//2 1129//2
f 1129//2 1128//2 1130//2
f 1129//2 1130//2 1131//2
f 1131//2 1130//2 1132//2
f 1130//2 1133//2 1132//2
f 1132//2 1133//2 1134//2
f 1133//2 1135//2 1134//2
f 1134//2 1135//2 1136//2
f 1135//2 1137//2 1136//2
f 1136//2 1137//2 1138//2
f 1136//2 1138//2 1139//2
f 1140//2 1141//2 1137//2
f 1137//2 1141//2 1138//2
f 1129//2 1142//2 1126//2
f 1126//2 1142//2 1143//2
f 1126//2 1143//2 2//2
f 2//2 1143//2 1144//2
f 2//2 1144//2 1145//2
f 1145//2 1146//2 2//2
f 2//2 1146//2 4//2
f 1146//2 1147//2 4//2
f 4//2 1147//2 1148//2
f 4//2 1148//2 1149//2
f 4//2 1149//2 6//2
f 6//2 1149//2 1150//2
f 6//2 1150//2 1151//2
f 1151//2 1152//2 6//2
f 6//2 1152//2 1153//2
f 6//2 1153//2 1154//2
f 6//2 1154//2 1155//2
f 1155//2 1154//2 1156//2
f 1155//2 1156//2 1157//2
f 1157//2 1156//2 1158//2
f 1156//2 1159//2 1158//2
f 1158//2 1159//2 1160//2
f 1159//2 1161//2 1160//2
f 1160//2 1161//2 1162//2
f 1161//2 1163//2 1162//2
f 1162//2 1163//2 1164//2
f 1162//2 1164//2 1165//2
f 1166//2 1167//2 1163//2
f 1163//2 1167//2 1164//2
f 1155//2 1168//2 6//2
f 6//2 1168//2 1169//2
f 6//2 1169//2 1170//2
f 6//2 1170//2 8//2
f 8//2 1170//2 1171//2
f 8//2 1171//2 1172//2
f 1172//2 1173//2 8//2
f 8//2 1173//2 1174//2
f 8//2 1174//2 10//2
f 10//2 1174//2 1175//2
f 10//2 1175//2 1176//2
f 1176//2 1177//2 10//2
f 10//2 1177//2 1178//2
f 10//2 1178//2 1179//2
f 10//2 1179//2 1180//2
f 1180//2 1179//2 1181//2
f 1180//2 1181//2 1182//2
f 1182//2 1181//2 1183//2
f 1182//2 1183//2 1184//2
f 1184//2 1183//2 1185//2
f 1183//2 1186//2 1185//2
f 1185//2 1186//2 1187//2
f 1186//2 1188//2 1187//2
f 1187//2 1188//2 1189//2
f 1188//2 1190//2 1189//2
f 1189//2 1190//2 1191//2
f 1189//2 1191//2 1192//2
f 1193//2 1194//2 1190//2
f 1190//2 1194//2 1191//2
f 1180//2 1195//2 10//2
f 10//2 1195//2 12//2
f 1195//2 1196//2 12//2
f 12//2 1196//2 1197//2
f 12//2 1197//2 1198//2
f 1198//2 1199//2 12//2
f 12//2 1199//2 1200//2
f 12//2 1200//2 14//2
f 14//2 1200//2 1201//2
f 14//2 1201//2 1202//2
f 1202//2 1203//2 14//2
f 14//2 1203//2 1204//2
f 14//2 1204//2 16//2
f 16//2 1204//2 1205//2
f 16//2 1205//2 1206//2
f 1206//2 1205//2 1207//2
f 1206//2 1207//2 1208//2
f 1208//2 1207//2 1209//2
f 1208//2 1209//2 1210//2
f 1210//2 1209//2 1211//2
f 1209//2 1212//2 1211//2
f 1211//2 1212//2 1213//2
f 1212//2 1214//2 1213//2
f 1213//2 1214//2 1215//2
f 1214//2 1216//2 1215//2
f 1215//2 1216//2 1217//2
f 1215//2 1217//2 1218//2
f 1219//2 1220//2 1216//2
f 1216//2 1220//2 1217//2
f 1206//2 1221//2 16//2
f 16//2 1221//2 1222//2
f 16//2 1222//2 1223//2
f 1223//2 1224//2 16//2
f 16//2 1224//2 1225//2
f 16//2 1225//2 18//2
f 18//2 1225//2 1226//2
f 18//2 1226//2 1227//2
f 1227//2 1228//2 18//2
f 18//2 1228//2 1229//2
f 18//2 1229//2 1230//2
f 18//2 1230//2 20//2
f 20//2 1230//2 1231//2
f 20//2 1231//2 1232//2
f 1232//2 1231//2 1233//2
f 1232//2 1233//2 1234//2
f 1234//2 1233//2 1235//2
f 1234//2 1235//2 1236//2
f 1236//2 1235//2 1237//2
f 1235//2 1238//2 1237//2
f 1237//2 1238//2 1239//2
f 1238//2 1240//2 1239//2
f 1239//2 1240//2 1241//2
f 1240//2 1242//2 1241//2
f 1241//2 1242//2 1243//2
f 1241//2 1243//2 1244//2
f 1245//2 1246//2 1242//2
f 1242//2 1246//2 1243//2
f 1232//2 1247//2 20//2
f 20//2 1247//2 1248//2
f 20//2 1248//2 1249//2
f 1249//2 1250//2 20//2
f 20//2 1250//2 22//2
f 1250//2 1251//2 22//2
f 22//2 1251//2 1252//2
f 22//2 1252//2 1253//2
f 1253//2 1254//2 22//2
f 22//2 1254//2 24//2
f 1254//2 1255//2 24//2
f 24//2 1255//2 1256//2
f 24//2 1256//2 1257//2
f 1257//2 1258//2 24//2
f 24//2 1258//2 1259//2
f 24//2 1259//2 1260//2
f 1258//2 1261//2 1259//2
f 1259//2 1261//2 1262//2
f 1262//2 1261//2 1263//2
f 1263//2 1261//2 1264//2
f 1263//2 1264//2 1265//2
f 1265//2 1264//2 1266//2
f 1265//2 1266//2 1267//2
f 1267//2 1266//2 1268//2
f 1267//2 1268//2 1269//2
f 1269//2 1268//2 1270//2
f 1268//2 1271//2 1270//2
f 1269//2 1272//2 1267//2
f 1260//2 1273//2 24//2
f 24//2 1273//2 1274//2
f 24//2 1274//2 1275//2
f 24//2 1275//2 26//2
f 26//2 1275//2 1276//2
f 26//2 1276//2 1277//2
f 1277//2 1278//2 26//2
f 26//2 1278//2 1279//2
f 26//2 1279//2 28//2
f 28//2 1279//2 1280//2
f 28//2 1280//2 1281//2
f 1281//2 1282//2 28//2
f 28//2 1282//2 1283//2
f 28//2 1283//2 1284//2
f 28//2 1284//2 1285//2
f 1285//2 1284//2 1286//2
f 1285//2 1286//2 1287//2
f 1287//2 1286//2 1288//2
f 1286//2 1289//2 1288//2
f 1288//2 1289//2 1290//2
f 1289//2 1291//2 1290//2
f 1290//2 1291//2 1292//2
f 1291//2 1293//2 1292//2
f 1292//2 1293//2 1294//2
f 1292//2 1294//2 1295//2
f 1296//2 1297//2 1293//2
f 1293//2 1297//2 1294//2
f 1285//2 1298//2 28//2
f 28//2 1298//2 1299//2
f 28//2 1299//2 1300//2
f 28//2 1300//2 30//2
f 30//2 1300//2 1301//2
f 30//2 1301//2 1302//2
f 1302//2 1303//2 30//2
f 30//2 1303//2 1304//2
f 30//2 1304//2 32//2
f 32//2 1304//2 1305//2
f 32//2 1305//2 1306//2
f 1306//2 1307//2 32//2
f 32//2 1307//2 1308//2
f 32//2 1308//2 1309//2
f 32//2 1309//2 34//2
f 34//2 1309//2 1310//2
f 34//2 1310//2 1311//2
f 1311//2 1310//2 1312//2
f 1311//2 1312//2 1313//2
f 1313//2 1312//2 1314//2
f 1312//2 1315//2 1314//2
f 1314//2 1315//2 1316//2
f 1315//2 1317//2 1316//2
f 1316//2 1317//2 1318//2
f 1317//2 1319//2 1318//2
f 1318//2 1319//2 606//2
f 1318//2 606//2 613//2
f 603//2 605//2 1319//2
f 1319//2 605//2 606//2
f 1311//2 1320//2 34//2
f 34//2 1320//2 1321//2
f 34//2 1321//2 1322//2
f 34//2 1322//2 36//2
f 36//2 1322//2 1323//2
f 36//2 1323//2 1324//2
f 1324//2 1325//2 36//2
f 36//2 1325//2 38//2
f 1325//2 1326//2 38//2
f 38//2 1326//2 1327//2
f 38//2 1327//2 40//2
f 40//2 1327//2 1328//2
f 40//2 1328//2 1329//2
f 1329//2 1330//2 40//2
f 40//2 1330//2 1331//2
f 1330//2 1332//2 1331//2
f 1331//2 1332//2 1333//2
f 1331//2 1333//2 1334//2
f 1334//2 1333//2 1335//2
f 1334//2 1335//2 1336//2
f 1336//2 1335//2 1337//2
f 1335//2 1338//2 1337//2
f 1337//2 1338//2 1339//2
f 1338//2 1340//2 1339//2
f 1339//2 1340//2 1341//2
f 1340//2 1342//2 1341//2
f 1341//2 1342//2 1343//2
f 1341//2 1343//2 1344//2
f 1345//2 1346//2 1342//2
f 1342//2 1346//2 1343//2
f 1334//2 1347//2 1331//2
f 1331//2 1347//2 1348//2
f 1331//2 1348//2 1349//2
f 1349//2 1348//2 1350//2
f 1349//2 1350//2 1351//2
f 1351//2 1352//2 1349//2
f 1349//2 1352//2 1353//2
f 1352//2 1354//2 1353//2
f 1353//2 1354//2 1355//2
f 1353//2 1355//2 1356//2
f 1356//2 1355//2 1357//2
f 1356//2 1357//2 1358//2
f 1358//2 1359//2 1356//2
f 1356//2 1359//2 1360//2
f 1359//2 1361//2 1360//2
f 1360//2 1361//2 1362//2
f 1360//2 1362//2 1363//2
f 1363//2 1362//2 1364//2
f 1363//2 1364//2 1365//2
f 1362//2 1366//2 1364//2
f 1364//2 1366//2 1367//2
f 1366//2 1368//2 1367//2
f 1367//2 1368//2 1369//2
f 1369//2 1368//2 1370//2
f 1370//2 1368//2 1371//2
f 1370//2 1371//2 1372//2
f 1372//2 1371//2 1373//2
f 1372//2 1373//2 1374//2
f 1374//2 1373//2 1375//2
f 1374//2 1375//2 1376//2
f 1376//2 1375//2 1377//2
f 1375//2 1378//2 1377//2
f 1376//2 1379//2 1374//2
f 1365//2 1380//2 1363//2
f 1363//2 1380//2 1381//2
f 1380//2 1382//2 1381//2
f 1381//2 1382//2 1383//2
f 1381//2 1383//2 1384//2
f 1381//2 1384//2 1385//2
f 1385//2 1384//2 1386//2
f 1385//2 1386//2 1387//2
f 1385//2 1387//2 1388//2
f 1388//2 1387//2 1389//2
f 1388//2 1389//2 1390//2
f 1390//2 1391//2 1388//2
f 1388//2 1391//2 1392//2
f 1391//2 1393//2 1392//2
f 1392//2 1393//2 1394//2
f 1392//2 1394//2 1395//2
f 1395//2 1394//2 1396//2
f 1395//2 1396//2 1397//2
f 1397//2 1396//2 1398//2
f 1396//2 1399//2 1398//2
f 1398//2 1399//2 1400//2
f 1399//2 1401//2 1400//2
f 1400//2 1401//2 1402//2
f 1401//2 1403//2 1402//2
f 1402//2 1403//2 1404//2
f 1402//2 1404//2 1405//2
f 1406//2 1407//2 1403//2
f 1403//2 1407//2 1404//2
f 1395//2 1408//2 1392//2
f 1392//2 1408//2 1409//2
f 1392//2 1409//2 1410//2
f 1410//2 1409//2 1411//2
f 1410//2 1411//2 1412//2
f 1412//2 1413//2 1410//2
f 1410//2 1413//2 1414//2
f 1413//2 1415//2 1414//2
f 1414//2 1415//2 1416//2
f 1414//2 1416//2 1417//2
f 1417//2 1416//2 1418//2
f 1417//2 1418//2 1419//2
f 1419//2 1420//2 1417//2
f 1417//2 1420//2 1421//2
f 1420//2 1422//2 1421//2
f 1421//2 1422//2 1423//2
f 1421//2 1423//2 1424//2
f 1421//2 1424//2 1425//2
f 1425//2 1424//2 1426//2
f 1425//2 1426//2 1427//2
f 1427//2 1426//2 1428//2
f 1426//2 1429//2 1428//2
f 1428//2 1429//2 1430//2
f 1429//2 1431//2 1430//2
f 1430//2 1431//2 1432//2
f 1431//2 1433//2 1432//2
f 1432//2 1433//2 1434//2
f 1432//2 1434//2 1435//2
f 1436//2 1437//2 1433//2
f 1433//2 1437//2 1434//2
f 1425//2 1438//2 1421//2
f 1421//2 1438//2 1439//2
f 1438//2 1440//2 1439//2
f 1439//2 1440//2 1441//2
f 1439//2 1441//2 1442//2
f 1439//2 1442//2 1443//2
f 1443//2 1442//2 1444//2
f 1443//2 1444//2 1445//2
f 1445//2 1446//2 1443//2
f 1443//2 1446//2 1447//2
f 1446//2 1448//2 1447//2
f 1447//2 1448//2 1449//2
f 1447//2 1449//2 1450//2
f 1450//2 1449//2 1451//2
f 1450//2 1451//2 1452//2
f 1452//2 1453//2 1450//2
f 1450//2 1453//2 1050//2
f 1453//2 1051//2 1050//2
f 629//453 1454//454 614//455
f 614//455 1454//454 630//456
f 1041//457 1455//458 1456//459
f 1456//459 1455//458 1457//460
f 1456//459 1457//460 1458//461
f 1458//461 1457//460 1459//462
f 1458//461 1459//462 1454//454
f 1454//454 1459//462 631//463
f 1454//454 631//463 630//456
f 1041//457 1039//464 1455//458
f 1455//458 1039//464 1037//465
f 1455//458 1037//465 1036//466
f 1460//467 1078//468 1461//469
f 1461//469 1078//468 1077//470
f 1461//469 1077//470 1080//471
f 1080//471 1079//472 1461//469
f 1461//469 1462//473 1460//467
f 1460//467 1462//473 1463//474
f 1462//473 1464//475 1463//474
f 1463//474 1464//475 1465//476
f 1464//475 1022//477 1465//476
f 1465//476 1022//477 1021//478
f 1465//476 1021//478 1020//479
f 1020//479 1019//480 1465//476
f 1466//481 1113//482 1467//483
f 1467//483 1113//482 1110//484
f 1467//483 1110//484 1111//477
f 1111//477 1112//485 1467//483
f 1467//483 1468//486 1466//481
f 1466//481 1468//486 1469//487
f 1468//486 1470//488 1469//487
f 1469//487 1470//488 1471//489
f 1470//488 991//490 1471//489
f 1471//489 991//490 989//491
f 1471//489 989//491 988//492
f 988//492 990//493 1471//489
f 1472//494 1139//492 1473//495
f 1473//495 1139//492 1138//491
f 1473//495 1138//491 1141//496
f 1141//496 1140//497 1473//495
f 1473//495 1474//498 1472//494
f 1472//494 1474//498 1475//499
f 1474//498 1476//500 1475//499
f 1475//499 1476//500 1477//501
f 1476//500 965//502 1477//501
f 1477//501 965//502 963//503
f 1477//501 963//503 962//504
f 962//504 964//505 1477//501
f 1478//506 1165//507 1479//508
f 1479//508 1165//507 1164//503
f 1479//508 1164//503 1167//502
f 1167//502 1166//509 1479//508
f 1479//508 1480//510 1478//506
f 1478//506 1480//510 1481//511
f 1480//510 1482//512 1481//511
f 1481//511 1482//512 1483//513
f 1482//512 939//514 1483//513
f 1483//513 939//514 938//515
f 1483//513 938//515 925//516
f 925//516 937//517 1483//513
f 1484//518 1192//516 1485//519
f 1485//519 1192//516 1191//515
f 1485//519 1191//515 1194//520
f 1194//520 1193//521 1485//519
f 1485//519 1486//522 1484//518
f 1484//518 1486//522 1487//523
f 1486//522 1488//524 1487//523
f 1487//523 1488//524 1489//525
f 1488//524 913//526 1489//525
f 1489//525 913//526 911//527
f 1489//525 911//527 910//528
f 910//528 912//529 1489//525
f 1490//530 1218//528 1491//531
f 1491//531 1218//528 1217//532
f 1491//531 1217//532 1220//533
f 1220//533 1219//534 1491//531
f 1491//531 1492//535 1490//530
f 1490//530 1492//535 1493//536
f 1492//535 1494//537 1493//536
f 1493//536 1494//537 1495//538
f 1494//537 886//539 1495//538
f 1495//538 886//539 884//540
f 1495//538 884//540 883//541
f 883//541 885//542 1495//538
f 1496//543 1244//544 1497//545
f 1497//545 1244//544 1243//546
f 1497//545 1243//546 1246//539
f 1246//539 1245//547 1497//545
f 1497//545 1498//548 1496//543
f 1496//543 1498//548 1499//549
f 1498//548 1500//550 1499//549
f 1499//549 1500//550 1501//551
f 1500//550 861//552 1501//551
f 1501//551 861//552 860//553
f 1501//551 860//553 859//554
f 859//554 858//555 1501//551
f 1502//556 1272//557 1503//558
f 1503//558 1272//557 1269//553
f 1503//558 1269//553 1270//552
f 1270//552 1271//559 1503//558
f 1503//558 1504//560 1502//556
f 1502//556 1504//560 1505//561
f 1504//560 1506//562 1505//561
f 1505//561 1506//562 1507//563
f 1506//562 835//564 1507//563
f 1507//563 835//564 833//565
f 1507//563 833//565 832//566
f 832//566 834//567 1507//563
f 1508//568 1295//566 1509//569
f 1509//569 1295//566 1294//565
f 1509//569 1294//565 1297//570
f 1297//570 1296//571 1509//569
f 1509//569 1510//572 1508//568
f 1508//568 1510//572 1511//573
f 1510//572 1512//574 1511//573
f 1511//573 1512//574 1513//575
f 1512//574 808//446 1513//575
f 1513//575 808//446 806//447
f 1513//575 806//447 805//452
f 805//452 807//576 1513//575
f 608//51 607//51 1514//577
f 1514//577 607//51 783//578
f 1514//577 783//578 781//579
f 781//579 780//580 1514//577
f 1514//577 780//580 782//581
f 1515//582 1344//580 1516//583
f 1516//583 1344//580 1343//579
f 1516//583 1343//579 1346//584
f 1346//584 1345//585 1516//583
f 1516//583 1517//586 1515//582
f 1515//582 1517//586 1518//587
f 1517//586 1519//588 1518//587
f 1518//587 1519//588 1520//589
f 1519//588 752//590 1520//589
f 1520//589 752//590 751//591
f 1520//589 751//591 750//592
f 750//592 749//593 1520//589
f 1521//594 1379//592 1522//595
f 1522//595 1379//592 1376//596
f 1522//595 1376//596 1377//590
f 1377//590 1378//597 1522//595
f 1522//595 1523//598 1521//594
f 1521//594 1523//598 1524//599
f 1523//598 1525//600 1524//599
f 1524//599 1525//600 1526//601
f 1525//600 721//602 1526//601
f 1526//601 721//602 719//603
f 1526//601 719//603 718//604
f 718//604 720//605 1526//601
f 1527//606 1405//607 1528//608
f 1528//608 1405//607 1404//603
f 1528//608 1404//603 1407//602
f 1407//602 1406//609 1528//608
f 1528//608 1529//610 1527//606
f 1527//606 1529//610 1530//611
f 1529//610 1531//612 1530//611
f 1530//611 1531//612 1532//613
f 1531//612 691//614 1532//613
f 1532//613 691//614 689//615
f 1532//613 689//615 688//616
f 688//616 690//617 1532//613
f 1533//618 1435//616 1534//619
f 1534//619 1435//616 1434//615
f 1534//619 1434//615 1437//620
f 1437//620 1436//621 1534//619
f 1534//619 1535//622 1533//618
f 1533//618 1535//622 1536//623
f 1535//622 1537//624 1536//623
f 1536//623 1537//624 1538//625
f 1537//624 660//626 1538//625
f 1538//625 660//626 658//464
f 1538//625 658//464 657//627
f 657//627 659//437 1538//625
f 637//628 1539//629 639//630
f 639//630 1539//629 1540//631
f 1539//629 1541//632 1540//631
f 1540//631 1541//632 1542//633
f 1541//632 1543//634 1542//633
f 1542//633 1543//634 1544//635
f 1543//634 1545//636 1544//635
f 1544//635 1545//636 1546//637
f 1545//636 1547//638 1546//637
f 1546//637 1547//638 1548//639
f 1547//638 1549//640 1548//639
f 1548//639 1549//640 1550//641
f 1549//640 1551//642 1550//641
f 1550//641 1551//642 1552//643
f 1551//642 1553//644 1552//643
f 1552//643 1553//644 1554//645
f 1553//644 1446//646 1554//645
f 1554//645 1446//646 1445//647
f 1538//648 659//649 1555//650
f 1555//650 659//649 655//651
f 1555//650 655//651 1556//652
f 1556//652 655//651 653//653
f 1556//652 653//653 1557//654
f 1557//654 653//653 651//655
f 1557//654 651//655 1558//656
f 1558//656 651//655 649//657
f 1558//656 1559//658 1557//654
f 1557//654 1559//658 1560//659
f 1557//654 1560//659 1561//660
f 1561//660 1560//659 1562//661
f 1561//660 1562//661 1563//662
f 1561//660 1563//662 1564//663
f 1564//663 1563//662 1565//664
f 1564//663 1565//664 1566//665
f 1427//666 1428//667 1566//665
f 1566//665 1428//667 1564//663
f 1564//663 1428//667 1567//668
f 1567//668 1428//667 1430//669
f 1567//668 1430//669 1568//670
f 1568//670 1430//669 1432//671
f 1568//670 1432//671 1533//672
f 1533//672 1432//671 1435//673
f 1533//672 1536//674 1568//670
f 1568//670 1536//674 1569//675
f 1568//670 1569//675 1567//668
f 1567//668 1569//675 1570//676
f 1567//668 1570//676 1564//663
f 1564//663 1570//676 1561//660
f 1536//674 1538//648 1569//675
f 1569//675 1538//648 1555//650
f 1569//675 1555//650 1570//676
f 1570//676 1555//650 1556//652
f 1570//676 1556//652 1561//660
f 1561//660 1556//652 1557//654
f 1455//677 1036//678 1571//679
f 1571//679 1036//678 1038//680
f 1571//679 1038//680 1572//681
f 1572//681 1038//680 1042//682
f 1572//681 1042//682 1573//683
f 1573//683 1042//682 1044//684
f 1573//683 1044//684 1574//685
f 1574//685 1044//684 1046//686
f 1574//685 1575//687 1573//683
f 1573//683 1575//687 1576//688
f 1573//683 1576//688 1577//689
f 1573//683 1577//689 1578//690
f 1578//690 1577//689 1579//691
f 1578//690 1579//691 1580//692
f 1578//690 1580//692 1581//693
f 1581//693 1580//692 1582//694
f 1581//693 1582//694 619//695
f 619//695 1582//694 621//696
f 1581//693 619//695 1583//697
f 1583//697 619//695 617//698
f 1583//697 617//698 1584//699
f 1584//699 617//698 615//700
f 1584//699 615//700 1459//701
f 1459//701 615//700 631//702
f 1459//701 1457//703 1584//699
f 1584//699 1457//703 1585//704
f 1584//699 1585//704 1583//697
f 1583//697 1585//704 1586//705
f 1583//697 1586//705 1581//693
f 1581//693 1586//705 1578//690
f 1457//703 1455//677 1585//704
f 1585//704 1455//677 1571//679
f 1585//704 1571//679 1586//705
f 1586//705 1571//679 1572//681
f 1586//705 1572//681 1578//690
f 1578//690 1572//681 1573//683
f 1046//686 1051//706 1574//707
f 1574//707 1051//706 1453//708
f 1574//707 1453//708 1587//709
f 1587//709 1453//708 1452//710
f 1587//709 1452//710 1451//711
f 1587//709 1451//711 1588//712
f 1588//712 1451//711 1449//713
f 1588//712 1449//713 1448//714
f 1446//646 1553//644 1448//714
f 1448//714 1553//644 1588//712
f 1553//644 1551//642 1588//712
f 1588//712 1551//642 1589//715
f 1588//712 1589//715 1590//716
f 1590//716 1589//715 1591//717
f 1590//716 1591//717 1576//688
f 1576//688 1591//717 1577//689
f 1551//642 1549//640 1589//715
f 1589//715 1549//640 1547//638
f 1589//715 1547//638 1592//718
f 1592//718 1547//638 1545//636
f 1592//718 1545//636 1543//634
f 1592//718 1543//634 1593//719
f 1593//719 1543//634 1541//632
f 1593//719 1541//632 636//720
f 636//720 1541//632 1539//629
f 636//720 1539//629 637//628
f 636//720 635//721 1593//719
f 1593//719 635//721 633//722
f 1593//719 633//722 1594//723
f 1594//723 633//722 632//724
f 1594//723 632//724 625//725
f 623//726 621//696 625//725
f 625//725 621//696 1582//694
f 625//725 1582//694 1580//692
f 625//725 1580//692 1594//723
f 1594//723 1580//692 1579//691
f 1594//723 1579//691 1591//717
f 1591//717 1579//691 1577//689
f 1576//688 1575//727 1590//716
f 1590//716 1575//727 1587//709
f 1590//716 1587//709 1588//712
f 1575//727 1574//707 1587//709
f 1589//715 1592//718 1591//717
f 1591//717 1592//718 1594//723
f 1592//718 1593//719 1594//723
f 1554//645 1445//728 1595//729
f 1595//729 1445//728 1444//730
f 1595//729 1444//730 1442//731
f 1595//729 1442//731 1596//732
f 1596//732 1442//731 1441//733
f 1596//732 1441//733 1440//734
f 1440//734 1438//735 1596//732
f 1596//732 1438//735 1566//736
f 1596//732 1566//736 1565//664
f 1438//735 1425//737 1566//736
f 1566//736 1425//737 1427//666
f 1596//732 1565//664 1597//738
f 1597//738 1565//664 1563//662
f 1597//738 1563//662 1562//661
f 1597//738 1562//661 1598//739
f 1598//739 1562//661 1560//740
f 1598//739 1560//740 1599//741
f 1599//741 1560//740 1559//658
f 1599//741 1559//658 1558//656
f 649//657 647//742 1558//656
f 1558//656 647//742 646//743
f 1558//656 646//743 644//744
f 1558//656 644//744 1599//741
f 1599//741 644//744 643//745
f 1599//741 643//745 1600//746
f 1600//746 643//745 642//747
f 1600//746 642//747 640//748
f 639//630 1540//631 640//748
f 640//748 1540//631 1600//746
f 1540//631 1542//633 1600//746
f 1600//746 1542//633 1544//437
f 1600//746 1544//437 1601//749
f 1601//749 1544//437 1546//750
f 1601//749 1546//750 1548//639
f 1601//749 1548//639 1602//751
f 1602//751 1548//639 1550//641
f 1602//751 1550//641 1552//643
f 1602//751 1552//643 1595//729
f 1595//729 1552//643 1554//645
f 1595//729 1596//732 1602//751
f 1602//751 1596//732 1597//738
f 1602//751 1597//738 1601//749
f 1601//749 1597//738 1598//739
f 1601//749 1598//739 1600//746
f 1600//746 1598//739 1599//741
f 668//752 1603//646 669//753
f 669//753 1603//646 1604//647
f 1603//646 1605//754 1604//647
f 1604//647 1605//754 1606//755
f 1605//754 1607//756 1606//755
f 1606//755 1607//756 1608//757
f 1607//756 1609//758 1608//757
f 1608//757 1609//758 1610//759
f 1609//758 1611//760 1610//759
f 1610//759 1611//760 1612//761
f 1611//760 1613//434 1612//761
f 1612//761 1613//434 1614//762
f 1613//434 1615//763 1614//762
f 1614//762 1615//763 1616//764
f 1615//763 1617//765 1616//764
f 1616//764 1617//765 1618//152
f 1617//765 1416//766 1618//152
f 1618//152 1416//766 1415//767
f 1532//768 690//769 1619//770
f 1619//770 690//769 686//771
f 1619//770 686//771 1620//772
f 1620//772 686//771 684//773
f 1620//772 684//773 1621//774
f 1621//774 684//773 682//775
f 1621//774 682//775 1622//776
f 1622//776 682//775 680//777
f 1622//776 1623//778 1621//774
f 1621//774 1623//778 1624//779
f 1621//774 1624//779 1625//780
f 1625//780 1624//779 1626//781
f 1625//780 1626//781 1627//782
f 1625//780 1627//782 1628//783
f 1628//783 1627//782 1629//784
f 1628//783 1629//784 1630//785
f 1397//786 1398//787 1630//785
f 1630//785 1398//787 1628//783
f 1628//783 1398//787 1631//788
f 1631//788 1398//787 1400//789
f 1631//788 1400//789 1632//790
f 1632//790 1400//789 1402//791
f 1632//790 1402//791 1527//792
f 1527//792 1402//791 1405//793
f 1527//792 1530//794 1632//790
f 1632//790 1530//794 1633//795
f 1632//790 1633//795 1631//788
f 1631//788 1633//795 1634//796
f 1631//788 1634//796 1628//783
f 1628//783 1634//796 1625//780
f 1530//794 1532//768 1633//795
f 1633//795 1532//768 1619//770
f 1633//795 1619//770 1634//796
f 1634//796 1619//770 1620//772
f 1634//796 1620//772 1625//780
f 1625//780 1620//772 1621//774
f 1534//797 1436//798 1635//799
f 1635//799 1436//798 1433//800
f 1635//799 1433//800 1636//801
f 1636//801 1433//800 1431//802
f 1636//801 1431//802 1637//803
f 1637//803 1431//802 1429//804
f 1637//803 1429//804 1638//805
f 1638//805 1429//804 1426//806
f 1638//805 1639//807 1637//803
f 1637//803 1639//807 1640//808
f 1637//803 1640//808 1641//809
f 1637//803 1641//809 1642//810
f 1642//810 1641//809 1643//811
f 1642//810 1643//811 1644//812
f 1642//810 1644//812 1645//813
f 1645//813 1644//812 1646//814
f 1645//813 1646//814 652//815
f 652//815 1646//814 650//816
f 1645//813 652//815 1647//817
f 1647//817 652//815 654//818
f 1647//817 654//818 1648//819
f 1648//819 654//818 656//820
f 1648//819 656//820 1537//821
f 1537//821 656//820 660//822
f 1537//821 1535//823 1648//819
f 1648//819 1535//823 1649//824
f 1648//819 1649//824 1647//817
f 1647//817 1649//824 1650//825
f 1647//817 1650//825 1645//813
f 1645//813 1650//825 1642//810
f 1535//823 1534//797 1649//824
f 1649//824 1534//797 1635//799
f 1649//824 1635//799 1650//825
f 1650//825 1635//799 1636//801
f 1650//825 1636//801 1642//810
f 1642//810 1636//801 1637//803
f 698//826 1651//766 700//827
f 700//827 1651//766 1652//767
f 1651//766 1653//828 1652//767
f 1652//767 1653//828 1654//829
f 1653//828 1655//830 1654//829
f 1654//829 1655//830 1656//831
f 1655//830 1657//832 1656//831
f 1656//831 1657//832 1658//833
f 1657//832 1659//834 1658//833
f 1658//833 1659//834 1660//835
f 1659//834 1661//836 1660//835
f 1660//835 1661//836 1662//837
f 1661//836 1663//838 1662//837
f 1662//837 1663//838 1664//839
f 1663//838 1665//840 1664//839
f 1664//839 1665//840 1666//841
f 1665//840 1386//842 1666//841
f 1666//841 1386//842 1384//843
f 1526//844 720//845 1667//846
f 1667//846 720//845 716//847
f 1667//846 716//847 1668//848
f 1668//848 716//847 714//849
f 1668//848 714//849 1669//850
f 1669//850 714//849 712//851
f 1669//850 712//851 1670//852
f 1670//852 712//851 710//853
f 1670//852 1671//854 1669//850
f 1669//850 1671//854 1672//855
f 1669//850 1672//855 1673//856
f 1673//856 1672//855 1674//857
f 1673//856 1674//857 1675//858
f 1673//856 1675//858 1676//859
f 1676//859 1675//858 1677//860
f 1676//859 1677//860 1678//861
f 1369//862 1370//863 1678//861
f 1678//861 1370//863 1676//859
f 1676//859 1370//863 1679//864
f 1679//864 1370//863 1372//865
f 1679//864 1372//865 1680//866
f 1680//866 1372//865 1374//867
f 1680//866 1374//867 1521//868
f 1521//868 1374//867 1379//869
f 1521//868 1524//870 1680//866
f 1680//866 1524//870 1681//871
f 1680//866 1681//871 1679//864
f 1679//864 1681//871 1682//872
f 1679//864 1682//872 1676//859
f 1676//859 1682//872 1673//856
f 1524//870 1526//844 1681//871
f 1681//871 1526//844 1667//846
f 1681//871 1667//846 1682//872
f 1682//872 1667//846 1668//848
f 1682//872 1668//848 1673//856
f 1673//856 1668//848 1669//850
f 1528//873 1406//874 1683//875
f 1683//875 1406//874 1403//876
f 1683//875 1403//876 1684//877
f 1684//877 1403//876 1401//878
f 1684//877 1401//878 1685//879
f 1685//879 1401//878 1399//880
f 1685//879 1399//880 1686//881
f 1686//881 1399//880 1396//882
f 1686//881 1687//883 1685//879
f 1685//879 1687//883 1688//884
f 1685//879 1688//884 1689//885
f 1685//879 1689//885 1690//886
f 1690//886 1689//885 1691//887
f 1690//886 1691//887 1692//888
f 1690//886 1692//888 1693//889
f 1693//889 1692//888 1694//890
f 1693//889 1694//890 683//891
f 683//891 1694//890 681//892
f 1693//889 683//891 1695//893
f 1695//893 683//891 685//894
f 1695//893 685//894 1696//895
f 1696//895 685//894 687//896
f 1696//895 687//896 1531//897
f 1531//897 687//896 691//898
f 1531//897 1529//899 1696//895
f 1696//895 1529//899 1697//900
f 1696//895 1697//900 1695//893
f 1695//893 1697//900 1698//901
f 1695//893 1698//901 1693//889
f 1693//889 1698//901 1690//886
f 1529//899 1528//873 1697//900
f 1697//900 1528//873 1683//875
f 1697//900 1683//875 1698//901
f 1698//901 1683//875 1684//877
f 1698//901 1684//877 1690//886
f 1690//886 1684//877 1685//879
f 729//902 1699//842 730//903
f 730//903 1699//842 1700//843
f 1699//842 1701//904 1700//843
f 1700//843 1701//904 1702//905
f 1701//904 1703//906 1702//905
f 1702//905 1703//906 1704//907
f 1703//906 1705//908 1704//907
f 1704//907 1705//908 1706//909
f 1705//908 1707//910 1706//909
f 1706//909 1707//910 1708//911
f 1707//910 1709//912 1708//911
f 1708//911 1709//912 1710//913
f 1709//912 1711//914 1710//913
f 1710//913 1711//914 1712//915
f 1711//914 1713//916 1712//915
f 1712//915 1713//916 1714//917
f 1713//916 1355//918 1714//917
f 1714//917 1355//918 1354//919
f 1520//920 749//921 1715//922
f 1715//922 749//921 747//923
f 1715//922 747//923 1716//924
f 1716//924 747//923 745//925
f 1716//924 745//925 1717//926
f 1717//926 745//925 743//927
f 1717//926 743//927 1718//928
f 1718//928 743//927 741//929
f 1718//928 1719//930 1717//926
f 1717//926 1719//930 1720//931
f 1717//926 1720//931 1721//932
f 1721//932 1720//931 1722//933
f 1721//932 1722//933 1723//934
f 1721//932 1723//934 1724//935
f 1724//935 1723//934 1725//936
f 1724//935 1725//936 1726//937
f 1336//938 1337//939 1726//937
f 1726//937 1337//939 1724//935
f 1724//935 1337//939 1727//940
f 1727//940 1337//939 1339//941
f 1727//940 1339//941 1728//942
f 1728//942 1339//941 1341//943
f 1728//942 1341//943 1515//944
f 1515//944 1341//943 1344//945
f 1515//944 1518//946 1728//942
f 1728//942 1518//946 1729//947
f 1728//942 1729//947 1727//940
f 1727//940 1729//947 1730//948
f 1727//940 1730//948 1724//935
f 1724//935 1730//948 1721//932
f 1518//946 1520//920 1729//947
f 1729//947 1520//920 1715//922
f 1729//947 1715//922 1730//948
f 1730//948 1715//922 1716//924
f 1730//948 1716//924 1721//932
f 1721//932 1716//924 1717//926
f 1522//949 1378//950 1731//951
f 1731//951 1378//950 1375//952
f 1731//951 1375//952 1732//953
f 1732//953 1375//952 1373//954
f 1732//953 1373//954 1733//955
f 1733//955 1373//954 1371//956
f 1733//955 1371//956 1734//957
f 1734//957 1371//956 1368//958
f 1734//957 1735//959 1733//955
f 1733//955 1735//959 1736//960
f 1733//955 1736//960 1737//961
f 1733//955 1737//961 1738//962
f 1738//962 1737//961 1739//963
f 1738//962 1739//963 1740//964
f 1738//962 1740//964 1741//965
f 1741//965 1740//964 1742//966
f 1741//965 1742//966 713//967
f 713//967 1742//966 711//968
f 1741//965 713//967 1743//969
f 1743//969 713//967 715//970
f 1743//969 715//970 1744//971
f 1744//971 715//970 717//972
f 1744//971 717//972 1525//973
f 1525//973 717//972 721//974
f 1525//973 1523//975 1744//971
f 1744//971 1523//975 1745//976
f 1744//971 1745//976 1743//969
f 1743//969 1745//976 1746//977
f 1743//969 1746//977 1741//965
f 1741//965 1746//977 1738//962
f 1523//975 1522//949 1745//976
f 1745//976 1522//949 1731//951
f 1745//976 1731//951 1746//977
f 1746//977 1731//951 1732//953
f 1746//977 1732//953 1738//962
f 1738//962 1732//953 1733//955
f 759//978 1747//918 760//979
f 760//979 1747//918 1748//919
f 1747//918 1749//980 1748//919
f 1748//919 1749//980 1750//981
f 1749//980 1751//982 1750//981
f 1750//981 1751//982 1752//983
f 1751//982 1753//984 1752//983
f 1752//983 1753//984 1754//985
f 1753//984 1755//986 1754//985
f 1754//985 1755//986 1756//987
f 1755//986 1757//988 1756//987
f 1756//987 1757//988 1758//989
f 1757//988 1759//990 1758//989
f 1758//989 1759//990 1760//991
f 1759//990 1761//992 1760//991
f 1760//991 1761//992 1762//993
f 1761//992 1326//994 1762//993
f 1762//993 1326//994 1325//995
f 1514//996 782//997 1763//998
f 1763//998 782//997 778//999
f 1763//998 778//999 1764//1000
f 1764//1000 778//999 776//1001
f 1764//1000 776//1001 1765//1002
f 1765//1002 776//1001 774//1003
f 1765//1002 774//1003 1766//1004
f 1766//1004 774//1003 772//1005
f 1766//1004 1767//1006 1765//1002
f 1765//1002 1767//1006 1768//1007
f 1765//1002 1768//1007 1769//1008
f 1769//1008 1768//1007 1770//1009
f 1769//1008 1770//1009 1771//1010
f 1769//1008 1771//1010 1772//1011
f 1772//1011 1771//1010 1773//1012
f 1772//1011 1773//1012 1774//1013
f 1313//1014 1314//1015 1774//1013
f 1774//1013 1314//1015 1772//1011
f 1772//1011 1314//1015 1775//1016
f 1775//1016 1314//1015 1316//1017
f 1775//1016 1316//1017 1776//1018
f 1776//1018 1316//1017 1318//1019
f 1776//1018 1318//1019 612//1020
f 612//1020 1318//1019 613//1021
f 612//1020 610//1022 1776//1018
f 1776//1018 610//1022 1777//1023
f 1776//1018 1777//1023 1775//1016
f 1775//1016 1777//1023 1778//1024
f 1775//1016 1778//1024 1772//1011
f 1772//1011 1778//1024 1769//1008
f 610//1022 608//1025 1777//1023
f 1777//1023 608//1025 1763//998
f 1777//1023 1763//998 1778//1024
f 1778//1024 1763//998 1764//1000
f 1778//1024 1764//1000 1769//1008
f 1769//1008 1764//1000 1765//1002
f 608//1025 1514//996 1763//998
f 1516//1026 1345//1027 1779//1028
f 1779//1028 1345//1027 1342//1029
f 1779//1028 1342//1029 1780//1030
f 1780//1030 1342//1029 1340//1031
f 1780//1030 1340//1031 1781//1032
f 1781//1032 1340//1031 1338//1033
f 1781//1032 1338//1033 1782//1034
f 1782//1034 1338//1033 1335//1035
f 1782//1034 1783//1036 1781//1032
f 1781//1032 1783//1036 1784//1037
f 1781//1032 1784//1037 1785//1038
f 1781//1032 1785//1038 1786//1039
f 1786//1039 1785//1038 1787//1040
f 1786//1039 1787//1040 1788//1041
f 1786//1039 1788//1041 1789//1042
f 1789//1042 1788//1041 1790//1043
f 1789//1042 1790//1043 744//1044
f 744//1044 1790//1043 742//1045
f 1789//1042 744//1044 1791//1046
f 1791//1046 744//1044 746//1047
f 1791//1046 746//1047 1792//1048
f 1792//1048 746//1047 748//1049
f 1792//1048 748//1049 1519//1050
f 1519//1050 748//1049 752//1051
f 1519//1050 1517//1052 1792//1048
f 1792//1048 1517//1052 1793//1053
f 1792//1048 1793//1053 1791//1046
f 1791//1046 1793//1053 1794//1054
f 1791//1046 1794//1054 1789//1042
f 1789//1042 1794//1054 1786//1039
f 1517//1052 1516//1026 1793//1053
f 1793//1053 1516//1026 1779//1028
f 1793//1053 1779//1028 1794//1054
f 1794//1054 1779//1028 1780//1030
f 1794//1054 1780//1030 1786//1039
f 1786//1039 1780//1030 1781//1032
f 788//1055 1795//994 789//1056
f 789//1056 1795//994 1796//995
f 1795//994 1797//1057 1796//995
f 1796//995 1797//1057 1798//1058
f 1797//1057 1799//1059 1798//1058
f 1798//1058 1799//1059 1800//1060
f 1799//1059 1801//1061 1800//1060
f 1800//1060 1801//1061 1802//1062
f 1801//1061 1803//1063 1802//1062
f 1802//1062 1803//1063 1804//1064
f 1803//1063 1805//1065 1804//1064
f 1804//1064 1805//1065 1806//1066
f 1805//1065 1807//1067 1806//1066
f 1806//1066 1807//1067 1808//1068
f 1807//1067 1809//1069 1808//1068
f 1808//1068 1809//1069 1810//1070
f 1809//1069 1304//1071 1810//1070
f 1810//1070 1304//1071 1303//1072
f 1513//1073 807//1074 1811//1075
f 1811//1075 807//1074 803//1076
f 1811//1075 803//1076 1812//1077
f 1812//1077 803//1076 801//1078
f 1812//1077 801//1078 1813//1079
f 1813//1079 801//1078 799//1080
f 1813//1079 799//1080 1814//1081
f 1814//1081 799//1080 797//1082
f 1814//1081 1815//1083 1813//1079
f 1813//1079 1815//1083 1816//1084
f 1813//1079 1816//1084 1817//1085
f 1817//1085 1816//1084 1818//1086
f 1817//1085 1818//1086 1819//1087
f 1817//1085 1819//1087 1820//1088
f 1820//1088 1819//1087 1821//1089
f 1820//1088 1821//1089 1822//1090
f 1287//1091 1288//1092 1822//1090
f 1822//1090 1288//1092 1820//1088
f 1820//1088 1288//1092 1823//1093
f 1823//1093 1288//1092 1290//1094
f 1823//1093 1290//1094 1824//1095
f 1824//1095 1290//1094 1292//1096
f 1824//1095 1292//1096 1508//1097
f 1508//1097 1292//1096 1295//1098
f 1508//1097 1511//1099 1824//1095
f 1824//1095 1511//1099 1825//1100
f 1824//1095 1825//1100 1823//1093
f 1823//1093 1825//1100 1826//1101
f 1823//1093 1826//1101 1820//1088
f 1820//1088 1826//1101 1817//1085
f 1511//1099 1513//1073 1825//1100
f 1825//1100 1513//1073 1811//1075
f 1825//1100 1811//1075 1826//1101
f 1826//1101 1811//1075 1812//1077
f 1826//1101 1812//1077 1817//1085
f 1817//1085 1812//1077 1813//1079
f 604//1102 603//1103 1827//1104
f 1827//1104 603//1103 1319//1105
f 1827//1104 1319//1105 1828//1106
f 1828//1106 1319//1105 1317//1107
f 1828//1106 1317//1107 1829//1108
f 1829//1108 1317//1107 1315//1109
f 1829//1108 1315//1109 1830//1110
f 1830//1110 1315//1109 1312//1111
f 1830//1110 1831//1112 1829//1108
f 1829//1108 1831//1112 1832//1113
f 1829//1108 1832//1113 1833//1114
f 1829//1108 1833//1114 1834//1115
f 1834//1115 1833//1114 1835//1116
f 1834//1115 1835//1116 1836//1117
f 1834//1115 1836//1117 1837//1118
f 1837//1118 1836//1117 1838//1119
f 1837//1118 1838//1119 775//1120
f 775//1120 1838//1119 773//1121
f 1837//1118 775//1120 1839//1122
f 1839//1122 775//1120 777//1123
f 1839//1122 777//1123 1840//1124
f 1840//1124 777//1123 779//1125
f 1840//1124 779//1125 607//1126
f 607//1126 779//1125 783//1127
f 607//1126 609//1128 1840//1124
f 1840//1124 609//1128 611//1129
f 1840//1124 611//1129 1841//1130
f 1841//1130 611//1129 604//1102
f 1841//1130 604//1102 1827//1104
f 1829//1108 1834//1115 1828//1106
f 1828//1106 1834//1115 1842//1131
f 1828//1106 1842//1131 1827//1104
f 1827//1104 1842//1131 1841//1130
f 1840//1124 1841//1130 1839//1122
f 1839//1122 1841//1130 1842//1131
f 1839//1122 1842//1131 1837//1118
f 1837//1118 1842//1131 1834//1115
f 814//1132 1843//1071 815//1133
f 815//1133 1843//1071 1844//1072
f 1843//1071 1845//1134 1844//1072
f 1844//1072 1845//1134 1846//1135
f 1845//1134 1847//1136 1846//1135
f 1846//1135 1847//1136 1848//1137
f 1847//1136 1849//1138 1848//1137
f 1848//1137 1849//1138 1850//1139
f 1849//1138 1851//1140 1850//1139
f 1850//1139 1851//1140 1852//1141
f 1851//1140 1853//1142 1852//1141
f 1852//1141 1853//1142 1854//1143
f 1853//1142 1855//1144 1854//1143
f 1854//1143 1855//1144 1856//1145
f 1855//1144 1857//1146 1856//1145
f 1856//1145 1857//1146 1858//1147
f 1857//1146 1278//1148 1858//1147
f 1858//1147 1278//1148 1277//1149
f 1507//1150 834//1151 1859//1152
f 1859//1152 834//1151 830//1153
f 1859//1152 830//1153 1860//1154
f 1860//1154 830//1153 828//1155
f 1860//1154 828//1155 1861//1156
f 1861//1156 828//1155 826//1157
f 1861//1156 826//1157 1862//1158
f 1862//1158 826//1157 824//1159
f 1862//1158 1863//1160 1861//1156
f 1861//1156 1863//1160 1864//1161
f 1861//1156 1864//1161 1865//1162
f 1865//1162 1864//1161 1866//1163
f 1865//1162 1866//1163 1867//1164
f 1865//1162 1867//1164 1868//1165
f 1868//1165 1867//1164 1869//1166
f 1868//1165 1869//1166 1870//1167
f 1262//1168 1263//1169 1870//1167
f 1870//1167 1263//1169 1868//1165
f 1868//1165 1263//1169 1871//1170
f 1871//1170 1263//1169 1265//1171
f 1871//1170 1265//1171 1872//1172
f 1872//1172 1265//1171 1267//1173
f 1872//1172 1267//1173 1502//1174
f 1502//1174 1267//1173 1272//1175
f 1502//1174 1505//1176 1872//1172
f 1872//1172 1505//1176 1873//1177
f 1872//1172 1873//1177 1871//1170
f 1871//1170 1873//1177 1874//1178
f 1871//1170 1874//1178 1868//1165
f 1868//1165 1874//1178 1865//1162
f 1505//1176 1507//1150 1873//1177
f 1873//1177 1507//1150 1859//1152
f 1873//1177 1859//1152 1874//1178
f 1874//1178 1859//1152 1860//1154
f 1874//1178 1860//1154 1865//1162
f 1865//1162 1860//1154 1861//1156
f 1509//1179 1296//1180 1875//1181
f 1875//1181 1296//1180 1293//1182
f 1875//1181 1293//1182 1876//1183
f 1876//1183 1293//1182 1291//1184
f 1876//1183 1291//1184 1877//1185
f 1877//1185 1291//1184 1289//1186
f 1877//1185 1289//1186 1878//1187
f 1878//1187 1289//1186 1286//1188
f 1878//1187 1879//1189 1877//1185
f 1877//1185 1879//1189 1880//1190
f 1877//1185 1880//1190 1881//1191
f 1877//1185 1881//1191 1882//1192
f 1882//1192 1881//1191 1883//1193
f 1882//1192 1883//1193 1884//1194
f 1882//1192 1884//1194 1885//1195
f 1885//1195 1884//1194 1886//1196
f 1885//1195 1886//1196 800//1197
f 800//1197 1886//1196 798//1198
f 1885//1195 800//1197 1887//1199
f 1887//1199 800//1197 802//1200
f 1887//1199 802//1200 1888//1201
f 1888//1201 802//1200 804//1202
f 1888//1201 804//1202 1512//1203
f 1512//1203 804//1202 808//1204
f 1512//1203 1510//1205 1888//1201
f 1888//1201 1510//1205 1889//1206
f 1888//1201 1889//1206 1887//1199
f 1887//1199 1889//1206 1890//1207
f 1887//1199 1890//1207 1885//1195
f 1885//1195 1890//1207 1882//1192
f 1510//1205 1509//1179 1889//1206
f 1889//1206 1509//1179 1875//1181
f 1889//1206 1875//1181 1890//1207
f 1890//1207 1875//1181 1876//1183
f 1890//1207 1876//1183 1882//1192
f 1882//1192 1876//1183 1877//1185
f 840//1208 1891//1148 841//1209
f 841//1209 1891//1148 1892//1149
f 1891//1148 1893//1210 1892//1149
f 1892//1149 1893//1210 1894//1211
f 1893//1210 1895//1212 1894//1211
f 1894//1211 1895//1212 1896//1213
f 1895//1212 1897//1214 1896//1213
f 1896//1213 1897//1214 1898//1215
f 1897//1214 1899//1216 1898//1215
f 1898//1215 1899//1216 1900//1217
f 1899//1216 1901//1218 1900//1217
f 1900//1217 1901//1218 1902//1219
f 1901//1218 1903//1220 1902//1219
f 1902//1219 1903//1220 1904//1221
f 1903//1220 1905//1222 1904//1221
f 1904//1221 1905//1222 1906//1223
f 1905//1222 1252//1224 1906//1223
f 1906//1223 1252//1224 1251//1225
f 1501//1226 858//1227 1907//1228
f 1907//1228 858//1227 856//1229
f 1907//1228 856//1229 1908//1230
f 1908//1230 856//1229 854//1231
f 1908//1230 854//1231 1909//1232
f 1909//1232 854//1231 852//1233
f 1909//1232 852//1233 1910//1234
f 1910//1234 852//1233 850//1235
f 1910//1234 1911//1236 1909//1232
f 1909//1232 1911//1236 1912//1237
f 1909//1232 1912//1237 1913//1238
f 1913//1238 1912//1237 1914//1239
f 1913//1238 1914//1239 1915//1240
f 1913//1238 1915//1240 1916//1241
f 1916//1241 1915//1240 1917//1242
f 1916//1241 1917//1242 1918//1243
f 1236//1244 1237//1245 1918//1243
f 1918//1243 1237//1245 1916//1241
f 1916//1241 1237//1245 1919//1246
f 1919//1246 1237//1245 1239//1247
f 1919//1246 1239//1247 1920//1248
f 1920//1248 1239//1247 1241//1249
f 1920//1248 1241//1249 1496//1250
f 1496//1250 1241//1249 1244//1251
f 1496//1250 1499//1252 1920//1248
f 1920//1248 1499//1252 1921//1253
f 1920//1248 1921//1253 1919//1246
f 1919//1246 1921//1253 1922//1254
f 1919//1246 1922//1254 1916//1241
f 1916//1241 1922//1254 1913//1238
f 1499//1252 1501//1226 1921//1253
f 1921//1253 1501//1226 1907//1228
f 1921//1253 1907//1228 1922//1254
f 1922//1254 1907//1228 1908//1230
f 1922//1254 1908//1230 1913//1238
f 1913//1238 1908//1230 1909//1232
f 1503//1255 1271//1256 1923//1257
f 1923//1257 1271//1256 1268//1258
f 1923//1257 1268//1258 1924//1259
f 1924//1259 1268//1258 1266//1260
f 1924//1259 1266//1260 1925//1261
f 1925//1261 1266//1260 1264//1262
f 1925//1261 1264//1262 1926//1263
f 1926//1263 1264//1262 1261//1264
f 1926//1263 1927//1265 1925//1261
f 1925//1261 1927//1265 1928//1266
f 1925//1261 1928//1266 1929//1267
f 1925//1261 1929//1267 1930//1268
f 1930//1268 1929//1267 1931//1269
f 1930//1268 1931//1269 1932//1270
f 1930//1268 1932//1270 1933//1271
f 1933//1271 1932//1270 1934//1272
f 1933//1271 1934//1272 827//1273
f 827//1273 1934//1272 825//1274
f 1933//1271 827//1273 1935//1275
f 1935//1275 827//1273 829//1276
f 1935//1275 829//1276 1936//1277
f 1936//1277 829//1276 831//1278
f 1936//1277 831//1278 1506//1279
f 1506//1279 831//1278 835//1280
f 1506//1279 1504//1281 1936//1277
f 1936//1277 1504//1281 1937//1282
f 1936//1277 1937//1282 1935//1275
f 1935//1275 1937//1282 1938//1283
f 1935//1275 1938//1283 1933//1271
f 1933//1271 1938//1283 1930//1268
f 1504//1281 1503//1255 1937//1282
f 1937//1282 1503//1255 1923//1257
f 1937//1282 1923//1257 1938//1283
f 1938//1283 1923//1257 1924//1259
f 1938//1283 1924//1259 1930//1268
f 1930//1268 1924//1259 1925//1261
f 866//1284 1939//1224 867//1285
f 867//1285 1939//1224 1940//1225
f 1939//1224 1941//1286 1940//1225
f 1940//1225 1941//1286 1942//1287
f 1941//1286 1943//1288 1942//1287
f 1942//1287 1943//1288 1944//1289
f 1943//1288 1945//1290 1944//1289
f 1944//1289 1945//1290 1946//1291
f 1945//1290 1947//1292 1946//1291
f 1946//1291 1947//1292 1948//1293
f 1947//1292 1949//1294 1948//1293
f 1948//1293 1949//1294 1950//1295
f 1949//1294 1951//1296 1950//1295
f 1950//1295 1951//1296 1952//1297
f 1951//1296 1953//1298 1952//1297
f 1952//1297 1953//1298 1954//1299
f 1953//1298 1226//1300 1954//1299
f 1954//1299 1226//1300 1225//1301
f 1495//1302 885//1303 1955//1304
f 1955//1304 885//1303 881//1305
f 1955//1304 881//1305 1956//1306
f 1956//1306 881//1305 879//1307
f 1956//1306 879//1307 1957//1308
f 1957//1308 879//1307 877//1309
f 1957//1308 877//1309 1958//1310
f 1958//1310 877//1309 875//1311
f 1958//1310 1959//1312 1957//1308
f 1957//1308 1959//1312 1960//1313
f 1957//1308 1960//1313 1961//1314
f 1961//1314 1960//1313 1962//1315
f 1961//1314 1962//1315 1963//1316
f 1961//1314 1963//1316 1964//1317
f 1964//1317 1963//1316 1965//1318
f 1964//1317 1965//1318 1966//1319
f 1210//1320 1211//1321 1966//1319
f 1966//1319 1211//1321 1964//1317
f 1964//1317 1211//1321 1967//1322
f 1967//1322 1211//1321 1213//1323
f 1967//1322 1213//1323 1968//1324
f 1968//1324 1213//1323 1215//1325
f 1968//1324 1215//1325 1490//1326
f 1490//1326 1215//1325 1218//1327
f 1490//1326 1493//1328 1968//1324
f 1968//1324 1493//1328 1969//1329
f 1968//1324 1969//1329 1967//1322
f 1967//1322 1969//1329 1970//1330
f 1967//1322 1970//1330 1964//1317
f 1964//1317 1970//1330 1961//1314
f 1493//1328 1495//1302 1969//1329
f 1969//1329 1495//1302 1955//1304
f 1969//1329 1955//1304 1970//1330
f 1970//1330 1955//1304 1956//1306
f 1970//1330 1956//1306 1961//1314
f 1961//1314 1956//1306 1957//1308
f 1497//1331 1245//1332 1971//1333
f 1971//1333 1245//1332 1242//1334
f 1971//1333 1242//1334 1972//1335
f 1972//1335 1242//1334 1240//1336
f 1972//1335 1240//1336 1973//1337
f 1973//1337 1240//1336 1238//1338
f 1973//1337 1238//1338 1974//1339
f 1974//1339 1238//1338 1235//1340
f 1974//1339 1975//1341 1973//1337
f 1973//1337 1975//1341 1976//1342
f 1973//1337 1976//1342 1977//1343
f 1973//1337 1977//1343 1978//1344
f 1978//1344 1977//1343 1979//1345
f 1978//1344 1979//1345 1980//1346
f 1978//1344 1980//1346 1981//1347
f 1981//1347 1980//1346 1982//1348
f 1981//1347 1982//1348 853//1349
f 853//1349 1982//1348 851//1350
f 1981//1347 853//1349 1983//1351
f 1983//1351 853//1349 855//1352
f 1983//1351 855//1352 1984//1353
f 1984//1353 855//1352 857//1354
f 1984//1353 857//1354 1500//1355
f 1500//1355 857//1354 861//1356
f 1500//1355 1498//1357 1984//1353
f 1984//1353 1498//1357 1985//1358
f 1984//1353 1985//1358 1983//1351
f 1983//1351 1985//1358 1986//1359
f 1983//1351 1986//1359 1981//1347
f 1981//1347 1986//1359 1978//1344
f 1498//1357 1497//1331 1985//1358
f 1985//1358 1497//1331 1971//1333
f 1985//1358 1971//1333 1986//1359
f 1986//1359 1971//1333 1972//1335
f 1986//1359 1972//1335 1978//1344
f 1978//1344 1972//1335 1973//1337
f 892//1360 1987//1300 893//1361
f 893//1361 1987//1300 1988//1301
f 1987//1300 1989//1362 1988//1301
f 1988//1301 1989//1362 1990//1363
f 1989//1362 1991//1364 1990//1363
f 1990//1363 1991//1364 1992//1365
f 1991//1364 1993//1366 1992//1365
f 1992//1365 1993//1366 1994//1367
f 1993//1366 1995//1368 1994//1367
f 1994//1367 1995//1368 1996//1369
f 1995//1368 1997//1370 1996//1369
f 1996//1369 1997//1370 1998//1371
f 1997//1370 1999//1372 1998//1371
f 1998//1371 1999//1372 2000//1373
f 1999//1372 2001//1374 2000//1373
f 2000//1373 2001//1374 2002//1375
f 2001//1374 1200//1376 2002//1375
f 2002//1375 1200//1376 1199//1377
f 1489//1378 912//1379 2003//1380
f 2003//1380 912//1379 908//1381
f 2003//1380 908//1381 2004//1382
f 2004//1382 908//1381 906//1383
f 2004//1382 906//1383 2005//1384
f 2005//1384 906//1383 904//1385
f 2005//1384 904//1385 2006//1386
f 2006//1386 904//1385 902//1387
f 2006//1386 2007//1388 2005//1384
f 2005//1384 2007//1388 2008//1389
f 2005//1384 2008//1389 2009//1390
f 2009//1390 2008//1389 2010//1391
f 2009//1390 2010//1391 2011//1392
f 2009//1390 2011//1392 2012//1393
f 2012//1393 2011//1392 2013//1394
f 2012//1393 2013//1394 2014//1395
f 1184//1396 1185//1397 2014//1395
f 2014//1395 1185//1397 2012//1393
f 2012//1393 1185//1397 2015//1398
f 2015//1398 1185//1397 1187//1399
f 2015//1398 1187//1399 2016//1400
f 2016//1400 1187//1399 1189//1401
f 2016//1400 1189//1401 1484//1402
f 1484//1402 1189//1401 1192//1403
f 1484//1402 1487//1404 2016//1400
f 2016//1400 1487//1404 2017//1405
f 2016//1400 2017//1405 2015//1398
f 2015//1398 2017//1405 2018//1406
f 2015//1398 2018//1406 2012//1393
f 2012//1393 2018//1406 2009//1390
f 1487//1404 1489//1378 2017//1405
f 2017//1405 1489//1378 2003//1380
f 2017//1405 2003//1380 2018//1406
f 2018//1406 2003//1380 2004//1382
f 2018//1406 2004//1382 2009//1390
f 2009//1390 2004//1382 2005//1384
f 1491//1407 1219//1408 2019//1409
f 2019//1409 1219//1408 1216//1410
f 2019//1409 1216//1410 2020//1411
f 2020//1411 1216//1410 1214//1412
f 2020//1411 1214//1412 2021//1413
f 2021//1413 1214//1412 1212//1414
f 2021//1413 1212//1414 2022//1415
f 2022//1415 1212//1414 1209//1416
f 2022//1415 2023//1417 2021//1413
f 2021//1413 2023//1417 2024//1418
f 2021//1413 2024//1418 2025//1419
f 2021//1413 2025//1419 2026//1420
f 2026//1420 2025//1419 2027//1421
f 2026//1420 2027//1421 2028//1422
f 2026//1420 2028//1422 2029//1423
f 2029//1423 2028//1422 2030//1424
f 2029//1423 2030//1424 878//1425
f 878//1425 2030//1424 876//1426
f 2029//1423 878//1425 2031//1427
f 2031//1427 878//1425 880//1428
f 2031//1427 880//1428 2032//1429
f 2032//1429 880//1428 882//1430
f 2032//1429 882//1430 1494//1431
f 1494//1431 882//1430 886//1432
f 1494//1431 1492//1433 2032//1429
f 2032//1429 1492//1433 2033//1434
f 2032//1429 2033//1434 2031//1427
f 2031//1427 2033//1434 2034//1435
f 2031//1427 2034//1435 2029//1423
f 2029//1423 2034//1435 2026//1420
f 1492//1433 1491//1407 2033//1434
f 2033//1434 1491//1407 2019//1409
f 2033//1434 2019//1409 2034//1435
f 2034//1435 2019//1409 2020//1411
f 2034//1435 2020//1411 2026//1420
f 2026//1420 2020//1411 2021//1413
f 918//1436 2035//1376 919//1437
f 919//1437 2035//1376 2036//1377
f 2035//1376 2037//1438 2036//1377
f 2036//1377 2037//1438 2038//1439
f 2037//1438 2039//1440 2038//1439
f 2038//1439 2039//1440 2040//1441
f 2039//1440 2041//1442 2040//1441
f 2040//1441 2041//1442 2042//1443
f 2041//1442 2043//1444 2042//1443
f 2042//1443 2043//1444 2044//1445
f 2043//1444 2045//1446 2044//1445
f 2044//1445 2045//1446 2046//1447
f 2045//1446 2047//1448 2046//1447
f 2046//1447 2047//1448 2048//1449
f 2047//1448 2049//1450 2048//1449
f 2048//1449 2049//1450 2050//1451
f 2049//1450 1174//1452 2050//1451
f 2050//1451 1174//1452 1173//1453
f 1483//1454 937//1455 2051//1456
f 2051//1456 937//1455 927//1457
f 2051//1456 927//1457 2052//1458
f 2052//1458 927//1457 929//1459
f 2052//1458 929//1459 2053//1460
f 2053//1460 929//1459 931//1461
f 2053//1460 931//1461 2054//1462
f 2054//1462 931//1461 933//1463
f 2054//1462 2055//1464 2053//1460
f 2053//1460 2055//1464 2056//1465
f 2053//1460 2056//1465 2057//1466
f 2057//1466 2056//1465 2058//1467
f 2057//1466 2058//1467 2059//1468
f 2057//1466 2059//1468 2060//1469
f 2060//1469 2059//1468 2061//1470
f 2060//1469 2061//1470 2062//1471
f 1157//1472 1158//1473 2062//1471
f 2062//1471 1158//1473 2060//1469
f 2060//1469 1158//1473 2063//1474
f 2063//1474 1158//1473 1160//1475
f 2063//1474 1160//1475 2064//1476
f 2064//1476 1160//1475 1162//1477
f 2064//1476 1162//1477 1478//1478
f 1478//1478 1162//1477 1165//1479
f 1478//1478 1481//1480 2064//1476
f 2064//1476 1481//1480 2065//1481
f 2064//1476 2065//1481 2063//1474
f 2063//1474 2065//1481 2066//1482
f 2063//1474 2066//1482 2060//1469
f 2060//1469 2066//1482 2057//1466
f 1481//1480 1483//1454 2065//1481
f 2065//1481 1483//1454 2051//1456
f 2065//1481 2051//1456 2066//1482
f 2066//1482 2051//1456 2052//1458
f 2066//1482 2052//1458 2057//1466
f 2057//1466 2052//1458 2053//1460
f 1485//1483 1193//1484 2067//1485
f 2067//1485 1193//1484 1190//1486
f 2067//1485 1190//1486 2068//1487
f 2068//1487 1190//1486 1188//1488
f 2068//1487 1188//1488 2069//1489
f 2069//1489 1188//1488 1186//1490
f 2069//1489 1186//1490 2070//1491
f 2070//1491 1186//1490 1183//1492
f 2070//1491 2071//1493 2069//1489
f 2069//1489 2071//1493 2072//1494
f 2069//1489 2072//1494 2073//1495
f 2069//1489 2073//1495 2074//1496
f 2074//1496 2073//1495 2075//1497
f 2074//1496 2075//1497 2076//1498
f 2074//1496 2076//1498 2077//1499
f 2077//1499 2076//1498 2078//1500
f 2077//1499 2078//1500 905//1501
f 905//1501 2078//1500 903//1502
f 2077//1499 905//1501 2079//1503
f 2079//1503 905//1501 907//1504
f 2079//1503 907//1504 2080//1505
f 2080//1505 907//1504 909//1506
f 2080//1505 909//1506 1488//1507
f 1488//1507 909//1506 913//1508
f 1488//1507 1486//1509 2080//1505
f 2080//1505 1486//1509 2081//1510
f 2080//1505 2081//1510 2079//1503
f 2079//1503 2081//1510 2082//1511
f 2079//1503 2082//1511 2077//1499
f 2077//1499 2082//1511 2074//1496
f 1486//1509 1485//1483 2081//1510
f 2081//1510 1485//1483 2067//1485
f 2081//1510 2067//1485 2082//1511
f 2082//1511 2067//1485 2068//1487
f 2082//1511 2068//1487 2074//1496
f 2074//1496 2068//1487 2069//1489
f 944//1512 2083//1452 945//1513
f 945//1513 2083//1452 2084//1453
f 2083//1452 2085//1514 2084//1453
f 2084//1453 2085//1514 2086//1515
f 2085//1514 2087//1516 2086//1515
f 2086//1515 2087//1516 2088//1517
f 2087//1516 2089//1518 2088//1517
f 2088//1517 2089//1518 2090//1519
f 2089//1518 2091//1520 2090//1519
f 2090//1519 2091//1520 2092//1521
f 2091//1520 2093//1522 2092//1521
f 2092//1521 2093//1522 2094//1523
f 2093//1522 2095//1524 2094//1523
f 2094//1523 2095//1524 2096//1525
f 2095//1524 2097//1526 2096//1525
f 2096//1525 2097//1526 2098//1527
f 2097//1526 1148//1528 2098//1527
f 2098//1527 1148//1528 1147//1529
f 1477//1530 964//1531 2099//1532
f 2099//1532 964//1531 960//1533
f 2099//1532 960//1533 2100//1534
f 2100//1534 960//1533 958//1535
f 2100//1534 958//1535 2101//1536
f 2101//1536 958//1535 956//1537
f 2101//1536 956//1537 2102//1538
f 2102//1538 956//1537 954//1539
f 2102//1538 2103//1540 2101//1536
f 2101//1536 2103//1540 2104//1541
f 2101//1536 2104//1541 2105//1542
f 2105//1542 2104//1541 2106//1543
f 2105//1542 2106//1543 2107//1544
f 2105//1542 2107//1544 2108//1545
f 2108//1545 2107//1544 2109//1546
f 2108//1545 2109//1546 2110//1547
f 1131//1548 1132//1549 2110//1547
f 2110//1547 1132//1549 2108//1545
f 2108//1545 1132//1549 2111//1550
f 2111//1550 1132//1549 1134//1551
f 2111//1550 1134//1551 2112//1552
f 2112//1552 1134//1551 1136//1553
f 2112//1552 1136//1553 1472//1554
f 1472//1554 1136//1553 1139//1555
f 1472//1554 1475//1556 2112//1552
f 2112//1552 1475//1556 2113//1557
f 2112//1552 2113//1557 2111//1550
f 2111//1550 2113//1557 2114//1558
f 2111//1550 2114//1558 2108//1545
f 2108//1545 2114//1558 2105//1542
f 1475//1556 1477//1530 2113//1557
f 2113//1557 1477//1530 2099//1532
f 2113//1557 2099//1532 2114//1558
f 2114//1558 2099//1532 2100//1534
f 2114//1558 2100//1534 2105//1542
f 2105//1542 2100//1534 2101//1536
f 1479//1559 1166//1560 2115//1561
f 2115//1561 1166//1560 1163//1562
f 2115//1561 1163//1562 2116//1563
f 2116//1563 1163//1562 1161//1564
f 2116//1563 1161//1564 2117//1565
f 2117//1565 1161//1564 1159//1566
f 2117//1565 1159//1566 2118//1567
f 2118//1567 1159//1566 1156//1568
f 2118//1567 2119//1569 2117//1565
f 2117//1565 2119//1569 2120//1570
f 2117//1565 2120//1570 2121//1571
f 2117//1565 2121//1571 2122//1572
f 2122//1572 2121//1571 2123//1573
f 2122//1572 2123//1573 2124//1574
f 2122//1572 2124//1574 2125//1575
f 2125//1575 2124//1574 2126//1576
f 2125//1575 2126//1576 930//1577
f 930//1577 2126//1576 932//1578
f 2125//1575 930//1577 2127//1579
f 2127//1579 930//1577 928//1580
f 2127//1579 928//1580 2128//1581
f 2128//1581 928//1580 926//1582
f 2128//1581 926//1582 1482//1583
f 1482//1583 926//1582 939//1584
f 1482//1583 1480//1585 2128//1581
f 2128//1581 1480//1585 2129//1586
f 2128//1581 2129//1586 2127//1579
f 2127//1579 2129//1586 2130//1587
f 2127//1579 2130//1587 2125//1575
f 2125//1575 2130//1587 2122//1572
f 1480//1585 1479//1559 2129//1586
f 2129//1586 1479//1559 2115//1561
f 2129//1586 2115//1561 2130//1587
f 2130//1587 2115//1561 2116//1563
f 2130//1587 2116//1563 2122//1572
f 2122//1572 2116//1563 2117//1565
f 970//1588 2131//1528 971//1589
f 971//1589 2131//1528 2132//1529
f 2131//1528 2133//1590 2132//1529
f 2132//1529 2133//1590 2134//1591
f 2133//1590 2135//1592 2134//1591
f 2134//1591 2135//1592 2136//1593
f 2135//1592 2137//1594 2136//1593
f 2136//1593 2137//1594 2138//1595
f 2137//1594 2139//1596 2138//1595
f 2138//1595 2139//1596 2140//1597
f 2139//1596 2141//1598 2140//1597
f 2140//1597 2141//1598 2142//1599
f 2141//1598 2143//1600 2142//1599
f 2142//1599 2143//1600 2144//1601
f 2143//1600 2145//1602 2144//1601
f 2144//1601 2145//1602 2146//1603
f 2145//1602 1120//1604 2146//1603
f 2146//1603 1120//1604 1118//1605
f 1471//1606 990//1607 2147//1608
f 2147//1608 990//1607 986//1609
f 2147//1608 986//1609 2148//1610
f 2148//1610 986//1609 984//1611
f 2148//1610 984//1611 2149//1612
f 2149//1612 984//1611 982//1613
f 2149//1612 982//1613 2150//1614
f 2150//1614 982//1613 980//1615
f 2150//1614 2151//1616 2149//1612
f 2149//1612 2151//1616 2152//1617
f 2149//1612 2152//1617 2153//1618
f 2153//1618 2152//1617 2154//1619
f 2153//1618 2154//1619 2155//1620
f 2153//1618 2155//1620 2156//1621
f 2156//1621 2155//1620 2157//1622
f 2156//1621 2157//1622 2158//1623
f 1103//1624 1104//1625 2158//1623
f 2158//1623 1104//1625 2156//1621
f 2156//1621 1104//1625 2159//1626
f 2159//1626 1104//1625 1106//1627
f 2159//1626 1106//1627 2160//1628
f 2160//1628 1106//1627 1108//1629
f 2160//1628 1108//1629 1466//1630
f 1466//1630 1108//1629 1113//1631
f 1466//1630 1469//1632 2160//1628
f 2160//1628 1469//1632 2161//1633
f 2160//1628 2161//1633 2159//1626
f 2159//1626 2161//1633 2162//1634
f 2159//1626 2162//1634 2156//1621
f 2156//1621 2162//1634 2153//1618
f 1469//1632 1471//1606 2161//1633
f 2161//1633 1471//1606 2147//1608
f 2161//1633 2147//1608 2162//1634
f 2162//1634 2147//1608 2148//1610
f 2162//1634 2148//1610 2153//1618
f 2153//1618 2148//1610 2149//1612
f 1473//1635 1140//1636 2163//1637
f 2163//1637 1140//1636 1137//1638
f 2163//1637 1137//1638 2164//1639
f 2164//1639 1137//1638 1135//1640
f 2164//1639 1135//1640 2165//1641
f 2165//1641 1135//1640 1133//1642
f 2165//1641 1133//1642 2166//1643
f 2166//1643 1133//1642 1130//1644
f 2166//1643 2167//1645 2165//1641
f 2165//1641 2167//1645 2168//1646
f 2165//1641 2168//1646 2169//1647
f 2165//1641 2169//1647 2170//1648
f 2170//1648 2169//1647 2171//1649
f 2170//1648 2171//1649 2172//1650
f 2170//1648 2172//1650 2173//1651
f 2173//1651 2172//1650 2174//1652
f 2173//1651 2174//1652 957//1653
f 957//1653 2174//1652 955//1654
f 2173//1651 957//1653 2175//1655
f 2175//1655 957//1653 959//1656
f 2175//1655 959//1656 2176//1657
f 2176//1657 959//1656 961//1658
f 2176//1657 961//1658 1476//1659
f 1476//1659 961//1658 965//1660
f 1476//1659 1474//1661 2176//1657
f 2176//1657 1474//1661 2177//1662
f 2176//1657 2177//1662 2175//1655
f 2175//1655 2177//1662 2178//1663
f 2175//1655 2178//1663 2173//1651
f 2173//1651 2178//1663 2170//1648
f 1474//1661 1473//1635 2177//1662
f 2177//1662 1473//1635 2163//1637
f 2177//1662 2163//1637 2178//1663
f 2178//1663 2163//1637 2164//1639
f 2178//1663 2164//1639 2170//1648
f 2170//1648 2164//1639 2165//1641
f 999//1664 2179//1604 1000//1665
f 1000//1665 2179//1604 2180//1605
f 2179//1604 2181//1666 2180//1605
f 2180//1605 2181//1666 2182//1667
f 2181//1666 2183//1668 2182//1667
f 2182//1667 2183//1668 2184//1669
f 2183//1668 2185//1670 2184//1669
f 2184//1669 2185//1670 2186//1671
f 2185//1670 2187//1672 2186//1671
f 2186//1671 2187//1672 2188//1673
f 2187//1672 2189//1674 2188//1673
f 2188//1673 2189//1674 2190//1675
f 2189//1674 2191//1676 2190//1675
f 2190//1675 2191//1676 2192//1677
f 2191//1676 2193//1678 2192//1677
f 2192//1677 2193//1678 2194//1679
f 2193//1678 1089//1680 2194//1679
f 2194//1679 1089//1680 1088//1681
f 1465//1682 1019//1683 2195//1684
f 2195//1684 1019//1683 1017//1685
f 2195//1684 1017//1685 2196//1686
f 2196//1686 1017//1685 1015//1687
f 2196//1686 1015//1687 2197//1688
f 2197//1688 1015//1687 1013//1689
f 2197//1688 1013//1689 2198//1690
f 2198//1690 1013//1689 1011//1691
f 2198//1690 2199//1692 2197//1688
f 2197//1688 2199//1692 2200//1693
f 2197//1688 2200//1693 2201//1694
f 2201//1694 2200//1693 2202//1695
f 2201//1694 2202//1695 2203//1696
f 2201//1694 2203//1696 2204//1697
f 2204//1697 2203//1696 2205//1698
f 2204//1697 2205//1698 2206//1699
f 1070//1700 1071//1701 2206//1699
f 2206//1699 1071//1701 2204//1697
f 2204//1697 1071//1701 2207//1702
f 2207//1702 1071//1701 1073//1703
f 2207//1702 1073//1703 2208//1704
f 2208//1704 1073//1703 1075//1705
f 2208//1704 1075//1705 1460//1706
f 1460//1706 1075//1705 1078//1707
f 1460//1706 1463//1708 2208//1704
f 2208//1704 1463//1708 2209//1709
f 2208//1704 2209//1709 2207//1702
f 2207//1702 2209//1709 2210//1710
f 2207//1702 2210//1710 2204//1697
f 2204//1697 2210//1710 2201//1694
f 1463//1708 1465//1682 2209//1709
f 2209//1709 1465//1682 2195//1684
f 2209//1709 2195//1684 2210//1710
f 2210//1710 2195//1684 2196//1686
f 2210//1710 2196//1686 2201//1694
f 2201//1694 2196//1686 2197//1688
f 1467//1711 1112//1712 2211//1713
f 2211//1713 1112//1712 1109//1714
f 2211//1713 1109//1714 2212//1715
f 2212//1715 1109//1714 1107//1716
f 2212//1715 1107//1716 2213//1717
f 2213//1717 1107//1716 1105//1718
f 2213//1717 1105//1718 2214//1719
f 2214//1719 1105//1718 1102//1720
f 2214//1719 2215//1721 2213//1717
f 2213//1717 2215//1721 2216//1722
f 2213//1717 2216//1722 2217//1723
f 2213//1717 2217//1723 2218//1724
f 2218//1724 2217//1723 2219//1725
f 2218//1724 2219//1725 2220//1726
f 2218//1724 2220//1726 2221//1727
f 2221//1727 2220//1726 2222//1728
f 2221//1727 2222//1728 983//1729
f 983//1729 2222//1728 981//1730
f 2221//1727 983//1729 2223//1731
f 2223//1731 983//1729 985//1732
f 2223//1731 985//1732 2224//1733
f 2224//1733 985//1732 987//1734
f 2224//1733 987//1734 1470//1735
f 1470//1735 987//1734 991//1736
f 1470//1735 1468//1737 2224//1733
f 2224//1733 1468//1737 2225//1738
f 2224//1733 2225//1738 2223//1731
f 2223//1731 2225//1738 2226//1739
f 2223//1731 2226//1739 2221//1727
f 2221//1727 2226//1739 2218//1724
f 1468//1737 1467//1711 2225//1738
f 2225//1738 1467//1711 2211//1713
f 2225//1738 2211//1713 2226//1739
f 2226//1739 2211//1713 2212//1715
f 2226//1739 2212//1715 2218//1724
f 2218//1724 2212//1715 2213//1717
f 1029//1740 2227//1680 1030//1741
f 1030//1741 2227//1680 2228//1681
f 2227//1680 2229//1742 2228//1681
f 2228//1681 2229//1742 2230//1743
f 2229//1742 2231//1744 2230//1743
f 2230//1743 2231//1744 2232//1745
f 2231//1744 2233//1746 2232//1745
f 2232//1745 2233//1746 2234//1747
f 2233//1746 2235//1748 2234//1747
f 2234//1747 2235//1748 2236//1749
f 2235//1748 2237//1750 2236//1749
f 2236//1749 2237//1750 2238//1751
f 2237//1750 2239//1752 2238//1751
f 2238//1751 2239//1752 2240//1753
f 2239//1752 2241//1754 2240//1753
f 2240//1753 2241//1754 2242//1755
f 2241//1754 1059//629 2242//1755
f 2242//1755 1059//629 1057//631
f 1454//1756 629//1757 2243//1758
f 2243//1758 629//1757 616//1759
f 2243//1758 616//1759 2244//1760
f 2244//1760 616//1759 618//1761
f 2244//1760 618//1761 2245//1762
f 2245//1762 618//1761 620//1763
f 2245//1762 620//1763 2246//1764
f 2246//1764 620//1763 622//1765
f 2246//1764 2247//1766 2245//1762
f 2245//1762 2247//1766 2248//1767
f 2245//1762 2248//1767 2249//1768
f 2249//1768 2248//1767 2250//1769
f 2249//1768 2250//1769 2251//1770
f 2249//1768 2251//1770 2252//1771
f 2252//1771 2251//1770 2253//1772
f 2252//1771 2253//1772 2254//1773
f 1047//1774 1045//1775 2254//1773
f 2254//1773 1045//1775 2252//1771
f 2252//1771 1045//1775 2255//1776
f 2255//1776 1045//1775 1043//1777
f 2255//1776 1043//1777 2256//1778
f 2256//1778 1043//1777 1040//1779
f 2256//1778 1040//1779 1456//1780
f 1456//1780 1040//1779 1041//1781
f 1456//1780 1458//1782 2256//1778
f 2256//1778 1458//1782 2257//1783
f 2256//1778 2257//1783 2255//1776
f 2255//1776 2257//1783 2258//1784
f 2255//1776 2258//1784 2252//1771
f 2252//1771 2258//1784 2249//1768
f 1458//1782 1454//1756 2257//1783
f 2257//1783 1454//1756 2243//1758
f 2257//1783 2243//1758 2258//1784
f 2258//1784 2243//1758 2244//1760
f 2258//1784 2244//1760 2249//1768
f 2249//1768 2244//1760 2245//1762
f 1461//1785 1079//1786 2259//1787
f 2259//1787 1079//1786 1076//1788
f 2259//1787 1076//1788 2260//1789
f 2260//1789 1076//1788 1074//1790
f 2260//1789 1074//1790 2261//1791
f 2261//1791 1074//1790 1072//1792
f 2261//1791 1072//1792 2262//1793
f 2262//1793 1072//1792 1069//1794
f 2262//1793 2263//1795 2261//1791
f 2261//1791 2263//1795 2264//1796
f 2261//1791 2264//1796 2265//1797
f 2261//1791 2265//1797 2266//1798
f 2266//1798 2265//1797 2267//1799
f 2266//1798 2267//1799 2268//1800
f 2266//1798 2268//1800 2269//1801
f 2269//1801 2268//1800 2270//1802
f 2269//1801 2270//1802 1014//1803
f 1014//1803 2270//1802 1012//1804
f 2269//1801 1014//1803 2271//1805
f 2271//1805 1014//1803 1016//1806
f 2271//1805 1016//1806 2272//1807
f 2272//1807 1016//1806 1018//1808
f 2272//1807 1018//1808 1464//1809
f 1464//1809 1018//1808 1022//1810
f 1464//1809 1462//1811 2272//1807
f 2272//1807 1462//1811 2273//1812
f 2272//1807 2273//1812 2271//1805
f 2271//1805 2273//1812 2274//1813
f 2271//1805 2274//1813 2269//1801
f 2269//1801 2274//1813 2266//1798
f 1462//1811 1461//1785 2273//1812
f 2273//1812 1461//1785 2259//1787
f 2273//1812 2259//1787 2274//1813
f 2274//1813 2259//1787 2260//1789
f 2274//1813 2260//1789 2266//1798
f 2266//1798 2260//1789 2261//1791
f 1426//806 1424//1814 1638//1815
f 1638//1815 1424//1814 1423//1816
f 1638//1815 1423//1816 2275//1817
f 2275//1817 1423//1816 1422//1818
f 2275//1817 1422//1818 1420//1819
f 2275//1817 1420//1819 2276//1820
f 2276//1820 1420//1819 1419//1821
f 2276//1820 1419//1821 1418//1822
f 1416//766 1617//765 1418//1822
f 1418//1822 1617//765 2276//1820
f 1617//765 1615//763 2276//1820
f 2276//1820 1615//763 2277//1823
f 2276//1820 2277//1823 2278//1824
f 2278//1824 2277//1823 2279//1825
f 2278//1824 2279//1825 1640//808
f 1640//808 2279//1825 1641//809
f 1615//763 1613//1826 2277//1823
f 2277//1823 1613//1826 1611//760
f 2277//1823 1611//760 2280//1827
f 2280//1827 1611//760 1609//758
f 2280//1827 1609//758 1607//756
f 2280//1827 1607//756 2281//1828
f 2281//1828 1607//756 1605//754
f 2281//1828 1605//754 666//1829
f 666//1829 1605//754 1603//646
f 666//1829 1603//646 668//752
f 666//1829 665//1830 2281//1828
f 2281//1828 665//1830 664//1831
f 2281//1828 664//1831 2282//1832
f 2282//1832 664//1831 662//1833
f 2282//1832 662//1833 661//1834
f 648//1835 650//816 661//1834
f 661//1834 650//816 1646//814
f 661//1834 1646//814 1644//1836
f 661//1834 1644//1836 2282//1832
f 2282//1832 1644//1836 1643//811
f 2282//1832 1643//811 2279//1825
f 2279//1825 1643//811 1641//809
f 1640//808 1639//807 2278//1824
f 2278//1824 1639//807 2275//1817
f 2278//1824 2275//1817 2276//1820
f 1639//807 1638//1815 2275//1817
f 2277//1823 2280//1827 2279//1825
f 2279//1825 2280//1827 2282//1832
f 2280//1827 2281//1828 2282//1832
f 1618//152 1415//1837 2283//1838
f 2283//1838 1415//1837 1413//1839
f 2283//1838 1413//1839 1412//1840
f 2283//1838 1412//1840 2284//1841
f 2284//1841 1412//1840 1411//1842
f 2284//1841 1411//1842 1409//1843
f 1409//1843 1408//1844 2284//1841
f 2284//1841 1408//1844 1630//1845
f 2284//1841 1630//1845 1629//784
f 1408//1844 1395//1846 1630//1845
f 1630//1845 1395//1846 1397//786
f 2284//1841 1629//784 2285//1847
f 2285//1847 1629//784 1627//782
f 2285//1847 1627//782 1626//781
f 2285//1847 1626//781 2286//1848
f 2286//1848 1626//781 1624//1849
f 2286//1848 1624//1849 2287//1850
f 2287//1850 1624//1849 1623//778
f 2287//1850 1623//778 1622//776
f 680//777 678//1851 1622//776
f 1622//776 678//1851 676//1852
f 1622//776 676//1852 675//1853
f 1622//776 675//1853 2287//1850
f 2287//1850 675//1853 673//1854
f 2287//1850 673//1854 2288//1855
f 2288//1855 673//1854 672//1856
f 2288//1855 672//1856 671//1857
f 669//753 1604//647 671//1857
f 671//1857 1604//647 2288//1855
f 1604//647 1606//755 2288//1855
f 2288//1855 1606//755 1608//617
f 2288//1855 1608//617 2289//1858
f 2289//1858 1608//617 1610//1859
f 2289//1858 1610//1859 1612//761
f 2289//1858 1612//761 2290//1860
f 2290//1860 1612//761 1614//762
f 2290//1860 1614//762 1616//764
f 2290//1860 1616//764 2283//1838
f 2283//1838 1616//764 1618//152
f 2283//1838 2284//1841 2290//1860
f 2290//1860 2284//1841 2285//1847
f 2290//1860 2285//1847 2289//1858
f 2289//1858 2285//1847 2286//1848
f 2289//1858 2286//1848 2288//1855
f 2288//1855 2286//1848 2287//1850
f 1396//882 1394//1861 1686//1862
f 1686//1862 1394//1861 1393//1863
f 1686//1862 1393//1863 2291//1864
f 2291//1864 1393//1863 1391//1865
f 2291//1864 1391//1865 1390//1866
f 2291//1864 1390//1866 2292//1867
f 2292//1867 1390//1866 1389//1868
f 2292//1867 1389//1868 1387//1869
f 1386//842 1665//840 1387//1869
f 1387//1869 1665//840 2292//1867
f 1665//840 1663//838 2292//1867
f 2292//1867 1663//838 2293//1870
f 2292//1867 2293//1870 2294//1871
f 2294//1871 2293//1870 2295//1872
f 2294//1871 2295//1872 1688//884
f 1688//884 2295//1872 1689//885
f 1663//838 1661//836 2293//1870
f 2293//1870 1661//836 1659//834
f 2293//1870 1659//834 2296//1873
f 2296//1873 1659//834 1657//832
f 2296//1873 1657//832 1655//830
f 2296//1873 1655//830 2297//1874
f 2297//1874 1655//830 1653//828
f 2297//1874 1653//828 697//1875
f 697//1875 1653//828 1651//766
f 697//1875 1651//766 698//826
f 697//1875 695//1876 2297//1874
f 2297//1874 695//1876 694//1877
f 2297//1874 694//1877 2298//1878
f 2298//1878 694//1877 693//1879
f 2298//1878 693//1879 677//1880
f 679//1881 681//892 677//1880
f 677//1880 681//892 1694//890
f 677//1880 1694//890 1692//888
f 677//1880 1692//888 2298//1878
f 2298//1878 1692//888 1691//887
f 2298//1878 1691//887 2295//1872
f 2295//1872 1691//887 1689//885
f 1688//884 1687//1882 2294//1871
f 2294//1871 1687//1882 2291//1864
f 2294//1871 2291//1864 2292//1867
f 1687//1882 1686//1862 2291//1864
f 2293//1870 2296//1873 2295//1872
f 2295//1872 2296//1873 2298//1878
f 2296//1873 2297//1874 2298//1878
f 1666//841 1384//1883 2299//1884
f 2299//1884 1384//1883 1383//1885
f 2299//1884 1383//1885 1382//1886
f 2299//1884 1382//1886 2300//1887
f 2300//1887 1382//1886 1380//1888
f 2300//1887 1380//1888 1365//1889
f 1365//1889 1364//1890 2300//1887
f 2300//1887 1364//1890 1678//1891
f 2300//1887 1678//1891 1677//860
f 1364//1890 1367//1892 1678//1891
f 1678//1891 1367//1892 1369//862
f 2300//1887 1677//860 2301//1893
f 2301//1893 1677//860 1675//858
f 2301//1893 1675//858 1674//857
f 2301//1893 1674//857 2302//1894
f 2302//1894 1674//857 1672//1895
f 2302//1894 1672//1895 2303//1896
f 2303//1896 1672//1895 1671//854
f 2303//1896 1671//854 1670//852
f 710//853 708//1897 1670//852
f 1670//852 708//1897 707//1898
f 1670//852 707//1898 705//1899
f 1670//852 705//1899 2303//1896
f 2303//1896 705//1899 704//1900
f 2303//1896 704//1900 2304//1901
f 2304//1901 704//1900 702//1902
f 2304//1901 702//1902 701//1903
f 700//827 1652//767 701//1903
f 701//1903 1652//767 2304//1901
f 1652//767 1654//829 2304//1901
f 2304//1901 1654//829 1656//1904
f 2304//1901 1656//1904 2305//1905
f 2305//1905 1656//1904 1658//432
f 2305//1905 1658//432 1660//835
f 2305//1905 1660//835 2306//1906
f 2306//1906 1660//835 1662//837
f 2306//1906 1662//837 1664//839
f 2306//1906 1664//839 2299//1884
f 2299//1884 1664//839 1666//841
f 2299//1884 2300//1887 2306//1906
f 2306//1906 2300//1887 2301//1893
f 2306//1906 2301//1893 2305//1905
f 2305//1905 2301//1893 2302//1894
f 2305//1905 2302//1894 2304//1901
f 2304//1901 2302//1894 2303//1896
f 1368//958 1366//1907 1734//1908
f 1734//1908 1366//1907 1362//1909
f 1734//1908 1362//1909 2307//1910
f 2307//1910 1362//1909 1361//1911
f 2307//1910 1361//1911 1359//1912
f 2307//1910 1359//1912 2308//1913
f 2308//1913 1359//1912 1358//1914
f 2308//1913 1358//1914 1357//1915
f 1355//918 1713//916 1357//1915
f 1357//1915 1713//916 2308//1913
f 1713//916 1711//914 2308//1913
f 2308//1913 1711//914 2309//1916
f 2308//1913 2309//1916 2310//1917
f 2310//1917 2309//1916 2311//1918
f 2310//1917 2311//1918 1736//960
f 1736//960 2311//1918 1737//961
f 1711//914 1709//912 2309//1916
f 2309//1916 1709//912 1707//910
f 2309//1916 1707//910 2312//1919
f 2312//1919 1707//910 1705//908
f 2312//1919 1705//908 1703//906
f 2312//1919 1703//906 2313//1920
f 2313//1920 1703//906 1701//904
f 2313//1920 1701//904 727//1921
f 727//1921 1701//904 1699//842
f 727//1921 1699//842 729//902
f 727//1921 726//1922 2313//1920
f 2313//1920 726//1922 725//1923
f 2313//1920 725//1923 2314//1924
f 2314//1924 725//1923 723//1925
f 2314//1924 723//1925 722//1926
f 709//1927 711//968 722//1926
f 722//1926 711//968 1742//966
f 722//1926 1742//966 1740//964
f 722//1926 1740//964 2314//1924
f 2314//1924 1740//964 1739//963
f 2314//1924 1739//963 2311//1918
f 2311//1918 1739//963 1737//961
f 1736//960 1735//959 2310//1917
f 2310//1917 1735//959 2307//1910
f 2310//1917 2307//1910 2308//1913
f 1735//959 1734//1908 2307//1910
f 2309//1916 2312//1919 2311//1918
f 2311//1918 2312//1919 2314//1924
f 2312//1919 2313//1920 2314//1924
f 1714//917 1354//1928 2315//1929
f 2315//1929 1354//1928 1352//1930
f 2315//1929 1352//1930 1351//1931
f 2315//1929 1351//1931 2316//1932
f 2316//1932 1351//1931 1350//1933
f 2316//1932 1350//1933 1348//1934
f 1348//1934 1347//1935 2316//1932
f 2316//1932 1347//1935 1726//1936
f 2316//1932 1726//1936 1725//936
f 1347//1935 1334//1937 1726//1936
f 1726//1936 1334//1937 1336//938
f 2316//1932 1725//936 2317//1938
f 2317//1938 1725//936 1723//934
f 2317//1938 1723//934 1722//933
f 2317//1938 1722//933 2318//1939
f 2318//1939 1722//933 1720//1940
f 2318//1939 1720//1940 2319//1941
f 2319//1941 1720//1940 1719//930
f 2319//1941 1719//930 1718//928
f 741//929 738//1942 1718//928
f 1718//928 738//1942 737//1943
f 1718//928 737//1943 736//1944
f 1718//928 736//1944 2319//1941
f 2319//1941 736//1944 734//1945
f 2319//1941 734//1945 2320//1946
f 2320//1946 734//1945 733//1947
f 2320//1946 733//1947 731//1948
f 730//903 1700//843 731//1948
f 731//1948 1700//843 2320//1946
f 1700//843 1702//905 2320//1946
f 2320//1946 1702//905 1704//593
f 2320//1946 1704//593 2321//1949
f 2321//1949 1704//593 1706//1950
f 2321//1949 1706//1950 1708//911
f 2321//1949 1708//911 2322//1951
f 2322//1951 1708//911 1710//1952
f 2322//1951 1710//1952 1712//915
f 2322//1951 1712//915 2315//1929
f 2315//1929 1712//915 1714//917
f 2315//1929 2316//1932 2322//1951
f 2322//1951 2316//1932 2317//1938
f 2322//1951 2317//1938 2321//1949
f 2321//1949 2317//1938 2318//1939
f 2321//1949 2318//1939 2320//1946
f 2320//1946 2318//1939 2319//1941
f 1335//1035 1333//1953 1782//1954
f 1782//1954 1333//1953 1332//1955
f 1782//1954 1332//1955 2323//1956
f 2323//1956 1332//1955 1330//1957
f 2323//1956 1330//1957 1329//1958
f 2323//1956 1329//1958 2324//1959
f 2324//1959 1329//1958 1328//1960
f 2324//1959 1328//1960 1327//1961
f 1326//994 1761//992 1327//1961
f 1327//1961 1761//992 2324//1959
f 1761//992 1759//990 2324//1959
f 2324//1959 1759//990 2325//1962
f 2324//1959 2325//1962 2326//1963
f 2326//1963 2325//1962 2327//1964
f 2326//1963 2327//1964 1784//1037
f 1784//1037 2327//1964 1785//1038
f 1759//990 1757//988 2325//1962
f 2325//1962 1757//988 1755//986
f 2325//1962 1755//986 2328//1965
f 2328//1965 1755//986 1753//984
f 2328//1965 1753//984 1751//982
f 2328//1965 1751//982 2329//1966
f 2329//1966 1751//982 1749//980
f 2329//1966 1749//980 758//1967
f 758//1967 1749//980 1747//918
f 758//1967 1747//918 759//978
f 758//1967 756//1968 2329//1966
f 2329//1966 756//1968 755//1969
f 2329//1966 755//1969 2330//1970
f 2330//1970 755//1969 754//1971
f 2330//1970 754//1971 740//1972
f 739//1973 742//1045 740//1972
f 740//1972 742//1045 1790//1043
f 740//1972 1790//1043 1788//1041
f 740//1972 1788//1041 2330//1970
f 2330//1970 1788//1041 1787//1040
f 2330//1970 1787//1040 2327//1964
f 2327//1964 1787//1040 1785//1038
f 1784//1037 1783//1974 2326//1963
f 2326//1963 1783//1974 2323//1956
f 2326//1963 2323//1956 2324//1959
f 1783//1974 1782//1954 2323//1956
f 2325//1962 2328//1965 2327//1964
f 2327//1964 2328//1965 2330//1970
f 2328//1965 2329//1966 2330//1970
f 1762//993 1325//1975 2331//1976
f 2331//1976 1325//1975 1324//1977
f 2331//1976 1324//1977 1323//1978
f 2331//1976 1323//1978 2332//1979
f 2332//1979 1323//1978 1322//1980
f 2332//1979 1322//1980 1321//1981
f 1321//1981 1320//1982 2332//1979
f 2332//1979 1320//1982 1774//1983
f 2332//1979 1774//1983 1773//1012
f 1320//1982 1311//1984 1774//1983
f 1774//1983 1311//1984 1313//1014
f 2332//1979 1773//1012 2333//1985
f 2333//1985 1773//1012 1771//1010
f 2333//1985 1771//1010 1770//1009
f 2333//1985 1770//1009 2334//1986
f 2334//1986 1770//1009 1768//1987
f 2334//1986 1768//1987 2335//1988
f 2335//1988 1768//1987 1767//1006
f 2335//1988 1767//1006 1766//1004
f 772//1005 770//1989 1766//1004
f 1766//1004 770//1989 767//1990
f 1766//1004 767//1990 766//1991
f 1766//1004 766//1991 2335//1988
f 2335//1988 766//1991 765//1992
f 2335//1988 765//1992 2336//1993
f 2336//1993 765//1992 763//1994
f 2336//1993 763//1994 762//1995
f 760//979 1748//919 762//1995
f 762//1995 1748//919 2336//1993
f 1748//919 1750//981 2336//1993
f 2336//1993 1750//981 1752//581
f 2336//1993 1752//581 2337//1996
f 2337//1996 1752//581 1754//1997
f 2337//1996 1754//1997 1756//987
f 2337//1996 1756//987 2338//1998
f 2338//1998 1756//987 1758//989
f 2338//1998 1758//989 1760//991
f 2338//1998 1760//991 2331//1976
f 2331//1976 1760//991 1762//993
f 2331//1976 2332//1979 2338//1998
f 2338//1998 2332//1979 2333//1985
f 2338//1998 2333//1985 2337//1996
f 2337//1996 2333//1985 2334//1986
f 2337//1996 2334//1986 2336//1993
f 2336//1993 2334//1986 2335//1988
f 1312//1999 1310//2000 1830//2001
f 1830//2001 1310//2000 1309//2002
f 1830//2001 1309//2002 2339//2003
f 2339//2003 1309//2002 1308//2004
f 2339//2003 1308//2004 1307//2005
f 2339//2003 1307//2005 2340//2006
f 2340//2006 1307//2005 1306//2007
f 2340//2006 1306//2007 1305//2008
f 1304//1071 1809//1069 1305//2008
f 1305//2008 1809//1069 2340//2006
f 1809//1069 1807//1067 2340//2006
f 2340//2006 1807//1067 2341//2009
f 2340//2006 2341//2009 2342//2010
f 2342//2010 2341//2009 2343//2011
f 2342//2010 2343//2011 1832//1113
f 1832//1113 2343//2011 1833//1114
f 1807//1067 1805//1065 2341//2009
f 2341//2009 1805//1065 1803//1063
f 2341//2009 1803//1063 2344//2012
f 2344//2012 1803//1063 1801//1061
f 2344//2012 1801//1061 1799//1059
f 2344//2012 1799//1059 2345//2013
f 2345//2013 1799//1059 1797//1057
f 2345//2013 1797//1057 787//2014
f 787//2014 1797//1057 1795//994
f 787//2014 1795//994 788//1055
f 787//2014 786//2015 2345//2013
f 2345//2013 786//2015 785//2016
f 2345//2013 785//2016 2346//2017
f 2346//2017 785//2016 784//2018
f 2346//2017 784//2018 769//2019
f 771//2020 773//1121 769//2019
f 769//2019 773//1121 1838//1119
f 769//2019 1838//1119 1836//1117
f 769//2019 1836//1117 2346//2017
f 2346//2017 1836//1117 1835//1116
f 2346//2017 1835//1116 2343//2011
f 2343//2011 1835//1116 1833//1114
f 1832//1113 1831//2021 2342//2010
f 2342//2010 1831//2021 2339//2003
f 2342//2010 2339//2003 2340//2006
f 1831//2021 1830//2001 2339//2003
f 2341//2009 2344//2012 2343//2011
f 2343//2011 2344//2012 2346//2017
f 2344//2012 2345//2013 2346//2017
f 1810//2022 1303//2023 2347//2024
f 2347//2024 1303//2023 1302//2025
f 2347//2024 1302//2025 1301//2026
f 2347//2024 1301//2026 2348//2027
f 2348//2027 1301//2026 1300//2028
f 2348//2027 1300//2028 1299//2029
f 1299//2029 1298//2030 2348//2027
f 2348//2027 1298//2030 1822//2031
f 2348//2027 1822//2031 1821//1089
f 1298//2030 1285//2032 1822//2031
f 1822//2031 1285//2032 1287//1091
f 2348//2027 1821//1089 2349//2033
f 2349//2033 1821//1089 1819//1087
f 2349//2033 1819//1087 1818//1086
f 2349//2033 1818//1086 2350//2034
f 2350//2034 1818//1086 1816//2035
f 2350//2034 1816//2035 2351//2036
f 2351//2036 1816//2035 1815//1083
f 2351//2036 1815//1083 1814//1081
f 797//1082 795//2037 1814//1081
f 1814//1081 795//2037 794//2038
f 1814//1081 794//2038 793//2039
f 1814//1081 793//2039 2351//2036
f 2351//2036 793//2039 792//2040
f 2351//2036 792//2040 2352//2041
f 2352//2041 792//2040 791//2042
f 2352//2041 791//2042 790//2043
f 789//1056 1796//995 790//2043
f 790//2043 1796//995 2352//2041
f 1796//995 1798//1058 2352//2041
f 2352//2041 1798//1058 1800//576
f 2352//2041 1800//576 2353//2044
f 2353//2044 1800//576 1802//2045
f 2353//2044 1802//2045 1804//1064
f 2353//2044 1804//1064 2354//2046
f 2354//2046 1804//1064 1806//1066
f 2354//2046 1806//1066 1808//1068
f 2354//2046 1808//1068 2347//2024
f 2347//2024 1808//1068 1810//2022
f 2347//2024 2348//2027 2354//2046
f 2354//2046 2348//2027 2349//2033
f 2354//2046 2349//2033 2353//2044
f 2353//2044 2349//2033 2350//2034
f 2353//2044 2350//2034 2352//2041
f 2352//2041 2350//2034 2351//2036
f 1286//1188 1284//2047 1878//2048
f 1878//2048 1284//2047 1283//2049
f 1878//2048 1283//2049 2355//2050
f 2355//2050 1283//2049 1282//2051
f 2355//2050 1282//2051 1281//2052
f 2355//2050 1281//2052 2356//2053
f 2356//2053 1281//2052 1280//2054
f 2356//2053 1280//2054 1279//2055
f 1278//1148 1857//1146 1279//2055
f 1279//2055 1857//1146 2356//2053
f 1857//1146 1855//1144 2356//2053
f 2356//2053 1855//1144 2357//2056
f 2356//2053 2357//2056 2358//2057
f 2358//2057 2357//2056 2359//2058
f 2358//2057 2359//2058 1880//1190
f 1880//1190 2359//2058 1881//1191
f 1855//1144 1853//2059 2357//2056
f 2357//2056 1853//2059 1851//1140
f 2357//2056 1851//1140 2360//2060
f 2360//2060 1851//1140 1849//1138
f 2360//2060 1849//1138 1847//1136
f 2360//2060 1847//1136 2361//2061
f 2361//2061 1847//1136 1845//1134
f 2361//2061 1845//1134 813//2062
f 813//2062 1845//1134 1843//1071
f 813//2062 1843//1071 814//1132
f 813//2062 812//2063 2361//2061
f 2361//2061 812//2063 811//2064
f 2361//2061 811//2064 2362//2065
f 2362//2065 811//2064 810//2066
f 2362//2065 810//2066 809//2067
f 796//2068 798//1198 809//2067
f 809//2067 798//1198 1886//1196
f 809//2067 1886//1196 1884//1194
f 809//2067 1884//1194 2362//2065
f 2362//2065 1884//1194 1883//1193
f 2362//2065 1883//1193 2359//2058
f 2359//2058 1883//1193 1881//1191
f 1880//1190 1879//1189 2358//2057
f 2358//2057 1879//1189 2355//2050
f 2358//2057 2355//2050 2356//2053
f 1879//1189 1878//2048 2355//2050
f 2357//2056 2360//2060 2359//2058
f 2359//2058 2360//2060 2362//2065
f 2360//2060 2361//2061 2362//2065
f 1858//1147 1277//2069 2363//2070
f 2363//2070 1277//2069 1276//2071
f 2363//2070 1276//2071 1275//2072
f 2363//2070 1275//2072 2364//2073
f 2364//2073 1275//2072 1274//2074
f 2364//2073 1274//2074 1273//2075
f 1273//2075 1260//2076 2364//2073
f 2364//2073 1260//2076 1870//2077
f 2364//2073 1870//2077 1869//1166
f 1260//2076 1259//2078 1870//2077
f 1870//2077 1259//2078 1262//1168
f 2364//2073 1869//1166 2365//2079
f 2365//2079 1869//1166 1867//1164
f 2365//2079 1867//1164 1866//1163
f 2365//2079 1866//1163 2366//2080
f 2366//2080 1866//1163 1864//2081
f 2366//2080 1864//2081 2367//2082
f 2367//2082 1864//2081 1863//1160
f 2367//2082 1863//1160 1862//1158
f 824//1159 822//2083 1862//1158
f 1862//1158 822//2083 820//2084
f 1862//1158 820//2084 819//2085
f 1862//1158 819//2085 2367//2082
f 2367//2082 819//2085 818//2086
f 2367//2082 818//2086 2368//2087
f 2368//2087 818//2086 817//2088
f 2368//2087 817//2088 816//2089
f 815//1133 1844//1072 816//2089
f 816//2089 1844//1072 2368//2087
f 1844//1072 1846//1135 2368//2087
f 2368//2087 1846//1135 1848//567
f 2368//2087 1848//567 2369//2090
f 2369//2090 1848//567 1850//2091
f 2369//2090 1850//2091 1852//1141
f 2369//2090 1852//1141 2370//2092
f 2370//2092 1852//1141 1854//2093
f 2370//2092 1854//2093 1856//2094
f 2370//2092 1856//2094 2363//2070
f 2363//2070 1856//2094 1858//1147
f 2363//2070 2364//2073 2370//2092
f 2370//2092 2364//2073 2365//2079
f 2370//2092 2365//2079 2369//2090
f 2369//2090 2365//2079 2366//2080
f 2369//2090 2366//2080 2368//2087
f 2368//2087 2366//2080 2367//2082
f 1261//1264 1258//2095 1926//2096
f 1926//2096 1258//2095 1257//2097
f 1926//2096 1257//2097 2371//2098
f 2371//2098 1257//2097 1256//2099
f 2371//2098 1256//2099 1255//2100
f 2371//2098 1255//2100 2372//2101
f 2372//2101 1255//2100 1254//2102
f 2372//2101 1254//2102 1253//2103
f 1252//1224 1905//1222 1253//2103
f 1253//2103 1905//1222 2372//2101
f 1905//1222 1903//1220 2372//2101
f 2372//2101 1903//1220 2373//2104
f 2372//2101 2373//2104 2374//2105
f 2374//2105 2373//2104 2375//2106
f 2374//2105 2375//2106 1928//1266
f 1928//1266 2375//2106 1929//1267
f 1903//1220 1901//1218 2373//2104
f 2373//2104 1901//1218 1899//1216
f 2373//2104 1899//1216 2376//2107
f 2376//2107 1899//1216 1897//1214
f 2376//2107 1897//1214 1895//1212
f 2376//2107 1895//1212 2377//2108
f 2377//2108 1895//1212 1893//1210
f 2377//2108 1893//1210 839//2109
f 839//2109 1893//1210 1891//1148
f 839//2109 1891//1148 840//1208
f 839//2109 838//2110 2377//2108
f 2377//2108 838//2110 837//2111
f 2377//2108 837//2111 2378//2112
f 2378//2112 837//2111 836//2113
f 2378//2112 836//2113 821//2114
f 823//2115 825//1274 821//2114
f 821//2114 825//1274 1934//1272
f 821//2114 1934//1272 1932//1270
f 821//2114 1932//1270 2378//2112
f 2378//2112 1932//1270 1931//1269
f 2378//2112 1931//1269 2375//2106
f 2375//2106 1931//1269 1929//1267
f 1928//1266 1927//1265 2374//2105
f 2374//2105 1927//1265 2371//2098
f 2374//2105 2371//2098 2372//2101
f 1927//1265 1926//2096 2371//2098
f 2373//2104 2376//2107 2375//2106
f 2375//2106 2376//2107 2378//2112
f 2376//2107 2377//2108 2378//2112
f 1906//2116 1251//2117 2379//2118
f 2379//2118 1251//2117 1250//2119
f 2379//2118 1250//2119 1249//2120
f 2379//2118 1249//2120 2380//2121
f 2380//2121 1249//2120 1248//2122
f 2380//2121 1248//2122 1247//2123
f 1247//2123 1232//2124 2380//2121
f 2380//2121 1232//2124 1918//2125
f 2380//2121 1918//2125 1917//1242
f 1232//2124 1234//2126 1918//2125
f 1918//2125 1234//2126 1236//1244
f 2380//2121 1917//1242 2381//2127
f 2381//2127 1917//1242 1915//1240
f 2381//2127 1915//1240 1914//1239
f 2381//2127 1914//1239 2382//2128
f 2382//2128 1914//1239 1912//2129
f 2382//2128 1912//2129 2383//2130
f 2383//2130 1912//2129 1911//1236
f 2383//2130 1911//1236 1910//1234
f 850//1235 847//2131 1910//1234
f 1910//1234 847//2131 846//2132
f 1910//1234 846//2132 845//2133
f 1910//1234 845//2133 2383//2130
f 2383//2130 845//2133 844//2134
f 2383//2130 844//2134 2384//2135
f 2384//2135 844//2134 843//2136
f 2384//2135 843//2136 842//2137
f 841//1209 1892//1149 842//2137
f 842//2137 1892//1149 2384//2135
f 1892//1149 1894//1211 2384//2135
f 2384//2135 1894//1211 1896//555
f 2384//2135 1896//555 2385//2138
f 2385//2138 1896//555 1898//2139
f 2385//2138 1898//2139 1900//1217
f 2385//2138 1900//1217 2386//2140
f 2386//2140 1900//1217 1902//1219
f 2386//2140 1902//1219 1904//1221
f 2386//2140 1904//1221 2379//2118
f 2379//2118 1904//1221 1906//2116
f 2379//2118 2380//2121 2386//2140
f 2386//2140 2380//2121 2381//2127
f 2386//2140 2381//2127 2385//2138
f 2385//2138 2381//2127 2382//2128
f 2385//2138 2382//2128 2384//2135
f 2384//2135 2382//2128 2383//2130
f 1235//1340 1233//2141 1974//2142
f 1974//2142 1233//2141 1231//2143
f 1974//2142 1231//2143 2387//2144
f 2387//2144 1231//2143 1230//2145
f 2387//2144 1230//2145 1229//2146
f 2387//2144 1229//2146 2388//2147
f 2388//2147 1229//2146 1228//2148
f 2388//2147 1228//2148 1227//2149
f 1226//1300 1953//1298 1227//2149
f 1227//2149 1953//1298 2388//2147
f 1953//1298 1951//1296 2388//2147
f 2388//2147 1951//1296 2389//2150
f 2388//2147 2389//2150 2390//2151
f 2390//2151 2389//2150 2391//2152
f 2390//2151 2391//2152 1976//1342
f 1976//1342 2391//2152 1977//1343
f 1951//1296 1949//1294 2389//2150
f 2389//2150 1949//1294 1947//1292
f 2389//2150 1947//1292 2392//2153
f 2392//2153 1947//1292 1945//1290
f 2392//2153 1945//1290 1943//1288
f 2392//2153 1943//1288 2393//2154
f 2393//2154 1943//1288 1941//1286
f 2393//2154 1941//1286 865//2155
f 865//2155 1941//1286 1939//1224
f 865//2155 1939//1224 866//1284
f 865//2155 864//2156 2393//2154
f 2393//2154 864//2156 863//2157
f 2393//2154 863//2157 2394//2158
f 2394//2158 863//2157 862//2159
f 2394//2158 862//2159 849//2160
f 848//2161 851//1350 849//2160
f 849//2160 851//1350 1982//1348
f 849//2160 1982//1348 1980//1346
f 849//2160 1980//1346 2394//2158
f 2394//2158 1980//1346 1979//1345
f 2394//2158 1979//1345 2391//2152
f 2391//2152 1979//1345 1977//1343
f 1976//1342 1975//1341 2390//2151
f 2390//2151 1975//1341 2387//2144
f 2390//2151 2387//2144 2388//2147
f 1975//1341 1974//2142 2387//2144
f 2389//2150 2392//2153 2391//2152
f 2391//2152 2392//2153 2394//2158
f 2392//2153 2393//2154 2394//2158
f 1954//1299 1225//2162 2395//2163
f 2395//2163 1225//2162 1224//2164
f 2395//2163 1224//2164 1223//2165
f 2395//2163 1223//2165 2396//2166
f 2396//2166 1223//2165 1222//2167
f 2396//2166 1222//2167 1221//2168
f 1221//2168 1206//2169 2396//2166
f 2396//2166 1206//2169 1966//2170
f 2396//2166 1966//2170 1965//1318
f 1206//2169 1208//2171 1966//2170
f 1966//2170 1208//2171 1210//1320
f 2396//2166 1965//1318 2397//2172
f 2397//2172 1965//1318 1963//1316
f 2397//2172 1963//1316 1962//1315
f 2397//2172 1962//1315 2398//2173
f 2398//2173 1962//1315 1960//2174
f 2398//2173 1960//2174 2399//2175
f 2399//2175 1960//2174 1959//1312
f 2399//2175 1959//1312 1958//1310
f 875//1311 873//2176 1958//1310
f 1958//1310 873//2176 872//2177
f 1958//1310 872//2177 871//2178
f 1958//1310 871//2178 2399//2175
f 2399//2175 871//2178 870//2179
f 2399//2175 870//2179 2400//2180
f 2400//2180 870//2179 869//2181
f 2400//2180 869//2181 868//2182
f 867//1285 1940//1225 868//2182
f 868//2182 1940//1225 2400//2180
f 1940//1225 1942//1287 2400//2180
f 2400//2180 1942//1287 1944//542
f 2400//2180 1944//542 2401//2183
f 2401//2183 1944//542 1946//2184
f 2401//2183 1946//2184 1948//1293
f 2401//2183 1948//1293 2402//2185
f 2402//2185 1948//1293 1950//1295
f 2402//2185 1950//1295 1952//1297
f 2402//2185 1952//1297 2395//2163
f 2395//2163 1952//1297 1954//1299
f 2395//2163 2396//2166 2402//2185
f 2402//2185 2396//2166 2397//2172
f 2402//2185 2397//2172 2401//2183
f 2401//2183 2397//2172 2398//2173
f 2401//2183 2398//2173 2400//2180
f 2400//2180 2398//2173 2399//2175
f 1209//1416 1207//2186 2022//2187
f 2022//2187 1207//2186 1205//2188
f 2022//2187 1205//2188 2403//2189
f 2403//2189 1205//2188 1204//2190
f 2403//2189 1204//2190 1203//2191
f 2403//2189 1203//2191 2404//2192
f 2404//2192 1203//2191 1202//2193
f 2404//2192 1202//2193 1201//2194
f 1200//1376 2001//1374 1201//2194
f 1201//2194 2001//1374 2404//2192
f 2001//1374 1999//1372 2404//2192
f 2404//2192 1999//1372 2405//2195
f 2404//2192 2405//2195 2406//2196
f 2406//2196 2405//2195 2407//2197
f 2406//2196 2407//2197 2024//1418
f 2024//1418 2407//2197 2025//1419
f 1999//1372 1997//2198 2405//2195
f 2405//2195 1997//2198 1995//1368
f 2405//2195 1995//1368 2408//2199
f 2408//2199 1995//1368 1993//1366
f 2408//2199 1993//1366 1991//1364
f 2408//2199 1991//1364 2409//2200
f 2409//2200 1991//1364 1989//2201
f 2409//2200 1989//2201 891//2202
f 891//2202 1989//2201 1987//1300
f 891//2202 1987//1300 892//1360
f 891//2202 890//2203 2409//2200
f 2409//2200 890//2203 889//2204
f 2409//2200 889//2204 2410//2205
f 2410//2205 889//2204 888//2206
f 2410//2205 888//2206 887//2207
f 874//2208 876//1426 887//2207
f 887//2207 876//1426 2030//1424
f 887//2207 2030//1424 2028//1422
f 887//2207 2028//1422 2410//2205
f 2410//2205 2028//1422 2027//1421
f 2410//2205 2027//1421 2407//2197
f 2407//2197 2027//1421 2025//1419
f 2024//1418 2023//1417 2406//2196
f 2406//2196 2023//1417 2403//2189
f 2406//2196 2403//2189 2404//2192
f 2023//1417 2022//2187 2403//2189
f 2405//2195 2408//2199 2407//2197
f 2407//2197 2408//2199 2410//2205
f 2408//2199 2409//2200 2410//2205
f 2002//1375 1199//2209 2411//2210
f 2411//2210 1199//2209 1198//2211
f 2411//2210 1198//2211 1197//2212
f 2411//2210 1197//2212 2412//2213
f 2412//2213 1197//2212 1196//2214
f 2412//2213 1196//2214 1195//2215
f 1195//2215 1180//2216 2412//2213
f 2412//2213 1180//2216 2014//2217
f 2412//2213 2014//2217 2013//1394
f 1180//2216 1182//2218 2014//2217
f 2014//2217 1182//2218 1184//1396
f 2412//2213 2013//1394 2413//2219
f 2413//2219 2013//1394 2011//1392
f 2413//2219 2011//1392 2010//1391
f 2413//2219 2010//1391 2414//2220
f 2414//2220 2010//1391 2008//2221
f 2414//2220 2008//2221 2415//2222
f 2415//2222 2008//2221 2007//1388
f 2415//2222 2007//1388 2006//1386
f 902//1387 900//2223 2006//1386
f 2006//1386 900//2223 898//2224
f 2006//1386 898//2224 897//2225
f 2006//1386 897//2225 2415//2222
f 2415//2222 897//2225 896//2226
f 2415//2222 896//2226 2416//2227
f 2416//2227 896//2226 895//2228
f 2416//2227 895//2228 894//2229
f 893//1361 1988//1301 894//2229
f 894//2229 1988//1301 2416//2227
f 1988//1301 1990//1363 2416//2227
f 2416//2227 1990//1363 1992//529
f 2416//2227 1992//529 2417//2230
f 2417//2230 1992//529 1994//2231
f 2417//2230 1994//2231 1996//1369
f 2417//2230 1996//1369 2418//2232
f 2418//2232 1996//1369 1998//1371
f 2418//2232 1998//1371 2000//1373
f 2418//2232 2000//1373 2411//2210
f 2411//2210 2000//1373 2002//1375
f 2411//2210 2412//2213 2418//2232
f 2418//2232 2412//2213 2413//2219
f 2418//2232 2413//2219 2417//2230
f 2417//2230 2413//2219 2414//2220
f 2417//2230 2414//2220 2416//2227
f 2416//2227 2414//2220 2415//2222
f 1183//1492 1181//2233 2070//2234
f 2070//2234 1181//2233 1179//2235
f 2070//2234 1179//2235 2419//2236
f 2419//2236 1179//2235 1178//2237
f 2419//2236 1178//2237 1177//2238
f 2419//2236 1177//2238 2420//2239
f 2420//2239 1177//2238 1176//2240
f 2420//2239 1176//2240 1175//2241
f 1174//1452 2049//1450 1175//2241
f 1175//2241 2049//1450 2420//2239
f 2049//1450 2047//1448 2420//2239
f 2420//2239 2047//1448 2421//2242
f 2420//2239 2421//2242 2422//2243
f 2422//2243 2421//2242 2423//2244
f 2422//2243 2423//2244 2072//1494
f 2072//1494 2423//2244 2073//1495
f 2047//1448 2045//1446 2421//2242
f 2421//2242 2045//1446 2043//1444
f 2421//2242 2043//1444 2424//2245
f 2424//2245 2043//1444 2041//1442
f 2424//2245 2041//1442 2039//1440
f 2424//2245 2039//1440 2425//2246
f 2425//2246 2039//1440 2037//1438
f 2425//2246 2037//1438 917//2247
f 917//2247 2037//1438 2035//1376
f 917//2247 2035//1376 918//1436
f 917//2247 916//2248 2425//2246
f 2425//2246 916//2248 915//2249
f 2425//2246 915//2249 2426//2250
f 2426//2250 915//2249 914//2251
f 2426//2250 914//2251 899//2252
f 901//2253 903//1502 899//2252
f 899//2252 903//1502 2078//1500
f 899//2252 2078//1500 2076//1498
f 899//2252 2076//1498 2426//2250
f 2426//2250 2076//1498 2075//1497
f 2426//2250 2075//1497 2423//2244
f 2423//2244 2075//1497 2073//1495
f 2072//1494 2071//1493 2422//2243
f 2422//2243 2071//1493 2419//2236
f 2422//2243 2419//2236 2420//2239
f 2071//1493 2070//2234 2419//2236
f 2421//2242 2424//2245 2423//2244
f 2423//2244 2424//2245 2426//2250
f 2424//2245 2425//2246 2426//2250
f 2050//2254 1173//2255 2427//2256
f 2427//2256 1173//2255 1172//2257
f 2427//2256 1172//2257 1171//2258
f 2427//2256 1171//2258 2428//2259
f 2428//2259 1171//2258 1170//2260
f 2428//2259 1170//2260 1169//2261
f 1169//2261 1168//2262 2428//2259
f 2428//2259 1168//2262 2062//2263
f 2428//2259 2062//2263 2061//1470
f 1168//2262 1155//2264 2062//2263
f 2062//2263 1155//2264 1157//1472
f 2428//2259 2061//1470 2429//2265
f 2429//2265 2061//1470 2059//1468
f 2429//2265 2059//1468 2058//1467
f 2429//2265 2058//1467 2430//2266
f 2430//2266 2058//1467 2056//2267
f 2430//2266 2056//2267 2431//2268
f 2431//2268 2056//2267 2055//1464
f 2431//2268 2055//1464 2054//1462
f 933//1463 935//2269 2054//1462
f 2054//1462 935//2269 924//2270
f 2054//1462 924//2270 923//2271
f 2054//1462 923//2271 2431//2268
f 2431//2268 923//2271 922//2272
f 2431//2268 922//2272 2432//2273
f 2432//2273 922//2272 921//2274
f 2432//2273 921//2274 920//2275
f 919//1437 2036//1377 920//2275
f 920//2275 2036//1377 2432//2273
f 2036//1377 2038//1439 2432//2273
f 2432//2273 2038//1439 2040//517
f 2432//2273 2040//517 2433//2276
f 2433//2276 2040//517 2042//2277
f 2433//2276 2042//2277 2044//1445
f 2433//2276 2044//1445 2434//2278
f 2434//2278 2044//1445 2046//1447
f 2434//2278 2046//1447 2048//1449
f 2434//2278 2048//1449 2427//2256
f 2427//2256 2048//1449 2050//2254
f 2427//2256 2428//2259 2434//2278
f 2434//2278 2428//2259 2429//2265
f 2434//2278 2429//2265 2433//2276
f 2433//2276 2429//2265 2430//2266
f 2433//2276 2430//2266 2432//2273
f 2432//2273 2430//2266 2431//2268
f 1156//1568 1154//2279 2118//2280
f 2118//2280 1154//2279 1153//2281
f 2118//2280 1153//2281 2435//2282
f 2435//2282 1153//2281 1152//2283
f 2435//2282 1152//2283 1151//2284
f 2435//2282 1151//2284 2436//2285
f 2436//2285 1151//2284 1150//2286
f 2436//2285 1150//2286 1149//2287
f 1148//1528 2097//1526 1149//2287
f 1149//2287 2097//1526 2436//2285
f 2097//1526 2095//1524 2436//2285
f 2436//2285 2095//1524 2437//2288
f 2436//2285 2437//2288 2438//2289
f 2438//2289 2437//2288 2439//2290
f 2438//2289 2439//2290 2120//1570
f 2120//1570 2439//2290 2121//1571
f 2095//1524 2093//1522 2437//2288
f 2437//2288 2093//1522 2091//1520
f 2437//2288 2091//1520 2440//2291
f 2440//2291 2091//1520 2089//1518
f 2440//2291 2089//1518 2087//1516
f 2440//2291 2087//1516 2441//2292
f 2441//2292 2087//1516 2085//1514
f 2441//2292 2085//1514 943//2293
f 943//2293 2085//1514 2083//1452
f 943//2293 2083//1452 944//1512
f 943//2293 942//2294 2441//2292
f 2441//2292 942//2294 941//2295
f 2441//2292 941//2295 2442//2296
f 2442//2296 941//2295 940//2297
f 2442//2296 940//2297 936//2298
f 934//2299 932//1578 936//2298
f 936//2298 932//1578 2126//2300
f 936//2298 2126//2300 2124//1574
f 936//2298 2124//1574 2442//2296
f 2442//2296 2124//1574 2123//1573
f 2442//2296 2123//1573 2439//2290
f 2439//2290 2123//1573 2121//1571
f 2120//1570 2119//1569 2438//2289
f 2438//2289 2119//1569 2435//2282
f 2438//2289 2435//2282 2436//2285
f 2119//1569 2118//2280 2435//2282
f 2437//2288 2440//2291 2439//2290
f 2439//2290 2440//2291 2442//2296
f 2440//2291 2441//2292 2442//2296
f 2098//1527 1147//2301 2443//2302
f 2443//2302 1147//2301 1146//2303
f 2443//2302 1146//2303 1145//2304
f 2443//2302 1145//2304 2444//2305
f 2444//2305 1145//2304 1144//2306
f 2444//2305 1144//2306 1143//2307
f 1143//2307 1142//2308 2444//2305
f 2444//2305 1142//2308 2110//2309
f 2444//2305 2110//2309 2109//1546
f 1142//2308 1129//2310 2110//2309
f 2110//2309 1129//2310 1131//1548
f 2444//2305 2109//1546 2445//2311
f 2445//2311 2109//1546 2107//1544
f 2445//2311 2107//1544 2106//1543
f 2445//2311 2106//1543 2446//2312
f 2446//2312 2106//1543 2104//2313
f 2446//2312 2104//2313 2447//2314
f 2447//2314 2104//2313 2103//1540
f 2447//2314 2103//1540 2102//1538
f 954//1539 952//2315 2102//1538
f 2102//1538 952//2315 950//2316
f 2102//1538 950//2316 949//2317
f 2102//1538 949//2317 2447//2314
f 2447//2314 949//2317 948//2318
f 2447//2314 948//2318 2448//2319
f 2448//2319 948//2318 947//2320
f 2448//2319 947//2320 946//2321
f 945//1513 2084//1453 946//2321
f 946//2321 2084//1453 2448//2319
f 2084//1453 2086//1515 2448//2319
f 2448//2319 2086//1515 2088//505
f 2448//2319 2088//505 2449//2322
f 2449//2322 2088//505 2090//2323
f 2449//2322 2090//2323 2092//1521
f 2449//2322 2092//1521 2450//2324
f 2450//2324 2092//1521 2094//1523
f 2450//2324 2094//1523 2096//1525
f 2450//2324 2096//1525 2443//2302
f 2443//2302 2096//1525 2098//1527
f 2443//2302 2444//2305 2450//2324
f 2450//2324 2444//2305 2445//2311
f 2450//2324 2445//2311 2449//2322
f 2449//2322 2445//2311 2446//2312
f 2449//2322 2446//2312 2448//2319
f 2448//2319 2446//2312 2447//2314
f 1130//1644 1128//2325 2166//2326
f 2166//2326 1128//2325 1127//2327
f 2166//2326 1127//2327 2451//2328
f 2451//2328 1127//2327 1125//2329
f 2451//2328 1125//2329 1124//2330
f 2451//2328 1124//2330 2452//2331
f 2452//2331 1124//2330 1123//2332
f 2452//2331 1123//2332 1121//2333
f 1120//1604 2145//1602 1121//2333
f 1121//2333 2145//1602 2452//2331
f 2145//1602 2143//1600 2452//2331
f 2452//2331 2143//1600 2453//2334
f 2452//2331 2453//2334 2454//2335
f 2454//2335 2453//2334 2455//2336
f 2454//2335 2455//2336 2168//1646
f 2168//1646 2455//2336 2169//1647
f 2143//1600 2141//2337 2453//2334
f 2453//2334 2141//2337 2139//1596
f 2453//2334 2139//1596 2456//2338
f 2456//2338 2139//1596 2137//1594
f 2456//2338 2137//1594 2135//1592
f 2456//2338 2135//1592 2457//2339
f 2457//2339 2135//1592 2133//1590
f 2457//2339 2133//1590 969//2340
f 969//2340 2133//1590 2131//1528
f 969//2340 2131//1528 970//1588
f 969//2340 968//2341 2457//2339
f 2457//2339 968//2341 967//2342
f 2457//2339 967//2342 2458//2343
f 2458//2343 967//2342 966//2344
f 2458//2343 966//2344 951//2345
f 953//2346 955//1654 951//2345
f 951//2345 955//1654 2174//1652
f 951//2345 2174//1652 2172//1650
f 951//2345 2172//1650 2458//2343
f 2458//2343 2172//1650 2171//1649
f 2458//2343 2171//1649 2455//2336
f 2455//2336 2171//1649 2169//1647
f 2168//1646 2167//1645 2454//2335
f 2454//2335 2167//1645 2451//2328
f 2454//2335 2451//2328 2452//2331
f 2167//1645 2166//2326 2451//2328
f 2453//2334 2456//2338 2455//2336
f 2455//2336 2456//2338 2458//2343
f 2456//2338 2457//2339 2458//2343
f 2146//1603 1118//2347 2459//2348
f 2459//2348 1118//2347 1117//2349
f 2459//2348 1117//2349 1116//2350
f 2459//2348 1116//2350 2460//2351
f 2460//2351 1116//2350 1114//2352
f 2460//2351 1114//2352 1099//2353
f 1099//2353 1098//2354 2460//2351
f 2460//2351 1098//2354 2158//1691
f 2460//2351 2158//1691 2157//1622
f 1098//2354 1101//2355 2158//1691
f 2158//1691 1101//2355 1103//1624
f 2460//2351 2157//1622 2461//2356
f 2461//2356 2157//1622 2155//1620
f 2461//2356 2155//1620 2154//1619
f 2461//2356 2154//1619 2462//2357
f 2462//2357 2154//1619 2152//2358
f 2462//2357 2152//2358 2463//2359
f 2463//2359 2152//2358 2151//1616
f 2463//2359 2151//1616 2150//1614
f 980//1615 978//2360 2150//1614
f 2150//1614 978//2360 977//2361
f 2150//1614 977//2361 975//2362
f 2150//1614 975//2362 2463//2359
f 2463//2359 975//2362 974//2363
f 2463//2359 974//2363 2464//2364
f 2464//2364 974//2363 973//2365
f 2464//2364 973//2365 972//2366
f 971//1589 2132//1529 972//2366
f 972//2366 2132//1529 2464//2364
f 2132//1529 2134//1591 2464//2364
f 2464//2364 2134//1591 2136//493
f 2464//2364 2136//493 2465//2367
f 2465//2367 2136//493 2138//2368
f 2465//2367 2138//2368 2140//1597
f 2465//2367 2140//1597 2466//2369
f 2466//2369 2140//1597 2142//1599
f 2466//2369 2142//1599 2144//2370
f 2466//2369 2144//2370 2459//2348
f 2459//2348 2144//2370 2146//1603
f 2459//2348 2460//2351 2466//2369
f 2466//2369 2460//2351 2461//2356
f 2466//2369 2461//2356 2465//2367
f 2465//2367 2461//2356 2462//2357
f 2465//2367 2462//2357 2464//2364
f 2464//2364 2462//2357 2463//2359
f 1102//1720 1100//2371 2214//2372
f 2214//2372 1100//2371 1096//2373
f 2214//2372 1096//2373 2467//2374
f 2467//2374 1096//2373 1095//2375
f 2467//2374 1095//2375 1093//2376
f 2467//2374 1093//2376 2468//2377
f 2468//2377 1093//2376 1092//2378
f 2468//2377 1092//2378 1091//2379
f 1089//1680 2193//1678 1091//2379
f 1091//2379 2193//1678 2468//2377
f 2193//1678 2191//1676 2468//2377
f 2468//2377 2191//1676 2469//2380
f 2468//2377 2469//2380 2470//2381
f 2470//2381 2469//2380 2471//2382
f 2470//2381 2471//2382 2216//1722
f 2216//1722 2471//2382 2217//1723
f 2191//1676 2189//1674 2469//2380
f 2469//2380 2189//1674 2187//1672
f 2469//2380 2187//1672 2472//2383
f 2472//2383 2187//1672 2185//1670
f 2472//2383 2185//1670 2183//1668
f 2472//2383 2183//1668 2473//2384
f 2473//2384 2183//1668 2181//1666
f 2473//2384 2181//1666 997//2385
f 997//2385 2181//1666 2179//1604
f 997//2385 2179//1604 999//1664
f 997//2385 996//2386 2473//2384
f 2473//2384 996//2386 995//2387
f 2473//2384 995//2387 2474//2388
f 2474//2388 995//2387 993//2389
f 2474//2388 993//2389 992//2390
f 979//2391 981//1730 992//2390
f 992//2390 981//1730 2222//1728
f 992//2390 2222//1728 2220//1726
f 992//2390 2220//1726 2474//2388
f 2474//2388 2220//1726 2219//1725
f 2474//2388 2219//1725 2471//2382
f 2471//2382 2219//1725 2217//1723
f 2216//1722 2215//2392 2470//2381
f 2470//2381 2215//2392 2467//2374
f 2470//2381 2467//2374 2468//2377
f 2215//2392 2214//2372 2467//2374
f 2469//2380 2472//2383 2471//2382
f 2471//2382 2472//2383 2474//2388
f 2472//2383 2473//2384 2474//2388
f 2194//2393 1088//2394 2475//2395
f 2475//2395 1088//2394 1086//2396
f 2475//2395 1086//2396 1085//2397
f 2475//2395 1085//2397 2476//2398
f 2476//2398 1085//2397 1084//2399
f 2476//2398 1084//2399 1082//2400
f 1082//2400 1081//2401 2476//2398
f 2476//2398 1081//2401 2206//2402
f 2476//2398 2206//2402 2205//1698
f 1081//2401 1068//2403 2206//2402
f 2206//2402 1068//2403 1070//1700
f 2476//2398 2205//1698 2477//2404
f 2477//2404 2205//1698 2203//1696
f 2477//2404 2203//1696 2202//1695
f 2477//2404 2202//1695 2478//2405
f 2478//2405 2202//1695 2200//2406
f 2478//2405 2200//2406 2479//2407
f 2479//2407 2200//2406 2199//1692
f 2479//2407 2199//1692 2198//1690
f 1011//1691 1008//2408 2198//1690
f 2198//1690 1008//2408 1007//2409
f 2198//1690 1007//2409 1006//2410
f 2198//1690 1006//2410 2479//2407
f 2479//2407 1006//2410 1004//2411
f 2479//2407 1004//2411 2480//2412
f 2480//2412 1004//2411 1003//2413
f 2480//2412 1003//2413 1001//2414
f 1000//1665 2180//1605 1001//2414
f 1001//2414 2180//1605 2480//2412
f 2180//1605 2182//1667 2480//2412
f 2480//2412 2182//1667 2184//480
f 2480//2412 2184//480 2481//2415
f 2481//2415 2184//480 2186//2416
f 2481//2415 2186//2416 2188//1673
f 2481//2415 2188//1673 2482//2417
f 2482//2417 2188//1673 2190//1675
f 2482//2417 2190//1675 2192//1677
f 2482//2417 2192//1677 2475//2395
f 2475//2395 2192//1677 2194//2393
f 2475//2395 2476//2398 2482//2417
f 2482//2417 2476//2398 2477//2404
f 2482//2417 2477//2404 2481//2415
f 2481//2415 2477//2404 2478//2405
f 2481//2415 2478//2405 2480//2412
f 2480//2412 2478//2405 2479//2407
f 1069//1794 1067//2418 2262//2419
f 2262//2419 1067//2418 1066//2420
f 2262//2419 1066//2420 2483//2421
f 2483//2421 1066//2420 1064//2422
f 2483//2421 1064//2422 1063//2423
f 2483//2421 1063//2423 2484//2424
f 2484//2424 1063//2423 1062//2425
f 2484//2424 1062//2425 1060//2426
f 1059//629 2241//1754 1060//2426
f 1060//2426 2241//1754 2484//2424
f 2241//1754 2239//1752 2484//2424
f 2484//2424 2239//1752 2485//2427
f 2484//2424 2485//2427 2486//2428
f 2486//2428 2485//2427 2487//2429
f 2486//2428 2487//2429 2264//1796
f 2264//1796 2487//2429 2265//1797
f 2239//1752 2237//1750 2485//2427
f 2485//2427 2237//1750 2235//1748
f 2485//2427 2235//1748 2488//2430
f 2488//2430 2235//1748 2233//1746
f 2488//2430 2233//1746 2231//1744
f 2488//2430 2231//1744 2489//2431
f 2489//2431 2231//1744 2229//1742
f 2489//2431 2229//1742 1028//2432
f 1028//2432 2229//1742 2227//1680
f 1028//2432 2227//1680 1029//1740
f 1028//2432 1026//2433 2489//2431
f 2489//2431 1026//2433 1025//2434
f 2489//2431 1025//2434 2490//2435
f 2490//2435 1025//2434 1024//2436
f 2490//2435 1024//2436 1010//2437
f 1009//2438 1012//1804 1010//2437
f 1010//2437 1012//1804 2270//1802
f 1010//2437 2270//1802 2268//1800
f 1010//2437 2268//1800 2490//2435
f 2490//2435 2268//1800 2267//1799
f 2490//2435 2267//1799 2487//2429
f 2487//2429 2267//1799 2265//1797
f 2264//1796 2263//2439 2486//2428
f 2486//2428 2263//2439 2483//2421
f 2486//2428 2483//2421 2484//2424
f 2263//2439 2262//2419 2483//2421
f 2485//2427 2488//2430 2487//2429
f 2487//2429 2488//2430 2490//2435
f 2488//2430 2489//2431 2490//2435
f 2242//1755 1057//2440 2491//2441
f 2491//2441 1057//2440 1056//2442
f 2491//2441 1056//2442 1055//2443
f 2491//2441 1055//2443 2492//2444
f 2492//2444 1055//2443 1053//2445
f 2492//2444 1053//2445 1052//2446
f 1052//2446 1049//2447 2492//2444
f 2492//2444 1049//2447 2254//2448
f 2492//2444 2254//2448 2253//1772
f 1049//2447 1048//2449 2254//2448
f 2254//2448 1048//2449 1047//1774
f 2492//2444 2253//1772 2493//2450
f 2493//2450 2253//1772 2251//1770
f 2493//2450 2251//1770 2250//1769
f 2493//2450 2250//1769 2494//2451
f 2494//2451 2250//1769 2248//2452
f 2494//2451 2248//2452 2495//2453
f 2495//2453 2248//2452 2247//1766
f 2495//2453 2247//1766 2246//1764
f 622//1765 624//2454 2246//1764
f 2246//1764 624//2454 626//2455
f 2246//1764 626//2455 1035//2456
f 2246//1764 1035//2456 2495//2453
f 2495//2453 1035//2456 1034//2457
f 2495//2453 1034//2457 2496//2458
f 2496//2458 1034//2457 1033//2459
f 2496//2458 1033//2459 1032//2460
f 1030//1741 2228//1681 1032//2460
f 1032//2460 2228//1681 2496//2458
f 2228//1681 2230//1743 2496//2458
f 2496//2458 2230//1743 2232//453
f 2496//2458 2232//453 2497//2461
f 2497//2461 2232//453 2234//2462
f 2497//2461 2234//2462 2236//1749
f 2497//2461 2236//1749 2498//2463
f 2498//2463 2236//1749 2238//1751
f 2498//2463 2238//1751 2240//1753
f 2498//2463 2240//1753 2491//2441
f 2491//2441 2240//1753 2242//1755
f 2491//2441 2492//2444 2498//2463
f 2498//2463 2492//2444 2493//2450
f 2498//2463 2493//2450 2497//2461
f 2497//2461 2493//2450 2494//2451
f 2497//2461 2494//2451 2496//2458
f 2496//2458 2494//2451 2495//2453
f 438//2 437//2 424//2
f 424//2 437//2 2499//2
f 424//2 2499//2 422//2
f 422//2 2499//2 2500//2
f 422//2 2500//2 420//2
f 420//2 2500//2 2501//2
f 420//2 2501//2 418//2
f 418//2 2501//2 2502//2
f 418//2 2502//2 416//2
f 416//2 2502//2 2503//2
f 416//2 2503//2 414//2
f 414//2 2503//2 2504//2
f 414//2 2504//2 2505//2
f 414//2 2505//2 412//2
f 412//2 2505//2 2506//2
f 412//2 2506//2 410//2
f 410//2 2506//2 2507//2
f 410//2 2507//2 408//2
f 408//2 2507//2 2508//2
f 408//2 2508//2 406//2
f 406//2 2508//2 2509//2
f 406//2 2509//2 2510//2
f 406//2 2510//2 404//2
f 404//2 2510//2 2511//2
f 404//2 2511//2 402//2
f 402//2 2511//2 2512//2
f 402//2 2512//2 400//2
f 400//2 2512//2 2513//2
f 400//2 2513//2 398//2
f 398//2 2513//2 2514//2
f 398//2 2514//2 397//2
f 397//2 2514//2 471//2
f 397//2 471//2 469//2
f 397//2 469//2 436//2
f 436//2 469//2 467//2
f 436//2 467//2 434//2
f 434//2 467//2 465//2
f 434//2 465//2 432//2
f 432//2 465//2 463//2
f 432//2 463//2 430//2
f 430//2 463//2 461//2
f 430//2 461//2 428//2
f 428//2 461//2 459//2
f 428//2 459//2 2515//2
f 2515//2 459//2 457//2
f 2515//2 457//2 455//2
f 455//2 453//2 2515//2
f 2515//2 453//2 2516//2
f 453//2 451//2 2516//2
f 2516//2 451//2 449//2
f 2516//2 449//2 2517//2
f 2517//2 449//2 447//2
f 2517//2 447//2 2518//2
f 2518//2 447//2 445//2
f 2518//2 445//2 2519//2
f 2519//2 445//2 443//2
f 2519//2 443//2 2520//2
f 2520//2 443//2 441//2
f 2520//2 441//2 2521//2
f 2521//2 441//2 438//2
f 2521//2 438//2 424//2
f 2515//2 427//2 428//2
f 2517//2 2522//2 2516//2
f 107//88 105//86 439//88
f 439//88 105//86 2523//2464
f 105//86 103//84 2523//2464
f 2523//2464 103//84 2524//2465
f 103//84 101//82 2524//2465
f 2524//2465 101//82 2525//2466
f 101//82 99//80 2525//2466
f 2525//2466 99//80 2526//2467
f 99//80 97//78 2526//2467
f 2526//2467 97//78 2527//2468
f 97//78 95//76 2527//2468
f 2527//2468 95//76 2528//525
f 95//76 93//74 2528//525
f 2528//525 93//74 2529//2469
f 93//74 91//72 2529//2469
f 2529//2469 91//72 2530//2470
f 91//72 89//70 2530//2470
f 2530//2470 89//70 2531//2471
f 89//70 87//68 2531//2471
f 2531//2471 87//68 2532//2472
f 87//68 85//66 2532//2472
f 2532//2472 85//66 2533//2473
f 85//66 83//64 2533//2473
f 2533//2473 83//64 2534//2474
f 83//64 81//62 2534//2474
f 2534//2474 81//62 2535//2475
f 81//62 79//60 2535//2475
f 2535//2475 79//60 2536//2476
f 79//60 77//58 2536//2476
f 2536//2476 77//58 2537//2477
f 77//58 75//56 2537//2477
f 2537//2477 75//56 2538//2478
f 75//56 73//54 2538//2478
f 2538//2478 73//54 71//52
f 2538//2478 71//52 472//51
f 472//51 71//52 70//51
f 267//88 130//88 268//86
f 268//86 130//88 2539//86
f 268//86 2539//86 2540//84
f 268//86 2540//84 274//84
f 274//84 2540//84 2541//82
f 274//84 2541//82 276//82
f 276//82 2541//82 2542//80
f 276//82 2542//80 278//80
f 278//80 2542//80 2543//78
f 278//80 2543//78 280//78
f 280//78 2543//78 2544//76
f 280//78 2544//76 282//76
f 282//76 2544//76 2545//74
f 282//76 2545//74 284//74
f 284//74 2545//74 2546//72
f 284//74 2546//72 286//72
f 286//72 2546//72 2547//70
f 286//72 2547//70 288//70
f 288//70 2547//70 2548//68
f 288//70 2548//68 290//68
f 290//68 2548//68 2549//66
f 290//68 2549//66 292//66
f 292//66 2549//66 2550//64
f 292//66 2550//64 294//64
f 294//64 2550//64 2551//62
f 294//64 2551//62 296//62
f 296//62 2551//62 2552//60
f 296//62 2552//60 298//60
f 298//60 2552//60 2553//58
f 298//60 2553//58 300//58
f 300//58 2553//58 302//56
f 2553//58 2554//56 302//56
f 302//56 2554//56 304//54
f 2554//56 2555//54 304//54
f 304//54 2555//54 306//52
f 2555//54 2556//52 306//52
f 306//52 2556//52 308//51
f 2556//52 196//51 308//51
f 516//272 515//272 502//272
f 502//272 515//272 2557//272
f 502//272 2557//272 500//272
f 500//272 2557//272 2558//272
f 500//272 2558//272 498//272
f 498//272 2558//272 2559//272
f 498//272 2559//272 496//272
f 496//272 2559//272 2560//272
f 496//272 2560//272 494//272
f 494//272 2560//272 2561//272
f 494//272 2561//272 492//272
f 492//272 2561//272 2562//272
f 492//272 2562//272 2563//272
f 492//272 2563//272 490//272
f 490//272 2563//272 2564//272
f 490//272 2564//272 488//272
f 488//272 2564//272 2565//272
f 488//272 2565//272 486//272
f 486//272 2565//272 2566//272
f 486//272 2566//272 484//272
f 484//272 2566//272 2567//272
f 484//272 2567//272 2568//272
f 484//272 2568//272 482//272
f 482//272 2568//272 2569//272
f 482//272 2569//272 480//272
f 480//272 2569//272 2570//272
f 480//272 2570//272 478//272
f 478//272 2570//272 2571//272
f 478//272 2571//272 476//272
f 476//272 2571//272 2572//272
f 476//272 2572//272 475//272
f 475//272 2572//272 532//272
f 475//272 532//272 531//272
f 475//272 531//272 514//272
f 514//272 531//272 530//272
f 514//272 530//272 512//272
f 512//272 530//272 529//272
f 512//272 529//272 510//272
f 510//272 529//272 528//272
f 510//272 528//272 508//272
f 508//272 528//272 527//272
f 508//272 527//272 506//272
f 506//272 527//272 526//272
f 506//272 526//272 2573//272
f 2573//272 526//272 525//272
f 2573//272 525//272 524//272
f 524//272 523//272 2573//272
f 2573//272 523//272 2574//272
f 523//272 522//272 2574//272
f 2574//272 522//272 521//272
f 2574//272 521//272 2575//272
f 2575//272 521//272 520//272
f 2575//272 520//272 2576//272
f 2576//272 520//272 519//272
f 2576//272 519//272 2577//272
f 2577//272 519//272 518//272
f 2577//272 518//272 2578//272
f 2578//272 518//272 517//272
f 2578//272 517//272 2579//272
f 2579//272 517//272 516//272
f 2579//272 516//272 502//272
f 2573//272 505//272 506//272
f 2575//272 2580//272 2574//272
f 501//88 395//88 2581//2479
f 2581//2479 395//88 435//2479
f 2581//2479 435//2479 2582//2480
f 2582//2480 435//2479 433//2480
f 2582//2480 433//2480 2583//2481
f 2583//2481 433//2480 431//2481
f 2583//2481 431//2481 2584//2482
f 2584//2482 431//2481 429//2482
f 2584//2482 429//2482 2585//2483
f 2585//2483 429//2482 426//2483
f 2585//2483 426//2483 2586//2484
f 2586//2484 426//2483 425//2484
f 2580//88 2586//88 2574//88
f 2574//88 2586//88 425//88
f 2574//88 425//88 2515//88
f 2515//88 425//88 427//88
f 2522//51 533//51 2516//51
f 2516//51 533//51 503//51
f 2516//51 503//51 2573//51
f 2573//51 503//51 505//51
f 2515//2485 2516//2485 2574//2485
f 2574//2485 2516//2485 2573//2485
f 266//245 532//245 2587//2486
f 2587//2486 532//245 2572//2487
f 2587//2486 2572//2487 2588//2488
f 2588//2488 2572//2487 2571//2489
f 2588//2488 2571//2489 2589//2490
f 2589//2490 2571//2489 2570//2491
f 2589//2490 2570//2491 2590//2492
f 2590//2492 2570//2491 2569//2493
f 2590//2492 2569//2493 2591//2494
f 2591//2494 2569//2493 2568//2495
f 2591//2494 2568//2495 2592//2496
f 2592//2496 2568//2495 2567//2497
f 2592//2496 2567//2497 2593//2498
f 2593//2498 2567//2497 2566//2499
f 2593//2498 2566//2499 2594//2500
f 2594//2500 2566//2499 2565//2501
f 2594//2500 2565//2501 2595//2502
f 2595//2502 2565//2501 2564//2503
f 2595//2502 2564//2503 2596//2504
f 2596//2504 2564//2503 2563//2505
f 2596//2504 2563//2505 2597//2506
f 2597//2506 2563//2505 2562//2507
f 2597//2506 2562//2507 2598//2508
f 2598//2508 2562//2507 2561//2509
f 2598//2508 2561//2509 2599//2510
f 2599//2510 2561//2509 2560//2511
f 2599//2510 2560//2511 2600//2512
f 2600//2512 2560//2511 2559//2513
f 2600//2512 2559//2513 2601//2514
f 2601//2514 2559//2513 2558//2515
f 2601//2514 2558//2515 2602//2516
f 2602//2516 2558//2515 2557//2517
f 2602//2516 2557//2517 2603//2518
f 2603//2518 2557//2517 2604//2519
f 2557//2517 515//212 2604//2519
f 2604//2519 515//212 233//212
f 501//245 2581//2520 502//245
f 502//245 2581//2520 2579//2520
f 2581//2520 2582//2521 2579//2520
f 2579//2520 2582//2521 2578//2522
f 2582//2521 2583//2523 2578//2522
f 2578//2522 2583//2523 2577//2523
f 2583//2523 2584//2524 2577//2523
f 2577//2523 2584//2524 2576//2525
f 2584//2524 2585//2526 2576//2525
f 2576//2525 2585//2526 2575//2527
f 2585//2526 2586//2528 2575//2527
f 2575//2527 2586//2528 2580//2529
f 472//343 471//343 2538//2530
f 2538//2530 471//343 2514//2530
f 2538//2530 2514//2530 2513//2531
f 2538//2530 2513//2531 2537//2531
f 2537//2531 2513//2531 2512//2532
f 2537//2531 2512//2532 2536//2532
f 2536//2532 2512//2532 2511//2533
f 2536//2532 2511//2533 2535//2533
f 2535//2533 2511//2533 2510//2534
f 2535//2533 2510//2534 2534//2534
f 2534//2534 2510//2534 2509//2535
f 2534//2534 2509//2535 2533//2535
f 2533//2535 2509//2535 2508//2536
f 2533//2535 2508//2536 2532//2536
f 2532//2536 2508//2536 2507//2537
f 2532//2536 2507//2537 2531//2537
f 2531//2537 2507//2537 2506//2538
f 2531//2537 2506//2538 2530//2538
f 2530//2538 2506//2538 2505//2539
f 2530//2538 2505//2539 2529//2539
f 2529//2539 2505//2539 2504//2540
f 2529//2539 2504//2540 2528//2540
f 2528//2540 2504//2540 2503//2541
f 2528//2540 2503//2541 2527//2541
f 2527//2541 2503//2541 2502//2542
f 2527//2541 2502//2542 2526//2542
f 2526//2542 2502//2542 2501//2543
f 2526//2542 2501//2543 2525//2543
f 2525//2543 2501//2543 2500//2544
f 2525//2543 2500//2544 2524//2544
f 2524//2544 2500//2544 2499//2545
f 2524//2544 2499//2545 2523//2545
f 2523//2545 2499//2545 437//329
f 2523//2545 437//329 439//329
f 423//343 538//2546 424//343
f 424//343 538//2546 2521//2546
f 538//2546 537//2547 2521//2546
f 2521//2546 537//2547 2520//2548
f 537//2547 536//2549 2520//2548
f 2520//2548 536//2549 2519//2549
f 536//2549 535//2550 2519//2549
f 2519//2549 535//2550 2518//2551
f 535//2550 534//2552 2518//2551
f 2518//2551 534//2552 2517//2553
f 534//2552 533//2554 2517//2553
f 2517//2553 533//2554 2522//2555
f 319//272 318//271 768//272
f 768//272 318//271 2605//2556
f 768//272 2605//2556 764//272
f 764//272 2605//2556 2606//2557
f 764//272 2606//2557 761//272
f 761//272 2606//2557 2607//2558
f 761//272 2607//2558 757//272
f 757//272 2607//2558 2608//2559
f 757//272 2608//2559 753//272
f 753//272 2608//2559 2609//2560
f 753//272 2609//2560 735//272
f 735//272 2609//2560 2610//2561
f 735//272 2610//2561 732//272
f 732//272 2610//2561 2611//2562
f 732//272 2611//2562 728//272
f 728//272 2611//2562 2612//2563
f 728//272 2612//2563 724//272
f 724//272 2612//2563 2613//2564
f 724//272 2613//2564 706//272
f 706//272 2613//2564 2614//2565
f 706//272 2614//2565 703//272
f 703//272 2614//2565 2615//2566
f 703//272 2615//2566 699//272
f 699//272 2615//2566 2616//2567
f 699//272 2616//2567 696//272
f 696//272 2616//2567 2617//2568
f 696//272 2617//2568 692//272
f 692//272 2617//2568 2618//2569
f 692//272 2618//2569 674//272
f 674//272 2618//2569 2619//2570
f 674//272 2619//2570 670//272
f 670//272 2619//2570 2620//2571
f 670//272 2620//2571 667//272
f 667//272 2620//2571 2621//2572
f 667//272 2621//2572 663//272
f 663//272 2621//2572 2622//2573
f 663//272 2622//2573 645//272
f 645//272 2622//2573 2623//2574
f 645//272 2623//2574 641//272
f 641//272 2623//2574 2624//2575
f 641//272 2624//2575 638//272
f 638//272 2624//2575 2625//2576
f 638//272 2625//2576 634//272
f 634//272 2625//2576 2626//2577
f 634//272 2626//2577 627//272
f 627//272 2626//2577 2627//2578
f 627//272 2627//2578 628//272
f 628//272 2627//2578 2628//2579
f 628//272 2628//2579 1031//272
f 1031//272 2628//2579 2629//2580
f 1031//272 2629//2580 1027//272
f 1027//272 2629//2580 2630//2581
f 1027//272 2630//2581 1023//272
f 1023//272 2630//2581 2631//2582
f 1023//272 2631//2582 1005//272
f 1005//272 2631//2582 2632//2583
f 1005//272 2632//2583 1002//272
f 1002//272 2632//2583 2633//2584
f 1002//272 2633//2584 998//272
f 998//272 2633//2584 2634//2585
f 998//272 2634//2585 994//272
f 994//272 2634//2585 2635//2586
f 994//272 2635//2586 976//272
f 976//272 2635//2586 2636//2587
f 976//272 2636//2587 393//272
f 393//272 2636//2587 392//327
f 318//271 316//269 2605//2556
f 2605//2556 316//269 2637//2588
f 2605//2556 2637//2588 2606//2557
f 2606//2557 2637//2588 2638//2589
f 2606//2557 2638//2589 2607//2558
f 2607//2558 2638//2589 2639//2590
f 2607//2558 2639//2590 2608//2559
f 2608//2559 2639//2590 2640//2591
f 2608//2559 2640//2591 2609//2560
f 2609//2560 2640//2591 2641//2592
f 2609//2560 2641//2592 2610//2561
f 2610//2561 2641//2592 2642//2593
f 2610//2561 2642//2593 2611//2562
f 2611//2562 2642//2593 2643//2594
f 2611//2562 2643//2594 2612//2563
f 2612//2563 2643//2594 2644//2595
f 2612//2563 2644//2595 2613//2564
f 2613//2564 2644//2595 2645//2596
f 2613//2564 2645//2596 2614//2565
f 2614//2565 2645//2596 2646//2597
f 2614//2565 2646//2597 2615//2566
f 2615//2566 2646//2597 2647//2598
f 2615//2566 2647//2598 2616//2567
f 2616//2567 2647//2598 2648//2599
f 2616//2567 2648//2599 2617//2568
f 2617//2568 2648//2599 2649//2600
f 2617//2568 2649//2600 2618//2569
f 2618//2569 2649//2600 2650//2601
f 2618//2569 2650//2601 2619//2570
f 2619//2570 2650//2601 2651//2602
f 2619//2570 2651//2602 2620//2571
f 2620//2571 2651//2602 2652//2603
f 2620//2571 2652//2603 2621//2572
f 2621//2572 2652//2603 2653//2604
f 2621//2572 2653//2604 2622//2573
f 2622//2573 2653//2604 2654//2605
f 2622//2573 2654//2605 2623//2574
f 2623//2574 2654//2605 2655//2606
f 2623//2574 2655//2606 2624//2575
f 2624//2575 2655//2606 2656//2607
f 2624//2575 2656//2607 2625//2576
f 2625//2576 2656//2607 2657//2608
f 2625//2576 2657//2608 2626//2577
f 2626//2577 2657//2608 2658//2609
f 2626//2577 2658//2609 2627//2578
f 2627//2578 2658//2609 2659//2610
f 2627//2578 2659//2610 2628//2579
f 2628//2579 2659//2610 2660//2611
f 2628//2579 2660//2611 2629//2580
f 2629//2580 2660//2611 2661//2612
f 2629//2580 2661//2612 2630//2581
f 2630//2581 2661//2612 2662//2613
f 2630//2581 2662//2613 2631//2582
f 2631//2582 2662//2613 2663//2614
f 2631//2582 2663//2614 2632//2583
f 2632//2583 2663//2614 2664//2615
f 2632//2583 2664//2615 2633//2584
f 2633//2584 2664//2615 2665//2616
f 2633//2584 2665//2616 2634//2585
f 2634//2585 2665//2616 2666//2617
f 2634//2585 2666//2617 2635//2586
f 2635//2586 2666//2617 2667//2618
f 2635//2586 2667//2618 2636//2587
f 2636//2587 2667//2618 2668//2619
f 2636//2587 2668//2619 389//325
f 389//325 2668//2619 390//326
f 316//269 315//268 2637//2588
f 2637//2588 315//268 313//266
f 2637//2588 313//266 2669//2620
f 2669//2620 313//266 312//265
f 2669//2620 312//265 310//211
f 2669//2620 310//211 2670//2621
f 2670//2621 310//211 309//176
f 2670//2621 309//176 307//175
f 308//51 539//174 307//175
f 307//175 539//174 2670//2621
f 2670//2621 539//174 2671//2622
f 2671//2622 539//174 540//172
f 2671//2622 540//172 2672//2623
f 2672//2623 540//172 541//170
f 2672//2623 541//170 2673//2624
f 2673//2624 541//170 542//168
f 2673//2624 542//168 2674//2625
f 2674//2625 542//168 543//166
f 2674//2625 543//166 2675//2626
f 2675//2626 543//166 544//164
f 2675//2626 544//164 2676//2627
f 2676//2627 544//164 545//162
f 2676//2627 545//162 2677//2628
f 2677//2628 545//162 546//160
f 2677//2628 546//160 2678//2629
f 2678//2629 546//160 547//158
f 2678//2629 547//158 2679//2630
f 2679//2630 547//158 548//156
f 2679//2630 548//156 2680//2631
f 2680//2631 548//156 549//154
f 2680//2631 549//154 2681//2632
f 2681//2632 549//154 550//152
f 2681//2632 550//152 2682//2633
f 2682//2633 550//152 551//150
f 2682//2633 551//150 2683//2634
f 2683//2634 551//150 552//148
f 2683//2634 552//148 2684//2635
f 2684//2635 552//148 553//146
f 2684//2635 553//146 2685//2636
f 2685//2636 553//146 554//144
f 2685//2636 554//144 2686//2637
f 2686//2637 554//144 555//142
f 2686//2637 555//142 2687//2638
f 2687//2638 555//142 556//140
f 2687//2638 556//140 2688//2639
f 2688//2639 556//140 557//138
f 2688//2639 557//138 2689//2640
f 2689//2640 557//138 558//136
f 2689//2640 558//136 2690//2641
f 2690//2641 558//136 559//134
f 2690//2641 559//134 2691//2642
f 2691//2642 559//134 560//132
f 2691//2642 560//132 2692//2643
f 2692//2643 560//132 561//130
f 2692//2643 561//130 2693//2644
f 2693//2644 561//130 562//128
f 2693//2644 562//128 2694//2645
f 2694//2645 562//128 563//126
f 2694//2645 563//126 2695//2646
f 2695//2646 563//126 564//124
f 2695//2646 564//124 2696//2647
f 2696//2647 564//124 565//122
f 2696//2647 565//122 2697//2648
f 2697//2648 565//122 566//120
f 2697//2648 566//120 2698//2649
f 2698//2649 566//120 567//118
f 2698//2649 567//118 2699//2650
f 2699//2650 567//118 568//116
f 2699//2650 568//116 2700//2651
f 2700//2651 568//116 569//114
f 2700//2651 569//114 2701//2652
f 2701//2652 569//114 570//112
f 2701//2652 570//112 269//110
f 269//110 570//112 267//88
f 269//110 271//209 2701//2652
f 2701//2652 271//209 272//210
f 2701//2652 272//210 2702//2653
f 2702//2653 272//210 386//323
f 2702//2653 386//323 385//322
f 2702//2653 385//322 2668//2619
f 2668//2619 385//322 390//326
f 389//325 392//327 2636//2587
f 2669//2620 2670//2621 2703//2654
f 2703//2654 2670//2621 2671//2622
f 2703//2654 2671//2622 2704//2655
f 2704//2655 2671//2622 2672//2623
f 2704//2655 2672//2623 2705//2656
f 2705//2656 2672//2623 2673//2624
f 2705//2656 2673//2624 2706//2657
f 2706//2657 2673//2624 2674//2625
f 2706//2657 2674//2625 2707//2658
f 2707//2658 2674//2625 2675//2626
f 2707//2658 2675//2626 2708//2659
f 2708//2659 2675//2626 2676//2627
f 2708//2659 2676//2627 2709//2660
f 2709//2660 2676//2627 2677//2628
f 2709//2660 2677//2628 2710//2661
f 2710//2661 2677//2628 2678//2629
f 2710//2661 2678//2629 2711//2662
f 2711//2662 2678//2629 2679//2630
f 2711//2662 2679//2630 2712//2663
f 2712//2663 2679//2630 2680//2631
f 2712//2663 2680//2631 2713//2664
f 2713//2664 2680//2631 2681//2632
f 2713//2664 2681//2632 2714//2665
f 2714//2665 2681//2632 2682//2633
f 2714//2665 2682//2633 2715//2666
f 2715//2666 2682//2633 2683//2634
f 2715//2666 2683//2634 2716//2667
f 2716//2667 2683//2634 2684//2635
f 2716//2667 2684//2635 2717//2668
f 2717//2668 2684//2635 2685//2636
f 2717//2668 2685//2636 2718//2669
f 2718//2669 2685//2636 2686//2637
f 2718//2669 2686//2637 2719//2670
f 2719//2670 2686//2637 2687//2638
f 2719//2670 2687//2638 2720//2671
f 2720//2671 2687//2638 2688//2639
f 2720//2671 2688//2639 2721//2672
f 2721//2672 2688//2639 2689//2640
f 2721//2672 2689//2640 2722//2673
f 2722//2673 2689//2640 2690//2641
f 2722//2673 2690//2641 2723//2674
f 2723//2674 2690//2641 2691//2642
f 2723//2674 2691//2642 2724//2675
f 2724//2675 2691//2642 2692//2643
f 2724//2675 2692//2643 2725//2676
f 2725//2676 2692//2643 2693//2644
f 2725//2676 2693//2644 2726//2677
f 2726//2677 2693//2644 2694//2645
f 2726//2677 2694//2645 2727//2678
f 2727//2678 2694//2645 2695//2646
f 2727//2678 2695//2646 2728//2679
f 2728//2679 2695//2646 2696//2647
f 2728//2679 2696//2647 2729//2680
f 2729//2680 2696//2647 2697//2648
f 2729//2680 2697//2648 2730//2681
f 2730//2681 2697//2648 2698//2649
f 2730//2681 2698//2649 2731//2682
f 2731//2682 2698//2649 2699//2650
f 2731//2682 2699//2650 2732//2683
f 2732//2683 2699//2650 2700//2651
f 2732//2683 2700//2651 2702//2653
f 2702//2653 2700//2651 2701//2652
f 2637//2588 2669//2620 2638//2589
f 2638//2589 2669//2620 2703//2654
f 2638//2589 2703//2654 2639//2590
f 2639//2590 2703//2654 2704//2655
f 2639//2590 2704//2655 2640//2591
f 2640//2591 2704//2655 2705//2656
f 2640//2591 2705//2656 2641//2592
f 2641//2592 2705//2656 2706//2657
f 2641//2592 2706//2657 2642//2593
f 2642//2593 2706//2657 2707//2658
f 2642//2593 2707//2658 2643//2594
f 2643//2594 2707//2658 2708//2659
f 2643//2594 2708//2659 2644//2595
f 2644//2595 2708//2659 2709//2660
f 2644//2595 2709//2660 2645//2596
f 2645//2596 2709//2660 2710//2661
f 2645//2596 2710//2661 2646//2597
f 2646//2597 2710//2661 2711//2662
f 2646//2597 2711//2662 2647//2598
f 2647//2598 2711//2662 2712//2663
f 2647//2598 2712//2663 2648//2599
f 2648//2599 2712//2663 2713//2664
f 2648//2599 2713//2664 2649//2600
f 2649//2600 2713//2664 2714//2665
f 2649//2600 2714//2665 2650//2601
f 2650//2601 2714//2665 2715//2666
f 2650//2601 2715//2666 2651//2602
f 2651//2602 2715//2666 2716//2667
f 2651//2602 2716//2667 2652//2603
f 2652//2603 2716//2667 2717//2668
f 2652//2603 2717//2668 2653//2604
f 2653//2604 2717//2668 2718//2669
f 2653//2604 2718//2669 2654//2605
f 2654//2605 2718//2669 2719//2670
f 2654//2605 2719//2670 2655//2606
f 2655//2606 2719//2670 2720//2671
f 2655//2606 2720//2671 2656//2607
f 2656//2607 2720//2671 2721//2672
f 2656//2607 2721//2672 2657//2608
f 2657//2608 2721//2672 2722//2673
f 2657//2608 2722//2673 2658//2609
f 2658//2609 2722//2673 2723//2674
f 2658//2609 2723//2674 2659//2610
f 2659//2610 2723//2674 2724//2675
f 2659//2610 2724//2675 2660//2611
f 2660//2611 2724//2675 2725//2676
f 2660//2611 2725//2676 2661//2612
f 2661//2612 2725//2676 2726//2677
f 2661//2612 2726//2677 2662//2613
f 2662//2613 2726//2677 2727//2678
f 2662//2613 2727//2678 2663//2614
f 2663//2614 2727//2678 2728//2679
f 2663//2614 2728//2679 2664//2615
f 2664//2615 2728//2679 2729//2680
f 2664//2615 2729//2680 2665//2616
f 2665//2616 2729//2680 2730//2681
f 2665//2616 2730//2681 2666//2617
f 2666//2617 2730//2681 2731//2682
f 2666//2617 2731//2682 2667//2618
f 2667//2618 2731//2682 2732//2683
f 2667//2618 2732//2683 2668//2619
f 2668//2619 2732//2683 2702//2653
f 233//212 232//211 2604//2519
f 2604//2519 232//211 2733//2684
f 2604//2519 2733//2684 2603//2518
f 2603//2518 2733//2684 2734//2685
f 2603//2518 2734//2685 2602//2516
f 2602//2516 2734//2685 2735//2686
f 2602//2516 2735//2686 2601//2514
f 2601//2514 2735//2686 2736//2687
f 2601//2514 2736//2687 2600//2512
f 2600//2512 2736//2687 2737//2688
f 2600//2512 2737//2688 2599//2510
f 2599//2510 2737//2688 2738//2689
f 2599//2510 2738//2689 2598//2508
f 2598//2508 2738//2689 2739//2690
f 2598//2508 2739//2690 2597//2506
f 2597//2506 2739//2690 2740//2691
f 2597//2506 2740//2691 2596//2504
f 2596//2504 2740//2691 2741//2692
f 2596//2504 2741//2692 2595//2502
f 2595//2502 2741//2692 2742//2693
f 2595//2502 2742//2693 2594//2500
f 2594//2500 2742//2693 2743//2694
f 2594//2500 2743//2694 2593//2498
f 2593//2498 2743//2694 2744//2695
f 2593//2498 2744//2695 2592//2496
f 2592//2496 2744//2695 2745//2696
f 2592//2496 2745//2696 2591//2494
f 2591//2494 2745//2696 2746//2697
f 2591//2494 2746//2697 2590//2492
f 2590//2492 2746//2697 2747//2698
f 2590//2492 2747//2698 2589//2490
f 2589//2490 2747//2698 2748//2699
f 2589//2490 2748//2699 2588//2488
f 2588//2488 2748//2699 2749//2700
f 2588//2488 2749//2700 2587//2486
f 2587//2486 2749//2700 2750//2701
f 2587//2486 2750//2701 266//245
f 266//245 2750//2701 231//210
f 232//211 197//176 2733//2684
f 2733//2684 197//176 2751//2702
f 2733//2684 2751//2702 2734//2685
f 2734//2685 2751//2702 2752//2703
f 2734//2685 2752//2703 2735//2686
f 2735//2686 2752//2703 2753//2704
f 2735//2686 2753//2704 2736//2687
f 2736//2687 2753//2704 2754//2705
f 2736//2687 2754//2705 2737//2688
f 2737//2688 2754//2705 2755//2706
f 2737//2688 2755//2706 2738//2689
f 2738//2689 2755//2706 2756//2707
f 2738//2689 2756//2707 2739//2690
f 2739//2690 2756//2707 2757//2708
f 2739//2690 2757//2708 2740//2691
f 2740//2691 2757//2708 2758//2709
f 2740//2691 2758//2709 2741//2692
f 2741//2692 2758//2709 2759//2710
f 2741//2692 2759//2710 2742//2693
f 2742//2693 2759//2710 2760//2711
f 2742//2693 2760//2711 2743//2694
f 2743//2694 2760//2711 2761//2712
f 2743//2694 2761//2712 2744//2695
f 2744//2695 2761//2712 2762//2713
f 2744//2695 2762//2713 2745//2696
f 2745//2696 2762//2713 2763//2714
f 2745//2696 2763//2714 2746//2697
f 2746//2697 2763//2714 2764//2715
f 2746//2697 2764//2715 2747//2698
f 2747//2698 2764//2715 2765//2716
f 2747//2698 2765//2716 2748//2699
f 2748//2699 2765//2716 2766//2717
f 2748//2699 2766//2717 2749//2700
f 2749//2700 2766//2717 2767//2718
f 2749//2700 2767//2718 2750//2701
f 2750//2701 2767//2718 2768//2719
f 2750//2701 2768//2719 230//209
f 230//209 2768//2719 129//110
f 197//176 195//175 2751//2702
f 2751//2702 195//175 196//51
f 2751//2702 196//51 2556//52
f 2751//2702 2556//52 2752//2703
f 2752//2703 2556//52 2555//54
f 2752//2703 2555//54 2753//2704
f 2753//2704 2555//54 2554//56
f 2753//2704 2554//56 2754//2705
f 2754//2705 2554//56 2553//58
f 2754//2705 2553//58 2755//2706
f 2755//2706 2553//58 2552//60
f 2755//2706 2552//60 2756//2707
f 2756//2707 2552//60 2551//62
f 2756//2707 2551//62 2757//2708
f 2757//2708 2551//62 2550//64
f 2757//2708 2550//64 2758//2709
f 2758//2709 2550//64 2549//66
f 2758//2709 2549//66 2759//2710
f 2759//2710 2549//66 2548//68
f 2759//2710 2548//68 2760//2711
f 2760//2711 2548//68 2547//70
f 2760//2711 2547//70 2761//2712
f 2761//2712 2547//70 2546//72
f 2761//2712 2546//72 2762//2713
f 2762//2713 2546//72 2545//74
f 2762//2713 2545//74 2763//2714
f 2763//2714 2545//74 2544//76
f 2763//2714 2544//76 2764//2715
f 2764//2715 2544//76 2543//78
f 2764//2715 2543//78 2765//2716
f 2765//2716 2543//78 2542//80
f 2765//2716 2542//80 2766//2717
f 2766//2717 2542//80 2541//82
f 2766//2717 2541//82 2767//2718
f 2767//2718 2541//82 2540//84
f 2767//2718 2540//84 2768//2719
f 2768//2719 2540//84 2539//86
f 2768//2719 2539//86 129//110
f 129//110 2539//86 130//88
f 230//209 231//210 2750//2701
f 70//51 69//50 571//174
f 571//174 69//50 2769//2720
f 571//174 2769//2720 572//172
f 572//172 2769//2720 2770//2721
f 572//172 2770//2721 573//170
f 573//170 2770//2721 2771//2722
f 573//170 2771//2722 574//168
f 574//168 2771//2722 2772//2723
f 574//168 2772//2723 575//166
f 575//166 2772//2723 2773//2724
f 575//166 2773//2724 576//164
f 576//164 2773//2724 2774//2725
f 576//164 2774//2725 577//162
f 577//162 2774//2725 2775//2726
f 577//162 2775//2726 578//160
f 578//160 2775//2726 2776//2727
f 578//160 2776//2727 579//158
f 579//158 2776//2727 2777//2728
f 579//158 2777//2728 580//156
f 580//156 2777//2728 2778//2729
f 580//156 2778//2729 581//154
f 581//154 2778//2729 2779//2730
f 581//154 2779//2730 582//152
f 582//152 2779//2730 2780//2731
f 582//152 2780//2731 583//150
f 583//150 2780//2731 2781//2732
f 583//150 2781//2732 584//148
f 584//148 2781//2732 2782//2733
f 584//148 2782//2733 585//146
f 585//146 2782//2733 2783//2734
f 585//146 2783//2734 586//144
f 586//144 2783//2734 2784//2735
f 586//144 2784//2735 587//142
f 587//142 2784//2735 2785//2736
f 587//142 2785//2736 588//140
f 588//140 2785//2736 2786//2737
f 588//140 2786//2737 589//138
f 589//138 2786//2737 2787//2738
f 589//138 2787//2738 590//136
f 590//136 2787//2738 2788//2739
f 590//136 2788//2739 591//134
f 591//134 2788//2739 2789//2740
f 591//134 2789//2740 592//132
f 592//132 2789//2740 2790//2741
f 592//132 2790//2741 593//130
f 593//130 2790//2741 2791//2742
f 593//130 2791//2742 594//128
f 594//128 2791//2742 2792//2743
f 594//128 2792//2743 595//126
f 595//126 2792//2743 2793//2744
f 595//126 2793//2744 596//124
f 596//124 2793//2744 2794//2745
f 596//124 2794//2745 597//122
f 597//122 2794//2745 2795//2746
f 597//122 2795//2746 598//120
f 598//120 2795//2746 2796//2747
f 598//120 2796//2747 599//118
f 599//118 2796//2747 2797//2748
f 599//118 2797//2748 600//116
f 600//116 2797//2748 2798//2749
f 600//116 2798//2749 601//114
f 601//114 2798//2749 2799//2750
f 601//114 2799//2750 602//112
f 602//112 2799//2750 2800//2751
f 602//112 2800//2751 106//87
f 106//87 2800//2751 108//89
f 69//50 68//49 2769//2720
f 2769//2720 68//49 66//47
f 2769//2720 66//47 2801//2752
f 2801//2752 66//47 65//46
f 2801//2752 65//46 63//44
f 2801//2752 63//44 2802//2753
f 2802//2753 63//44 62//43
f 2802//2753 62//43 41//22
f 2802//2753 41//22 2803//2754
f 2803//2754 41//22 39//21
f 2803//2754 39//21 40//2
f 40//2 1331//2 2803//2754
f 2803//2754 1331//2 2804//2755
f 2803//2754 2804//2755 2805//2756
f 2805//2756 2804//2755 2806//2757
f 2805//2756 2806//2757 2807//2758
f 2807//2758 2806//2757 2808//2759
f 2807//2758 2808//2759 2772//2723
f 2772//2723 2808//2759 2773//2724
f 1331//2 1349//2 2804//2755
f 2804//2755 1349//2 2809//2760
f 2804//2755 2809//2760 2806//2757
f 2806//2757 2809//2760 2810//2761
f 2806//2757 2810//2761 2808//2759
f 2808//2759 2810//2761 2811//2762
f 2808//2759 2811//2762 2773//2724
f 2773//2724 2811//2762 2774//2725
f 1349//2 1353//2 2809//2760
f 2809//2760 1353//2 2812//2763
f 2809//2760 2812//2763 2810//2761
f 2810//2761 2812//2763 2813//2764
f 2810//2761 2813//2764 2811//2762
f 2811//2762 2813//2764 2814//2765
f 2811//2762 2814//2765 2774//2725
f 2774//2725 2814//2765 2775//2726
f 1353//2 1356//2 2812//2763
f 2812//2763 1356//2 2815//2766
f 2812//2763 2815//2766 2813//2764
f 2813//2764 2815//2766 2816//2767
f 2813//2764 2816//2767 2814//2765
f 2814//2765 2816//2767 2817//2768
f 2814//2765 2817//2768 2775//2726
f 2775//2726 2817//2768 2776//2727
f 1356//2 1360//2 2815//2766
f 2815//2766 1360//2 2818//2769
f 2815//2766 2818//2769 2816//2767
f 2816//2767 2818//2769 2819//2770
f 2816//2767 2819//2770 2817//2768
f 2817//2768 2819//2770 2820//2771
f 2817//2768 2820//2771 2776//2727
f 2776//2727 2820//2771 2777//2728
f 1360//2 1363//2 2818//2769
f 2818//2769 1363//2 2821//2772
f 2818//2769 2821//2772 2819//2770
f 2819//2770 2821//2772 2822//2773
f 2819//2770 2822//2773 2820//2771
f 2820//2771 2822//2773 2823//2774
f 2820//2771 2823//2774 2777//2728
f 2777//2728 2823//2774 2778//2729
f 1363//2 1381//2 2821//2772
f 2821//2772 1381//2 2824//2775
f 2821//2772 2824//2775 2822//2773
f 2822//2773 2824//2775 2825//2776
f 2822//2773 2825//2776 2823//2774
f 2823//2774 2825//2776 2826//2777
f 2823//2774 2826//2777 2778//2729
f 2778//2729 2826//2777 2779//2730
f 1381//2 1385//2 2824//2775
f 2824//2775 1385//2 2827//2778
f 2824//2775 2827//2778 2825//2776
f 2825//2776 2827//2778 2828//2779
f 2825//2776 2828//2779 2826//2777
f 2826//2777 2828//2779 2829//2780
f 2826//2777 2829//2780 2779//2730
f 2779//2730 2829//2780 2780//2731
f 1385//2 1388//2 2827//2778
f 2827//2778 1388//2 2830//2781
f 2827//2778 2830//2781 2828//2779
f 2828//2779 2830//2781 2831//2782
f 2828//2779 2831//2782 2829//2780
f 2829//2780 2831//2782 2832//2783
f 2829//2780 2832//2783 2780//2731
f 2780//2731 2832//2783 2781//2732
f 1388//2 1392//2 2830//2781
f 2830//2781 1392//2 2833//2784
f 2830//2781 2833//2784 2831//2782
f 2831//2782 2833//2784 2834//2785
f 2831//2782 2834//2785 2832//2783
f 2832//2783 2834//2785 2835//2786
f 2832//2783 2835//2786 2781//2732
f 2781//2732 2835//2786 2782//2733
f 1392//2 1410//2 2833//2784
f 2833//2784 1410//2 2836//2787
f 2833//2784 2836//2787 2834//2785
f 2834//2785 2836//2787 2837//2788
f 2834//2785 2837//2788 2835//2786
f 2835//2786 2837//2788 2838//2789
f 2835//2786 2838//2789 2782//2733
f 2782//2733 2838//2789 2783//2734
f 1410//2 1414//2 2836//2787
f 2836//2787 1414//2 2839//2790
f 2836//2787 2839//2790 2837//2788
f 2837//2788 2839//2790 2840//2791
f 2837//2788 2840//2791 2838//2789
f 2838//2789 2840//2791 2841//2792
f 2838//2789 2841//2792 2783//2734
f 2783//2734 2841//2792 2784//2735
f 1414//2 1417//2 2839//2790
f 2839//2790 1417//2 2842//2793
f 2839//2790 2842//2793 2840//2791
f 2840//2791 2842//2793 2843//2794
f 2840//2791 2843//2794 2841//2792
f 2841//2792 2843//2794 2844//2795
f 2841//2792 2844//2795 2784//2735
f 2784//2735 2844//2795 2785//2736
f 1417//2 1421//2 2842//2793
f 2842//2793 1421//2 2845//2796
f 2842//2793 2845//2796 2843//2794
f 2843//2794 2845//2796 2846//2797
f 2843//2794 2846//2797 2844//2795
f 2844//2795 2846//2797 2847//2798
f 2844//2795 2847//2798 2785//2736
f 2785//2736 2847//2798 2786//2737
f 1421//2 1439//2 2845//2796
f 2845//2796 1439//2 2848//2799
f 2845//2796 2848//2799 2846//2797
f 2846//2797 2848//2799 2849//2800
f 2846//2797 2849//2800 2847//2798
f 2847//2798 2849//2800 2850//2801
f 2847//2798 2850//2801 2786//2737
f 2786//2737 2850//2801 2787//2738
f 1439//2 1443//2 2848//2799
f 2848//2799 1443//2 2851//2802
f 2848//2799 2851//2802 2849//2800
f 2849//2800 2851//2802 2852//2803
f 2849//2800 2852//2803 2850//2801
f 2850//2801 2852//2803 2853//2804
f 2850//2801 2853//2804 2787//2738
f 2787//2738 2853//2804 2788//2739
f 1443//2 1447//2 2851//2802
f 2851//2802 1447//2 2854//2805
f 2851//2802 2854//2805 2852//2803
f 2852//2803 2854//2805 2855//2806
f 2852//2803 2855//2806 2853//2804
f 2853//2804 2855//2806 2856//2807
f 2853//2804 2856//2807 2788//2739
f 2788//2739 2856//2807 2789//2740
f 1447//2 1450//2 2854//2805
f 2854//2805 1450//2 2857//2808
f 2854//2805 2857//2808 2855//2806
f 2855//2806 2857//2808 2858//2809
f 2855//2806 2858//2809 2856//2807
f 2856//2807 2858//2809 2859//2810
f 2856//2807 2859//2810 2789//2740
f 2789//2740 2859//2810 2790//2741
f 1450//2 1050//2 2857//2808
f 2857//2808 1050//2 2860//2811
f 2857//2808 2860//2811 2858//2809
f 2858//2809 2860//2811 2861//2812
f 2858//2809 2861//2812 2859//2810
f 2859//2810 2861//2812 2862//2813
f 2859//2810 2862//2813 2790//2741
f 2790//2741 2862//2813 2791//2742
f 1050//2 1054//2 2860//2811
f 2860//2811 1054//2 2863//2814
f 2860//2811 2863//2814 2861//2812
f 2861//2812 2863//2814 2864//2815
f 2861//2812 2864//2815 2862//2813
f 2862//2813 2864//2815 2865//2816
f 2862//2813 2865//2816 2791//2742
f 2791//2742 2865//2816 2792//2743
f 1054//2 1058//2 2863//2814
f 2863//2814 1058//2 2866//2817
f 2863//2814 2866//2817 2864//2815
f 2864//2815 2866//2817 2867//2818
f 2864//2815 2867//2818 2865//2816
f 2865//2816 2867//2818 2868//2819
f 2865//2816 2868//2819 2792//2743
f 2792//2743 2868//2819 2793//2744
f 1058//2 1061//2 2866//2817
f 2866//2817 1061//2 2869//2820
f 2866//2817 2869//2820 2867//2818
f 2867//2818 2869//2820 2870//2821
f 2867//2818 2870//2821 2868//2819
f 2868//2819 2870//2821 2871//2822
f 2868//2819 2871//2822 2793//2744
f 2793//2744 2871//2822 2794//2745
f 1061//2 1065//2 2869//2820
f 2869//2820 1065//2 2872//2823
f 2869//2820 2872//2823 2870//2821
f 2870//2821 2872//2823 2873//2824
f 2870//2821 2873//2824 2871//2822
f 2871//2822 2873//2824 2874//2825
f 2871//2822 2874//2825 2794//2745
f 2794//2745 2874//2825 2795//2746
f 1065//2 1083//2 2872//2823
f 2872//2823 1083//2 2875//2826
f 2872//2823 2875//2826 2873//2824
f 2873//2824 2875//2826 2876//2827
f 2873//2824 2876//2827 2874//2825
f 2874//2825 2876//2827 2877//2828
f 2874//2825 2877//2828 2795//2746
f 2795//2746 2877//2828 2796//2747
f 1083//2 1087//2 2875//2826
f 2875//2826 1087//2 2878//2829
f 2875//2826 2878//2829 2876//2827
f 2876//2827 2878//2829 2879//2830
f 2876//2827 2879//2830 2877//2828
f 2877//2828 2879//2830 2880//2831
f 2877//2828 2880//2831 2796//2747
f 2796//2747 2880//2831 2797//2748
f 1087//2 1090//2 2878//2829
f 2878//2829 1090//2 2881//2832
f 2878//2829 2881//2832 2879//2830
f 2879//2830 2881//2832 2882//2833
f 2879//2830 2882//2833 2880//2831
f 2880//2831 2882//2833 2883//2834
f 2880//2831 2883//2834 2797//2748
f 2797//2748 2883//2834 2798//2749
f 1090//2 1094//2 2881//2832
f 2881//2832 1094//2 2884//2835
f 2881//2832 2884//2835 2882//2833
f 2882//2833 2884//2835 2885//2836
f 2882//2833 2885//2836 2883//2834
f 2883//2834 2885//2836 2886//2837
f 2883//2834 2886//2837 2798//2749
f 2798//2749 2886//2837 2799//2750
f 1094//2 1097//2 2884//2835
f 2884//2835 1097//2 2887//2838
f 2884//2835 2887//2838 2885//2836
f 2885//2836 2887//2838 2888//2839
f 2885//2836 2888//2839 2886//2837
f 2886//2837 2888//2839 2889//2840
f 2886//2837 2889//2840 2799//2750
f 2799//2750 2889//2840 2800//2751
f 1097//2 1115//2 2887//2838
f 2887//2838 1115//2 2890//2841
f 2887//2838 2890//2841 2888//2839
f 2888//2839 2890//2841 2891//2842
f 2888//2839 2891//2842 2889//2840
f 2889//2840 2891//2842 2892//2843
f 2889//2840 2892//2843 2800//2751
f 2800//2751 2892//2843 109//90
f 2800//2751 109//90 108//89
f 1115//2 1119//2 2890//2841
f 2890//2841 1119//2 2893//2844
f 2890//2841 2893//2844 2891//2842
f 2891//2842 2893//2844 2894//2845
f 2891//2842 2894//2845 2892//2843
f 2892//2843 2894//2845 112//93
f 2892//2843 112//93 111//92
f 1119//2 1122//2 2893//2844
f 2893//2844 1122//2 2895//2846
f 2893//2844 2895//2846 2894//2845
f 2894//2845 2895//2846 60//41
f 2894//2845 60//41 61//42
f 1122//2 1126//2 2895//2846
f 2895//2846 1126//2 1//1
f 2895//2846 1//1 60//41
f 1126//2 2//2 1//1
f 61//42 112//93 2894//2845
f 111//92 109//90 2892//2843
f 106//87 107//88 602//112
f 2803//2754 2805//2756 2802//2753
f 2802//2753 2805//2756 2896//2847
f 2802//2753 2896//2847 2801//2752
f 2801//2752 2896//2847 2770//2721
f 2801//2752 2770//2721 2769//2720
f 2805//2756 2807//2758 2896//2847
f 2896//2847 2807//2758 2771//2722
f 2896//2847 2771//2722 2770//2721
f 2771//2722 2807//2758 2772//2723
l 40 38
l 38 36
l 36 34
l 34 32
l 32 30
l 30 28
l 28 26
l 26 24
l 24 22
l 22 20
l 20 18
l 18 16
l 16 14
l 14 12
l 12 10
l 10 8
l 8 6
l 6 4
l 4 2
l 40 39
l 39 41
l 41 62
l 62 63
l 63 65
l 65 66
l 66 68
l 68 69
l 69 70
l 107 105
l 105 103
l 103 101
l 101 99
l 99 97
l 97 95
l 95 93
l 93 91
l 91 89
l 89 87
l 87 85
l 85 83
l 83 81
l 81 79
l 79 77
l 77 75
l 75 73
l 73 71
l 71 70
l 2 1
l 1 60
l 60 61
l 61 112
l 112 111
l 111 109
l 109 108
l 108 106
l 106 107
l 196 194
l 194 192
l 192 190
l 190 188
l 188 186
l 186 184
l 184 182
l 182 180
l 180 178
l 178 176
l 176 174
l 174 172
l 172 170
l 170 168
l 168 166
l 166 164
l 164 162
l 162 160
l 160 158
l 158 156
l 156 154
l 154 152
l 152 150
l 150 148
l 148 146
l 146 144
l 144 142
l 142 140
l 140 138
l 138 136
l 136 134
l 134 132
l 132 130
l 196 195
l 195 197
l 197 232
l 232 233
l 266 265
l 265 264
l 264 263
l 263 262
l 262 261
l 261 260
l 260 259
l 259 258
l 258 257
l 257 256
l 256 255
l 255 254
l 254 253
l 253 252
l 252 251
l 251 250
l 250 249
l 249 248
l 248 247
l 247 246
l 246 245
l 245 244
l 244 243
l 243 242
l 242 241
l 241 240
l 240 239
l 239 238
l 238 237
l 237 236
l 236 235
l 235 234
l 234 233
l 130 129
l 129 230
l 230 231
l 231 266
l 308 306
l 306 304
l 304 302
l 302 300
l 300 298
l 298 296
l 296 294
l 294 292
l 292 290
l 290 288
l 288 286
l 286 284
l 284 282
l 282 280
l 280 278
l 278 276
l 276 274
l 274 268
l 268 267
l 308 307
l 307 309
l 309 310
l 310 312
l 312 313
l 313 315
l 315 316
l 316 318
l 318 319
l 393 391
l 391 387
l 387 382
l 382 378
l 378 374
l 374 370
l 370 366
l 366 362
l 362 358
l 358 354
l 354 350
l 350 346
l 346 342
l 342 338
l 338 334
l 334 330
l 330 326
l 326 320
l 320 319
l 267 269
l 269 271
l 271 272
l 272 386
l 386 385
l 385 390
l 390 389
l 389 392
l 392 393
l 423 421
l 421 419
l 419 417
l 417 415
l 415 413
l 413 411
l 411 409
l 409 407
l 407 405
l 405 403
l 403 401
l 401 399
l 399 396
l 396 395
l 423 424
l 397 398
l 398 400
l 400 402
l 402 404
l 404 406
l 406 408
l 408 410
l 410 412
l 412 414
l 414 416
l 416 418
l 418 420
l 420 422
l 422 424
l 395 397
l 395 435
l 435 433
l 433 431
l 431 429
l 429 426
l 426 425
l 427 428
l 428 430
l 430 432
l 432 434
l 434 436
l 436 397
l 425 427
l 471 469
l 469 467
l 467 465
l 465 463
l 463 461
l 461 459
l 459 457
l 457 455
l 455 453
l 453 451
l 451 449
l 449 447
l 447 445
l 445 443
l 443 441
l 441 438
l 438 437
l 471 472
l 439 440
l 440 442
l 442 444
l 444 446
l 446 448
l 448 450
l 450 452
l 452 454
l 454 456
l 456 458
l 458 460
l 460 462
l 462 464
l 464 466
l 466 468
l 468 470
l 470 472
l 437 439
l 501 499
l 499 497
l 497 495
l 495 493
l 493 491
l 491 489
l 489 487
l 487 485
l 485 483
l 483 481
l 481 479
l 479 477
l 477 474
l 474 473
l 501 502
l 475 476
l 476 478
l 478 480
l 480 482
l 482 484
l 484 486
l 486 488
l 488 490
l 490 492
l 492 494
l 494 496
l 496 498
l 498 500
l 500 502
l 473 475
l 473 513
l 513 511
l 511 509
l 509 507
l 507 504
l 504 503
l 505 506
l 506 508
l 508 510
l 510 512
l 512 514
l 514 475
l 503 505
l 532 531
l 531 530
l 530 529
l 529 528
l 528 527
l 527 526
l 526 525
l 525 524
l 524 523
l 523 522
l 522 521
l 521 520
l 520 519
l 519 518
l 518 517
l 517 516
l 516 515
l 532 266
l 515 233
l 395 501
l 423 473
l 533 534
l 534 535
l 535 536
l 536 537
l 537 538
l 538 423
l 503 533
l 130 267
l 267 570
l 570 569
l 569 568
l 568 567
l 567 566
l 566 565
l 565 564
l 564 563
l 563 562
l 562 561
l 561 560
l 560 559
l 559 558
l 558 557
l 557 556
l 556 555
l 555 554
l 554 553
l 553 552
l 552 551
l 551 550
l 550 549
l 549 548
l 548 547
l 547 546
l 546 545
l 545 544
l 544 543
l 543 542
l 542 541
l 541 540
l 540 539
l 539 308
l 196 308
l 70 571
l 571 572
l 572 573
l 573 574
l 574 575
l 575 576
l 576 577
l 577 578
l 578 579
l 579 580
l 580 581
l 581 582
l 582 583
l 583 584
l 584 585
l 585 586
l 586 587
l 587 588
l 588 589
l 589 590
l 590 591
l 591 592
l 592 593
l 593 594
l 594 595
l 595 596
l 596 597
l 597 598
l 598 599
l 599 600
l 600 601
l 601 602
l 602 107
l 107 439
l 70 472
l 603 604
l 604 611
l 611 609
l 609 607
l 607 608
l 613 612
l 612 610
l 610 608
l 613 606
l 606 605
l 605 603
l 629 616
l 616 618
l 618 620
l 620 622
l 629 614
l 614 630
l 630 631
l 621 619
l 619 617
l 617 615
l 615 631
l 621 623
l 623 625
l 625 632
l 632 633
l 633 635
l 635 636
l 636 637
l 639 637
l 639 640
l 640 642
l 642 643
l 643 644
l 644 646
l 646 647
l 647 649
l 659 655
l 655 653
l 653 651
l 651 649
l 659 657
l 657 658
l 658 660
l 650 652
l 652 654
l 654 656
l 656 660
l 650 648
l 648 661
l 661 662
l 662 664
l 664 665
l 665 666
l 666 668
l 669 668
l 669 671
l 671 672
l 672 673
l 673 675
l 675 676
l 676 678
l 678 680
l 690 686
l 686 684
l 684 682
l 682 680
l 690 688
l 688 689
l 689 691
l 681 683
l 683 685
l 685 687
l 687 691
l 681 679
l 679 677
l 677 693
l 693 694
l 694 695
l 695 697
l 697 698
l 700 698
l 700 701
l 701 702
l 702 704
l 704 705
l 705 707
l 707 708
l 708 710
l 720 716
l 716 714
l 714 712
l 712 710
l 720 718
l 718 719
l 719 721
l 711 713
l 713 715
l 715 717
l 717 721
l 711 709
l 709 722
l 722 723
l 723 725
l 725 726
l 726 727
l 727 729
l 730 729
l 730 731
l 731 733
l 733 734
l 734 736
l 736 737
l 737 738
l 738 741
l 749 747
l 747 745
l 745 743
l 743 741
l 749 750
l 750 751
l 751 752
l 742 744
l 744 746
l 746 748
l 748 752
l 742 739
l 739 740
l 740 754
l 754 755
l 755 756
l 756 758
l 758 759
l 760 759
l 760 762
l 762 763
l 763 765
l 765 766
l 766 767
l 767 770
l 770 772
l 782 778
l 778 776
l 776 774
l 774 772
l 782 780
l 780 781
l 781 783
l 773 775
l 775 777
l 777 779
l 779 783
l 773 771
l 771 769
l 769 784
l 784 785
l 785 786
l 786 787
l 787 788
l 789 788
l 789 790
l 790 791
l 791 792
l 792 793
l 793 794
l 794 795
l 795 797
l 807 803
l 803 801
l 801 799
l 799 797
l 807 805
l 805 806
l 806 808
l 798 800
l 800 802
l 802 804
l 804 808
l 798 796
l 796 809
l 809 810
l 810 811
l 811 812
l 812 813
l 813 814
l 815 814
l 815 816
l 816 817
l 817 818
l 818 819
l 819 820
l 820 822
l 822 824
l 834 830
l 830 828
l 828 826
l 826 824
l 834 832
l 832 833
l 833 835
l 825 827
l 827 829
l 829 831
l 831 835
l 825 823
l 823 821
l 821 836
l 836 837
l 837 838
l 838 839
l 839 840
l 841 840
l 841 842
l 842 843
l 843 844
l 844 845
l 845 846
l 846 847
l 847 850
l 858 856
l 856 854
l 854 852
l 852 850
l 858 859
l 859 860
l 860 861
l 851 853
l 853 855
l 855 857
l 857 861
l 851 848
l 848 849
l 849 862
l 862 863
l 863 864
l 864 865
l 865 866
l 867 866
l 867 868
l 868 869
l 869 870
l 870 871
l 871 872
l 872 873
l 873 875
l 885 881
l 881 879
l 879 877
l 877 875
l 885 883
l 883 884
l 884 886
l 876 878
l 878 880
l 880 882
l 882 886
l 876 874
l 874 887
l 887 888
l 888 889
l 889 890
l 890 891
l 891 892
l 893 892
l 893 894
l 894 895
l 895 896
l 896 897
l 897 898
l 898 900
l 900 902
l 912 908
l 908 906
l 906 904
l 904 902
l 912 910
l 910 911
l 911 913
l 903 905
l 905 907
l 907 909
l 909 913
l 903 901
l 901 899
l 899 914
l 914 915
l 915 916
l 916 917
l 917 918
l 919 918
l 919 920
l 920 921
l 921 922
l 922 923
l 923 924
l 924 935
l 935 933
l 937 927
l 927 929
l 929 931
l 931 933
l 937 925
l 925 938
l 938 939
l 932 930
l 930 928
l 928 926
l 926 939
l 932 934
l 934 936
l 936 940
l 940 941
l 941 942
l 942 943
l 943 944
l 945 944
l 945 946
l 946 947
l 947 948
l 948 949
l 949 950
l 950 952
l 952 954
l 964 960
l 960 958
l 958 956
l 956 954
l 964 962
l 962 963
l 963 965
l 955 957
l 957 959
l 959 961
l 961 965
l 955 953
l 953 951
l 951 966
l 966 967
l 967 968
l 968 969
l 969 970
l 971 970
l 971 972
l 972 973
l 973 974
l 974 975
l 975 977
l 977 978
l 978 980
l 990 986
l 986 984
l 984 982
l 982 980
l 990 988
l 988 989
l 989 991
l 981 983
l 983 985
l 985 987
l 987 991
l 981 979
l 979 992
l 992 993
l 993 995
l 995 996
l 996 997
l 997 999
l 1000 999
l 1000 1001
l 1001 1003
l 1003 1004
l 1004 1006
l 1006 1007
l 1007 1008
l 1008 1011
l 1019 1017
l 1017 1015
l 1015 1013
l 1013 1011
l 1019 1020
l 1020 1021
l 1021 1022
l 1012 1014
l 1014 1016
l 1016 1018
l 1018 1022
l 1012 1009
l 1009 1010
l 1010 1024
l 1024 1025
l 1025 1026
l 1026 1028
l 1028 1029
l 1030 1029
l 1030 1032
l 1032 1033
l 1033 1034
l 1034 1035
l 1035 626
l 626 624
l 624 622
l 319 768
l 768 764
l 764 761
l 761 757
l 757 753
l 753 735
l 735 732
l 732 728
l 728 724
l 724 706
l 706 703
l 703 699
l 699 696
l 696 692
l 692 674
l 674 670
l 670 667
l 667 663
l 663 645
l 645 641
l 641 638
l 638 634
l 634 627
l 627 628
l 628 1031
l 1031 1027
l 1027 1023
l 1023 1005
l 1005 1002
l 1002 998
l 998 994
l 994 976
l 976 393
l 1041 1039
l 1039 1037
l 1037 1036
l 1041 1040
l 1040 1043
l 1043 1045
l 1045 1047
l 1047 1048
l 1048 1049
l 1049 1052
l 1052 1053
l 1053 1055
l 1055 1056
l 1056 1057
l 1057 1059
l 1059 1060
l 1060 1062
l 1062 1063
l 1063 1064
l 1064 1066
l 1066 1067
l 1067 1069
l 1069 1072
l 1072 1074
l 1074 1076
l 1076 1079
l 1078 1077
l 1077 1080
l 1080 1079
l 1078 1075
l 1075 1073
l 1073 1071
l 1071 1070
l 1070 1068
l 1068 1081
l 1081 1082
l 1082 1084
l 1084 1085
l 1085 1086
l 1086 1088
l 1088 1089
l 1089 1091
l 1091 1092
l 1092 1093
l 1093 1095
l 1095 1096
l 1096 1100
l 1100 1102
l 1102 1105
l 1105 1107
l 1107 1109
l 1109 1112
l 1113 1110
l 1110 1111
l 1111 1112
l 1113 1108
l 1108 1106
l 1106 1104
l 1104 1103
l 1103 1101
l 1101 1098
l 1098 1099
l 1099 1114
l 1114 1116
l 1116 1117
l 1117 1118
l 1118 1120
l 1120 1121
l 1121 1123
l 1123 1124
l 1124 1125
l 1125 1127
l 1127 1128
l 1128 1130
l 1130 1133
l 1133 1135
l 1135 1137
l 1137 1140
l 1139 1138
l 1138 1141
l 1141 1140
l 1139 1136
l 1136 1134
l 1134 1132
l 1132 1131
l 1131 1129
l 1129 1142
l 1142 1143
l 1143 1144
l 1144 1145
l 1145 1146
l 1146 1147
l 1147 1148
l 1148 1149
l 1149 1150
l 1150 1151
l 1151 1152
l 1152 1153
l 1153 1154
l 1154 1156
l 1156 1159
l 1159 1161
l 1161 1163
l 1163 1166
l 1165 1164
l 1164 1167
l 1167 1166
l 1165 1162
l 1162 1160
l 1160 1158
l 1158 1157
l 1157 1155
l 1155 1168
l 1168 1169
l 1169 1170
l 1170 1171
l 1171 1172
l 1172 1173
l 1173 1174
l 1174 1175
l 1175 1176
l 1176 1177
l 1177 1178
l 1178 1179
l 1179 1181
l 1181 1183
l 1183 1186
l 1186 1188
l 1188 1190
l 1190 1193
l 1192 1191
l 1191 1194
l 1194 1193
l 1192 1189
l 1189 1187
l 1187 1185
l 1185 1184
l 1184 1182
l 1182 1180
l 1180 1195
l 1195 1196
l 1196 1197
l 1197 1198
l 1198 1199
l 1199 1200
l 1200 1201
l 1201 1202
l 1202 1203
l 1203 1204
l 1204 1205
l 1205 1207
l 1207 1209
l 1209 1212
l 1212 1214
l 1214 1216
l 1216 1219
l 1218 1217
l 1217 1220
l 1220 1219
l 1218 1215
l 1215 1213
l 1213 1211
l 1211 1210
l 1210 1208
l 1208 1206
l 1206 1221
l 1221 1222
l 1222 1223
l 1223 1224
l 1224 1225
l 1225 1226
l 1226 1227
l 1227 1228
l 1228 1229
l 1229 1230
l 1230 1231
l 1231 1233
l 1233 1235
l 1235 1238
l 1238 1240
l 1240 1242
l 1242 1245
l 1244 1243
l 1243 1246
l 1246 1245
l 1244 1241
l 1241 1239
l 1239 1237
l 1237 1236
l 1236 1234
l 1234 1232
l 1232 1247
l 1247 1248
l 1248 1249
l 1249 1250
l 1250 1251
l 1251 1252
l 1252 1253
l 1253 1254
l 1254 1255
l 1255 1256
l 1256 1257
l 1257 1258
l 1258 1261
l 1261 1264
l 1264 1266
l 1266 1268
l 1268 1271
l 1272 1269
l 1269 1270
l 1270 1271
l 1272 1267
l 1267 1265
l 1265 1263
l 1263 1262
l 1262 1259
l 1259 1260
l 1260 1273
l 1273 1274
l 1274 1275
l 1275 1276
l 1276 1277
l 1277 1278
l 1278 1279
l 1279 1280
l 1280 1281
l 1281 1282
l 1282 1283
l 1283 1284
l 1284 1286
l 1286 1289
l 1289 1291
l 1291 1293
l 1293 1296
l 1295 1294
l 1294 1297
l 1297 1296
l 1295 1292
l 1292 1290
l 1290 1288
l 1288 1287
l 1287 1285
l 1285 1298
l 1298 1299
l 1299 1300
l 1300 1301
l 1301 1302
l 1302 1303
l 1303 1304
l 1304 1305
l 1305 1306
l 1306 1307
l 1307 1308
l 1308 1309
l 1309 1310
l 1310 1312
l 1312 1315
l 1315 1317
l 1317 1319
l 1319 603
l 613 1318
l 1318 1316
l 1316 1314
l 1314 1313
l 1313 1311
l 1311 1320
l 1320 1321
l 1321 1322
l 1322 1323
l 1323 1324
l 1324 1325
l 1325 1326
l 1326 1327
l 1327 1328
l 1328 1329
l 1329 1330
l 1330 1332
l 1332 1333
l 1333 1335
l 1335 1338
l 1338 1340
l 1340 1342
l 1342 1345
l 1344 1343
l 1343 1346
l 1346 1345
l 1344 1341
l 1341 1339
l 1339 1337
l 1337 1336
l 1336 1334
l 1334 1347
l 1347 1348
l 1348 1350
l 1350 1351
l 1351 1352
l 1352 1354
l 1354 1355
l 1355 1357
l 1357 1358
l 1358 1359
l 1359 1361
l 1361 1362
l 1362 1366
l 1366 1368
l 1368 1371
l 1371 1373
l 1373 1375
l 1375 1378
l 1379 1376
l 1376 1377
l 1377 1378
l 1379 1374
l 1374 1372
l 1372 1370
l 1370 1369
l 1369 1367
l 1367 1364
l 1364 1365
l 1365 1380
l 1380 1382
l 1382 1383
l 1383 1384
l 1384 1386
l 1386 1387
l 1387 1389
l 1389 1390
l 1390 1391
l 1391 1393
l 1393 1394
l 1394 1396
l 1396 1399
l 1399 1401
l 1401 1403
l 1403 1406
l 1405 1404
l 1404 1407
l 1407 1406
l 1405 1402
l 1402 1400
l 1400 1398
l 1398 1397
l 1397 1395
l 1395 1408
l 1408 1409
l 1409 1411
l 1411 1412
l 1412 1413
l 1413 1415
l 1415 1416
l 1416 1418
l 1418 1419
l 1419 1420
l 1420 1422
l 1422 1423
l 1423 1424
l 1424 1426
l 1426 1429
l 1429 1431
l 1431 1433
l 1433 1436
l 1435 1434
l 1434 1437
l 1437 1436
l 1435 1432
l 1432 1430
l 1430 1428
l 1428 1427
l 1427 1425
l 1425 1438
l 1438 1440
l 1440 1441
l 1441 1442
l 1442 1444
l 1444 1445
l 1445 1446
l 1446 1448
l 1448 1449
l 1449 1451
l 1451 1452
l 1452 1453
l 1453 1051
l 1051 1046
l 1046 1044
l 1044 1042
l 1042 1038
l 1038 1036
l 2 1126
l 1126 1122
l 1122 1119
l 1119 1115
l 1115 1097
l 1097 1094
l 1094 1090
l 1090 1087
l 1087 1083
l 1083 1065
l 1065 1061
l 1061 1058
l 1058 1054
l 1054 1050
l 1050 1450
l 1450 1447
l 1447 1443
l 1443 1439
l 1439 1421
l 1421 1417
l 1417 1414
l 1414 1410
l 1410 1392
l 1392 1388
l 1388 1385
l 1385 1381
l 1381 1363
l 1363 1360
l 1360 1356
l 1356 1353
l 1353 1349
l 1349 1331
l 1331 40
l 1041 1456
l 1456 1458
l 1458 1454
l 1454 629
l 1036 1455
l 1455 1457
l 1457 1459
l 1459 631
l 1079 1461
l 1461 1462
l 1462 1464
l 1464 1022
l 1078 1460
l 1460 1463
l 1463 1465
l 1465 1019
l 1112 1467
l 1467 1468
l 1468 1470
l 1470 991
l 1113 1466
l 1466 1469
l 1469 1471
l 1471 990
l 1140 1473
l 1473 1474
l 1474 1476
l 1476 965
l 1139 1472
l 1472 1475
l 1475 1477
l 1477 964
l 1166 1479
l 1479 1480
l 1480 1482
l 1482 939
l 1165 1478
l 1478 1481
l 1481 1483
l 1483 937
l 1193 1485
l 1485 1486
l 1486 1488
l 1488 913
l 1192 1484
l 1484 1487
l 1487 1489
l 1489 912
l 1219 1491
l 1491 1492
l 1492 1494
l 1494 886
l 1218 1490
l 1490 1493
l 1493 1495
l 1495 885
l 1245 1497
l 1497 1498
l 1498 1500
l 1500 861
l 1244 1496
l 1496 1499
l 1499 1501
l 1501 858
l 1271 1503
l 1503 1504
l 1504 1506
l 1506 835
l 1272 1502
l 1502 1505
l 1505 1507
l 1507 834
l 1296 1509
l 1509 1510
l 1510 1512
l 1512 808
l 1295 1508
l 1508 1511
l 1511 1513
l 1513 807
l 607 783
l 608 1514
l 1514 782
l 1345 1516
l 1516 1517
l 1517 1519
l 1519 752
l 1344 1515
l 1515 1518
l 1518 1520
l 1520 749
l 1378 1522
l 1522 1523
l 1523 1525
l 1525 721
l 1379 1521
l 1521 1524
l 1524 1526
l 1526 720
l 1406 1528
l 1528 1529
l 1529 1531
l 1531 691
l 1405 1527
l 1527 1530
l 1530 1532
l 1532 690
l 1436 1534
l 1534 1535
l 1535 1537
l 1537 660
l 1435 1533
l 1533 1536
l 1536 1538
l 1538 659
l 637 1539
l 1539 1541
l 1541 1543
l 1543 1545
l 1545 1547
l 1547 1549
l 1549 1551
l 1551 1553
l 1553 1446
l 1445 1554
l 1554 1552
l 1552 1550
l 1550 1548
l 1548 1546
l 1546 1544
l 1544 1542
l 1542 1540
l 1540 639
l 649 1558
l 1558 1559
l 1559 1560
l 1560 1562
l 1562 1563
l 1563 1565
l 1565 1566
l 1566 1427
l 1046 1574
l 1574 1575
l 1575 1576
l 1576 1577
l 1577 1579
l 1579 1580
l 1580 1582
l 1582 621
l 668 1603
l 1603 1605
l 1605 1607
l 1607 1609
l 1609 1611
l 1611 1613
l 1613 1615
l 1615 1617
l 1617 1416
l 1415 1618
l 1618 1616
l 1616 1614
l 1614 1612
l 1612 1610
l 1610 1608
l 1608 1606
l 1606 1604
l 1604 669
l 680 1622
l 1622 1623
l 1623 1624
l 1624 1626
l 1626 1627
l 1627 1629
l 1629 1630
l 1630 1397
l 1426 1638
l 1638 1639
l 1639 1640
l 1640 1641
l 1641 1643
l 1643 1644
l 1644 1646
l 1646 650
l 698 1651
l 1651 1653
l 1653 1655
l 1655 1657
l 1657 1659
l 1659 1661
l 1661 1663
l 1663 1665
l 1665 1386
l 1384 1666
l 1666 1664
l 1664 1662
l 1662 1660
l 1660 1658
l 1658 1656
l 1656 1654
l 1654 1652
l 1652 700
l 710 1670
l 1670 1671
l 1671 1672
l 1672 1674
l 1674 1675
l 1675 1677
l 1677 1678
l 1678 1369
l 1396 1686
l 1686 1687
l 1687 1688
l 1688 1689
l 1689 1691
l 1691 1692
l 1692 1694
l 1694 681
l 729 1699
l 1699 1701
l 1701 1703
l 1703 1705
l 1705 1707
l 1707 1709
l 1709 1711
l 1711 1713
l 1713 1355
l 1354 1714
l 1714 1712
l 1712 1710
l 1710 1708
l 1708 1706
l 1706 1704
l 1704 1702
l 1702 1700
l 1700 730
l 741 1718
l 1718 1719
l 1719 1720
l 1720 1722
l 1722 1723
l 1723 1725
l 1725 1726
l 1726 1336
l 1368 1734
l 1734 1735
l 1735 1736
l 1736 1737
l 1737 1739
l 1739 1740
l 1740 1742
l 1742 711
l 759 1747
l 1747 1749
l 1749 1751
l 1751 1753
l 1753 1755
l 1755 1757
l 1757 1759
l 1759 1761
l 1761 1326
l 1325 1762
l 1762 1760
l 1760 1758
l 1758 1756
l 1756 1754
l 1754 1752
l 1752 1750
l 1750 1748
l 1748 760
l 772 1766
l 1766 1767
l 1767 1768
l 1768 1770
l 1770 1771
l 1771 1773
l 1773 1774
l 1774 1313
l 1335 1782
l 1782 1783
l 1783 1784
l 1784 1785
l 1785 1787
l 1787 1788
l 1788 1790
l 1790 742
l 788 1795
l 1795 1797
l 1797 1799
l 1799 1801
l 1801 1803
l 1803 1805
l 1805 1807
l 1807 1809
l 1809 1304
l 1303 1810
l 1810 1808
l 1808 1806
l 1806 1804
l 1804 1802
l 1802 1800
l 1800 1798
l 1798 1796
l 1796 789
l 797 1814
l 1814 1815
l 1815 1816
l 1816 1818
l 1818 1819
l 1819 1821
l 1821 1822
l 1822 1287
l 1312 1830
l 1830 1831
l 1831 1832
l 1832 1833
l 1833 1835
l 1835 1836
l 1836 1838
l 1838 773
l 814 1843
l 1843 1845
l 1845 1847
l 1847 1849
l 1849 1851
l 1851 1853
l 1853 1855
l 1855 1857
l 1857 1278
l 1277 1858
l 1858 1856
l 1856 1854
l 1854 1852
l 1852 1850
l 1850 1848
l 1848 1846
l 1846 1844
l 1844 815
l 824 1862
l 1862 1863
l 1863 1864
l 1864 1866
l 1866 1867
l 1867 1869
l 1869 1870
l 1870 1262
l 1286 1878
l 1878 1879
l 1879 1880
l 1880 1881
l 1881 1883
l 1883 1884
l 1884 1886
l 1886 798
l 840 1891
l 1891 1893
l 1893 1895
l 1895 1897
l 1897 1899
l 1899 1901
l 1901 1903
l 1903 1905
l 1905 1252
l 1251 1906
l 1906 1904
l 1904 1902
l 1902 1900
l 1900 1898
l 1898 1896
l 1896 1894
l 1894 1892
l 1892 841
l 850 1910
l 1910 1911
l 1911 1912
l 1912 1914
l 1914 1915
l 1915 1917
l 1917 1918
l 1918 1236
l 1261 1926
l 1926 1927
l 1927 1928
l 1928 1929
l 1929 1931
l 1931 1932
l 1932 1934
l 1934 825
l 866 1939
l 1939 1941
l 1941 1943
l 1943 1945
l 1945 1947
l 1947 1949
l 1949 1951
l 1951 1953
l 1953 1226
l 1225 1954
l 1954 1952
l 1952 1950
l 1950 1948
l 1948 1946
l 1946 1944
l 1944 1942
l 1942 1940
l 1940 867
l 875 1958
l 1958 1959
l 1959 1960
l 1960 1962
l 1962 1963
l 1963 1965
l 1965 1966
l 1966 1210
l 1235 1974
l 1974 1975
l 1975 1976
l 1976 1977
l 1977 1979
l 1979 1980
l 1980 1982
l 1982 851
l 892 1987
l 1987 1989
l 1989 1991
l 1991 1993
l 1993 1995
l 1995 1997
l 1997 1999
l 1999 2001
l 2001 1200
l 1199 2002
l 2002 2000
l 2000 1998
l 1998 1996
l 1996 1994
l 1994 1992
l 1992 1990
l 1990 1988
l 1988 893
l 902 2006
l 2006 2007
l 2007 2008
l 2008 2010
l 2010 2011
l 2011 2013
l 2013 2014
l 2014 1184
l 1209 2022
l 2022 2023
l 2023 2024
l 2024 2025
l 2025 2027
l 2027 2028
l 2028 2030
l 2030 876
l 918 2035
l 2035 2037
l 2037 2039
l 2039 2041
l 2041 2043
l 2043 2045
l 2045 2047
l 2047 2049
l 2049 1174
l 1173 2050
l 2050 2048
l 2048 2046
l 2046 2044
l 2044 2042
l 2042 2040
l 2040 2038
l 2038 2036
l 2036 919
l 933 2054
l 2054 2055
l 2055 2056
l 2056 2058
l 2058 2059
l 2059 2061
l 2061 2062
l 2062 1157
l 1183 2070
l 2070 2071
l 2071 2072
l 2072 2073
l 2073 2075
l 2075 2076
l 2076 2078
l 2078 903
l 944 2083
l 2083 2085
l 2085 2087
l 2087 2089
l 2089 2091
l 2091 2093
l 2093 2095
l 2095 2097
l 2097 1148
l 1147 2098
l 2098 2096
l 2096 2094
l 2094 2092
l 2092 2090
l 2090 2088
l 2088 2086
l 2086 2084
l 2084 945
l 954 2102
l 2102 2103
l 2103 2104
l 2104 2106
l 2106 2107
l 2107 2109
l 2109 2110
l 2110 1131
l 1156 2118
l 2118 2119
l 2119 2120
l 2120 2121
l 2121 2123
l 2123 2124
l 2124 2126
l 2126 932
l 970 2131
l 2131 2133
l 2133 2135
l 2135 2137
l 2137 2139
l 2139 2141
l 2141 2143
l 2143 2145
l 2145 1120
l 1118 2146
l 2146 2144
l 2144 2142
l 2142 2140
l 2140 2138
l 2138 2136
l 2136 2134
l 2134 2132
l 2132 971
l 980 2150
l 2150 2151
l 2151 2152
l 2152 2154
l 2154 2155
l 2155 2157
l 2157 2158
l 2158 1103
l 1130 2166
l 2166 2167
l 2167 2168
l 2168 2169
l 2169 2171
l 2171 2172
l 2172 2174
l 2174 955
l 999 2179
l 2179 2181
l 2181 2183
l 2183 2185
l 2185 2187
l 2187 2189
l 2189 2191
l 2191 2193
l 2193 1089
l 1088 2194
l 2194 2192
l 2192 2190
l 2190 2188
l 2188 2186
l 2186 2184
l 2184 2182
l 2182 2180
l 2180 1000
l 1011 2198
l 2198 2199
l 2199 2200
l 2200 2202
l 2202 2203
l 2203 2205
l 2205 2206
l 2206 1070
l 1102 2214
l 2214 2215
l 2215 2216
l 2216 2217
l 2217 2219
l 2219 2220
l 2220 2222
l 2222 981
l 1029 2227
l 2227 2229
l 2229 2231
l 2231 2233
l 2233 2235
l 2235 2237
l 2237 2239
l 2239 2241
l 2241 1059
l 1057 2242
l 2242 2240
l 2240 2238
l 2238 2236
l 2236 2234
l 2234 2232
l 2232 2230
l 2230 2228
l 2228 1030
l 622 2246
l 2246 2247
l 2247 2248
l 2248 2250
l 2250 2251
l 2251 2253
l 2253 2254
l 2254 1047
l 1069 2262
l 2262 2263
l 2263 2264
l 2264 2265
l 2265 2267
l 2267 2268
l 2268 2270
l 2270 1012
l 437 2499
l 2499 2500
l 2500 2501
l 2501 2502
l 2502 2503
l 2503 2504
l 2504 2505
l 2505 2506
l 2506 2507
l 2507 2508
l 2508 2509
l 2509 2510
l 2510 2511
l 2511 2512
l 2512 2513
l 2513 2514
l 2514 471
l 2515 427
l 424 2521
l 2521 2520
l 2520 2519
l 2519 2518
l 2518 2517
l 2517 2522
l 2522 2516
l 2516 2515
l 472 2538
l 2538 2537
l 2537 2536
l 2536 2535
l 2535 2534
l 2534 2533
l 2533 2532
l 2532 2531
l 2531 2530
l 2530 2529
l 2529 2528
l 2528 2527
l 2527 2526
l 2526 2525
l 2525 2524
l 2524 2523
l 2523 439
l 130 2539
l 2539 2540
l 2540 2541
l 2541 2542
l 2542 2543
l 2543 2544
l 2544 2545
l 2545 2546
l 2546 2547
l 2547 2548
l 2548 2549
l 2549 2550
l 2550 2551
l 2551 2552
l 2552 2553
l 2553 2554
l 2554 2555
l 2555 2556
l 2556 196
l 515 2557
l 2557 2558
l 2558 2559
l 2559 2560
l 2560 2561
l 2561 2562
l 2562 2563
l 2563 2564
l 2564 2565
l 2565 2566
l 2566 2567
l 2567 2568
l 2568 2569
l 2569 2570
l 2570 2571
l 2571 2572
l 2572 532
l 505 2573
l 502 2579
l 2579 2578
l 2578 2577
l 2577 2576
l 2576 2575
l 2575 2580
l 2574 2580
l 2573 2574
l 425 2586
l 2586 2585
l 2585 2584
l 2584 2583
l 2583 2582
l 2582 2581
l 2581 501
l 2580 2586
l 2515 2574
l 2516 2573
l 2522 533
l 233 2604
l 2604 2603
l 2603 2602
l 2602 2601
l 2601 2600
l 2600 2599
l 2599 2598
l 2598 2597
l 2597 2596
l 2596 2595
l 2595 2594
l 2594 2593
l 2593 2592
l 2592 2591
l 2591 2590
l 2590 2589
l 2589 2588
l 2588 2587
l 2587 266
